ensembl_id,symbol
ENSG00000186081,KRT5
ENSG00000205420,KRT6A
ENSG00000168878,SFTPB
ENSG00000186847,KRT14
ENSG00000176153,GPX2
ENSG00000128422,KRT17
ENSG00000106541,AGR2
ENSG00000086548,CEACAM6
ENSG00000129824,RPS4Y1
ENSG00000162896,PIGR
ENSG00000157765,SLC34A2
ENSG00000186832,KRT16
ENSG00000171345,KRT19
ENSG00000089356,FXYD3
ENSG00000185479,KRT6B
ENSG00000229807,XIST
ENSG00000163993,S100P
ENSG00000124102,PI3
ENSG00000171401,KRT13
ENSG00000124664,SPDEF
ENSG00000105388,CEACAM5
ENSG00000185303,SFTPA2
ENSG00000129514,FOXA1
ENSG00000102837,OLFM4
ENSG00000160862,AZGP1
ENSG00000148346,LCN2
ENSG00000175793,SFN
ENSG00000136872,ALDOB
ENSG00000178363,CALML3
ENSG00000165215,CLDN3
ENSG00000171346,KRT15
ENSG00000181449,SOX2
ENSG00000184292,TACSTD2
ENSG00000173702,MUC13
ENSG00000099834,CDHR5
ENSG00000164266,SPINK1
ENSG00000211896,IGHG1
ENSG00000131095,GFAP
ENSG00000153822,KCNJ16
ENSG00000132698,RAB25
ENSG00000081277,PKP1
ENSG00000160180,TFF3
ENSG00000165376,CLDN2
ENSG00000189334,S100A14
ENSG00000102854,MSLN
ENSG00000267795,SMIM22
ENSG00000167656,LY6D
ENSG00000131771,PPP1R1B
ENSG00000198074,AKR1B10
ENSG00000257017,HP
ENSG00000185686,PRAME
ENSG00000134240,HMGCS2
ENSG00000137975,CLCA2
ENSG00000065618,COL17A1
ENSG00000137648,TMPRSS4
ENSG00000134184,GSTM1
ENSG00000132692,BCAN
ENSG00000127324,TSPAN8
ENSG00000163631,ALB
ENSG00000138079,SLC3A1
ENSG00000101076,HNF4A
ENSG00000189143,CLDN4
ENSG00000188257,PLA2G2A
ENSG00000123560,PLP1
ENSG00000106278,PTPRZ1
ENSG00000142515,KLK3
ENSG00000265190,ANXA8
ENSG00000189377,CXCL17
ENSG00000096088,PGC
ENSG00000129451,KLK10
ENSG00000204385,SLC44A4
ENSG00000175084,DES
ENSG00000275410,HNF1B
ENSG00000171747,LGALS4
ENSG00000117983,MUC5B
ENSG00000135480,KRT7
ENSG00000052344,PRSS8
ENSG00000211892,IGHG4
ENSG00000137699,TRIM29
ENSG00000196188,CTSE
ENSG00000211677,IGLC2
ENSG00000206075,SERPINB5
ENSG00000187908,DMBT1
ENSG00000243955,GSTA1
ENSG00000134757,DSG3
ENSG00000211592,IGKC
ENSG00000171557,FGG
ENSG00000105707,HPN
ENSG00000160182,TFF1
ENSG00000211897,IGHG3
ENSG00000122852,SFTPA1
ENSG00000137731,FXYD2
ENSG00000101443,WFDC2
ENSG00000169469,SPRR1B
ENSG00000124107,SLPI
ENSG00000211895,IGHA1
ENSG00000089199,CHGB
ENSG00000118137,APOA1
ENSG00000103534,TMC5
ENSG00000123500,COL10A1
ENSG00000100604,CHGA
ENSG00000211679,IGLC3
ENSG00000147689,SACK1A
ENSG00000073282,TP63
ENSG00000264230,ANXA8L1
ENSG00000119888,EPCAM
ENSG00000143556,S100A7
ENSG00000196611,MMP1
ENSG00000131746,TNS4
ENSG00000134762,DSC3
ENSG00000162366,PDZK1IP1
ENSG00000241351,IGKV3-11
ENSG00000121742,GJB6
ENSG00000239951,IGKV3-20
ENSG00000123838,C4BPA
ENSG00000196616,ADH1B
ENSG00000196754,S100A2
ENSG00000211675,IGLC1
ENSG00000167751,KLK2
ENSG00000163435,ELF3
ENSG00000137673,MMP7
ENSG00000211893,IGHG2
ENSG00000251546,IGKV1D-39
ENSG00000006611,USH1C
ENSG00000167183,PRR15L
ENSG00000110195,FOLR1
ENSG00000188959,C9orf152
ENSG00000170465,KRT6C
ENSG00000167653,PSCA
ENSG00000189001,SBSN
ENSG00000211890,IGHA2
ENSG00000163586,FABP1
ENSG00000140519,RHCG
ENSG00000069011,PITX1
ENSG00000125462,MIR9-1HG
ENSG00000169562,GJB1
ENSG00000091513,TF
ENSG00000107159,CA9
ENSG00000002726,AOC1
ENSG00000127831,VIL1
ENSG00000075461,CACNG4
ENSG00000138207,RBP4
ENSG00000133169,BEX1
ENSG00000145423,SFRP2
ENSG00000104833,TUBB4A
ENSG00000184012,TMPRSS2
ENSG00000012223,LTF
ENSG00000164434,FABP7
ENSG00000140279,DUOX2
ENSG00000171560,FGA
ENSG00000130294,KIF1A
ENSG00000081479,LRP2
ENSG00000113889,KNG1
ENSG00000178919,FOXE1
ENSG00000230937,MIR205HG
ENSG00000182795,C1orf116
ENSG00000211598,IGKV4-1
ENSG00000108244,KRT23
ENSG00000277586,NEFL
ENSG00000211899,IGHM
ENSG00000066405,CLDN18
ENSG00000101210,EEF1A2
ENSG00000171234,UGT2B7
ENSG00000099812,MISP
ENSG00000143217,NECTIN4
ENSG00000106927,AMBP
ENSG00000167644,C19orf33
ENSG00000134258,VTCN1
ENSG00000171564,FGB
ENSG00000160678,S100A1
ENSG00000188910,GJB3
ENSG00000242076,IGKV1-33
ENSG00000243466,IGKV1-5
ENSG00000169894,MUC3A
ENSG00000173467,AGR3
ENSG00000229314,ORM1
ENSG00000058085,LAMC2
ENSG00000042832,TG
ENSG00000173432,SAA1
ENSG00000184363,PKP3
ENSG00000145692,BHMT
ENSG00000104413,ESRP1
ENSG00000270550,IGHV3-30
ENSG00000211949,IGHV3-23
ENSG00000104112,SCG3
ENSG00000148735,PLEKHS1
ENSG00000163207,IVL
ENSG00000188488,SERPINA5
ENSG00000135373,EHF
ENSG00000211666,IGLV2-14
ENSG00000113924,HGD
ENSG00000181143,MUC16
ENSG00000187957,DNER
ENSG00000184221,OLIG1
ENSG00000164825,DEFB1
ENSG00000147588,PMP2
ENSG00000196136,SERPINA3
ENSG00000124253,PCK1
ENSG00000144035,NAT8
ENSG00000178934,LGALS7B
ENSG00000136155,SCEL
ENSG00000196091,MYBPC1
ENSG00000064787,BCAS1
ENSG00000013588,GPRC5A
ENSG00000083307,GRHL2
ENSG00000148053,NTRK2
ENSG00000125851,PCSK2
ENSG00000105664,COMP
ENSG00000244116,IGKV2-28
ENSG00000095932,SMIM24
ENSG00000066813,ACSM2B
ENSG00000130287,NCAN
ENSG00000183747,ACSM2A
ENSG00000132465,JCHAIN
ENSG00000170373,CST1
ENSG00000263639,MSMB
ENSG00000148702,HABP2
ENSG00000163209,SPRR3
ENSG00000134873,CLDN10
ENSG00000167757,KLK11
ENSG00000145824,CXCL14
ENSG00000247627,MTND4P12
ENSG00000241794,SPRR2A
ENSG00000158874,APOA2
ENSG00000248144,ADH1C
ENSG00000244437,IGKV3-15
ENSG00000114638,UPK1B
ENSG00000086570,FAT2
ENSG00000168484,SFTPC
ENSG00000171885,AQP4
ENSG00000162078,ZG16B
ENSG00000185559,DLK1
ENSG00000170421,KRT8
ENSG00000169903,TM4SF4
ENSG00000094755,GABRP
ENSG00000079112,CDH17
ENSG00000144339,TMEFF2
ENSG00000134193,REG4
ENSG00000205927,OLIG2
ENSG00000165828,PRAP1
ENSG00000125999,BPIFB1
ENSG00000211653,IGLV1-40
ENSG00000166589,CDH16
ENSG00000167755,KLK6
ENSG00000135744,AGT
ENSG00000170786,SDR16C5
ENSG00000143546,S100A8
ENSG00000161798,AQP5
ENSG00000019102,VSIG2
ENSG00000165443,PHYHIPL
ENSG00000105048,TNNT1
ENSG00000060718,COL11A1
ENSG00000132746,ALDH3B2
ENSG00000105523,SACK1E
ENSG00000141579,ZNF750
ENSG00000139540,SLC39A5
ENSG00000084674,APOB
ENSG00000166415,WDR72
ENSG00000151632,AKR1C2
ENSG00000137440,FGFBP1
ENSG00000169862,CTNND2
ENSG00000262406,MMP12
ENSG00000111319,SCNN1A
ENSG00000087250,MT3
ENSG00000211662,IGLV3-21
ENSG00000007062,PROM1
ENSG00000235142,LINC02532
ENSG00000124429,POF1B
ENSG00000198643,FAM3D
ENSG00000169594,BNC1
ENSG00000253755,IGHGP
ENSG00000169035,KLK7
ENSG00000129654,FOXJ1
ENSG00000170477,KRT4
ENSG00000180745,CLRN3
ENSG00000147676,MAL2
ENSG00000159166,LAD1
ENSG00000211660,IGLV2-23
ENSG00000153086,ACMSD
ENSG00000169174,PCSK9
ENSG00000151655,ITIH2
ENSG00000116299,ELAPOR1
ENSG00000211673,IGLV3-1
ENSG00000254709,IGLL5
ENSG00000150625,GPM6A
ENSG00000167165,UGT1A6
ENSG00000170099,SERPINA6
ENSG00000010438,PRSS3
ENSG00000117472,TSPAN1
ENSG00000130226,DPP6
ENSG00000198914,POU3F3
ENSG00000187048,CYP4A11
ENSG00000118271,TTR
ENSG00000074211,PPP2R2C
ENSG00000166840,GLYATL1
ENSG00000102109,PCSK1N
ENSG00000174827,PDZK1
ENSG00000080493,SLC4A4
ENSG00000198758,EPS8L3
ENSG00000114455,HHLA2
ENSG00000171431,KRT20
ENSG00000197444,OGDHL
ENSG00000211663,IGLV3-19
ENSG00000148798,INA
ENSG00000159184,HOXB13
ENSG00000129354,AP1M2
ENSG00000143320,CRABP2
ENSG00000163501,IHH
ENSG00000211955,IGHV3-33
ENSG00000211659,IGLV3-25
ENSG00000211947,IGHV3-21
ENSG00000170370,EMX2
ENSG00000047457,CP
ENSG00000256612,CYP2B7P
ENSG00000184956,MUC6
ENSG00000171124,FUT3
ENSG00000172061,LRRC15
ENSG00000134339,SAA2
ENSG00000211651,IGLV1-44
ENSG00000166535,A2ML1
ENSG00000049283,EPN3
ENSG00000132437,DDC
ENSG00000170561,IRX2
ENSG00000163331,DAPL1
ENSG00000138271,GPR87
ENSG00000166923,GREM1
ENSG00000180818,HOXC10
ENSG00000211959,IGHV4-39
ENSG00000280411,IGHV1-69D
ENSG00000149948,HMGA2
ENSG00000229415,SFTA3
ENSG00000180210,F2
ENSG00000140297,GCNT3
ENSG00000057149,SERPINB3
ENSG00000109072,VTN
ENSG00000129988,LBP
ENSG00000145113,MUC4
ENSG00000211945,IGHV1-18
ENSG00000115386,REG1A
ENSG00000122585,NPY
ENSG00000211644,IGLV1-51
ENSG00000178372,CALML5
ENSG00000183036,PCP4
ENSG00000145192,AHSG
ENSG00000171759,PAH
ENSG00000171517,LPAR3
ENSG00000137077,CCL21
ENSG00000172005,MAL
ENSG00000179913,B3GNT3
ENSG00000155066,PROM2
ENSG00000183347,GBP6
ENSG00000170091,NSG2
ENSG00000211648,IGLV1-47
ENSG00000189280,GJB5
ENSG00000156222,SLC28A1
ENSG00000221932,HEPN1
ENSG00000131400,NAPSA
ENSG00000125285,SOX21
ENSG00000156413,FUT6
ENSG00000116147,TNR
ENSG00000211966,IGHV5-51
ENSG00000062038,CDH3
ENSG00000198848,CES1
ENSG00000184486,POU3F2
ENSG00000135100,HNF1A
ENSG00000100095,SEZ6L
ENSG00000136352,NKX2-1
ENSG00000167749,KLK4
ENSG00000230076,RPL10P6
ENSG00000163216,SPRR2D
ENSG00000177108,ZDHHC22
ENSG00000134398,ERN2
ENSG00000228278,ORM2
ENSG00000112936,C7
ENSG00000203697,CAPN8
ENSG00000145920,CPLX2
ENSG00000104760,FGL1
ENSG00000148826,NKX6-2
ENSG00000163220,S100A9
ENSG00000224373,IGHV4-59
ENSG00000160886,LY6K
ENSG00000103449,SALL1
ENSG00000166126,AMN
ENSG00000139352,ASCL1
ENSG00000204128,C2orf72
ENSG00000211668,IGLV2-11
ENSG00000129151,BBOX1
ENSG00000125618,PAX8
ENSG00000140254,DUOXA1
ENSG00000018625,ATP1A2
ENSG00000143627,PKLR
ENSG00000184905,TCEAL2
ENSG00000156959,LHFPL4
ENSG00000145721,LIX1
ENSG00000153002,CPB1
ENSG00000133110,POSTN
ENSG00000128564,VGF
ENSG00000153802,TMPRSS11D
ENSG00000099937,SERPIND1
ENSG00000101144,BMP7
ENSG00000113905,HRG
ENSG00000110484,SCGB2A2
ENSG00000060566,CREB3L3
ENSG00000183844,FAM3B
ENSG00000170323,FABP4
ENSG00000157551,KCNJ15
ENSG00000048540,LMO3
ENSG00000168481,LGI3
ENSG00000137745,MMP13
ENSG00000142973,CYP4B1
ENSG00000119125,GDA
ENSG00000274173,LINC02967
ENSG00000075891,PAX2
ENSG00000136881,BAAT
ENSG00000144908,ALDH1L1
ENSG00000153446,C16orf89
ENSG00000166670,MMP10
ENSG00000244067,GSTA2
ENSG00000140274,DUOXA2
ENSG00000125998,SACK1C
ENSG00000164106,SCRG1
ENSG00000154227,CERS3
ENSG00000120251,GRIA2
ENSG00000111057,KRT18
ENSG00000080618,CPB2
ENSG00000136928,GABBR2
ENSG00000088726,TMEM40
ENSG00000132693,CRP
ENSG00000100427,MLC1
ENSG00000105251,SHD
ENSG00000100170,SLC5A1
ENSG00000019505,SYT13
ENSG00000211898,IGHD
ENSG00000124466,LYPD3
ENSG00000010379,SLC6A13
ENSG00000104332,SFRP1
ENSG00000241755,IGKV1-9
ENSG00000090932,DLL3
ENSG00000152578,GRIA4
ENSG00000188505,NCCRP1
ENSG00000163735,CXCL5
ENSG00000161055,SCGB3A1
ENSG00000108602,ALDH3A1
ENSG00000123843,C4BPB
ENSG00000186529,CYP4F3
ENSG00000198732,SMOC1
ENSG00000188112,C6orf132
ENSG00000005513,SOX8
ENSG00000120215,MLANA
ENSG00000078549,ADCYAP1R1
ENSG00000172482,AGXT
ENSG00000156234,CXCL13
ENSG00000158104,HPD
ENSG00000172020,GAP43
ENSG00000012504,NR1H4
ENSG00000152092,ASTN1
ENSG00000214049,LOC124900418
ENSG00000170608,FOXA3
ENSG00000104140,RHOV
ENSG00000185818,NAT8L
ENSG00000160307,S100B
ENSG00000135447,PPP1R1A
ENSG00000197632,SERPINB2
ENSG00000109956,B3GAT1
ENSG00000167768,KRT1
ENSG00000112499,SLC22A2
ENSG00000167754,KLK5
ENSG00000074410,CA12
ENSG00000188064,WNT7B
ENSG00000127249,ATP13A4
ENSG00000163739,CXCL1
ENSG00000196542,SPTSSB
ENSG00000196260,SFTA2
ENSG00000167880,EVPL
ENSG00000066032,CTNNA2
ENSG00000211943,IGHV3-15
ENSG00000136574,GATA4
ENSG00000233705,SLC26A4-AS1
ENSG00000101198,NKAIN4
ENSG00000176532,PRR15
ENSG00000167654,ATCAY
ENSG00000272398,CD24
ENSG00000130600,H19
ENSG00000149124,GLYAT
ENSG00000211934,IGHV1-2
ENSG00000166426,CRABP1
ENSG00000100557,CCDC198
ENSG00000153292,ADGRF1
ENSG00000087510,TFAP2C
ENSG00000138696,BMPR1B
ENSG00000173930,SLCO4C1
ENSG00000163017,ACTG2
ENSG00000198650,TAT
ENSG00000278196,IGLV2-8
ENSG00000173404,INSM1
ENSG00000272620,AFAP1-AS1
ENSG00000151715,TMEM45B
ENSG00000091583,APOH
ENSG00000077274,CAPN6
ENSG00000146678,IGFBP1
ENSG00000111249,CUX2
ENSG00000185499,MUC1
ENSG00000275385,CCL18
ENSG00000015592,STMN4
ENSG00000159409,CELF3
ENSG00000101938,CHRDL1
ENSG00000169474,SPRR1A
ENSG00000240382,IGKV1-17
ENSG00000043039,BARX2
ENSG00000067048,DDX3Y
ENSG00000157087,ATP2B2
ENSG00000107485,GATA3
ENSG00000156510,HKDC1
ENSG00000163898,LIPH
ENSG00000143196,DPT
ENSG00000128242,GAL3ST1
ENSG00000198729,PPP1R14C
ENSG00000141750,STAC2
ENSG00000149968,MMP3
ENSG00000151365,THRSP
ENSG00000197641,SERPINB13
ENSG00000100867,DHRS2
ENSG00000177494,ZBED2
ENSG00000132855,ANGPTL3
ENSG00000165478,HEPACAM
ENSG00000165474,GJB2
ENSG00000243566,UPK3B
ENSG00000167741,GGT6
ENSG00000127241,MASP1
ENSG00000245526,MIR9-2HG
ENSG00000118322,ATP10B
ENSG00000111783,RFX4
ENSG00000163873,GRIK3
ENSG00000198788,MUC2
ENSG00000115009,CCL20
ENSG00000095713,CRTAC1
ENSG00000198797,BRINP2
ENSG00000187134,AKR1C1
ENSG00000224259,LINC01133
ENSG00000189058,APOD
ENSG00000075043,KCNQ2
ENSG00000115705,TPO
ENSG00000163032,VSNL1
ENSG00000256812,CAPNS2
ENSG00000070526,ST6GALNAC1
ENSG00000182272,B4GALNT4
ENSG00000125798,FOXA2
ENSG00000019186,CYP24A1
ENSG00000175315,CST6
ENSG00000014257,ACP3
ENSG00000144481,TRPM8
ENSG00000164530,PI16
ENSG00000162069,BICDL2
ENSG00000211452,DIO1
ENSG00000133135,RNF128
ENSG00000135374,ELF5
ENSG00000142619,PADI3
ENSG00000204544,MUC21
ENSG00000159763,PIP
ENSG00000144407,PTH2R
ENSG00000174469,CNTNAP2
ENSG00000077498,TYR
ENSG00000129455,KLK8
ENSG00000133636,NTS
ENSG00000124564,SLC17A3
ENSG00000092054,MYH7
ENSG00000132164,SLC6A11
ENSG00000188338,SLC38A3
ENSG00000170689,HOXB9
ENSG00000107295,SH3GL2
ENSG00000261857,MIA
ENSG00000131910,NR0B2
ENSG00000223802,CERS1
ENSG00000259803,SLC22A31
ENSG00000211941,IGHV3-11
ENSG00000151892,GFRA1
ENSG00000018236,CNTN1
ENSG00000171243,SOSTDC1
ENSG00000005001,PRSS22
ENSG00000249948,GBA3
ENSG00000168631,MUCL3
ENSG00000175311,ANKS4B
ENSG00000134827,TCN1
ENSG00000101311,FERMT1
ENSG00000168824,NSG1
ENSG00000188373,GPR15LG
ENSG00000140093,SERPINA10
ENSG00000150556,LYPD6B
ENSG00000115648,MLPH
ENSG00000104722,NEFM
ENSG00000149294,NCAM1
ENSG00000133477,SACK1F
ENSG00000197614,MFAP5
ENSG00000167767,KRT80
ENSG00000134548,SPX
ENSG00000114200,BCHE
ENSG00000196361,ELAVL3
ENSG00000169550,MUC15
ENSG00000157851,DPYSL5
ENSG00000134760,DSG1
ENSG00000109321,AREG
ENSG00000160868,CYP3A4
ENSG00000198203,SULT1C2
ENSG00000100146,SOX10
ENSG00000147647,DPYS
ENSG00000137203,TFAP2A
ENSG00000143365,RORC
ENSG00000178772,CPN2
ENSG00000184697,CLDN6
ENSG00000197249,SERPINA1
ENSG00000170476,MZB1
ENSG00000211640,IGLV6-57
ENSG00000275896,PRSS2
ENSG00000174607,UGT8
ENSG00000022556,NLRP2
ENSG00000124882,EREG
ENSG00000168539,CHRM1
ENSG00000176769,TCERG1L
ENSG00000122756,CNTFR
ENSG00000141639,MAPK4
ENSG00000166828,SCNN1G
ENSG00000188508,KRTDAP
ENSG00000096696,DSP
ENSG00000161031,PGLYRP2
ENSG00000136883,KIF12
ENSG00000104327,CALB1
ENSG00000280623,LOC124900476
ENSG00000138650,PCDH10
ENSG00000115361,ACADL
ENSG00000171951,SCG2
ENSG00000103460,TOX3
ENSG00000181577,LINC03040
ENSG00000119147,ECRG4
ENSG00000240864,IGKV1-16
ENSG00000181617,FDCSP
ENSG00000109846,CRYAB
ENSG00000268104,SLC6A14
ENSG00000167614,TTYH1
ENSG00000125931,CITED1
ENSG00000168955,TM4SF20
ENSG00000168065,SLC22A11
ENSG00000106809,OGN
ENSG00000087128,TMPRSS11E
ENSG00000117601,SERPINC1
ENSG00000101098,RIMS4
ENSG00000133063,CHIT1
ENSG00000244575,IGKV1-27
ENSG00000174460,ZCCHC12
ENSG00000139292,LGR5
ENSG00000175928,LRRN1
ENSG00000105696,TMEM59L
ENSG00000086696,HSD17B2
ENSG00000225937,PCA3
ENSG00000155511,GRIA1
ENSG00000118785,SPP1
ENSG00000229847,EMX2OS
ENSG00000147256,ARHGAP36
ENSG00000007038,PRSS21
ENSG00000196620,UGT2B15
ENSG00000063015,SEZ6
ENSG00000189325,BNIP5
ENSG00000078399,HOXA9
ENSG00000263961,RHEX
ENSG00000016602,CLCA4
ENSG00000186868,MAPT
ENSG00000055957,ITIH1
ENSG00000152779,SLC16A12
ENSG00000159212,CLIC6
ENSG00000139329,LUM
ENSG00000096006,CRISP3
ENSG00000142273,CBLC
ENSG00000125780,TGM3
ENSG00000162706,CADM3
ENSG00000211669,IGLV3-10
ENSG00000141738,GRB7
ENSG00000204616,TRIM31
ENSG00000155980,KIF5A
ENSG00000165409,TSHR
ENSG00000184564,SLITRK6
ENSG00000162728,KCNJ9
ENSG00000124935,SCGB1D2
ENSG00000154764,WNT7A
ENSG00000108242,CYP2C18
ENSG00000165566,AMER2
ENSG00000144834,TAGLN3
ENSG00000188467,SLC24A5
ENSG00000159251,ACTC1
ENSG00000007306,CEACAM7
ENSG00000138615,CILP
ENSG00000152931,PART1
ENSG00000172927,MYEOV
ENSG00000134020,PEBP4
ENSG00000165272,AQP3
ENSG00000100652,SLC10A1
ENSG00000227640,SOX21-AS1
ENSG00000261678,SCRT1
ENSG00000253293,HOXA10
ENSG00000141485,SLC13A5
ENSG00000167332,OR51E2
ENSG00000131094,C1QL1
ENSG00000104435,STMN2
ENSG00000242265,PEG10
ENSG00000211937,IGHV2-5
ENSG00000046604,DSG2
ENSG00000078295,ADCY2
ENSG00000103067,ESRP2
ENSG00000009765,IYD
ENSG00000147255,IGSF1
ENSG00000132840,BHMT2
ENSG00000165125,TRPV6
ENSG00000162949,CAPN13
ENSG00000151224,MAT1A
ENSG00000236699,ARHGEF38
ENSG00000133048,CHI3L1
ENSG00000163347,CLDN1
ENSG00000187054,TMPRSS11A
ENSG00000184811,TRARG1
ENSG00000164690,SHH
ENSG00000157399,ARSL
ENSG00000135638,EMX1
ENSG00000104537,ANXA13
ENSG00000196353,CPNE4
ENSG00000105289,TJP3
ENSG00000158014,SLC30A2
ENSG00000183888,SRARP
ENSG00000168447,SCNN1B
ENSG00000118513,MYB
ENSG00000153294,ADGRF4
ENSG00000100253,MIOX
ENSG00000160183,TMPRSS3
ENSG00000143167,GPA33
ENSG00000139219,COL2A1
ENSG00000085552,IGSF9
ENSG00000124194,GDAP1L1
ENSG00000133710,SPINK5
ENSG00000105409,ATP1A3
ENSG00000132639,SNAP25
ENSG00000011677,GABRA3
ENSG00000156284,CLDN8
ENSG00000171587,DSCAM
ENSG00000112818,MEP1A
ENSG00000116690,PRG4
ENSG00000197177,ADGRA1
ENSG00000179593,ALOX15B
ENSG00000148123,PLPPR1
ENSG00000168509,HJV
ENSG00000203785,SPRR2E
ENSG00000105695,MAG
ENSG00000196090,PTPRT
ENSG00000172724,CCL19
ENSG00000110436,SLC1A2
ENSG00000189433,GJB4
ENSG00000237515,SHISA9
ENSG00000166206,GABRB3
ENSG00000162989,KCNJ3
ENSG00000122194,PLG
ENSG00000187398,LUZP2
ENSG00000137747,TMPRSS13
ENSG00000242534,IGKV2D-28
ENSG00000206073,SERPINB4
ENSG00000129596,CDO1
ENSG00000180178,FAR2P1
ENSG00000114771,AADAC
ENSG00000039068,CDH1
ENSG00000236756,DNAJC9-AS1
ENSG00000106258,CYP3A5
ENSG00000105852,PON3
ENSG00000156076,WIF1
ENSG00000184937,WT1
ENSG00000184434,LRRC19
ENSG00000187902,SHISA7
ENSG00000187045,TMPRSS6
ENSG00000185985,SLITRK2
ENSG00000167244,IGF2
ENSG00000154975,CA10
ENSG00000196104,SPOCK3
ENSG00000251381,LINC00958
ENSG00000084628,NKAIN1
ENSG00000100285,NEFH
ENSG00000181333,HEPHL1
ENSG00000182103,FAM181B
ENSG00000113494,PRLR
ENSG00000165023,DIRAS2
ENSG00000113946,CLDN16
ENSG00000163362,INAVA
ENSG00000172551,MUCL1
ENSG00000281344,HELLPAR
ENSG00000175820,LRTM3
ENSG00000198125,MB
ENSG00000105605,CACNG7
ENSG00000143171,RXRG
ENSG00000166183,ASPG
ENSG00000072182,ASIC4
ENSG00000172367,NHERF4
ENSG00000241158,ADAMTS9-AS1
ENSG00000107165,TYRP1
ENSG00000180432,CYP8B1
ENSG00000166869,CHP2
ENSG00000160282,FTCD
ENSG00000179178,TMEM125
ENSG00000110245,APOC3
ENSG00000234722,LINC01287
ENSG00000120903,CHRNA2
ENSG00000164089,ETNPPL
ENSG00000130283,GDF1
ENSG00000157005,SST
ENSG00000221867,MAGEA3
ENSG00000146038,DCDC2
ENSG00000168243,GNG4
ENSG00000074276,CDHR2
ENSG00000213886,UBD
ENSG00000198910,L1CAM
ENSG00000116882,HAO2
ENSG00000186910,SERPINA11
ENSG00000186493,IRX2-DT
ENSG00000066230,SLC9A3
ENSG00000145321,GC
ENSG00000124205,EDN3
ENSG00000121552,CSTA
ENSG00000125872,LRRN4
ENSG00000177807,KCNJ10
ENSG00000211956,IGHV4-34
ENSG00000113722,CDX1
ENSG00000055118,KCNH2
ENSG00000170439,TMT1B
ENSG00000164694,FNDC1
ENSG00000088002,SULT2B1
ENSG00000178445,GLDC
ENSG00000167281,RBFOX3
ENSG00000124092,CTCFL
ENSG00000164265,SCGB3A2
ENSG00000101203,COL20A1
ENSG00000100665,SERPINA4
ENSG00000149043,SYT8
ENSG00000132821,VSTM2L
ENSG00000275620,FLJ16779
ENSG00000170558,CDH2
ENSG00000105825,TFPI2
ENSG00000091138,SLC26A3
ENSG00000181541,MAB21L2
ENSG00000198807,PAX9
ENSG00000005421,PON1
ENSG00000133392,MYH11
ENSG00000105141,CASP14
ENSG00000211938,IGHV3-7
ENSG00000162670,BRINP3
ENSG00000224650,IGHV3-74
ENSG00000165556,CDX2
ENSG00000204099,NEU4
ENSG00000142319,SLC6A3
ENSG00000187773,DIPK1C
ENSG00000131668,BARX1
ENSG00000130234,ACE2
ENSG00000185306,C12orf56
ENSG00000106031,HOXA13
ENSG00000166391,MOGAT2
ENSG00000138109,CYP2C9
ENSG00000010282,HHATL
ENSG00000174502,SLC26A9
ENSG00000187122,SLIT1
ENSG00000152977,ZIC1
ENSG00000240694,PNMA2
ENSG00000115221,ITGB6
ENSG00000142623,PADI1
ENSG00000172818,OVOL1
ENSG00000130055,GDPD2
ENSG00000215182,MUC5AC
ENSG00000107984,DKK1
ENSG00000120068,HOXB8
ENSG00000258986,TMEM179
ENSG00000261701,HPR
ENSG00000154997,SEPTIN14
ENSG00000148795,CYP17A1
ENSG00000154269,ENPP3
ENSG00000203499,IQANK1
ENSG00000149021,SCGB1A1
ENSG00000167748,KLK1
ENSG00000265992,ESRG
ENSG00000204610,TRIM15
ENSG00000148600,CDHR1
ENSG00000241933,DENND6A-DT
ENSG00000155897,ADCY8
ENSG00000241294,IGKV2-24
ENSG00000259417,CTXND1
ENSG00000211689,TARP
ENSG00000175336,APOF
ENSG00000155816,FMN2
ENSG00000182870,GALNT9
ENSG00000108821,COL1A1
ENSG00000171004,HS6ST2
ENSG00000080166,DCT
ENSG00000077279,DCX
ENSG00000188175,HEPACAM2
ENSG00000244153,WWP1P1
ENSG00000171450,CDK5R2
ENSG00000168314,MOBP
ENSG00000205929,EPCIP
ENSG00000211950,IGHV1-24
ENSG00000135472,FAIM2
ENSG00000126562,WNK4
ENSG00000162951,LRRTM1
ENSG00000162365,CYP4A22
ENSG00000077522,ACTN2
ENSG00000167910,CYP7A1
ENSG00000257743,MGAM2
ENSG00000091831,ESR1
ENSG00000169302,STK32A
ENSG00000169347,GP2
ENSG00000213401,MAGEA12
ENSG00000233041,PHGR1
ENSG00000065609,SNAP91
ENSG00000172548,NIPAL4
ENSG00000110169,HPX
ENSG00000131482,G6PC1
ENSG00000188089,PLA2G4E
ENSG00000204936,CD177
ENSG00000171724,VAT1L
ENSG00000189166,TNRC18P3
ENSG00000136231,IGF2BP3
ENSG00000168309,FAM107A
ENSG00000106483,SFRP4
ENSG00000058404,CAMK2B
ENSG00000260802,SERTM2
ENSG00000070019,GUCY2C
ENSG00000169083,AR
ENSG00000197308,GATA3-AS1
ENSG00000163581,SLC2A2
ENSG00000142700,DMRTA2
ENSG00000205076,LGALS7
ENSG00000135220,UGT2A3
ENSG00000164855,TMEM184A
ENSG00000272763,LINC03057
ENSG00000103316,CRYM
ENSG00000144891,AGTR1
ENSG00000277150,F8A3
ENSG00000135333,EPHA7
ENSG00000183742,MACC1
ENSG00000172478,MAB21L4
ENSG00000145934,TENM2
ENSG00000144847,IGSF11
ENSG00000265933,LINC00668
ENSG00000109182,CWH43
ENSG00000211962,IGHV1-46
ENSG00000116745,RPE65
ENSG00000205002,AARD
ENSG00000237289,CKMT1B
ENSG00000115008,IL1A
ENSG00000168348,INSM2
ENSG00000251493,FOXD1
ENSG00000136931,NR5A1
ENSG00000215808,LINC01139
ENSG00000255974,CYP2A6
ENSG00000230221,ATMINP1
ENSG00000136944,LMX1B
ENSG00000187758,ADH1A
ENSG00000197977,ELOVL2
ENSG00000054356,PTPRN
ENSG00000116983,HPCAL4
ENSG00000080031,PTPRH
ENSG00000196917,HCAR1
ENSG00000268388,FENDRR
ENSG00000069812,HES2
ENSG00000138755,CXCL9
ENSG00000166897,ELFN2
ENSG00000156738,MS4A1
ENSG00000185274,GALNT17
ENSG00000067715,SYT1
ENSG00000133101,CCNA1
ENSG00000211637,IGLV4-69
ENSG00000036828,CASR
ENSG00000259096,SHLD2P2
ENSG00000144406,UNC80
ENSG00000164379,FOXQ1
ENSG00000100024,UPB1
ENSG00000021852,C8B
ENSG00000158055,GRHL3
ENSG00000047936,ROS1
ENSG00000043355,ZIC2
ENSG00000148482,SLC39A12
ENSG00000148942,SLC5A12
ENSG00000162399,BSND
ENSG00000009950,MLXIPL
ENSG00000164128,NPY1R
ENSG00000235500,SNX19P2
ENSG00000163141,BNIPL
ENSG00000129990,SYT5
ENSG00000004939,SLC4A1
ENSG00000181195,PENK
ENSG00000187783,TMEM72
ENSG00000241186,CRIPTO
ENSG00000171903,CYP4F11
ENSG00000171303,KCNK3
ENSG00000214128,TMEM213
ENSG00000167105,TMEM92
ENSG00000248966,BCLAF1P1
ENSG00000269994,LINC02893
ENSG00000242094,FOXP1-IT1
ENSG00000134121,CHL1
ENSG00000164929,BAALC
ENSG00000166105,GLB1L3
ENSG00000224775,BRAFP1
ENSG00000156096,UGT2B4
ENSG00000179023,KLHDC7A
ENSG00000131914,LIN28A
ENSG00000236539,HNRNPA1P54
ENSG00000147697,GSDMC
ENSG00000039537,C6
ENSG00000242808,SOX2-OT
ENSG00000046653,GPM6B
ENSG00000075673,ATP12A
ENSG00000170454,KRT75
ENSG00000180730,SHISA2
ENSG00000197106,SLC6A17
ENSG00000087495,PHACTR3
ENSG00000105929,ATP6V0A4
ENSG00000130829,DUSP9
ENSG00000161249,DMKN
ENSG00000232517,CSPG4BP
ENSG00000167588,GPD1
ENSG00000163618,CADPS
ENSG00000124479,NDP
ENSG00000101542,CDH20
ENSG00000230392,LINC03098
ENSG00000178021,TSPYL6
ENSG00000198734,F5
ENSG00000182107,CDC50B
ENSG00000258730,ITPK1-AS1
ENSG00000169760,NLGN1
ENSG00000257966,OLA1P3
ENSG00000073067,CYP2W1
ENSG00000254139,LINC03018
ENSG00000078725,BRINP1
ENSG00000240671,IGKV1-8
ENSG00000260389,WBP11P1
ENSG00000182782,HCAR2
ENSG00000179292,TMEM151A
ENSG00000109511,ANXA10
ENSG00000179455,MKRN3
ENSG00000170743,SYT9
ENSG00000197705,KLHL14
ENSG00000125144,MT1G
ENSG00000214892,USP8P1
ENSG00000087494,PTHLH
ENSG00000172995,ARPP21
ENSG00000148584,A1CF
ENSG00000167434,CA4
ENSG00000144452,ABCA12
ENSG00000064205,CCN5
ENSG00000248485,PCP4L1
ENSG00000188761,BCL2L15
ENSG00000152910,CNTNAP4
ENSG00000171532,NEUROD2
ENSG00000168280,KIF5C
ENSG00000113249,HAVCR1
ENSG00000211970,IGHV4-61
ENSG00000206557,TRIM71
ENSG00000176165,FOXG1
ENSG00000057593,F7
ENSG00000215644,GCGR
ENSG00000154277,UCHL1
ENSG00000129951,PLPPR3
ENSG00000198692,EIF1AY
ENSG00000163817,SLC6A20
ENSG00000168269,FOXI1
ENSG00000204876,LOC389602
ENSG00000142484,TM4SF5
ENSG00000188883,KLRG2
ENSG00000124875,CXCL6
ENSG00000239855,IGKV1-6
ENSG00000196344,ADH7
ENSG00000164488,DACT2
ENSG00000151025,GPR158
ENSG00000241478,HSPA8P9
ENSG00000101213,PTK6
ENSG00000260903,XKR7
ENSG00000171954,CYP4F22
ENSG00000170549,IRX1
ENSG00000179915,NRXN1
ENSG00000152785,BMP3
ENSG00000116039,ATP6V1B1
ENSG00000173376,NDNF
ENSG00000166920,COXFA4L3
ENSG00000102554,KLF5
ENSG00000130988,RGN
ENSG00000241388,HNF1A-AS1
ENSG00000110243,APOA5
ENSG00000144852,NR1I2
ENSG00000148156,ACTL7B
ENSG00000262833,LOC101928855
ENSG00000198099,ADH4
ENSG00000001626,CFTR
ENSG00000163751,CPA3
ENSG00000174992,ZG16
ENSG00000197253,TPSB2
ENSG00000179914,ITLN1
ENSG00000105894,PTN
ENSG00000261175,LINC02188
ENSG00000240990,HOXA11-AS
ENSG00000164188,RANBP3L
ENSG00000264570,SNX19P3
ENSG00000182050,MGAT4C
ENSG00000115850,LCT
ENSG00000074803,SLC12A1
ENSG00000178826,TMEM139
ENSG00000117598,PLPPR5
ENSG00000007952,NOX1
ENSG00000172236,TPSAB1
ENSG00000128510,CPA4
ENSG00000181885,CLDN7
ENSG00000206356,LOC100652833
ENSG00000186487,MYT1L
ENSG00000170419,VSTM2A
ENSG00000171236,LRG1
ENSG00000256870,SLC5A8
ENSG00000198488,B3GNT6
ENSG00000226650,KIF4B
ENSG00000126861,OMG
ENSG00000117322,CR2
ENSG00000170500,LONRF2
ENSG00000170807,LMOD2
ENSG00000168542,COL3A1
ENSG00000143921,ABCG8
ENSG00000186919,ZACN
ENSG00000133661,SFTPD
ENSG00000171246,NPTX1
ENSG00000113600,C9
ENSG00000229719,MIR194-2HG
ENSG00000040731,CDH10
ENSG00000164076,CAMKV
ENSG00000168143,SACK1B
ENSG00000118520,ARG1
ENSG00000170579,DLGAP1
ENSG00000197565,COL4A6
ENSG00000072041,SLC6A15
ENSG00000124939,SCGB2A1
ENSG00000019169,MARCO
ENSG00000150275,PCDH15
ENSG00000173253,DMRT2
ENSG00000230360,DDX10P2
ENSG00000184709,LRRC26
ENSG00000197506,SLC28A3
ENSG00000168843,FSTL5
ENSG00000223650,UHRF2P1
ENSG00000016402,IL20RA
ENSG00000146005,PSD2
ENSG00000196549,MME
ENSG00000182156,ENPP7
ENSG00000198535,C2CD4A
ENSG00000106689,LHX2
ENSG00000026559,KCNG1
ENSG00000198759,EGFL6
ENSG00000237452,MEIOSIN
ENSG00000246422,DIAPH1-AS1
ENSG00000235371,ACO2P2
ENSG00000074317,SNCB
ENSG00000232712,KIZ-AS1
ENSG00000153404,PLEKHG4B
ENSG00000136542,GALNT5
ENSG00000130540,SULT4A1
ENSG00000175229,GAL3ST3
ENSG00000130513,GDF15
ENSG00000164756,SLC30A8
ENSG00000181392,SYNE4
ENSG00000255537,LOC403312
ENSG00000168702,LRP1B
ENSG00000123364,HOXC13
ENSG00000136695,IL36RN
ENSG00000229241,PNPT1P1
ENSG00000234512,TLR12P
ENSG00000204347,BTBD17
ENSG00000174697,LEP
ENSG00000223572,CKMT1A
ENSG00000089169,RPH3A
ENSG00000170827,CELP
ENSG00000212710,CTAGE1
ENSG00000177910,SPATA31C2
ENSG00000197408,CYP2B6
ENSG00000069535,MAOB
ENSG00000211638,IGLV8-61
ENSG00000170927,PKHD1
ENSG00000178538,CA8
ENSG00000166091,CMTM5
ENSG00000163810,TGM4
ENSG00000088386,SLC15A1
ENSG00000165238,WNK2
ENSG00000122728,TAF1L
ENSG00000261115,TMEM178B
ENSG00000184058,TBX1
ENSG00000163497,FEV
ENSG00000133878,DUSP26
ENSG00000256162,SMLR1
ENSG00000211965,IGHV3-49
ENSG00000265489,ARHGAP44-AS1
ENSG00000171540,OTP
ENSG00000182013,PNMA8A
ENSG00000130545,CRB3
ENSG00000270641,TSIX
ENSG00000187416,LHFPL3
ENSG00000164007,CLDN19
ENSG00000226306,NPY6R
ENSG00000271824,SMIM32
ENSG00000163395,IGFN1
ENSG00000242515,UGT1A10
ENSG00000166111,SVOP
ENSG00000064270,ATP2C2
ENSG00000196862,RGPD4
ENSG00000198028,ZNF560
ENSG00000137285,TUBB2B
ENSG00000132872,SYT4
ENSG00000188011,RTP5
ENSG00000117215,PLA2G2D
ENSG00000230750,SDAD1P2
ENSG00000205108,SPATA31F1
ENSG00000221845,LINC02902
ENSG00000214992,AKAP17BP
ENSG00000124721,DNAH8
ENSG00000113492,AGXT2
ENSG00000233670,PIRT
ENSG00000167580,AQP2
ENSG00000214617,SLC6A10P
ENSG00000170426,SDR9C7
ENSG00000234906,APOC2
ENSG00000139910,NOVA1
ENSG00000258017,TUBA1B-AS1
ENSG00000176490,DIRAS1
ENSG00000253313,C1orf210
ENSG00000163064,EN1
ENSG00000158786,PLA2G2F
ENSG00000105143,SLC1A6
ENSG00000165905,LARGE2
ENSG00000165816,VWA2
ENSG00000175164,ABO
ENSG00000226017,PRICKLE2-AS3
ENSG00000224280,LOC317727
ENSG00000265369,PCAT18
ENSG00000185737,NRG3
ENSG00000244414,CFHR1
ENSG00000105737,GRIK5
ENSG00000186732,MPPED1
ENSG00000117595,IRF6
ENSG00000127954,STEAP4
ENSG00000147606,SLC26A7
ENSG00000249550,LINC01234
ENSG00000012817,KDM5D
ENSG00000067842,ATP2B3
ENSG00000171189,GRIK1
ENSG00000004846,ABCB5
ENSG00000144355,DLX1
ENSG00000175707,KDF1
ENSG00000134160,TRPM1
ENSG00000163092,XIRP2
ENSG00000227471,AKR1B15
ENSG00000135903,PAX3
ENSG00000159650,UROC1
ENSG00000100505,TRIM9
ENSG00000145384,FABP2
ENSG00000236078,LINC01447
ENSG00000244649,LINC02086
ENSG00000151005,TKTL2
ENSG00000233061,TTLL7-IT1
ENSG00000102239,BRS3
ENSG00000198822,GRM3
ENSG00000021826,CPS1
ENSG00000154080,CHST9
ENSG00000168913,ENHO
ENSG00000204379,XAGE1A
ENSG00000122584,NXPH1
ENSG00000109101,FOXN1
ENSG00000226789,WBP11P2
ENSG00000109255,NMU
ENSG00000120057,SFRP5
ENSG00000050628,PTGER3
ENSG00000163833,FBXO40
ENSG00000015413,DPEP1
ENSG00000225572,DOCK4-AS1
ENSG00000100985,MMP9
ENSG00000139874,SSTR1
ENSG00000260093,MSRA-DT
ENSG00000277893,SRD5A2
ENSG00000230665,THAP12P1
ENSG00000148204,CRB2
ENSG00000176887,SOX11
ENSG00000280953,LINC01163
ENSG00000157111,TMEM171
ENSG00000265763,ZNF488
ENSG00000147465,STAR
ENSG00000081248,CACNA1S
ENSG00000213578,CPLX3
ENSG00000179083,FAM133A
ENSG00000008196,TFAP2B
ENSG00000259831,LINC00567
ENSG00000147573,TRIM55
ENSG00000188386,PPP3R2
ENSG00000176842,IRX5
ENSG00000143107,FNDC7
ENSG00000143536,CRNN
ENSG00000104313,EYA1
ENSG00000224916,APOC4-APOC2
ENSG00000187546,AGMO
ENSG00000232458,LINC01450
ENSG00000129159,KCNC1
ENSG00000142661,MYOM3
ENSG00000219565,ZPR1P1
ENSG00000154545,MAGED4
ENSG00000164120,HPGD
ENSG00000128714,HOXD13
ENSG00000168907,PLA2G4F
ENSG00000184611,KCNH7
ENSG00000214814,FER1L6
ENSG00000248697,TOX4P1
ENSG00000129244,ATP1B2
ENSG00000010932,FMO1
ENSG00000267719,LINC02078
ENSG00000175161,CADM2
ENSG00000176406,RIMS2
ENSG00000178568,ERBB4
ENSG00000170893,TRH
ENSG00000156194,PPEF2
ENSG00000113763,UNC5A
ENSG00000233858,LINC02599
ENSG00000172987,HPSE2
ENSG00000222035,KIAA2012-AS1
ENSG00000115266,APC2
ENSG00000204382,XAGE1B
ENSG00000095627,TDRD1
ENSG00000135298,ADGRB3
ENSG00000073734,ABCB11
ENSG00000181234,TMEM132C
ENSG00000166292,TMEM100
ENSG00000149654,CDH22
ENSG00000136929,HEMGN
ENSG00000247473,CARS1-AS1
ENSG00000153132,CLGN
ENSG00000165349,SLC7A3
ENSG00000169429,CXCL8
ENSG00000167011,NAT16
ENSG00000256463,SALL3
ENSG00000204065,TCEAL5
ENSG00000225449,RAB6C-AS1
ENSG00000274588,DGKK
ENSG00000166159,LRTM2
ENSG00000144191,CNGA3
ENSG00000172955,ADH6
ENSG00000179869,ABCA13
ENSG00000184507,NUTM1
ENSG00000119614,VSX2
ENSG00000168079,SCARA5
ENSG00000262655,SPON1
ENSG00000172137,CALB2
ENSG00000105369,CD79A
ENSG00000147509,RGS20
ENSG00000214491,SEC14L6
ENSG00000121871,SLITRK3
ENSG00000259120,ERLN
ENSG00000114948,ADAM23
ENSG00000228212,OFD1P17
ENSG00000236333,TRHDE-AS1
ENSG00000167941,SOST
ENSG00000104892,KLC3
ENSG00000105668,UPK1A
ENSG00000261150,EPPK1
ENSG00000156395,SORCS3
ENSG00000113396,SLC27A6
ENSG00000118526,TCF21
ENSG00000159217,IGF2BP1
ENSG00000163914,RHO
ENSG00000102290,PCDH11X
ENSG00000177519,RPRM
ENSG00000223843,EFCAB6-AS1
ENSG00000154493,C10orf90
ENSG00000240567,LINC02067
ENSG00000106236,NPTX2
ENSG00000180251,SLC9A4
ENSG00000197172,MAGEA6
ENSG00000136535,TBR1
ENSG00000154118,JPH3
ENSG00000173826,KCNH6
ENSG00000211685,IGLC7
ENSG00000164199,ADGRV1
ENSG00000179674,ARL14
ENSG00000174358,SLC6A19
ENSG00000226673,LINC01108
ENSG00000230731,LINC02938
ENSG00000111344,RASAL1
ENSG00000230910,ADGRB3-DT
ENSG00000165449,SLC16A9
ENSG00000134115,CNTN6
ENSG00000175785,PRIMA1
ENSG00000275846,LOC105374989
ENSG00000211448,DIO2
ENSG00000007216,SLC13A2
ENSG00000136688,IL36G
ENSG00000234667,ACTL11P
ENSG00000180861,LINC01559
ENSG00000144218,AFF3
ENSG00000134765,DSC1
ENSG00000166569,CPLX4
ENSG00000196132,MYT1
ENSG00000125207,PIWIL1
ENSG00000170231,FABP6
ENSG00000166448,TMEM130
ENSG00000174453,VWC2L
ENSG00000006788,MYH13
ENSG00000197893,NRAP
ENSG00000138823,MTTP
ENSG00000255251,PRR23D1
ENSG00000169213,RAB3B
ENSG00000188848,BEND4
ENSG00000152954,NRSN1
ENSG00000243238,IGKV2-30
ENSG00000168032,ENTPD3
ENSG00000205358,MT1H
ENSG00000196660,SLC30A10
ENSG00000185565,LSAMP
ENSG00000186204,CYP4F12
ENSG00000158445,KCNB1
ENSG00000260230,FRRS1L
ENSG00000250433,CLSTN2-AS1
ENSG00000276850,ANXA8
ENSG00000280228,AMANZI
ENSG00000034971,MYOC
ENSG00000137204,SLC22A7
ENSG00000231475,IGHV4-30-2
ENSG00000164093,PITX2
ENSG00000137558,PI15
ENSG00000206181,ELOA2
ENSG00000078898,BPIFB2
ENSG00000268949,MRPS17P1
ENSG00000255378,PRR23D2
ENSG00000064655,EYA2
ENSG00000152377,SPOCK1
ENSG00000099953,MMP11
ENSG00000184144,CNTN2
ENSG00000167600,CYP2S1
ENSG00000140506,LMAN1L
ENSG00000230061,TRPM2-AS
ENSG00000230894,LOC107987014
ENSG00000237307,SRRM1P3
ENSG00000170577,SIX2
ENSG00000132297,HHLA1
ENSG00000130035,GALNT8
ENSG00000170075,GPR37L1
ENSG00000099960,SLC7A4
ENSG00000159387,IRX6
ENSG00000171804,WDR87
ENSG00000243709,LEFTY1
ENSG00000111704,NANOG
ENSG00000106018,VIPR2
ENSG00000147257,GPC3
ENSG00000268089,GABRQ
ENSG00000165606,DRGX
ENSG00000115616,SLC9A2
ENSG00000157131,C8A
ENSG00000127325,BEST3
ENSG00000112812,PRSS16
ENSG00000124302,CHST8
ENSG00000158089,GALNT14
ENSG00000237638,LINC02245
ENSG00000139767,SRRM4
ENSG00000169583,CLIC3
ENSG00000130768,SMPDL3B
ENSG00000197934,CYYR1-AS1
ENSG00000105278,ZFR2
ENSG00000172209,GPR22
ENSG00000136002,ARHGEF4
ENSG00000124143,ARHGAP40
ENSG00000145242,EPHA5
ENSG00000167759,KLK13
ENSG00000174498,IGDCC3
ENSG00000187268,FAM9C
ENSG00000198300,PEG3
ENSG00000158022,TRIM63
ENSG00000107317,PTGDS
ENSG00000183549,ACSM5
ENSG00000206585,RNVU1-7
ENSG00000111700,SLCO1B3
ENSG00000166035,LIPC
ENSG00000136689,IL1RN
ENSG00000198883,PNMA5
ENSG00000138347,MYPN
ENSG00000162344,FGF19
ENSG00000005073,HOXA11
ENSG00000185269,NOTUM
ENSG00000215174,NLRP2B
ENSG00000143632,ACTA1
ENSG00000152208,GRID2
ENSG00000183166,CALN1
ENSG00000126583,PRKCG
ENSG00000177459,ERICH5
ENSG00000142677,IL22RA1
ENSG00000165973,NELL1
ENSG00000158553,POM121L2
ENSG00000107807,TLX1
ENSG00000185352,HS6ST3
ENSG00000126950,TMEM35A
ENSG00000164175,SLC45A2
ENSG00000228151,LOC101928733
ENSG00000183715,OPCML
ENSG00000176204,LRRTM4
ENSG00000164695,CHMP4C
ENSG00000162482,AKR7A3
ENSG00000071991,CDH19
ENSG00000130595,TNNT3
ENSG00000257127,CLLU1
ENSG00000231256,CFAP97D1
ENSG00000249245,NCOA4P3
ENSG00000214039,LINC02418
ENSG00000188730,VWC2
ENSG00000112796,ENPP5
ENSG00000196878,LAMB3
ENSG00000259974,LINC00261
ENSG00000168350,DEGS2
ENSG00000214940,NPIPA8
ENSG00000100373,UPK3A
ENSG00000185156,MFSD6L
ENSG00000198597,ZNF536
ENSG00000229373,LINC00452
ENSG00000150656,CNDP1
ENSG00000186897,C1QL4
ENSG00000100079,LGALS2
ENSG00000056487,PHF21B
ENSG00000165192,ASB11
ENSG00000213373,LINC00671
ENSG00000197635,DPP4
ENSG00000142549,IGLON5
ENSG00000145451,GLRA3
ENSG00000094963,FMO2
ENSG00000084453,SLCO1A2
ENSG00000101197,BIRC7
ENSG00000101180,HRH3
ENSG00000145103,ILDR1
ENSG00000162897,FCAMR
ENSG00000237070,LOC105375166
ENSG00000259380,LINC02895
ENSG00000148408,CACNA1B
ENSG00000109832,DDX25
ENSG00000267978,MAGEA9B
ENSG00000107447,DNTT
ENSG00000241111,PRICKLE2-AS1
ENSG00000179242,CDH4
ENSG00000174567,GOLT1A
ENSG00000130822,PNCK
ENSG00000156687,UNC5D
ENSG00000114248,LRRC31
ENSG00000167634,NLRP7
ENSG00000164749,HNF4G
ENSG00000126778,SIX1
ENSG00000137968,SLC44A5
ENSG00000185610,DBX2
ENSG00000240891,PLCXD2
ENSG00000274827,LINC01297
ENSG00000141434,MEP1B
ENSG00000186160,CYP4Z1
ENSG00000135097,MSI1
ENSG00000204283,LINC01973
ENSG00000146477,SLC22A3
ENSG00000178162,FAR2P2
ENSG00000114487,MORC1
ENSG00000204952,FBXO47
ENSG00000110887,DAO
ENSG00000166396,SERPINB7
ENSG00000263429,TMEM238L
ENSG00000141469,SLC14A1
ENSG00000121570,DPPA4
ENSG00000115112,TFCP2L1
ENSG00000154025,SLC5A10
ENSG00000222028,PSMB11
ENSG00000244122,UGT1A7
ENSG00000224559,LINC01087
ENSG00000073754,CD5L
ENSG00000227972,THAP12P3
ENSG00000279261,LINC02961
ENSG00000104848,KCNA7
ENSG00000175426,PCSK1
ENSG00000134376,CRB1
ENSG00000134363,FST
ENSG00000125675,GRIA3
ENSG00000143297,FCRL5
ENSG00000276409,CCL14
ENSG00000281769,LINC-ADAIN
ENSG00000197595,ATP11AUN
ENSG00000120471,TP53AIP1
ENSG00000215441,CTAGE12P
ENSG00000181626,ANKRD62
ENSG00000179059,ZFP42
ENSG00000105290,APLP1
ENSG00000108018,SORCS1
ENSG00000255082,GRM5-AS1
ENSG00000237263,MAPK6P3
ENSG00000006071,ABCC8
ENSG00000177103,DSCAML1
ENSG00000177508,IRX3
ENSG00000224717,LEMD1-DT
ENSG00000143520,FLG2
ENSG00000144820,ADGRG7
ENSG00000125414,MYH2
ENSG00000105650,PDE4C
ENSG00000073792,IGF2BP2
ENSG00000112175,BMP5
ENSG00000248318,SNTB1-AS2
ENSG00000173805,HAP1
ENSG00000279770,LINC00552
ENSG00000260357,DNM1P34
ENSG00000224809,BEND3P2
ENSG00000270490,LETM1P1
ENSG00000255571,MIR9-3HG
ENSG00000062096,ARSF
ENSG00000154646,TMPRSS15
ENSG00000254486,LINC02547
ENSG00000253558,LOC100422441
ENSG00000158258,CLSTN2
ENSG00000149742,SLC22A9
ENSG00000140107,SLC25A47
ENSG00000139200,PIANP
ENSG00000167080,B4GALNT2
ENSG00000157150,TIMP4
ENSG00000223573,TINCR
ENSG00000268651,CTAG1A
ENSG00000186115,CYP4F2
ENSG00000179813,FAM216B
ENSG00000036565,SLC18A1
ENSG00000198930,CSAG1
ENSG00000225536,STIP1P3
ENSG00000009694,TENM1
ENSG00000164796,CSMD3
ENSG00000180332,KCTD4
ENSG00000144644,GADL1
ENSG00000171956,FOXB1
ENSG00000113430,IRX4
ENSG00000237417,XRCC6P1
ENSG00000187288,CIDEC
ENSG00000166145,SPINT1
ENSG00000211976,IGHV3-73
ENSG00000125820,NKX2-2
ENSG00000103569,AQP9
ENSG00000275718,CCL15
ENSG00000101746,NOL4
ENSG00000185742,C11orf87
ENSG00000139209,SLC38A4
ENSG00000127412,TRPV5
ENSG00000182747,SLC35D3
ENSG00000120885,CLU
ENSG00000277481,PKD1L3
ENSG00000091129,NRCAM
ENSG00000143839,REN
ENSG00000245750,DRAIC
ENSG00000196368,NUDT11
ENSG00000232827,LINC01189
ENSG00000180176,TH
ENSG00000204421,LY6G6C
ENSG00000162975,KCNF1
ENSG00000157152,SYN2
ENSG00000165799,RNASE7
ENSG00000138356,AOX1
ENSG00000232044,SILC1
ENSG00000235768,BRD7P5
ENSG00000204010,IFIT1B
ENSG00000181778,TMEM252
ENSG00000250366,TUNAR
ENSG00000270367,ADAD1P1
ENSG00000177800,TMEM78
ENSG00000164107,HAND2
ENSG00000227145,IL21-AS1
ENSG00000184524,CEND1
ENSG00000131183,SLC34A1
ENSG00000079689,SCGN
ENSG00000168135,KCNJ4
ENSG00000139648,KRT71
ENSG00000147381,MAGEA4
ENSG00000236567,TCF3P1
ENSG00000279980,GABARAPL3
ENSG00000175832,ETV4
ENSG00000171658,NMRAL2P
ENSG00000232486,DEPDC1P2
ENSG00000106038,EVX1
ENSG00000132744,ACY3
ENSG00000165548,TMEM63C
ENSG00000157613,CREB3L1
ENSG00000250423,KIAA1210
ENSG00000155886,SLC24A2
ENSG00000168959,GRM5
ENSG00000280515,SALRNA2
ENSG00000224976,PARP4P2
ENSG00000228035,NGF-AS1
ENSG00000188293,IGFL1
ENSG00000064886,CHI3L2
ENSG00000144331,ZNF385B
ENSG00000204655,MOG
ENSG00000103546,SLC6A2
ENSG00000169933,FRMPD4
ENSG00000240063,ATP11B-DT
ENSG00000235400,LOC652549
ENSG00000237988,OR2I1
ENSG00000164588,HCN1
ENSG00000169085,VXN
ENSG00000256195,LOC101928940
ENSG00000128710,HOXD10
ENSG00000235205,TATDN2P3
ENSG00000170748,RBMXL2
ENSG00000254656,RTL1
ENSG00000188803,SHISA6
ENSG00000041353,RAB27B
ENSG00000176381,PRR18
ENSG00000189196,LINC00994
ENSG00000008394,MGST1
ENSG00000223566,TNRC18P2
ENSG00000236320,SLFN14
ENSG00000254042,SLIT3-AS2
ENSG00000168903,BTNL3
ENSG00000198570,RD3
ENSG00000175497,DPP10
ENSG00000234210,LOC101927914
ENSG00000138083,SIX3
ENSG00000180138,CSNK1A1L
ENSG00000251441,RTEL1P1
ENSG00000233639,PANTR1
ENSG00000225431,LINC01671
ENSG00000008323,PLEKHG6
ENSG00000223991,TANAR
ENSG00000259581,TYRO3P
ENSG00000204532,ZSCAN5C
ENSG00000259818,CZIB-DT
ENSG00000125813,PAX1
ENSG00000183535,COL18A1-AS1
ENSG00000157103,SLC6A1
ENSG00000226631,SLC9A3P3
ENSG00000188580,NKAIN2
ENSG00000113389,NPR3
ENSG00000187855,ASCL4
ENSG00000112333,NR2E1
ENSG00000183644,HOATZ
ENSG00000101282,RSPO4
ENSG00000157542,KCNJ6
ENSG00000227744,LINC01940
ENSG00000180440,SERTM1
ENSG00000166866,MYO1A
ENSG00000218823,PAPOLB
ENSG00000183778,B3GALT5
ENSG00000211649,IGLV7-46
ENSG00000255980,LINC02953
ENSG00000172969,FRG2C
ENSG00000241935,HOGA1
ENSG00000004848,ARX
ENSG00000169297,NR0B1
ENSG00000175356,SCUBE2
ENSG00000132329,RAMP1
ENSG00000015520,NPC1L1
ENSG00000144057,ST6GAL2
ENSG00000231826,LINC01819
ENSG00000198542,ITGBL1
ENSG00000115468,EFHD1
ENSG00000183248,PRR36
ENSG00000250526,CCT6P2
ENSG00000164778,EN2
ENSG00000240048,DDX50P2
ENSG00000267497,NFE2L3P1
ENSG00000222004,LINC02860
ENSG00000229183,PGA4
ENSG00000145087,STXBP5L
ENSG00000011347,SYT7
ENSG00000109819,PPARGC1A
ENSG00000280719,PCAT5
ENSG00000150471,ADGRL3
ENSG00000145864,GABRB2
ENSG00000182901,RGS7
ENSG00000104941,RSPH6A
ENSG00000169031,COL4A3
ENSG00000269964,MEI4
ENSG00000183770,FOXL2
ENSG00000158477,CD1A
ENSG00000100033,PRODH
ENSG00000181358,CTAGE10P
ENSG00000146013,GFRA3
ENSG00000169994,MYO7B
ENSG00000172346,CSDC2
ENSG00000146809,ASB15
ENSG00000259091,LINC00517
ENSG00000276775,IGHV4-4
ENSG00000092051,JPH4
ENSG00000214548,MEG3
ENSG00000144810,COL8A1
ENSG00000133083,DCLK1
ENSG00000069482,GAL
ENSG00000142449,FBN3
ENSG00000175779,LINC02694
ENSG00000144045,DQX1
ENSG00000110427,KIAA1549L
ENSG00000131379,C3orf20
ENSG00000180869,LINC01555
ENSG00000137634,NXPE4
ENSG00000253336,LOC392266
ENSG00000122592,HOXA7
ENSG00000170837,GPR27
ENSG00000182601,HS3ST4
ENSG00000198576,ARC
ENSG00000183090,FREM3
ENSG00000135925,WNT10A
ENSG00000260807,CEROX1
ENSG00000184925,LCN12
ENSG00000174429,ABRA
ENSG00000136546,SCN7A
ENSG00000173227,SYT12
ENSG00000169006,NTSR2
ENSG00000164287,CDC20B
ENSG00000154342,WNT3A
ENSG00000234572,LINC01800
ENSG00000182175,RGMA
ENSG00000241738,ZNF90P1
ENSG00000237914,SIRPG-AS1
ENSG00000163285,GABRG1
ENSG00000197616,MYH6
ENSG00000156689,GLYATL2
ENSG00000117122,MFAP2
ENSG00000235711,ANKRD34C
ENSG00000103740,ACSBG1
ENSG00000204277,LINC01993
ENSG00000182040,USH1G
ENSG00000180806,HOXC9
ENSG00000235012,JCADP1
ENSG00000233821,ENOX1-AS1
ENSG00000147724,FAM135B
ENSG00000166959,MS4A8
ENSG00000162631,NTNG1
ENSG00000073756,PTGS2
ENSG00000272068,BCAN-AS1
ENSG00000249661,TNRC18P1
ENSG00000262075,DKFZP434A062
ENSG00000141668,CBLN2
ENSG00000151834,GABRA2
ENSG00000213973,ZNF99
ENSG00000143469,SYT14
ENSG00000259459,LINC02568
ENSG00000147889,CDKN2A
ENSG00000234880,LINC00163
ENSG00000233003,CICP26
ENSG00000103089,FA2H
ENSG00000279020,C18orf15
ENSG00000214097,SMCO1
ENSG00000229558,SACS-AS1
ENSG00000137561,TTPA
ENSG00000099869,IGF2-AS
ENSG00000232564,MRTFA-AS1
ENSG00000133980,VRTN
ENSG00000273372,SFTPD-AS1
ENSG00000169618,PROKR1
ENSG00000276644,DACH1
ENSG00000230528,NOS2P3
ENSG00000182379,NXPH4
ENSG00000157890,MEGF11
ENSG00000177947,CIMAP1A
ENSG00000197757,HOXC6
ENSG00000165194,PCDH19
ENSG00000077327,SPAG6
ENSG00000178343,SHISA3
ENSG00000225493,LINC01107
ENSG00000178235,SLITRK1
ENSG00000148948,LRRC4C
ENSG00000184033,CTAG1B
ENSG00000105357,MYH14
ENSG00000112299,VNN1
ENSG00000261040,WFDC21P
ENSG00000231422,LINC01516
ENSG00000124249,KCNK15
ENSG00000079841,RIMS1
ENSG00000204613,TRIM10
ENSG00000258628,RHPN2P1
ENSG00000268916,CSAG3
ENSG00000113296,THBS4
ENSG00000151962,RBM46
ENSG00000153253,SCN3A
ENSG00000230316,FEZF1-AS1
ENSG00000124343,XG
ENSG00000235955,CICP20
ENSG00000164122,ASB5
ENSG00000166961,MS4A15
ENSG00000109906,ZBTB16
ENSG00000101327,PDYN
ENSG00000146166,LGSN
ENSG00000189127,ANKRD34B
ENSG00000139865,TTC6
ENSG00000184408,KCND2
ENSG00000275395,FCGBP
ENSG00000246740,PLA2G4E-AS1
ENSG00000229089,ANKRD20A8P
ENSG00000253967,LINC03020
ENSG00000196946,ZNF705A
ENSG00000134323,MYCN
ENSG00000100678,SLC8A3
ENSG00000182132,KCNIP1
ENSG00000165553,NGB
ENSG00000135824,RGS8
ENSG00000122787,AKR1D1
ENSG00000280890,ELDR
ENSG00000188176,SMTNL2
ENSG00000110675,ELMOD1
ENSG00000151640,DPYSL4
ENSG00000166405,RIC3
ENSG00000122121,XPNPEP2
ENSG00000187017,ESPN
ENSG00000180777,ANKRD30B
ENSG00000148677,ANKRD1
ENSG00000129194,SOX15
ENSG00000140538,NTRK3
ENSG00000253831,ETV3L
ENSG00000107105,ELAVL2
ENSG00000204335,SP5
ENSG00000211695,TRGV9
ENSG00000127377,CRYGN
ENSG00000203685,STUM
ENSG00000127585,FBXL16
ENSG00000253606,AFG3L2P1
ENSG00000161992,PRR35
ENSG00000226321,CROCC2
ENSG00000226241,LOC100128601
ENSG00000140465,CYP1A1
ENSG00000211973,IGHV1-69
ENSG00000165966,PDZRN4
ENSG00000139144,PIK3C2G
ENSG00000185860,CCDC190
ENSG00000184368,MAP7D2
ENSG00000144278,GALNT13
ENSG00000254781,GVINP2
ENSG00000101323,HAO1
ENSG00000188039,NWD1
ENSG00000160505,NLRP4
ENSG00000183242,WT1-AS
ENSG00000226627,SHANK2-AS1
ENSG00000225929,LOC105373100
ENSG00000198756,COLGALT2
ENSG00000108830,RND2
ENSG00000170482,SLC23A1
ENSG00000278505,C17orf78
ENSG00000149635,OCSTAMP
ENSG00000111713,GYS2
ENSG00000125869,LAMP5
ENSG00000160963,COL26A1
ENSG00000253608,LOC101929268
ENSG00000144460,NYAP2
ENSG00000180638,SLC47A2
ENSG00000152591,DSPP
ENSG00000161905,ALOX15
ENSG00000265142,MIR133A1HG
ENSG00000135773,CAPN9
ENSG00000136267,DGKB
ENSG00000226145,KRT16P6
ENSG00000069764,PLA2G10
ENSG00000214249,CTAGE11P
ENSG00000189431,RASSF10
ENSG00000184226,PCDH9
ENSG00000169435,RASSF6
ENSG00000118514,ALDH8A1
ENSG00000165731,RET
ENSG00000163359,COL6A3
ENSG00000237517,CELSR1P1
ENSG00000143502,SUSD4
ENSG00000165105,RASEF
ENSG00000260943,LINC02555
ENSG00000279078,SND1-IT1
ENSG00000126266,FFAR1
ENSG00000144119,C1QL2
ENSG00000160716,CHRNB2
ENSG00000258586,LINC02274
ENSG00000205426,KRT81
ENSG00000228002,DHX9P1
ENSG00000089116,LHX5
ENSG00000233746,LINC00656
ENSG00000251226,LINC02714
ENSG00000205212,CCDC144NL
ENSG00000235812,ADAM21P1
ENSG00000138308,PLA2G12B
ENSG00000245719,SKOR1-AS1
ENSG00000153707,PTPRD
ENSG00000239435,KCNMB3P1
ENSG00000189051,RNF222
ENSG00000268257,AIRN
ENSG00000143452,HORMAD1
ENSG00000060140,STYK1
ENSG00000135902,CHRND
ENSG00000248713,C4orf54
ENSG00000025423,HSD17B6
ENSG00000232684,ATP11A-AS1
ENSG00000205795,CYS1
ENSG00000243264,IGKV2D-29
ENSG00000233115,FAM90A11
ENSG00000205056,LINC02397
ENSG00000224074,LINC00691
ENSG00000144290,SLC4A10
ENSG00000237222,LINC01968
ENSG00000259175,ARNT2-AS3
ENSG00000188133,TMEM215
ENSG00000174343,CHRNA9
ENSG00000106772,PRUNE2
ENSG00000124440,HIF3A
ENSG00000254843,XIAPP2
ENSG00000125740,FOSB
ENSG00000171798,KNDC1
ENSG00000181790,ADGRB1
ENSG00000281692,PACRG-AS1
ENSG00000158125,XDH
ENSG00000197888,UGT2B17
ENSG00000212128,TAS2R13
ENSG00000158008,EXTL1
ENSG00000175093,SPSB4
ENSG00000170423,KRT78
ENSG00000224490,TTC21B-AS1
ENSG00000251576,LINC01267
ENSG00000229563,LINC01204
ENSG00000261524,ABCB10P3
ENSG00000165694,FRMD7
ENSG00000115507,OTX1
ENSG00000186369,SERTAD4BP
ENSG00000178222,RNF212
ENSG00000205500,MAPRE3-AS1
ENSG00000261183,SPINT1-AS1
ENSG00000163286,ALPG
ENSG00000130176,CNN1
ENSG00000162722,TRIM58
ENSG00000231764,DLX6-AS1
ENSG00000144285,SCN1A
ENSG00000231252,LOC101926964
ENSG00000060709,RIMBP2
ENSG00000156463,SH3RF2
ENSG00000133124,IRS4
ENSG00000090382,LYZ
ENSG00000173641,HSPB7
ENSG00000169245,CXCL10
ENSG00000187867,PALM3
ENSG00000164220,F2RL2
ENSG00000162873,KLHDC8A
ENSG00000176920,FUT2
ENSG00000164418,GRIK2
ENSG00000224715,LOC339685
ENSG00000177369,FLJ40194
ENSG00000165495,PKNOX2
ENSG00000006377,DLX6
ENSG00000137860,SLC28A2
ENSG00000178965,ERICH3
ENSG00000166743,ACSM1
ENSG00000169436,COL22A1
ENSG00000006555,TTC22
ENSG00000212122,TSSK1B
ENSG00000274276,LOC102724560
ENSG00000180673,EXOC5P1
ENSG00000181433,SAGE1
ENSG00000235268,KDM4E
ENSG00000162592,CCDC27
ENSG00000196811,CHRNG
ENSG00000100884,CPNE6
ENSG00000215475,SIAH3
ENSG00000275688,CCL15-CCL14
ENSG00000240563,L1TD1
ENSG00000225342,LINC01779
ENSG00000115339,GALNT3
ENSG00000054938,CHRDL2
ENSG00000198739,LRRTM3
ENSG00000165471,MBL2
ENSG00000259357,CERS2-AS1
ENSG00000233086,LNCARSR
ENSG00000108342,CSF3
ENSG00000166143,PPP1R14D
ENSG00000271820,LOC285804
ENSG00000213512,GBP7
ENSG00000187715,KBTBD12
ENSG00000101049,SGK2
ENSG00000203914,HSP90B3P
ENSG00000251632,LINC02172
ENSG00000162493,PDPN
ENSG00000132429,POPDC3
ENSG00000268606,MAGEA2
ENSG00000231683,KILH
ENSG00000260278,BMP2K-DT
ENSG00000154162,CDH12
ENSG00000133116,KL
ENSG00000267253,WHSC1L2P
ENSG00000137868,STRA6
ENSG00000197261,C6orf141
ENSG00000070193,FGF10
ENSG00000092345,DAZL
ENSG00000036473,OTC
ENSG00000165794,SLC39A2
ENSG00000185664,PMEL
ENSG00000240890,G2E3P1
ENSG00000250733,C8orf17
ENSG00000204832,ST8SIA6-AS1
ENSG00000130700,GATA5
ENSG00000251513,LIX1-AS1
ENSG00000173114,LRRN3
ENSG00000279891,FLJ42393
ENSG00000130182,ZSCAN10
ENSG00000184672,RALYL
ENSG00000100433,KCNK10
ENSG00000135063,ENTREP1
ENSG00000147234,FRMPD3
ENSG00000161896,IP6K3
ENSG00000114646,CSPG5
ENSG00000181215,C4orf50
ENSG00000198077,CYP2A7
ENSG00000228753,EIF4BP2
ENSG00000174672,BRSK2
ENSG00000174145,NWD2
ENSG00000230005,SNAP47-AS1
ENSG00000101057,MYBL2
ENSG00000223486,LINC03053
ENSG00000188573,FBLL1
ENSG00000181092,ADIPOQ
ENSG00000108309,RUNDC3A
ENSG00000260596,DUX4
ENSG00000226746,SMCR5
ENSG00000112280,COL9A1
ENSG00000163218,PGLYRP4
ENSG00000082175,PGR
ENSG00000127083,OMD
ENSG00000181085,MAPK15
ENSG00000198075,SULT1C4
ENSG00000187726,DNAJB13
ENSG00000105131,EPHX3
ENSG00000163792,TCF23
ENSG00000235295,LINC01634
ENSG00000114854,TNNC1
ENSG00000198944,SOWAHA
ENSG00000231419,LINC00689
ENSG00000177238,TRIM72
ENSG00000160181,TFF2
ENSG00000228262,LINC01317
ENSG00000178828,RNF186
ENSG00000274576,IGHV2-70
ENSG00000151475,SLC25A31
ENSG00000130643,CALY
ENSG00000124260,MAGEA10
ENSG00000075035,WSCD2
ENSG00000180438,TPRXL
ENSG00000228882,CICP9
ENSG00000196593,ANKRD20A19P
ENSG00000168594,ADAM29
ENSG00000226435,ANKRD18DP
ENSG00000171819,ANGPTL7
ENSG00000177359,OVOS2P
ENSG00000248827,LOC345576
ENSG00000236334,PPIAL4G
ENSG00000153303,FRMD1
ENSG00000278961,LOC107983987
ENSG00000243627,SMIM34
ENSG00000131002,TXLNGY
ENSG00000122548,KIAA0087
ENSG00000083067,TRPM3
ENSG00000172568,FNDC9
ENSG00000243649,CFB
ENSG00000183760,ACP7
ENSG00000140284,SLC27A2
ENSG00000232803,SLCO4A1-AS1
ENSG00000101842,VSIG1
ENSG00000112379,ARFGEF3
ENSG00000157119,KLHL40
ENSG00000182674,KCNB2
ENSG00000183783,KCTD8
ENSG00000133067,LGR6
ENSG00000132972,RNF17
ENSG00000011465,DCN
ENSG00000100167,SEPTIN3
ENSG00000147655,RSPO2
ENSG00000266524,GDF10
ENSG00000166825,ANPEP
ENSG00000047662,FAM184B
ENSG00000259335,HNRNPMP1
ENSG00000146411,SLC2A12
ENSG00000204866,IGFL2
ENSG00000183117,CSMD1
ENSG00000123454,DBH
ENSG00000112232,KHDRBS2
ENSG00000154654,NCAM2
ENSG00000119946,CNNM1
ENSG00000131203,IDO1
ENSG00000229921,KIF25-AS1
ENSG00000166509,CLEC3A
ENSG00000168928,CTRB2
ENSG00000249035,CLMAT3
ENSG00000204983,PRSS1
ENSG00000219294,PIP5K1P1
ENSG00000102104,RS1
ENSG00000105641,SLC5A5
ENSG00000232117,LINC00384
ENSG00000166819,PLIN1
ENSG00000267467,APOC4
ENSG00000260266,PPIAP46
ENSG00000078114,NEBL
ENSG00000013293,SLC7A14
ENSG00000184731,FAM110C
ENSG00000234394,LINC03025
ENSG00000139055,ERP27
ENSG00000170382,LRRN2
ENSG00000265203,RBP3
ENSG00000261758,STAG1-DT
ENSG00000091137,SLC26A4
ENSG00000078328,RBFOX1
ENSG00000154478,GPR26
ENSG00000111218,PRMT8
ENSG00000021300,PLEKHB1
ENSG00000122133,PAEP
ENSG00000105989,WNT2
ENSG00000178750,STX19
ENSG00000125730,C3
ENSG00000186766,FOXI2
ENSG00000136531,SCN2A
ENSG00000256849,TCP1P3
ENSG00000121075,TBX4
ENSG00000103355,PRSS33
ENSG00000145626,UGT3A1
ENSG00000253519,LOC124901121
ENSG00000039987,BEST2
ENSG00000262966,LOC101928266
ENSG00000232724,TRIM80P
ENSG00000257539,HSPA8P14
ENSG00000185101,ANO9
ENSG00000108511,HOXB6
ENSG00000131650,KREMEN2
ENSG00000261617,LINC02177
ENSG00000180875,GREM2
ENSG00000259660,DNM1P47
ENSG00000130675,MNX1
ENSG00000151322,NPAS3
ENSG00000178722,LINC03122
ENSG00000007350,TKTL1
ENSG00000170381,SEMA3E
ENSG00000187690,EZHIP
ENSG00000180318,ALX1
ENSG00000254440,PBOV1
ENSG00000050767,COL23A1
ENSG00000130612,CYP2G1P
ENSG00000224628,CDK5RAP3P1
ENSG00000196376,SLC35F1
ENSG00000179542,SLITRK4
ENSG00000020219,CCT8L1P
ENSG00000075340,ADD2
ENSG00000016490,CLCA1
ENSG00000123407,HOXC12
ENSG00000124920,MYRF
ENSG00000184908,CLCNKB
ENSG00000227036,LINC00511
ENSG00000259293,LIPC-AS1
ENSG00000130477,UNC13A
ENSG00000273706,LHX1
ENSG00000250444,CCT5P1
ENSG00000138772,ANXA3
ENSG00000231013,SCTR-AS1
ENSG00000140600,SH3GL3
ENSG00000133055,MYBPH
ENSG00000250420,AACSP1
ENSG00000248738,PEBP4-AS1
ENSG00000224794,LOC124905119
ENSG00000128591,FLNC
ENSG00000090512,FETUB
ENSG00000237166,LINC01792
ENSG00000176092,CRYBG2
ENSG00000133742,CA1
ENSG00000235376,RPEL1
ENSG00000259144,RANBP20P
ENSG00000218416,GPC1-AS1
ENSG00000109061,MYH1
ENSG00000234155,LINC02535
ENSG00000269791,SSX4B
ENSG00000272549,LINC02538
ENSG00000070886,EPHA8
ENSG00000243069,ARHGEF26-AS1
ENSG00000145832,SLC25A48
ENSG00000111341,MGP
ENSG00000163377,TAFA4
ENSG00000100078,PLA2G3
ENSG00000177047,IFNW1
ENSG00000167676,PLIN4
ENSG00000234944,LINC02623
ENSG00000174016,TENT5D
ENSG00000080293,SCTR
ENSG00000145287,PLAC8
ENSG00000281406,BLACAT1
ENSG00000225017,LOC100420057
ENSG00000272381,LINC02664
ENSG00000103044,HAS3
ENSG00000214424,FAM149B1P1
ENSG00000100290,BIK
ENSG00000171815,PCDHB1
ENSG00000179253,CDH4-AS2
ENSG00000119411,BSPRY
ENSG00000112378,PERP
ENSG00000064195,DLX3
ENSG00000130413,STK33
ENSG00000204653,ASPDH
ENSG00000259129,LINC00648
ENSG00000258947,TUBB3
ENSG00000023839,ABCC2
ENSG00000234715,SLC26A5-AS1
ENSG00000247624,CPEB2-DT
ENSG00000232216,IGHV3-43
ENSG00000249917,LINC00536
ENSG00000188833,ENTPD8
ENSG00000229859,PGA3
ENSG00000119547,ONECUT2
ENSG00000152192,POU4F1
ENSG00000242048,PRKAG2-AS2
ENSG00000101349,PAK5
ENSG00000163734,CXCL3
ENSG00000125726,CD70
ENSG00000142494,SLC47A1
ENSG00000169181,GSG1L
ENSG00000143768,LEFTY2
ENSG00000101204,CHRNA4
ENSG00000278131,OTOP1P1
ENSG00000148848,ADAM12
ENSG00000148488,ST8SIA6
ENSG00000203805,PLPP4
ENSG00000255545,B3GAT1-DT
ENSG00000244040,IL12A-AS1
ENSG00000121380,BCL2L14
ENSG00000204624,DISP3
ENSG00000197322,TMEM132E-DT
ENSG00000105675,ATP4A
ENSG00000180537,RNF182
ENSG00000166736,HTR3A
ENSG00000125848,FLRT3
ENSG00000172867,KRT2
ENSG00000250056,LINC01018
ENSG00000016082,ISL1
ENSG00000155918,RAET1L
ENSG00000224236,MRRFP1
ENSG00000102243,VGLL1
ENSG00000108381,ASPA
ENSG00000070729,CNGB1
ENSG00000126856,PRDM7
ENSG00000164398,ACSL6
ENSG00000117707,PROX1
ENSG00000100362,PVALB
ENSG00000267909,CCDC177
ENSG00000070808,CAMK2A
ENSG00000163221,S100A12
ENSG00000132975,GPR12
ENSG00000204025,TRPC5OS
ENSG00000238247,RDXP3
ENSG00000114757,PEX5L
ENSG00000250746,LOC100288073
ENSG00000183421,RIPK4
ENSG00000167619,TMEM145
ENSG00000104237,RP1
ENSG00000165863,SPMIP5
ENSG00000130720,FIBCD1
ENSG00000188582,PAQR9
ENSG00000205100,HSP90AA4P
ENSG00000104879,CKM
ENSG00000179520,SLC17A8
ENSG00000246774,COL25A1-DT
ENSG00000065371,ROPN1
ENSG00000165061,ZMAT4
ENSG00000250290,NCAPGP1
ENSG00000141052,MYOCD
ENSG00000089250,NOS1
ENSG00000151572,ANO4
ENSG00000153923,CLCA3P
ENSG00000249601,LINC01187
ENSG00000269416,LINC01224
ENSG00000223518,CSNK1A1P1
ENSG00000236366,LOC153910
ENSG00000249934,NCOA4P2
ENSG00000214897,PNMA6E
ENSG00000138622,HCN4
ENSG00000053747,LAMA3
ENSG00000255474,GAU1
ENSG00000169218,RSPO1
ENSG00000167608,TMC4
ENSG00000172497,ACOT12
ENSG00000115592,PRKAG3
ENSG00000196208,GREB1
ENSG00000215196,BASP1-AS1
ENSG00000152670,DDX4
ENSG00000280693,SH3PXD2A-AS1
ENSG00000253125,EGR3-AS1
ENSG00000186462,NAP1L2
ENSG00000178171,AMER3
ENSG00000255693,LINC02389
ENSG00000233009,NALCN-AS1
ENSG00000205231,TTLL10-AS1
ENSG00000168004,PLAAT5
ENSG00000213412,HNRNPA1P33
ENSG00000235095,GPCPD1P1
ENSG00000183034,OTOP2
ENSG00000135324,MRAP2
ENSG00000205835,GMNC
ENSG00000140835,CHST4
ENSG00000125850,OVOL2
ENSG00000198796,ALPK2
ENSG00000128683,GAD1
ENSG00000174564,IL20RB
ENSG00000198610,AKR1C4
ENSG00000170374,SP7
ENSG00000246350,ZBED9-AS1
ENSG00000236197,PPP1R9A-AS1
ENSG00000149575,SCN2B
ENSG00000174776,WDR49
ENSG00000115718,PROC
ENSG00000142698,C1orf94
ENSG00000230666,CEACAM22P
ENSG00000075223,SEMA3C
ENSG00000174279,EVX2
ENSG00000150551,LYPD1
ENSG00000232903,LINC01166
ENSG00000154027,AK5
ENSG00000106536,POU6F2
ENSG00000205414,NKD1-AS1
ENSG00000145536,ADAMTS16
ENSG00000230873,STMND1
ENSG00000124134,KCNS1
ENSG00000204362,LINC02783
ENSG00000217929,SEPTIN14P6
ENSG00000187905,LRRC74B
ENSG00000068078,FGFR3
ENSG00000184613,NELL2
ENSG00000132677,RHBG
ENSG00000114270,COL7A1
ENSG00000108231,LGI1
ENSG00000224389,C4B
ENSG00000255794,RMST
ENSG00000240280,TCAM1P
ENSG00000230725,LOC284798
ENSG00000214145,LINC00887
ENSG00000227964,LINC01429
ENSG00000122824,NUDT10
ENSG00000261595,PPM1J-DT
ENSG00000237125,HAND2-AS1
ENSG00000146276,GABRR1
ENSG00000184454,NCMAP
ENSG00000198768,APCDD1L
ENSG00000105376,ICAM5
ENSG00000229582,PBX3-DT
ENSG00000149926,TLCD3B
ENSG00000135116,HRK
ENSG00000230709,LINC03227
ENSG00000175065,DSG4
ENSG00000228016,RAPGEF4-AS1
ENSG00000169248,CXCL11
ENSG00000124493,GRM4
ENSG00000266278,LINC01910
ENSG00000188755,TBC1D3P2
ENSG00000211964,IGHV3-48
ENSG00000118160,SLC8A2
ENSG00000202538,RNU4-2
ENSG00000185056,C5orf47
ENSG00000127129,EDN2
ENSG00000124212,PTGIS
ENSG00000167889,MGAT5B
ENSG00000254401,LINC02752
ENSG00000275152,CCL16
ENSG00000110975,SYT10
ENSG00000257671,KRT7-AS
ENSG00000265533,DSEL-AS1
ENSG00000184385,UMODL1-AS1
ENSG00000173947,CIMAP3
ENSG00000261315,LARP4P
ENSG00000174576,NPAS4
ENSG00000178403,NEUROG2
ENSG00000134028,ADAMDEC1
ENSG00000268009,SSX4
ENSG00000138115,CYP2C8
ENSG00000107187,LHX3
ENSG00000088926,F11
ENSG00000103832,GOLGA8UP
ENSG00000165188,RNF183
ENSG00000166573,GALR1
ENSG00000094796,KRT31
ENSG00000137948,BRDT
ENSG00000249690,LRBA-AS1
ENSG00000279124,IGSF3P1
ENSG00000118733,OLFM3
ENSG00000269404,SPIB
ENSG00000135960,EDAR
ENSG00000168779,SHOX2
ENSG00000141314,RHBDL3
ENSG00000162494,LRRC38
ENSG00000229781,RRN3P4
ENSG00000186329,TMEM212
ENSG00000163884,KLF15
ENSG00000196990,FAM163B
ENSG00000231453,LINC01305
ENSG00000104044,OCA2
ENSG00000211935,IGHV1-3
ENSG00000260779,LOC101927410
ENSG00000167971,CASKIN1
ENSG00000136943,CTSV
ENSG00000186297,GABRA5
ENSG00000165323,FAT3
ENSG00000249896,JAKMIP1-DT
ENSG00000118113,MMP8
ENSG00000226235,LEMD1-AS1
ENSG00000249346,LINC01016
ENSG00000161649,CD300LG
ENSG00000249853,HS3ST5
ENSG00000177133,LOC124903827
ENSG00000233393,LOC105369306
ENSG00000226783,TLK1P1
ENSG00000233217,MROH3P
ENSG00000165066,NKX6-3
ENSG00000230023,LINC02800
ENSG00000120075,HOXB5
ENSG00000167711,SERPINF2
ENSG00000198523,PLN
ENSG00000186442,KRT3
ENSG00000102230,PCYT1B
ENSG00000082482,KCNK2
ENSG00000145794,MEGF10
ENSG00000213759,UGT2B11
ENSG00000251637,LINC02754
ENSG00000249328,LOC101927040
ENSG00000167034,NKX3-1
ENSG00000143340,FAM163A
ENSG00000164708,PGAM2
ENSG00000158816,VWA5B1
ENSG00000042781,USH2A
ENSG00000211652,IGLV7-43
ENSG00000109193,SULT1E1
ENSG00000164161,HHIP
ENSG00000084110,HAL
ENSG00000236229,VEZF1P1
ENSG00000236279,CLEC2L
ENSG00000185904,LINC00839
ENSG00000227339,THRAP3P1
ENSG00000179930,ZNF648
ENSG00000273079,GRIN2B
ENSG00000145681,HAPLN1
ENSG00000110680,CALCA
ENSG00000235597,LINC01102
ENSG00000137709,POU2F3
ENSG00000102313,ITIH6
ENSG00000107611,CUBN
ENSG00000188451,SRP72P2
ENSG00000115844,DLX2
ENSG00000187242,KRT12
ENSG00000175077,RTP1
ENSG00000172752,COL6A5
ENSG00000189367,KIAA0408
ENSG00000258754,LINC01579
ENSG00000181418,DDN
ENSG00000258501,EIF3LP1
ENSG00000178401,DNAJC22
ENSG00000164078,MST1R
ENSG00000111432,FZD10
ENSG00000178597,PSAPL1
ENSG00000165646,SLC18A2
ENSG00000130368,MAS1
ENSG00000169676,DRD5
ENSG00000204033,LRIT2
ENSG00000187889,FYB2
ENSG00000114547,ROPN1B
ENSG00000101489,CELF4
ENSG00000248483,POU5F2
ENSG00000175967,LINC02880
ENSG00000203730,TEDDM1
ENSG00000142675,CNKSR1
ENSG00000189056,RELN
ENSG00000276747,PADI6
ENSG00000176601,MAP3K19
ENSG00000223611,SUPT20HL2
ENSG00000124818,OPN5
ENSG00000052850,ALX4
ENSG00000184254,ALDH1A3
ENSG00000267659,LINC01482
ENSG00000196139,AKR1C3
ENSG00000257335,MGAM
ENSG00000229261,LOC101928994
ENSG00000197891,SLC22A12
ENSG00000165092,ALDH1A1
ENSG00000185615,PDIA2
ENSG00000243918,EIF4BP8
ENSG00000259495,ARNT2-DT
ENSG00000102678,FGF9
ENSG00000183196,CHST6
ENSG00000185760,KCNQ5
ENSG00000117148,ACTL8
ENSG00000134438,RAX
ENSG00000138675,FGF5
ENSG00000183629,GOLGA8G
ENSG00000185567,AHNAK2
ENSG00000180525,DIP2C-AS1
ENSG00000265480,KRT18P55
ENSG00000279484,KLHL30-AS1
ENSG00000105679,GAPDHS
ENSG00000171385,KCND3
ENSG00000115665,SLC5A7
ENSG00000198842,STYXL2
ENSG00000162761,LMX1A
ENSG00000118432,CNR1
ENSG00000176884,GRIN1
ENSG00000215612,HMX1
ENSG00000169427,KCNK9
ENSG00000183837,PNMA3
ENSG00000248360,LINC00504
ENSG00000266976,ERVE-5
ENSG00000166342,NETO1
ENSG00000215005,HSPD1P7
ENSG00000196109,ZNF676
ENSG00000175728,LINC02873
ENSG00000143552,NUP210L
ENSG00000243307,POM121L6P
ENSG00000187123,LYPD6
ENSG00000251497,PITPNM2-AS1
ENSG00000234568,BIN2P1
ENSG00000152595,MEPE
ENSG00000249695,IQSEC3-AS3
ENSG00000089225,TBX5
ENSG00000237949,LOC102724768
ENSG00000086159,AQP6
ENSG00000261336,EIF4BP5
ENSG00000242412,DBIL5P2
ENSG00000187950,OVCH1
ENSG00000101438,SLC32A1
ENSG00000182631,RXFP3
ENSG00000147041,SYTL5
ENSG00000270002,GRID1-AS2
ENSG00000214513,NOTO
ENSG00000232953,HSPA8P18
ENSG00000233503,HNRNPLP1
ENSG00000166741,NNMT
ENSG00000218305,CDC14C
ENSG00000259439,LINC01833
ENSG00000173250,GPR151
ENSG00000120149,MSX2
ENSG00000144230,GPR17
ENSG00000113196,HAND1
ENSG00000173124,ACSM6
ENSG00000004799,PDK4
ENSG00000151952,TMEM132D
ENSG00000196218,RYR1
ENSG00000123388,HOXC11
ENSG00000239880,RALBP1P1
ENSG00000206384,COL6A6
ENSG00000107954,NEURL1
ENSG00000185008,ROBO2
ENSG00000226828,LINC02774
ENSG00000110375,UPK2
ENSG00000231638,LUARIS
ENSG00000140505,CYP1A2
ENSG00000257198,SPATA31F2P
ENSG00000234754,LINC02817
ENSG00000138039,LHCGR
ENSG00000184828,ZBTB7C
ENSG00000260220,CCDC187
ENSG00000236963,LINC01141
ENSG00000229924,FAM90A26
ENSG00000263590,LINC02591
ENSG00000103154,NECAB2
ENSG00000177301,KCNA2
ENSG00000261557,EEF1A1P38
ENSG00000143355,LHX9
ENSG00000228590,MIR4432HG
ENSG00000092295,TGM1
ENSG00000188263,IL17REL
ENSG00000102794,ACOD1
ENSG00000276128,GXYLT1P5
ENSG00000218676,BRD7P4
ENSG00000273274,ZBTB8B
ENSG00000137252,HCRTR2
ENSG00000132185,FCRLA
ENSG00000226101,LINC02097
ENSG00000266527,LYRM9-AS1
ENSG00000106511,MEOX2
ENSG00000136457,CHAD
ENSG00000188729,OSTN
ENSG00000152580,IGSF10
ENSG00000104055,TGM5
ENSG00000163082,SGPP2
ENSG00000164692,COL1A2
ENSG00000198753,PLXNB3
ENSG00000152592,DMP1
ENSG00000117069,ST6GALNAC5
ENSG00000130558,OLFM1
ENSG00000027644,INSRR
ENSG00000224822,THRB-IT1
ENSG00000225988,LAMP5-AS1
ENSG00000177291,GJD4
ENSG00000124731,TREM1
ENSG00000102924,CBLN1
ENSG00000222038,POTEJ
ENSG00000186474,KLK12
ENSG00000177551,NHLH2
ENSG00000224057,EGFR-AS1
ENSG00000162267,ITIH3
ENSG00000259299,LOC100420707
ENSG00000248050,SYBU-AS1
ENSG00000118017,A4GNT
ENSG00000167916,KRT24
ENSG00000169306,IL1RAPL1
ENSG00000081985,IL12RB2
ENSG00000277200,CCDC92B
ENSG00000227403,LINC01806
ENSG00000138100,TRIM54
ENSG00000174403,CRMA
ENSG00000119283,TRIM67
ENSG00000249026,CTNNA1P1
ENSG00000070985,TRPM5
ENSG00000149403,GRIK4
ENSG00000182255,KCNA4
ENSG00000268066,FMR1-AS1
ENSG00000173627,APOBEC4
ENSG00000258702,LOC105370645
ENSG00000156475,PPP2R2B
ENSG00000004776,HSPB6
ENSG00000176029,C11orf16
ENSG00000258334,TROAP-AS1
ENSG00000117501,MROH9
ENSG00000180347,ITPRID1
ENSG00000254449,SF3A3P2
ENSG00000110777,POU2AF1
ENSG00000205038,PKHD1L1
ENSG00000232079,LINC01697
ENSG00000105427,CNFN
ENSG00000231106,LINC01436
ENSG00000277301,LOC101929698
ENSG00000169836,TACR3
ENSG00000139515,PDX1
ENSG00000203995,ZYG11A
ENSG00000278873,PRO1804
ENSG00000165643,SOHLH1
ENSG00000204361,NXPE2
ENSG00000234224,TMEM229A
ENSG00000233388,TRMT112P8
ENSG00000260599,LOC101929124
ENSG00000197587,DMBX1
ENSG00000229887,HNRNPA1P6
ENSG00000157992,KRTCAP3
ENSG00000182077,PTCHD3
ENSG00000101958,GLRA2
ENSG00000186335,SLC36A2
ENSG00000243766,HOTTIP
ENSG00000229456,RLIMP1
ENSG00000226806,LCT-AS1
ENSG00000164411,GJB7
ENSG00000223963,THAP12P8
ENSG00000249395,CASC9
ENSG00000246022,ALDH1L1-AS2
ENSG00000171877,FRMD5
ENSG00000256356,HSPA8P5
ENSG00000244734,HBB
ENSG00000139973,SYT16
ENSG00000183798,EMILIN3
ENSG00000269437,NXF2B
ENSG00000156564,LRFN2
ENSG00000184999,SLC22A10
ENSG00000149328,GLB1L2
ENSG00000168453,HR
ENSG00000172461,FUT9
ENSG00000104783,KCNN4
ENSG00000168952,STXBP6
ENSG00000126259,KIRREL2
ENSG00000003989,SLC7A2
ENSG00000243319,FGF14-IT1
ENSG00000206579,XKR4
ENSG00000224773,HSPA8P7
ENSG00000170775,GPR37
ENSG00000231290,APCDD1L-DT
ENSG00000043591,ADRB1
ENSG00000185915,KLHL34
ENSG00000270499,MKI67P1
ENSG00000231560,CLEC12A-AS1
ENSG00000149295,DRD2
ENSG00000239511,POM121L7P
ENSG00000269405,NXF2
ENSG00000152430,BOLL
ENSG00000006747,SCIN
ENSG00000260792,LINC02280
ENSG00000136160,EDNRB
ENSG00000087258,GNAO1
ENSG00000172967,XKR3
ENSG00000080644,CHRNA3
ENSG00000205704,SMIM45
ENSG00000205424,PCBP3-AS1
ENSG00000230062,ANKRD66
ENSG00000164761,TNFRSF11B
ENSG00000161270,NPHS1
ENSG00000136099,PCDH8
ENSG00000099822,HCN2
ENSG00000169851,PCDH7
ENSG00000129991,TNNI3
ENSG00000229835,KHSRPP1
ENSG00000229544,NKX1-2
ENSG00000215217,CFAP90
ENSG00000101463,SYNDIG1
ENSG00000173597,SULT1B1
ENSG00000228376,GAS2L1P2
ENSG00000214282,KRT8P14
ENSG00000205786,LINC01531
ENSG00000214514,KRT42P
ENSG00000161082,CELF5
ENSG00000141744,PNMT
ENSG00000132464,ENAM
ENSG00000280997,CCAT2
ENSG00000168122,ZNF355P
ENSG00000133488,SEC14L4
ENSG00000205293,LINC01602
ENSG00000164393,ADGRF2P
ENSG00000177984,LCN15
ENSG00000205221,VIT
ENSG00000188782,CATSPER4
ENSG00000260653,MIR3147HG
ENSG00000204961,PCDHA9
ENSG00000234859,LOC100505782
ENSG00000185974,GRK1
ENSG00000240216,CPHL1P
ENSG00000116194,ANGPTL1
ENSG00000099954,CECR2
ENSG00000123610,TNFAIP6
ENSG00000100181,TPTEP1
ENSG00000162782,TDRD5
ENSG00000198010,DLGAP2
ENSG00000152254,G6PC2
ENSG00000106302,HYAL4
ENSG00000224721,FLVCR2-AS1
ENSG00000170486,KRT72
ENSG00000101188,NTSR1
ENSG00000105855,ITGB8
ENSG00000172940,SLC22A13
ENSG00000259236,GOLGA8VP
ENSG00000267690,LDLRAD4-AS1
ENSG00000143318,CASQ1
ENSG00000244731,C4A
ENSG00000243064,ABCC13
ENSG00000134716,CYP2J2
ENSG00000124568,SLC17A1
ENSG00000250033,SLC7A11-AS1
ENSG00000214575,CPEB1
ENSG00000214336,FOXI3
ENSG00000254704,PFPLP
ENSG00000204539,CDSN
ENSG00000242173,ARHGDIG
ENSG00000164099,PRSS12
ENSG00000109472,CPE
ENSG00000160867,FGFR4
ENSG00000182329,KIAA2012
ENSG00000034239,CLXN
ENSG00000241635,UGT1A1
ENSG00000115884,SDC1
ENSG00000198670,LPA
ENSG00000164920,OSR2
ENSG00000109758,HGFAC
ENSG00000238107,LOC124904403
ENSG00000145040,UCN2
ENSG00000188869,TMC3
ENSG00000126733,DACH2
ENSG00000172318,B3GALT1
ENSG00000105398,SULT2A1
ENSG00000106819,ASPN
ENSG00000078081,LAMP3
ENSG00000261239,ANKRD26P1
ENSG00000082556,OPRK1
ENSG00000257616,LOC400036
ENSG00000141934,PLPP2
ENSG00000011083,SLC6A7
ENSG00000186009,ATP4B
ENSG00000196979,GPRACR
ENSG00000104059,ENTREP2
ENSG00000106341,PPP1R17
ENSG00000185002,RFX6
ENSG00000156009,MAGEA8
ENSG00000260239,LINC02533
ENSG00000162374,ELAVL4
ENSG00000226430,USP17L7
ENSG00000250387,LINC02197
ENSG00000138829,FBN2
ENSG00000237541,HLA-DQA2
ENSG00000124469,CEACAM8
ENSG00000234419,CICP13
ENSG00000236393,LINC03099
ENSG00000248964,LOC101929470
ENSG00000103723,AP3B2
ENSG00000228484,LOC101927692
ENSG00000141748,ARL5C
ENSG00000106078,COBL
ENSG00000187229,PSD3-AS1
ENSG00000196167,COLCA1
ENSG00000231852,CYP21A2
ENSG00000132911,NMUR2
ENSG00000180660,MAB21L1
ENSG00000165181,SHOC1
ENSG00000250120,PCDHA10
ENSG00000166006,KCNC2
ENSG00000162391,FAM151A
ENSG00000081800,SLC13A1
ENSG00000269526,ERVV-1
ENSG00000158748,HTR6
ENSG00000205363,INSYN1
ENSG00000232837,LINC01700
ENSG00000139915,MDGA2
ENSG00000206262,FOXL2NB
ENSG00000182836,PLCXD3
ENSG00000151704,KCNJ1
ENSG00000115474,KCNJ13
ENSG00000174226,SNX31
ENSG00000236081,ELFN1-AS1
ENSG00000105880,DLX5
ENSG00000237803,PIRAT1
ENSG00000095777,MYO3A
ENSG00000145526,CDH18
ENSG00000228271,LINC02048
ENSG00000225595,LINC01623
ENSG00000095203,EPB41L4B
ENSG00000266964,FXYD1
ENSG00000145358,DDIT4L
ENSG00000188933,USP32P1
ENSG00000147614,ATP6V0D2
ENSG00000135443,KRT85
ENSG00000256188,TAS2R30
ENSG00000217236,SP9
ENSG00000267691,SHC1P2
ENSG00000123572,NRK
ENSG00000118972,FGF23
ENSG00000137960,GIPC2
ENSG00000172201,ID4
ENSG00000154319,FAM167A
ENSG00000254872,LINC02688
ENSG00000166922,SCG5
ENSG00000175121,WFDC5
ENSG00000225930,LINC02249
ENSG00000246130,TNFRSF10B-AS1
ENSG00000121270,ABCC11
ENSG00000215120,SOCS6P1
ENSG00000188992,LIPI
ENSG00000261649,GOLGA6L7
ENSG00000164932,CTHRC1
ENSG00000157064,NMNAT2
ENSG00000173157,ADAMTS20
ENSG00000163623,NKX6-1
ENSG00000119913,TECTB
ENSG00000157502,PWWP3B
ENSG00000204531,POU5F1
ENSG00000138152,BTBD16
ENSG00000176945,MUC20
ENSG00000128383,APOBEC3A
ENSG00000144130,NT5DC4
ENSG00000205488,CALML3-AS1
ENSG00000249717,PARM1-AS1
ENSG00000224714,LINC02671
ENSG00000249534,LINC01258
ENSG00000207955,MIR219A2HG
ENSG00000135917,SLC19A3
ENSG00000237412,PRSS56
ENSG00000179796,LRRC3B
ENSG00000186452,TMPRSS12
ENSG00000213538,KRT8P41
ENSG00000180287,PLD5
ENSG00000204889,KRT40
ENSG00000170369,CST2
ENSG00000211933,IGHV6-1
ENSG00000160224,AIRE
ENSG00000211967,IGHV3-53
ENSG00000233932,CTXN2
ENSG00000218890,NUFIP1P1
ENSG00000186049,KRT73
ENSG00000186007,LEMD1
ENSG00000114349,GNAT1
ENSG00000187140,FOXD3
ENSG00000224689,ZNF812P
ENSG00000279965,LINC03032
ENSG00000140285,FGF7
ENSG00000104970,KIR3DX1
ENSG00000248159,HSPA8P11
ENSG00000242159,ABCF2P1
ENSG00000136110,CNMD
ENSG00000185792,NLRP9
ENSG00000174482,LINGO2
ENSG00000163283,ALPP
ENSG00000247775,SNCA-AS1
ENSG00000160471,COX6B2
ENSG00000181072,CHRM2
ENSG00000116132,PRRX1
ENSG00000138075,ABCG5
ENSG00000124839,RAB17
ENSG00000176971,FIBIN
ENSG00000101670,LIPG
ENSG00000239254,MSL3P2
ENSG00000179270,PCARE
ENSG00000183317,EPHA10
ENSG00000197549,PRAMENP
ENSG00000273679,LOC441711
ENSG00000171872,KLF17
ENSG00000233491,CDHR17P
ENSG00000101890,GUCY2F
ENSG00000105255,FSD1
ENSG00000268660,LETM1P2
ENSG00000236241,DDX5P1
ENSG00000007933,FMO3
ENSG00000149418,ST14
ENSG00000108576,SLC6A4
ENSG00000102452,NALCN
ENSG00000197353,LYPD2
ENSG00000196482,ESRRG
ENSG00000140481,CCDC33
ENSG00000134207,SYT6
ENSG00000213493,ACTN4P1
ENSG00000217733,CCT7P1
ENSG00000228742,LINC02577
ENSG00000078018,MAP2
ENSG00000106327,TFR2
ENSG00000165269,AQP7
ENSG00000246863,GPR176-DT
ENSG00000265766,CXADRP3
ENSG00000179300,RTL3
ENSG00000079385,CEACAM1
ENSG00000230568,SF3A3P1
ENSG00000185933,CALHM1
ENSG00000186867,QRFPR
ENSG00000244378,RPS2P45
ENSG00000165300,SLITRK5
ENSG00000189410,SH2D5
ENSG00000264985,SDK2-AS1
ENSG00000100842,EFS
ENSG00000225371,CICP8
ENSG00000223703,IGSF3P2
ENSG00000221887,HMSD
ENSG00000235613,NSRP1P1
ENSG00000250241,PCDH10-DT
ENSG00000229051,LINC01788
ENSG00000214888,NPAP1P9
ENSG00000126010,GRPR
ENSG00000083782,EPYC
ENSG00000266554,LINC01443
ENSG00000270863,DDX55P1
ENSG00000111339,ART4
ENSG00000198092,TMPRSS11F
ENSG00000037965,HOXC8
ENSG00000158516,CPA2
ENSG00000053438,NNAT
ENSG00000163518,FCRL4
ENSG00000183128,CALHM3
ENSG00000172421,EFCAB3
ENSG00000165078,CPA6
ENSG00000134215,VAV3
ENSG00000240132,ETF1P2
ENSG00000251258,RFPL4B
ENSG00000255970,LINC02421
ENSG00000120907,ADRA1A
ENSG00000237290,LINC01343
ENSG00000169313,P2RY12
ENSG00000175329,ISX
ENSG00000081138,CDH7
ENSG00000258128,MKRN9P
ENSG00000126890,CTAG2
ENSG00000088538,DOCK3
ENSG00000228612,HK2P1
ENSG00000112246,SIM1
ENSG00000108684,ASIC2
ENSG00000250230,LOC101927495
ENSG00000132854,KANK4
ENSG00000251596,HADHAP1
ENSG00000236754,LOC101929372
ENSG00000072315,TRPC5
ENSG00000100448,CTSG
ENSG00000259823,LYPD8
ENSG00000128713,HOXD11
ENSG00000054803,CBLN4
ENSG00000121743,GJA3
ENSG00000233056,ERVH48-1
ENSG00000137857,DUOX1
ENSG00000099399,MAGEB2
ENSG00000077080,ACTL6B
ENSG00000259219,LOC105371022
ENSG00000174898,CATSPERD
ENSG00000172399,MYOZ2
ENSG00000203859,HSD3B2
ENSG00000142408,CACNG8
ENSG00000264026,LINC02003
ENSG00000277215,SPANXA2-OT1
ENSG00000152932,RAB3C
ENSG00000205436,EXOC3L4
ENSG00000226777,FAM30A
ENSG00000100012,SEC14L3
ENSG00000248874,LINC02899
ENSG00000249961,TERB1
ENSG00000166592,RRAD
ENSG00000139287,TPH2
ENSG00000206150,RNASE13
ENSG00000102466,FGF14
ENSG00000167800,TBX10
ENSG00000259518,LINC01583
ENSG00000225140,DIP2C-AS2
ENSG00000241293,PPATP1
ENSG00000136244,IL6
ENSG00000214313,AZGP1P1
ENSG00000204434,POTEKP
ENSG00000134755,DSC2
ENSG00000142606,MMEL1
ENSG00000161944,ASGR2
ENSG00000143858,SYT2
ENSG00000179902,CFAP276
ENSG00000131409,LRRC4B
ENSG00000139970,RTN1
ENSG00000132702,HAPLN2
ENSG00000179873,NLRP11
ENSG00000179219,LINC00311
ENSG00000130433,CACNG6
ENSG00000185924,RTN4RL1
ENSG00000198173,FAM47C
ENSG00000186197,EDARADD
ENSG00000250596,LOC100419741
ENSG00000169551,CT55
ENSG00000153820,SPHKAP
ENSG00000244234,GMCL2
ENSG00000251350,LINC02475
ENSG00000229828,PDE4DIPP1
ENSG00000203952,CCDC160
ENSG00000249923,LINC02891
ENSG00000148671,ADIRF
ENSG00000179399,GPC5
ENSG00000067840,PDZD4
ENSG00000271013,LRRC37A9P
ENSG00000229766,TMX4-AS1
ENSG00000160161,CILP2
ENSG00000113739,STC2
ENSG00000100626,GALNT16
ENSG00000153993,SEMA3D
ENSG00000226792,C13orf42
ENSG00000232706,NUTM2HP
ENSG00000218565,LOC100129844
ENSG00000182376,PIEZO1-AS1
ENSG00000203356,LINC01562
ENSG00000211625,IGKV3D-20
ENSG00000270106,TSNAX-DISC1
ENSG00000150893,FREM2
ENSG00000229800,ATP8A2P2
ENSG00000241119,UGT1A9
ENSG00000230371,KARS1P2
ENSG00000267908,ZSCAN5DP
ENSG00000187621,LOC124903372
ENSG00000279685,MAPT-IT1
ENSG00000081041,CXCL2
ENSG00000189292,ALKAL2
ENSG00000176956,LY6H
ENSG00000183971,NPW
ENSG00000186526,CYP4F8
ENSG00000277639,CHD9NB
ENSG00000247416,NCAM1-AS2
ENSG00000258548,LINC00645
ENSG00000133134,BEX2
ENSG00000132681,ATP1A4
ENSG00000225872,TEX14BP
ENSG00000236318,LINC02888
ENSG00000280165,PCDH20
ENSG00000229052,MND1P1
ENSG00000171595,DNAI2
ENSG00000113805,CNTN3
ENSG00000266265,KLF14
ENSG00000117115,PADI2
ENSG00000271639,PPFIA1P1
ENSG00000007908,SELE
ENSG00000112273,HDGFL1
ENSG00000235532,LINC00402
ENSG00000174678,FAM47DP
ENSG00000178084,HTR3C
ENSG00000077935,SMC1B
ENSG00000259663,ISL1-DT
ENSG00000119919,NKX2-3
ENSG00000164651,SP8
ENSG00000158164,TMSB15A
ENSG00000011332,DPF1
ENSG00000168743,NPNT
ENSG00000211445,GPX3
ENSG00000258033,SNX5P2
ENSG00000118898,PPL
ENSG00000248115,SCFD2-AS1
ENSG00000165621,OXGR1
ENSG00000245384,CXXC4-AS1
ENSG00000171033,PKIA
ENSG00000149927,DOC2A
ENSG00000176049,JAKMIP2
ENSG00000211670,IGLV3-9
ENSG00000224414,LOC100533848
ENSG00000184617,ZNF840P
ENSG00000223731,SUPT20HL1
ENSG00000280119,LOC285097
ENSG00000182472,CAPN12
ENSG00000175868,CALCB
ENSG00000270503,YTHDF2P1
ENSG00000112164,GLP1R
ENSG00000227827,PKD1P2
ENSG00000250891,LINC02208
ENSG00000272975,MYHAS
ENSG00000145362,ANK2
ENSG00000259422,LOC101929439
ENSG00000185149,NPY2R
ENSG00000153930,ANKFN1
ENSG00000187094,CCK
ENSG00000182333,LIPF
ENSG00000198963,RORB
ENSG00000166482,MFAP4
ENSG00000183908,LRRC55
ENSG00000226757,PP12613
ENSG00000171551,ECEL1
ENSG00000211951,IGHV2-26
ENSG00000115602,IL1RL1
ENSG00000249215,NCOA4P4
ENSG00000188828,GLRA4
ENSG00000225950,NTF4
ENSG00000196758,LINC02991
ENSG00000183780,SLC35F3
ENSG00000226629,LINC00974
ENSG00000183691,NOG
ENSG00000241484,ARHGAP8
ENSG00000215515,IFIT1P1
ENSG00000268119,LOC105372321
ENSG00000235961,PNMA6A
ENSG00000007001,UPP2
ENSG00000144354,CDCA7
ENSG00000187323,DCC
ENSG00000130876,SLC7A10
ENSG00000105976,MET
ENSG00000134538,SLCO1B1
ENSG00000144868,TMEM108
ENSG00000133115,STOML3
ENSG00000186675,MAGEE2
ENSG00000178947,SMIM10L2A
ENSG00000175175,PPM1E
ENSG00000260704,LINC00543
ENSG00000218233,NEPNP
ENSG00000007174,DNAH9
ENSG00000146039,SLC17A4
ENSG00000162753,SLC9C2
ENSG00000224940,PRRT4
ENSG00000229897,SEPTIN7P7
ENSG00000248771,SMIM31
ENSG00000100721,TCL1A
ENSG00000175189,INHBC
ENSG00000075886,TUBA3D
ENSG00000055732,MCOLN3
ENSG00000183072,NKX2-5
ENSG00000115297,TLX2
ENSG00000276255,LINC02809
ENSG00000262700,LOC100421173
ENSG00000016391,CHDH
ENSG00000265273,PGDP1
ENSG00000159263,SIM2
ENSG00000133863,TEX15
ENSG00000100346,CACNA1I
ENSG00000198889,DCAF12L1
ENSG00000146938,NLGN4X
ENSG00000230400,LINC01747
ENSG00000245466,TTC9-DT
ENSG00000281162,LINC01127
ENSG00000123496,IL13RA2
ENSG00000116254,CHD5
ENSG00000101825,MXRA5
ENSG00000227189,RNF212-DT
ENSG00000170044,ZPLD1
ENSG00000142765,SYTL1
ENSG00000110148,CCKBR
ENSG00000112319,EYA4
ENSG00000101680,LAMA1
ENSG00000253943,KRT18P37
ENSG00000162039,MEIOB
ENSG00000181291,TMEM132E
ENSG00000249307,LINC01088
ENSG00000111262,KCNA1
ENSG00000230079,STK24P1
ENSG00000237775,DDR1-DT
ENSG00000224821,COL4A2-AS2
ENSG00000147160,AWAT2
ENSG00000233579,KRT8P15
ENSG00000242899,RPL7P16
ENSG00000259458,MGC15885
ENSG00000240707,LINC01168
ENSG00000163710,PCOLCE2
ENSG00000134769,DTNA
ENSG00000135218,CD36
ENSG00000158246,TENT5B
ENSG00000197415,VEPH1
ENSG00000091262,ABCC6
ENSG00000213088,ACKR1
ENSG00000224652,LINC00885
ENSG00000140839,CLEC18B
ENSG00000272274,ARGLU1-DT
ENSG00000235275,KRT18P16
ENSG00000225724,ASH2LP3
ENSG00000186439,TRDN
ENSG00000110076,NRXN2
ENSG00000170523,KRT83
ENSG00000237917,PARP4P1
ENSG00000122375,OPN4
ENSG00000182667,NTM
ENSG00000155495,MAGEC1
ENSG00000081051,AFP
ENSG00000173391,OLR1
ENSG00000122641,INHBA
ENSG00000159337,PLA2G4D
ENSG00000161849,KRT84
ENSG00000137265,IRF4
ENSG00000155093,PTPRN2
ENSG00000224083,MTCO1P11
ENSG00000168505,GBX2
ENSG00000120211,INSL4
ENSG00000188906,LRRK2
ENSG00000213771,KRT8P37
ENSG00000232928,DDX3P1
ENSG00000258590,NBEAP1
ENSG00000229161,TCP1P1
ENSG00000156414,TDRD9
ENSG00000173698,ADGRG2
ENSG00000179141,MTUS2-AS1
ENSG00000103647,CORO2B
ENSG00000172232,AZU1
ENSG00000229311,LOC101927827
ENSG00000187151,ANGPTL5
ENSG00000261272,MUC22
ENSG00000009709,PAX7
ENSG00000213937,CLDN9
ENSG00000146006,LRRTM2
ENSG00000137251,TINAG
ENSG00000130649,CYP2E1
ENSG00000217060,LOC100421093
ENSG00000176177,ENTHD1
ENSG00000166317,SYNPO2L
ENSG00000112981,NME5
ENSG00000196600,SLC22A25
ENSG00000167157,PRRX2
ENSG00000118729,CASQ2
ENSG00000259462,CPEB1-AS1
ENSG00000260027,HOXB7
ENSG00000030304,MUSK
ENSG00000134612,FOLH1B
ENSG00000215262,KCNU1
ENSG00000198216,CACNA1E
ENSG00000148965,SAA4
ENSG00000130045,NXNL2
ENSG00000270112,ST8SIA5-DT
ENSG00000137270,GCM1
ENSG00000223984,HNRNPRP1
ENSG00000152128,TMEM163
ENSG00000130208,APOC1
ENSG00000065361,ERBB3
ENSG00000112837,TBX18
ENSG00000273777,CEACAM20
ENSG00000129221,AIPL1
ENSG00000146090,RASGEF1C
ENSG00000232164,LINC01873
ENSG00000152086,TUBA3E
ENSG00000082293,COL19A1
ENSG00000160870,CYP3A7
ENSG00000224936,SUCLA2P1
ENSG00000130487,KLHDC7B
ENSG00000139364,TMEM132B
ENSG00000046774,MAGEC2
ENSG00000130054,NALF2
ENSG00000256802,LCIIAR
ENSG00000111732,AICDA
ENSG00000279050,PWAR1
ENSG00000233725,NRAD1
ENSG00000282815,TEX13C
ENSG00000041982,TNC
ENSG00000239455,PTPN11P1
ENSG00000224310,LINC01567
ENSG00000253417,LINC02159
ENSG00000213075,RPL31P11
ENSG00000157335,CLEC18C
ENSG00000141338,ABCA8
ENSG00000186790,FOXE3
ENSG00000254471,LOC646112
ENSG00000232855,LINC03138
ENSG00000022355,GABRA1
ENSG00000224675,GALNT13-AS1
ENSG00000232553,CLK2P1
ENSG00000255399,TBX5-AS1
ENSG00000136541,ERMN
ENSG00000140015,KCNH5
ENSG00000181374,CCL13
ENSG00000133454,MYO18B
ENSG00000111799,COL12A1
ENSG00000171794,UTF1
ENSG00000135406,PRPH
ENSG00000149970,CNKSR2
ENSG00000223949,ROR1-AS1
ENSG00000228695,LOC107987423
ENSG00000095110,NXPE1
ENSG00000162460,TMEM82
ENSG00000276566,IGKV1D-13
ENSG00000139330,KERA
ENSG00000188000,OR7D2
ENSG00000251095,LOC105377329
ENSG00000157211,CDCP2
ENSG00000197241,SLC2A7
ENSG00000204118,NAP1L6P
ENSG00000269113,TRABD2B
ENSG00000164326,CARTPT
ENSG00000166257,SCN3B
ENSG00000165076,PRSS37
ENSG00000185519,FAM131C
ENSG00000187980,PLA2G2C
ENSG00000204071,TCEAL6
ENSG00000255398,HCAR3
ENSG00000189221,MAOA
ENSG00000132321,DRC11
ENSG00000113303,BTNL8
ENSG00000077264,PAK3
ENSG00000113209,PCDHB5
ENSG00000125731,SH2D3A
ENSG00000206552,KRABD1-AS1
ENSG00000160808,MYL3
ENSG00000257097,CLIP1-AS1
ENSG00000186310,NAP1L3
ENSG00000150051,MKX
ENSG00000218153,KRT18P22
ENSG00000072133,RPS6KA6
ENSG00000123892,RAB38
ENSG00000258692,SALL4P7
ENSG00000163814,CDCP1
ENSG00000112761,CCN6
ENSG00000114374,USP9Y
ENSG00000065325,GLP2R
ENSG00000256581,NLRP9P1
ENSG00000167117,ANKRD40CL
ENSG00000156103,MMP16
ENSG00000113361,CDH6
ENSG00000152822,GRM1
ENSG00000248590,GLDCP1
ENSG00000170289,CNGB3
ENSG00000248587,LINC02119
ENSG00000182824,FAM230E
ENSG00000163568,AIM2
ENSG00000165186,PTCHD1
ENSG00000171916,LGALS9C
ENSG00000235472,EIF4A1P7
ENSG00000132874,SLC14A2
ENSG00000064835,POU1F1
ENSG00000159247,TUBBP5
ENSG00000164935,DCSTAMP
ENSG00000227066,LOC117779438
ENSG00000250329,POGLUT2P1
ENSG00000188056,TREML4
ENSG00000131142,CCL25
ENSG00000242550,SERPINB10
ENSG00000230782,LOC340512
ENSG00000139194,RBP5
ENSG00000163888,CAMK2N2
ENSG00000116183,PAPPA2
ENSG00000213214,ARHGEF35
ENSG00000227115,LINC01630
ENSG00000128298,BAIAP2L2
ENSG00000213225,NOC2LP1
ENSG00000230773,LOC105374593
ENSG00000109265,CRACD
ENSG00000259362,LOC101929457
ENSG00000188778,ADRB3
ENSG00000179546,HTR1D
ENSG00000095596,CYP26A1
ENSG00000249238,BCL9P1
ENSG00000116785,CFHR3
ENSG00000167419,LPO
ENSG00000163485,ADORA1
ENSG00000109424,UCP1
ENSG00000215218,UBE2QL1
ENSG00000256124,LINC01152
ENSG00000238133,MAP3K20-AS1
ENSG00000162621,LRRC53
ENSG00000214842,RAD51AP2
ENSG00000125966,MMP24
ENSG00000263711,LINC02864
ENSG00000163879,DNALI1
ENSG00000262902,MTCO1P40
ENSG00000258545,RHOXF1-AS1
ENSG00000126500,FLRT1
ENSG00000188523,CFAP77
ENSG00000057294,PKP2
ENSG00000255189,GLYATL1P1
ENSG00000104899,AMH
ENSG00000227508,LINC01624
ENSG00000276462,LINC03025
ENSG00000125508,SRMS
ENSG00000163075,CFAP221
ENSG00000200795,RNU4-1
ENSG00000243902,ELFN2
ENSG00000225792,SNX10-AS1
ENSG00000133958,UNC79
ENSG00000235740,PHACTR2-AS1
ENSG00000227038,GTF2IP7
ENSG00000117834,SLC5A9
ENSG00000132026,RTBDN
ENSG00000249306,LINC01411
ENSG00000179136,LINC00670
ENSG00000163630,SYNPR
ENSG00000182585,EPGN
ENSG00000146530,VWDE
ENSG00000170835,CEL
ENSG00000230387,LINC03125
ENSG00000171495,MROH2B
ENSG00000238086,PPP1R26P1
ENSG00000159648,SPMIP8
ENSG00000133020,MYH8
ENSG00000196092,PAX5
ENSG00000187922,LCN10
ENSG00000183454,GRIN2A
ENSG00000223443,USP17L2
ENSG00000206192,ANKRD20A9P
ENSG00000165309,ARMC3
ENSG00000139155,SLCO1C1
ENSG00000186684,CYP27C1
ENSG00000236064,LOC101928335
ENSG00000267259,LOC112267992
ENSG00000232952,LOC401957
ENSG00000133019,CHRM3
ENSG00000117525,F3
ENSG00000138136,LBX1
ENSG00000073737,DHRS9
ENSG00000206538,VGLL3
ENSG00000224791,KRT18P39
ENSG00000141433,ADCYAP1
ENSG00000184571,PIWIL3
ENSG00000145284,SCD5
ENSG00000154611,PSMA8
ENSG00000234805,FAM151AP1
ENSG00000159712,ANKRD18CP
ENSG00000185640,KRT79
ENSG00000169067,ACTBL2
ENSG00000152953,STK32B
ENSG00000182902,SLC25A18
ENSG00000251544,MTND5P12
ENSG00000141448,GATA6
ENSG00000164283,ESM1
ENSG00000169507,SLC38A11
ENSG00000165462,PHOX2A
ENSG00000183019,MCEMP1
ENSG00000172782,FADS6
ENSG00000238062,SPATA3-AS1
ENSG00000229081,LINC01165
ENSG00000267122,DOT1L-AS1
ENSG00000108176,DNAJC12
ENSG00000255428,LOC100132078
ENSG00000185247,MAGEA11
ENSG00000250799,PRODH2
ENSG00000139304,PTPRQ
ENSG00000134595,SOX3
ENSG00000281560,LSINCT5
ENSG00000175746,LINC02915
ENSG00000164270,HTR4
ENSG00000243742,RPLP0P2
ENSG00000275563,LOC100508046
ENSG00000177363,LRRN4CL
ENSG00000233719,GOT2P3
ENSG00000196166,LINC03042
ENSG00000226604,PAPPA-AS2
ENSG00000236494,LOC124901612
ENSG00000226982,CENPCP1
ENSG00000196684,HSH2D
ENSG00000248596,CEP192P1
ENSG00000007314,SCN4A
ENSG00000253223,LOC100288001
ENSG00000112238,PRDM13
ENSG00000249158,PCDHA11
ENSG00000274351,THAP12P10
ENSG00000237870,LOC102724434
ENSG00000234899,SOX9-AS1
ENSG00000215057,PKMP5
ENSG00000164794,KCNV1
ENSG00000255397,NASPP1
ENSG00000128438,TBC1D27P
ENSG00000186377,CYP4X1
ENSG00000005381,MPO
ENSG00000163825,RTP3
ENSG00000144583,MARCHF4
ENSG00000213338,ATF4P1
ENSG00000117477,CCDC181
ENSG00000183169,POM121L1P
ENSG00000273041,ATF4P2
ENSG00000188822,CNR2
ENSG00000214553,LRRC37A11P
ENSG00000220494,YAP1P1
ENSG00000112559,MDFI
ENSG00000134389,CFHR5
ENSG00000259224,SLC35G6
ENSG00000231574,LINC02015
ENSG00000147003,CLTRN
ENSG00000214402,LCNL1
ENSG00000247699,FABP6-AS1
ENSG00000231971,CT69
ENSG00000103375,AQP8
ENSG00000132563,REEP2
ENSG00000151812,SLC35F4
ENSG00000269793,ZIM2-AS1
ENSG00000177398,UMODL1
ENSG00000017483,SLC38A5
ENSG00000231079,KIF5C-AS1
ENSG00000186198,SLC51B
ENSG00000237740,NPAP1P3
ENSG00000143473,KCNH1
ENSG00000166800,LDHAL6A
ENSG00000108924,HLF
ENSG00000171864,PRND
ENSG00000124713,GNMT
ENSG00000171476,HOPX
ENSG00000274209,ANTXRL
ENSG00000170627,GTSF1
ENSG00000254951,LOC283299
ENSG00000187553,CYP26C1
ENSG00000113327,GABRG2
ENSG00000235885,LOC101927661
ENSG00000119973,PRLHR
ENSG00000244578,LINC01391
ENSG00000229754,CXCR2P1
ENSG00000038427,VCAN
ENSG00000215867,KRT18P57
ENSG00000245293,CYP2U1-AS1
ENSG00000139445,FOXN4
ENSG00000099957,P2RX6
ENSG00000114805,PLCH1
ENSG00000237862,LOC100506271
ENSG00000066382,MPPED2
ENSG00000064300,NGFR
ENSG00000079557,AFM
ENSG00000223519,KIF28P
ENSG00000099617,EFNA2
ENSG00000185668,POU3F1
ENSG00000270379,HEATR9
ENSG00000168772,CXXC4
ENSG00000220378,KRT8P42
ENSG00000137090,DMRT1
ENSG00000178882,RFLNA
ENSG00000184911,DMRTC1B
ENSG00000280109,PLAC4
ENSG00000138798,EGF
ENSG00000184530,C6orf58
ENSG00000178531,CTXN1
ENSG00000104267,CA2
ENSG00000180155,LYNX1
ENSG00000203645,LINC00501
ENSG00000254560,BBOX1-AS1
ENSG00000169071,ROR2
ENSG00000282651,IGHV5-10-1
ENSG00000260908,PLA2G10CP
ENSG00000255353,ASS1P13
ENSG00000104888,SLC17A7
ENSG00000229839,LOC124906013
ENSG00000088340,FER1L4
ENSG00000134588,USP26
ENSG00000180532,ZSCAN4
ENSG00000102287,GABRE
ENSG00000235731,LINC02250
ENSG00000166250,CLMP
ENSG00000258952,SALRNA1
ENSG00000172260,NEGR1
ENSG00000204542,C6orf15
ENSG00000204767,INSYN2B
ENSG00000228919,LOC389199
ENSG00000205277,MUC12
ENSG00000103310,ZP2
ENSG00000175445,LPL
ENSG00000187243,MAGED4B
ENSG00000198049,AVPR1B
ENSG00000185198,PRSS57
ENSG00000197446,CYP2F1
ENSG00000187492,CDHR4
ENSG00000215853,RPTN
ENSG00000196468,FGF16
ENSG00000174963,ZIC4
ENSG00000144063,MALL
ENSG00000129009,ISLR
ENSG00000164626,KCNK5
ENSG00000204657,OR2H2
ENSG00000103034,NDRG4
ENSG00000118094,TREH
ENSG00000006047,YBX2
ENSG00000128285,MCHR1
ENSG00000206172,HBA1
ENSG00000163534,FCRL1
ENSG00000234948,LINC01524
ENSG00000099769,IGFALS
ENSG00000119698,PPP4R4
ENSG00000232852,CICP4
ENSG00000172538,FAM170B
ENSG00000275465,LOC158434
ENSG00000110693,SOX6
ENSG00000157404,KIT
ENSG00000071909,MYO3B
ENSG00000154252,GAL3ST2
ENSG00000233432,MTIF2P1
ENSG00000258555,SPECC1L-ADORA2A
ENSG00000146197,SCUBE3
ENSG00000064218,DMRT3
ENSG00000115290,GRB14
ENSG00000118849,RARRES1
ENSG00000249487,LINC01586
ENSG00000240021,TEX35
ENSG00000177138,FAM9B
ENSG00000224904,SBF1P2
ENSG00000234724,HDAC1P1
ENSG00000113578,FGF1
ENSG00000145248,SLC10A4
ENSG00000244588,RAD21L1
ENSG00000100473,COCH
ENSG00000152766,ANKRD22
ENSG00000236155,ZPLD2P
ENSG00000006116,CACNG3
ENSG00000170298,LGALS9B
ENSG00000141161,UNC45B
ENSG00000091704,CPA1
ENSG00000170801,HTRA3
ENSG00000166603,MC4R
ENSG00000130635,COL5A1
ENSG00000111046,MYF6
ENSG00000170509,HSD17B13
ENSG00000243910,TUBA4B
ENSG00000155761,SPAG17
ENSG00000105642,KCNN1
ENSG00000221866,PLXNA4
ENSG00000164647,STEAP1
ENSG00000134533,RERG
ENSG00000135625,EGR4
ENSG00000129437,KLK14
ENSG00000198491,LOC101929106
ENSG00000107518,ATRNL1
ENSG00000224668,IPO8P1
ENSG00000237807,LINC02984
ENSG00000204632,HLA-G
ENSG00000088992,TESC
ENSG00000267551,GNA15-DT
ENSG00000267522,LINC01864
ENSG00000183960,KCNH8
ENSG00000256274,TAS2R64P
ENSG00000216990,HSPD1P10
ENSG00000177558,FAM187B
ENSG00000228149,RPL3P1
ENSG00000157168,NRG1
ENSG00000257957,QRSL1P3
ENSG00000185038,MROH2A
ENSG00000141096,DPEP3
ENSG00000260762,ACSM5P1
ENSG00000271602,KRT8P49
ENSG00000120436,GPR31
ENSG00000196338,NLGN3
ENSG00000180772,AGTR2
ENSG00000172000,ZNF556
ENSG00000102468,HTR2A
ENSG00000171094,ALK
ENSG00000261097,LINC00563
ENSG00000171403,KRT9
ENSG00000168490,PHYHIP
ENSG00000235366,LINC01055
ENSG00000164304,CAGE1
ENSG00000243584,PRICKLE1P1
ENSG00000124827,GCM2
ENSG00000267013,LINC01929
ENSG00000234423,LINC01250
ENSG00000264424,MYH4
ENSG00000178803,ADORA2A-AS1
ENSG00000235097,LINC00330
ENSG00000102271,KLHL4
ENSG00000179314,WSCD1
ENSG00000278301,GRAMD4P3
ENSG00000168081,PNOC
ENSG00000265296,FEM1AP2
ENSG00000130383,FUT5
ENSG00000187714,SLC18A3
ENSG00000163915,IGF2BP2-AS1
ENSG00000131620,ANO1
ENSG00000154274,PGCKA1
ENSG00000234665,LERFS
ENSG00000225269,LINC00705
ENSG00000126218,F10
ENSG00000172016,REG3A
ENSG00000169856,ONECUT1
ENSG00000186212,SOWAHB
ENSG00000270429,KNOP1P2
ENSG00000184302,SIX6
ENSG00000143595,AQP10
ENSG00000050030,NEXMIF
ENSG00000262884,RAP1GAP2-AS1
ENSG00000235049,LINC00940
ENSG00000242419,PCDHGC4
ENSG00000213891,RPL3P6
ENSG00000173714,WFIKKN2
ENSG00000053108,FSTL4
ENSG00000248801,C8orf34-AS1
ENSG00000232000,CLCN3P1
ENSG00000186086,NBPF6
ENSG00000275553,ELOA3CP
ENSG00000237682,PRKCIP1
ENSG00000230798,FOXD3-AS1
ENSG00000261083,LINC02516
ENSG00000133317,LGALS12
ENSG00000261634,PAQR5-DT
ENSG00000058335,RASGRF1
ENSG00000188219,POTEE
ENSG00000271776,LOC780529
ENSG00000146147,MLIP
ENSG00000196834,POTEI
ENSG00000140832,MARVELD3
ENSG00000223403,MEG9
ENSG00000235725,LINC03050
ENSG00000126952,NXF5
ENSG00000205517,RGL3
ENSG00000215065,DUSP8P1
ENSG00000232587,EEF1A1P3
ENSG00000185518,SV2B
ENSG00000182732,RGS6
ENSG00000241007,SEPTIN7P6
ENSG00000247993,FOXD1-AS1
ENSG00000261868,MFSD1P1
ENSG00000140522,RLBP1
ENSG00000203837,PNLIPRP3
ENSG00000149527,PLCH2
ENSG00000198681,MAGEA1
ENSG00000246363,LINC02458
ENSG00000189002,PROS2P
ENSG00000139269,INHBE
ENSG00000228828,TLK2P2
ENSG00000280278,FLJ30679
ENSG00000197085,NPSR1-AS1
ENSG00000177234,LINC01561
ENSG00000168329,CX3CR1
ENSG00000188916,INSYN2A
ENSG00000178233,TMEM151B
ENSG00000220412,PTPN11P3
ENSG00000143278,F13B
ENSG00000184601,C14orf180
ENSG00000187664,HAPLN4
ENSG00000150627,WDR17
ENSG00000171766,GATM
ENSG00000196581,AJAP1
ENSG00000148344,PTGES
ENSG00000236680,PSMC3P1
ENSG00000267790,LINC01987
ENSG00000135111,TBX3
ENSG00000111058,ACSS3
ENSG00000124915,MYRF-AS1
ENSG00000101333,PLCB4
ENSG00000183185,GABRR3
ENSG00000233392,UICLM
ENSG00000187833,C2orf78
ENSG00000254226,LINC01933
ENSG00000161103,POM121L15P
ENSG00000215113,CXorf49B
ENSG00000124232,RBPJL
ENSG00000173585,CCR9
ENSG00000180116,REDIC1
ENSG00000118194,TNNT2
ENSG00000233539,LOC730338
ENSG00000253661,LOC107986952
ENSG00000181656,GPR88
ENSG00000165383,LRRC18
ENSG00000231615,LOC646870
ENSG00000234473,ZNF101P2
ENSG00000233694,LINC02579
ENSG00000178150,ZNF114
ENSG00000223668,EEF1A1P24
ENSG00000224957,LINC01266
ENSG00000280208,GGT4P
ENSG00000175874,CREG2
ENSG00000132703,APCS
ENSG00000180697,C3orf22
ENSG00000152137,HSPB8
ENSG00000225674,IPO7P2
ENSG00000214946,TBC1D26
ENSG00000211611,IGKV6-21
ENSG00000225362,CT62
ENSG00000231665,OGFOD1P1
ENSG00000182256,GABRG3
ENSG00000122691,TWIST1
ENSG00000072657,TRHDE
ENSG00000140798,ABCC12
ENSG00000147488,ST18
ENSG00000261143,ADAMTS7P3
ENSG00000124557,BTN1A1
ENSG00000168621,GDNF
ENSG00000152467,ZSCAN1
ENSG00000178752,ERFE
ENSG00000204179,PTPN20
ENSG00000253490,LINC02099
ENSG00000280639,LINC02204
ENSG00000266844,MBP-AS1
ENSG00000205611,LOC107985433
ENSG00000163687,DNASE1L3
ENSG00000144837,PLA1A
ENSG00000101850,GPR143
ENSG00000215354,FAM90A24
ENSG00000145198,VWA5B2
ENSG00000131737,KRT34
ENSG00000086967,MYBPC2
ENSG00000176160,HSF5
ENSG00000109181,UGT2B10
ENSG00000130701,RBBP8NL
ENSG00000066468,FGFR2
ENSG00000183346,CABCOCO1
ENSG00000171772,SYCE1
ENSG00000236048,SSBL5P
ENSG00000229989,MIR181A1HG
ENSG00000217414,DDX18P3
ENSG00000176654,NANOGP1
ENSG00000151967,SCHIP1
ENSG00000246375,PPM1K-DT
ENSG00000157766,ACAN
ENSG00000101134,DOK5
ENSG00000213892,CEACAM16
ENSG00000108846,ABCC3
ENSG00000125355,TMEM255A
ENSG00000123201,GUCY1B2
ENSG00000101448,EPPIN
ENSG00000257259,LINC02388
ENSG00000205334,LINC01460
ENSG00000121753,ADGRB2
ENSG00000260930,LINC01416
ENSG00000170011,MYRIP
ENSG00000249341,LOC100506444
ENSG00000065320,NTN1
ENSG00000212766,EWSAT1
ENSG00000170074,FAM153A
ENSG00000170484,KRT74
ENSG00000142513,ACP4
ENSG00000267712,LINC01539
ENSG00000125398,SOX9
ENSG00000230399,RBBP8P1
ENSG00000261121,LINC02473
ENSG00000230549,USP17L1
ENSG00000261559,FSCN1P1
ENSG00000137473,TTC29
ENSG00000029559,IBSP
ENSG00000121005,CRISPLD1
ENSG00000118492,ADGB
ENSG00000107147,KCNT1
ENSG00000105509,HAS1
ENSG00000279220,CMKLR2-AS
ENSG00000154645,CHODL
ENSG00000196277,GRM7
ENSG00000204967,PCDHA4
ENSG00000138028,CGREF1
ENSG00000174990,CA5A
ENSG00000180767,CHST13
ENSG00000260454,LINC02957
ENSG00000255220,DDX18P5
ENSG00000172379,ARNT2
ENSG00000111245,MYL2
ENSG00000146250,PRSS35
ENSG00000122180,MYOG
ENSG00000237135,DDX10P1
ENSG00000275830,LINC03082
ENSG00000280055,LINC02912
ENSG00000171714,ANO5
ENSG00000243321,LINC01998
ENSG00000122859,NEUROG3
ENSG00000235253,EEF1A1P50
ENSG00000173612,GPRC6A
ENSG00000128313,APOL5
ENSG00000222014,RAB6C
ENSG00000138944,SHISAL1
ENSG00000171533,MAP6
ENSG00000167612,ANKRD33
ENSG00000258274,CRADD-AS1
ENSG00000176754,LINC00303
ENSG00000115593,SMYD1
ENSG00000104921,FCER2
ENSG00000198353,HOXC4
ENSG00000149972,CNTN5
ENSG00000163364,LINC01116
ENSG00000008735,MAPK8IP2
ENSG00000092850,TEKT2
ENSG00000251003,ZFPM2-AS1
ENSG00000005187,ACSM3
ENSG00000076344,RGS11
ENSG00000226674,TEX41
ENSG00000124091,GCNT7
ENSG00000224769,MUC20P1
ENSG00000279141,LINC01451
ENSG00000242948,EPS15P1
ENSG00000235834,LOC101928389
ENSG00000248464,FGF10-AS1
ENSG00000169075,BRD7P3
ENSG00000162981,LRATD1
ENSG00000175267,VWA3A
ENSG00000259388,RLIMP3
ENSG00000146453,PNLDC1
ENSG00000185176,AQP12B
ENSG00000162594,IL23R
ENSG00000132837,DMGDH
ENSG00000086205,FOLH1
ENSG00000183775,KCTD16
ENSG00000080007,DDX43
ENSG00000185028,LRRC14B
ENSG00000079101,CLUL1
ENSG00000233288,LOC101928401
ENSG00000224272,LOC124905349
ENSG00000128610,FEZF1
ENSG00000179148,ALOXE3
ENSG00000142611,PRDM16
ENSG00000149534,MS4A2
ENSG00000233693,PBX1-AS1
ENSG00000282100,HSP90AB4P
ENSG00000168874,ATOH8
ENSG00000151790,TDO2
ENSG00000205364,MT1M
ENSG00000240602,AADACP1
ENSG00000176595,KBTBD11
ENSG00000187733,AMY1C
ENSG00000184459,BPIFC
ENSG00000088882,CPXM1
ENSG00000230542,LINC00102
ENSG00000228789,HCG22
ENSG00000151023,ENKUR
ENSG00000257803,PIGAP1
ENSG00000164303,ENPP6
ENSG00000268696,ZNF723
ENSG00000269891,ARHGAP19-SLIT1
ENSG00000137766,UNC13C
ENSG00000085741,WNT11
ENSG00000186510,CLCNKA
ENSG00000166947,EPB42
ENSG00000170858,LILRP2
ENSG00000229106,BTBD6P1
ENSG00000214012,KRT18P38
ENSG00000021645,NRXN3
ENSG00000143125,PROK1
ENSG00000232892,RGS5-AS1
ENSG00000187144,SPATA21
ENSG00000124449,IRGC
ENSG00000183662,TAFA1
ENSG00000227191,TRGC2
ENSG00000272281,TPTE2P2
ENSG00000188517,COL25A1
ENSG00000105877,DNAH11
ENSG00000204175,GPRIN2
ENSG00000054179,ENTPD2
ENSG00000260144,LOC646665
ENSG00000168748,CA7
ENSG00000213958,KRT18P29
ENSG00000197421,GGT3P
ENSG00000227238,TTC39DP
ENSG00000145107,TM4SF19
ENSG00000274099,ABCB10P1
ENSG00000197301,HMGA2-AS1
ENSG00000237330,RNF223
ENSG00000175591,P2RY2
ENSG00000180846,CSNK1G2-AS1
ENSG00000145879,SPINK7
ENSG00000189167,ZAR1L
ENSG00000131386,GALNT15
ENSG00000135697,BCO1
ENSG00000254266,PKIA-AS1
ENSG00000204538,PSORS1C2
ENSG00000211650,IGLV5-45
ENSG00000205856,C22orf42
ENSG00000146216,TTBK1
ENSG00000233101,HOXB-AS3
ENSG00000188536,HBA2
ENSG00000237978,KCNMB2-AS1
ENSG00000167642,SPINT2
ENSG00000213234,ST13P10
ENSG00000276476,LINC00540
ENSG00000112782,CLIC5
ENSG00000229140,CCDC26
ENSG00000159307,SCUBE1
ENSG00000056998,GYG2
ENSG00000013297,CLDN11
ENSG00000233896,PDYN-AS1
ENSG00000236430,KRT8P29
ENSG00000168334,XIRP1
ENSG00000169548,ZNF280A
ENSG00000139629,GALNT6
ENSG00000078053,AMPH
ENSG00000196666,FAM180B
ENSG00000141622,ARK2C
ENSG00000235621,LINC00494
ENSG00000131096,PYY
ENSG00000183273,CCDC60
ENSG00000167769,ACER1
ENSG00000223885,FAM90A13
ENSG00000146352,CLVS2
ENSG00000021488,SLC7A9
ENSG00000257907,EEF1A1P17
ENSG00000164509,IL31RA
ENSG00000163235,TGFA
ENSG00000248113,PTPN11P5
ENSG00000084734,GCKR
ENSG00000189238,LINC00943
ENSG00000225783,MIAT
ENSG00000184860,SDR42E1
ENSG00000242068,RNF13P1
ENSG00000175514,GPR152
ENSG00000134853,PDGFRA
ENSG00000241832,CECR3
ENSG00000188162,OTOG
ENSG00000167858,TEKT1
ENSG00000125631,HTR5BP
ENSG00000267432,DNAH17-AS1
ENSG00000256723,LOC100421622
ENSG00000111181,SLC6A12
ENSG00000248599,SLEAR
ENSG00000168671,UGT3A2
ENSG00000205922,ONECUT3
ENSG00000105219,CCNP
ENSG00000160200,CBS
ENSG00000120645,IQSEC3
ENSG00000159625,DRC7
ENSG00000185823,NPAP1
ENSG00000215115,CXorf49
ENSG00000165702,GFI1B
ENSG00000176040,TMPRSS7
ENSG00000233242,LOC105376034
ENSG00000169344,UMOD
ENSG00000166049,PASD1
ENSG00000184845,DRD1
ENSG00000235385,LINC02154
ENSG00000259585,RBM17P4
ENSG00000184343,SRPK3
ENSG00000173175,ADCY5
ENSG00000185133,INPP5J
ENSG00000164485,IL22RA2
ENSG00000186038,HTR3E
ENSG00000121446,RGSL1
ENSG00000271647,KRT8P47
ENSG00000230257,NFE4
ENSG00000243284,VSIG8
ENSG00000256340,ABCC6P1
ENSG00000109991,P2RX3
ENSG00000237463,LRRC52-AS1
ENSG00000204603,LINC01257
ENSG00000245651,LOC283387
ENSG00000198633,ZNF534
ENSG00000233608,TWIST2
ENSG00000139737,SLAIN1
ENSG00000141449,GREB1L
ENSG00000223549,MTND5P28
ENSG00000218336,TENM3
ENSG00000149573,MPZL2
ENSG00000204970,PCDHA1
ENSG00000173267,SNCG
ENSG00000172828,CES3
ENSG00000172179,PRL
ENSG00000131969,ABHD12B
ENSG00000139044,B4GALNT3
ENSG00000132517,SLC52A1
ENSG00000189366,ALG1L1P
ENSG00000146839,ZAN
ENSG00000169432,SCN9A
ENSG00000183921,SDR42E2
ENSG00000239219,FHL1P1
ENSG00000005981,ASB4
ENSG00000223500,RNF14P4
ENSG00000163661,PTX3
ENSG00000188937,NYX
ENSG00000160801,PTH1R
ENSG00000158528,PPP1R9A
ENSG00000213265,TSGA13
ENSG00000250374,TRIM75
ENSG00000189182,KRT77
ENSG00000254102,BHLHE22-AS1
ENSG00000155875,SAXO1
ENSG00000185633,COXFA4L2
ENSG00000268460,LOC93429
ENSG00000264714,KIAA0895LP1
ENSG00000122012,SV2C
ENSG00000250208,FZD10-AS1
ENSG00000230711,CTAGE13P
ENSG00000143195,ILDR2
ENSG00000125845,BMP2
ENSG00000186676,EEF1GP1
ENSG00000196335,STK31
ENSG00000155269,GPR78
ENSG00000204644,ZFP57
ENSG00000139547,RDH16
ENSG00000173406,DAB1
ENSG00000225465,LOC102723305
ENSG00000146755,TRIM50
ENSG00000174171,LOC105370792
ENSG00000224511,LINC00365
ENSG00000175202,HIGD2B
ENSG00000187848,P2RX2
ENSG00000270547,LINC01235
ENSG00000140459,CYP11A1
ENSG00000234377,OBI1-AS1
ENSG00000179008,C14orf39
ENSG00000261231,LINC02133
ENSG00000168263,KCNV2
ENSG00000145808,ADAMTS19
ENSG00000237828,PA2G4P1
ENSG00000178395,CCDC185
ENSG00000259470,KRT8P9
ENSG00000224682,SOCS5P2
ENSG00000231434,HSP90AA3P
ENSG00000270765,GAS2L2
ENSG00000182771,GRID1
ENSG00000196071,OR2L13
ENSG00000117594,HSD11B1
ENSG00000175063,UBE2C
ENSG00000154330,PGM5
ENSG00000253868,FER1L6-AS2
ENSG00000163827,LRRC2
ENSG00000106384,MOGAT3
ENSG00000233610,LINC00462
ENSG00000238099,LINC01625
ENSG00000282122,IGHV7-4-1
ENSG00000149451,ADAM33
ENSG00000260613,LOC105377205
ENSG00000223770,CACNA2D1-AS1
ENSG00000203985,LDLRAD1
ENSG00000154175,ABI3BP
ENSG00000248608,ISYNA1P1
ENSG00000162040,HS3ST6
ENSG00000130203,APOE
ENSG00000155052,CNTNAP5
ENSG00000108759,KRT32
ENSG00000198358,LOC101928372
ENSG00000085831,TTC39A
ENSG00000185052,SLC24A3
ENSG00000166407,LMO1
ENSG00000235890,TSPEAR-AS1
ENSG00000105371,ICAM4
ENSG00000230146,SEPHS1P4
ENSG00000134668,SPOCD1
ENSG00000255725,TDGP1
ENSG00000226887,ERVMER34-1
ENSG00000211972,IGHV3-66
ENSG00000172733,PURG
ENSG00000226790,HNRNPA3P1
ENSG00000112183,RBM24
ENSG00000203688,LINC02487
ENSG00000108375,RNF43
ENSG00000162409,PRKAA2
ENSG00000131037,EPS8L1
ENSG00000077063,CTTNBP2
ENSG00000248672,LY75-CD302
ENSG00000120054,CPN1
ENSG00000267313,KC6
ENSG00000128253,RFPL2
ENSG00000115380,EFEMP1
ENSG00000184774,MGAT4EP
ENSG00000022267,FHL1
ENSG00000264954,PRR29-AS1
ENSG00000186340,THBS2
ENSG00000173212,MAB21L3
ENSG00000267128,RNF157-AS1
ENSG00000257501,PAFAH1B2P2
ENSG00000232629,HLA-DQB2
ENSG00000197584,KCNMB2
ENSG00000274044,FAM230J
ENSG00000198774,RASSF9
ENSG00000093134,VNN3P
ENSG00000188460,ACTBP11
ENSG00000185960,SHOX
ENSG00000140563,MCTP2
ENSG00000239345,HNRNPA1P26
ENSG00000162630,B3GALT2
ENSG00000143867,OSR1
ENSG00000138379,MSTN
ENSG00000099715,PCDH11Y
ENSG00000138653,NDST4
ENSG00000278195,SSTR3
ENSG00000056291,NPFFR2
ENSG00000274317,LINC02334
ENSG00000143631,FLG
ENSG00000137441,FGFBP2
ENSG00000273032,DGCR5
ENSG00000139800,ZIC5
ENSG00000249096,LINC02362
ENSG00000250584,LINC01511
ENSG00000117507,FMO6P
ENSG00000215223,CYP51A1P3
ENSG00000162543,UBXN10
ENSG00000213424,KRT222
ENSG00000270816,LINC00221
ENSG00000139797,RNF113B
ENSG00000230461,PROX1-AS1
ENSG00000114812,VIPR1
ENSG00000234323,LINC01505
ENSG00000236570,RAD23BP1
ENSG00000175894,TSPEAR
ENSG00000135919,SERPINE2
ENSG00000196415,PRTN3
ENSG00000080709,KCNN2
ENSG00000131951,LRRC9
ENSG00000104938,CLEC4M
ENSG00000261520,DLGAP1-AS5
ENSG00000146374,RSPO3
ENSG00000225972,MTND1P23
ENSG00000183734,ASCL2
ENSG00000243509,TNFRSF6B
ENSG00000243290,IGKV1-12
ENSG00000225698,IGHV3-72
ENSG00000225796,MTND4P23
ENSG00000186152,LILRP1
ENSG00000204818,ADGRF5P2
ENSG00000137878,GCOM1
ENSG00000269235,ZNF350-AS1
ENSG00000225914,HCG23
ENSG00000251389,YTHDF1P1
ENSG00000267594,CYP4F24P
ENSG00000153093,ACOXL
ENSG00000131187,F12
ENSG00000183876,ARSI
ENSG00000251692,PTX4
ENSG00000182580,EPHB3
ENSG00000116031,CD207
ENSG00000251380,DCANP1
ENSG00000150722,PPP1R1C
ENSG00000248118,LINC01019
ENSG00000235347,TRNT1P2
ENSG00000249715,FER1L5
ENSG00000119866,BCL11A
ENSG00000136918,WDR38
ENSG00000240882,PTOV1P1
ENSG00000004468,CD38
ENSG00000164129,NPY5R
ENSG00000249693,SPMAP2L
ENSG00000167771,RCOR2
ENSG00000259884,NR4A1AS
ENSG00000223760,MED15P9
ENSG00000237438,CECR7
ENSG00000204442,NALF1
ENSG00000183674,LINC00518
ENSG00000170961,HAS2
ENSG00000162624,LHX8
ENSG00000254017,IGHEP2
ENSG00000229562,ZFYVE9P1
ENSG00000251169,LINC01843
ENSG00000244476,ERVFRD-1
ENSG00000249064,KRT18P25
ENSG00000241095,CYP51A1P1
ENSG00000260053,ABCB10P4
ENSG00000119938,PPP1R3C
ENSG00000240540,RPL3P9
ENSG00000158764,ITLN2
ENSG00000268324,LRRC2-AS1
ENSG00000183914,DNAH2
ENSG00000158865,SLC5A11
ENSG00000160321,ZNF208
ENSG00000259078,PTBP1P
ENSG00000249713,IQGAP2-AS1
ENSG00000107242,PIP5K1B
ENSG00000265746,KYNUP2
ENSG00000228014,ZNF680P1
ENSG00000104321,TRPA1
ENSG00000227942,FRMD8P1
ENSG00000204949,SACK1A-AS1
ENSG00000258735,PPP1R13B-DT
ENSG00000228314,CYP4F29P
ENSG00000185290,NUPR2
ENSG00000183145,RIPPLY3
ENSG00000230246,SPATA31C1
ENSG00000121764,HCRTR1
ENSG00000235958,UBOX5-AS1
ENSG00000260840,LINC01964
ENSG00000203782,LORICRIN
ENSG00000262943,ALOX12P2
ENSG00000260372,AQP4-AS1
ENSG00000196565,HBG2
ENSG00000229727,LOC100506274
ENSG00000117154,IGSF21
ENSG00000110786,PTPN5
ENSG00000187527,ATP13A5
ENSG00000248698,KLF17P2
ENSG00000007171,NOS2
ENSG00000204174,NPY4R
ENSG00000138483,CCDC54
ENSG00000128482,RNF112
ENSG00000215102,TERF1P4
ENSG00000271034,RNPC3P1
ENSG00000266946,MRPL37P1
ENSG00000134569,LRP4
ENSG00000154198,CYP4Z2P
ENSG00000158077,NLRP14
ENSG00000125492,BARHL1
ENSG00000198547,C20orf203
ENSG00000253309,SERPINE3
ENSG00000159173,TNNI1
ENSG00000229953,BCAN-AS2
ENSG00000164742,ADCY1
ENSG00000176857,GJA1P1
ENSG00000006283,CACNA1G
ENSG00000134962,KLB
ENSG00000258803,LOC101927690
ENSG00000258661,LOC105370455
ENSG00000154451,GBP5
ENSG00000225192,ZNF33BP1
ENSG00000164100,NDST3
ENSG00000120756,PLS1
ENSG00000138435,CHRNA1
ENSG00000165805,ZC3H11D
ENSG00000134343,ANO3
ENSG00000276170,LOC101929494
ENSG00000114124,GRK7
ENSG00000214456,PLIN5
ENSG00000234964,FABP5P7
ENSG00000108947,EFNB3
ENSG00000223387,LINC02068
ENSG00000248810,LINC02432
ENSG00000166106,ADAMTS15
ENSG00000226161,EIF4A1P5
ENSG00000157214,STEAP2
ENSG00000241429,EEF1A1P25
ENSG00000149488,TMC2
ENSG00000230356,NCAPD2P1
ENSG00000165379,LRFN5
ENSG00000274010,ZFP91P1
ENSG00000249193,HSPD1P5
