,Factor1,Factor2,Factor3,Factor4,Factor5,Factor6,Factor7,Factor8,Factor9,Factor10,Factor11,Factor12,Factor13,Factor14,Factor15,Factor16,Factor17,Factor18
KRT5,0.1882778209889373,-0.2106554255618871,-0.12949289547000986,0.010534467663395535,-0.04615366715299319,0.06609764466431915,-0.0207989842406432,0.0979040869030039,-0.005720167026438021,-0.031756886007358015,0.011928398316555873,-0.0200360809202538,0.037643400114416865,-0.010634510598370395,0.0005152373597398342,0.07962291252217357,-2.8737949990617733e-05,0.12012065545727205
KRT6A,0.18690462524996235,-0.1797761274210609,-0.188034111123941,0.09427205408317862,0.011645971802898895,0.006684100282643818,0.01429815720510408,0.05190352348275103,-0.01495350722756777,-0.015569475088057602,0.0473020654091399,-0.03216207275436733,-0.004343327717398617,-0.02138883207693399,-0.04954964806097656,0.034159303951538524,-0.0294749422816647,0.029791762687805184
SFTPB,0.08648384335183296,-0.00013959020823364898,0.05037374600898099,-0.04779917299903308,0.14196312185863721,0.01676612061232649,0.24055241086338877,-0.0016954926805274352,-0.07423765951589129,0.14678110946630593,0.07079784280996322,-0.06322025040761482,-0.053158509368609226,-0.12588380871563806,0.019743971576288415,-0.06451280372447056,-0.01684299565884058,-0.007088833220907296
KRT14,0.16807899459131256,-0.19322210050124616,-0.1514708008444372,1.2438306168351344e-06,-0.049929032307837566,0.06849316906784285,-0.0297945602529449,0.08456647869296002,0.02300362698975049,-0.08368460480013934,-0.015305804166045281,-0.04551042942023719,-0.023460001417676957,-0.00042668293493320286,-0.04014675472527995,0.048440855373516944,-0.0004502814101852158,0.0886122834788111
GPX2,0.20547141982944886,0.0549560424587959,-0.05634418035587,0.2118574047538819,-0.10314032159274625,0.018448944423980033,0.01810815527710274,-0.05850891714334231,-0.041843143157500096,0.00014305867600552182,0.01766296077122156,0.04374714398317809,0.03749564642708479,-0.03843157010541948,0.13510804990557684,-0.02332199513506973,-0.0012046679147778357,-0.015310334419574276
KRT17,0.24885757488463844,-0.15663753685893383,-0.08499386079678237,0.04437290188040355,-0.05732038408122751,0.00032778682106939975,0.013339458427424932,0.09009524763934072,0.013320966208686443,-0.029597801565734334,0.050404584327143946,-0.0207635783968103,0.07313126017583821,0.05431994740824969,-0.01728371560736224,-0.006999929679182014,0.005016839641077478,0.09030838604517727
KRT16,0.2078897880236575,-0.17892794666062023,-0.1634044434792969,0.08569999176793765,-0.02169496112866266,0.02143662736614037,0.0001704444029317524,0.05007108408793009,0.038931305458125356,-0.01989238523492531,0.0358327420247741,-0.028765378029186026,0.00022191001825626813,0.04549589575486972,-0.05482030001879354,0.025567683273098496,-0.018201334403444645,-7.312354611576761e-05
RPS4Y1,-0.01572588851576175,1.8063956547151904e-07,-0.0008834506515588661,0.031608125303425744,-0.0539503671865795,0.017252672661718763,-0.033231114688799974,0.062290148903375586,-0.17231627045954054,0.00011475064412282,0.0006497148003297519,-0.046710836904286346,0.024846811540178405,0.022405832840079243,0.03797580024823988,-0.06741424170805672,-0.03876282441766951,0.04483653475379841
CEACAM6,0.22850322442822013,-0.021005923354274054,0.09278976809804837,0.13603281890929658,-0.04164073393768517,-0.03609999076435952,0.07586921167305806,-0.06548070862067602,0.06780618562603906,0.06580696396619035,0.04818273623198475,-0.01700249215001008,-0.10594064872250168,-0.06363536508969216,-0.0009156585642346595,-0.023838081283597073,0.010650999231394538,-0.03117522633193887
AGR2,0.23266137757734906,0.008816619947947581,0.1783879163116174,0.021303698960216326,-0.14098681636043975,-0.008756004956123572,0.08136132219505708,-0.02088430081264963,0.040384588861164715,0.02703041925871007,-0.005701159969666904,0.001207763891557547,-0.07147100884228542,0.0005713263026698234,0.024679802965771273,0.00014005751265072763,0.013593266454477152,0.013707939228589773
FXYD3,0.26922834581969524,-0.09635697954974436,0.05589687080845555,0.07189827960538275,-0.15713833086347032,0.023185191023420662,-0.004640071008886477,0.02391680881364527,0.031019894435510967,0.04261513171060222,-0.03737832489889944,0.03431173985132134,-7.666255116240592e-05,0.011327697426868956,0.010049348017043921,-0.04213991043166081,0.020343969635987506,0.018662617717665017
KRT6B,0.17421651416476996,-0.15557864666467408,-0.15933658660526276,0.10057060845800729,0.000412152177694807,-2.0715141429981317e-05,-0.021944519574215466,0.026927159332210272,0.07238443488438828,-0.08401951054144607,-1.3339214563916158e-05,-0.034020903765147596,-0.0679267212307873,-0.06878211585188625,-0.06330967526788689,0.0776130896931395,-0.019837999326761824,-0.028095042107651187
PIGR,0.15187116590599714,0.17504001203024314,0.10266509110814409,0.10592489677894507,-0.02902228668051296,-0.05003731513714749,0.03176959237963092,0.10668974494475883,-0.018213418602416376,0.07793452212873699,0.002057934347499239,-0.014029753053568302,-0.05306455185600584,-0.0034101136334242286,-0.024009243443121425,0.0909730877061315,0.0490192593913681,-0.037713971885840254
SLC34A2,0.09476270185068071,0.0418734523210734,0.07866452950296839,-0.07687637715153828,0.14732234427884328,-0.02729375360098349,0.21117671271272354,0.10282832859833166,0.039563322449689825,0.06723813565809329,0.09116873535258391,-0.035019967716544365,0.05780816328671433,-0.0576510895191998,-0.07700318381817077,0.07362673175254637,0.01451200095666383,-0.008186500341970531
XIST,3.0996678400155705e-05,-0.01599526457025236,0.034296441095061976,-0.06359608200041514,0.04954268401386574,0.018340048878305377,0.030928642760454254,-0.05939866756373855,0.15853974279073493,-0.016621672176456166,-0.003693849904372477,0.07474926971474243,0.0335724308738132,-0.04167727231510426,-0.02561015314879888,0.06079272315931734,0.07912336268525752,-0.005987320983862578
PI3,0.2173065664684577,-0.08075600903663015,-0.10254641966349552,0.1710894117489627,-0.04831769858608922,-0.05747271423099622,-0.027156748581960783,0.018432447711025295,-0.030838899112591675,-0.029302601884699384,-0.0002309487451004198,-0.05892763503090452,0.04360770539216411,-6.356950963362716e-05,-0.12716186312393338,0.03684073870224945,0.03554438786449245,-0.05836629402030262
GFAP,-0.2630111730239897,-0.10601957884471168,0.07438695663076325,0.11661805709944592,0.05648023981039673,-0.026728501728802378,0.040227771194725,0.06190804576418258,0.05469772240986773,0.017231784160677065,-0.0962450464871726,-0.04561901771568086,5.1853315175063544e-05,0.04730709308358873,-0.012749778143056837,-0.015164358528210077,0.014895417655298587,-0.025960873519655682
KRT13,0.1489726864086359,-0.16151885171365515,-0.1633621399163842,0.06941441499939169,-0.0365162377342964,0.015367819294729556,0.03681665548173919,0.06992746043775908,-0.07718502914240978,-4.1035436838743383e-05,0.01991199422417479,0.05226287512017305,-0.0008955658590772777,0.09769826896715988,0.11638170627791845,0.02987838853728527,0.03664842488632321,-0.015131727301466086
S100P,0.2339193819356383,-0.00021577677779226754,0.040317251160216984,0.13947348781661412,-0.1252552575692715,0.019340546401916032,0.00010693785323986572,-0.03871047794765651,0.06693494775522761,0.09014504603696373,0.012296540278037307,0.036869274446311766,-0.013996702350628798,0.10121328978794548,0.02558226884748991,-0.09125943262325321,0.039119505093931084,-0.01579735461799187
CEACAM5,0.18139687241176736,0.010534485563328252,0.0628464353980119,0.19161431526213768,-0.061916036021431115,-0.07959941151932894,0.01820905170703623,-0.08521543720920184,0.04065892895657391,0.05178241569548,0.031007257336045754,-0.017049707131041914,-0.13994952518394213,-0.0833356627634005,0.03702409525181299,0.019337413656414854,0.024724192807578056,-0.043155113289036415
KRT19,0.2681612479079251,-0.009471138694322893,0.076090379522434,-0.033321550748094834,-0.040763231349442944,-0.05066418733568791,0.0370361741601861,0.04467961067256492,0.08907203886421693,-0.003738586912488008,0.08329410736499542,0.12844267674607332,0.05187903765051656,0.02522804163442595,0.0294240068907707,-0.024283467440708275,0.008910879538300833,0.10764772245800826
OLFM4,0.09290330772183676,0.03905426023615673,0.12388252972044515,0.1532771113959273,-0.14676098031543755,-0.052088503192915594,-0.040907913895042045,-0.028320777053504238,-0.025297458822559366,-0.07771469599551903,-0.025229212367391386,-0.03730419127193405,0.025518750084471985,0.06725944451780602,-0.01876437831555178,0.0980781295825949,0.00501743719843343,0.01206461119188597
CALML3,0.13457677168544746,-0.18918792914997254,-0.16426765629520318,0.019789057986054834,-0.018044834050774623,0.03240368095801643,-0.03134680067260804,0.0328431641550305,-0.013882867519561744,-0.04271704800963104,-9.858846614170529e-05,0.022082649866702695,-0.05143819661977892,-0.07019140686965313,0.07618434279276426,0.08706287789050661,0.041512247930913314,0.07789091567484986
MUC13,0.10834086331048677,0.1813548736299548,0.09189892254985134,0.18181387373830743,-0.09680808689010309,-0.06498107391471668,-1.2237872936957982e-05,-0.04971691706524474,-0.04139485080589236,-0.00026309719558720383,0.002016543051605348,-0.02074764246575452,4.854138314936292e-05,-0.025461720855844177,-0.04517063179211928,0.04887644153271597,-0.0004247550964783443,-0.015143186563836146
SPDEF,0.13698982564927567,-4.2584001689517244e-05,0.2206463841668171,-0.012112036264375374,-0.18753373592878897,0.0874943135837179,-0.024622968986041025,0.06640081613304492,0.05686736122773976,0.09308283819182085,-0.0020401650558838145,-5.8668722952610295e-05,-0.05118126313398164,-0.0022619774644541957,-0.05529920186044874,0.04345439167137151,0.03285256886299363,-0.00028768942602679136
SOX2,-0.04561131710896147,-0.19509595000189928,-0.012119707608217843,0.19017158115411417,7.140204146580764e-05,0.017110007255273698,0.024256511944077536,0.07218868104356384,-0.04287652162937442,0.09199706913738703,-0.025791234688596853,-0.002207608380224054,0.01965198682764645,-0.08626248539305247,0.09208044980298444,-0.0013904320768242306,0.029858571018390765,-0.034526928401870056
SPINK1,0.10249309159398408,0.16475011990599603,0.06426418935211661,0.1609464943470956,-0.07648003749289022,-0.009703784380553273,0.046362273341349264,-0.07893273991773883,-0.05072795344157711,0.06934473865177268,0.06014663321295989,0.00039891809019609474,0.026714451851461367,0.1177064002552425,0.08668709324798159,-0.07126182289819043,-0.017435289532486024,-0.026110685671650542
IGHG1,0.2714209293261171,0.011507830734271082,0.06671587264141954,0.014329000320147809,0.15224812378445274,0.07333194663880281,-0.05275848268797568,-0.02005700078940276,-0.045783738731521646,-0.03309588233051067,-0.00011260674246936145,0.042570594031854946,0.04413990507885675,0.0009438319700190585,-0.03236920511293519,-0.04489590856797892,0.08434012632585729,1.7317568789749096e-05
SFTPA2,0.10018917305046683,-0.011932106641182747,0.11751687909038909,0.011503751460612551,-0.001548376824571594,0.07706601544959363,0.12716278072836584,0.06374782407166942,-0.13774512877867975,0.21246632633765206,0.1019450725367517,-0.0784744983969519,-0.07792351952996852,-0.13309997717252833,0.005041366415067761,-0.047822607706331566,-0.029196297335046608,0.03263751530685832
LCN2,0.24515700984799957,0.04966846526749077,-0.006444490162779115,0.12394360357167253,-0.06652495464824619,-0.04945894198593021,0.11745096464709624,0.020831339899611587,-0.018215971621717376,0.0065338743000644866,-0.011097972203478844,5.298292269233431e-05,0.0329227773848916,0.063378690109621,-0.12935785856819842,0.043096615212950655,0.02312360361360772,-0.07111410014438539
AZGP1,0.000884078465256337,0.10944348879047462,0.11459497317205446,0.05368693267212434,-0.15057587231678127,0.13915230186653774,-0.04390705132998054,0.1320546279155255,0.09749291462301256,0.022947023207734826,-0.09983213283574485,-0.030584352192478965,-0.14054765960118132,-0.0313707162814532,-0.03971867747816776,0.022663458660715764,0.016477817487176732,0.001542961254008428
FOXA1,0.18207366099557318,0.013800859816407884,0.11094272607227118,0.03341387250103602,-0.1835454811385201,0.15060124517559828,-6.121819850437312e-05,0.038493522010869474,0.045742183121006114,0.08914229974741873,-0.013985530611652426,0.04034258103350101,-0.0432179544191053,-0.015951411896441104,0.0790426585803132,-0.03800454535736906,-0.013115930943993062,-0.01034161044903431
PKP1,0.2052304457509466,-0.17536477732964473,-0.10336976854253832,0.013537439373313176,-0.06057984611783595,0.029880465645365815,-0.012889894361546306,0.10536021165043402,-0.07107568002611934,-0.054349765414702676,4.3208526757398256e-05,-0.03012847976890962,-0.020222363472936006,-0.06008597243864198,0.0466057804221643,-0.00028030783698065355,-0.00014280323128877147,0.08265718190464574
LY6D,0.17028494435346056,-0.1570362915848292,-0.1775270117073182,0.0869193621067224,-0.013705664492822858,-5.6270095533611344e-05,0.01967997106963546,0.033722788395763814,-0.0033585350534830667,0.015008930343962525,0.04048634632610625,0.0017617339050722467,-0.006717952581753327,0.1107874816837557,-0.014505837350615912,0.0012859177307090893,0.0026521084780964017,-0.018236830499507545
AKR1B10,0.15042179548845433,0.024321112624812975,-0.16916796074332985,0.1861107182401045,-0.015189072137779758,0.023630339245606702,0.026680923603010224,-0.000847182049467128,-0.00046244428661929097,0.00017032761980922018,0.023654961944090794,-0.0004997340597869311,-0.001625040080992535,-0.024801703394006464,0.03427038669023929,0.05924021134483731,-0.010793039215913021,-0.01489105020127999
SFN,0.30096658330674014,-0.0686979387840895,-0.06847077525300822,0.05289557460071062,-0.07158584249221293,5.1154693834948705e-06,0.04102385975535163,0.052770742209015335,4.739505523298925e-05,0.02384834608208793,-0.035938828956152406,-0.0004909215091071047,0.05380995229541846,-0.000888734514694642,-0.0542642498855735,-0.07114525375235607,0.01675956870722524,0.08332194787957685
KLK3,-0.01068180250381277,-0.013793254193071624,0.08483974950975956,-0.08028861748204327,-0.17864626969556988,0.09287223590855928,-0.0430619537331289,0.144493637972397,-0.24734858213216623,-1.6755654050912644e-05,-0.039347018134954705,-0.03740243389376417,-0.026625125485611353,0.013967731543252508,-0.0754359402286759,-0.02695668549510929,-0.031953285242740236,-0.01598308356568741
CLCA2,0.15670360007105066,-0.16249982073560856,-0.19345622043773641,0.052994248460722634,-0.014958875257201363,0.05390524713891178,-0.004383213237062767,0.06076016556237036,0.01925341683158688,-0.032179991472107164,0.003977057256235231,0.00024019109093647225,-0.07200093848951564,-0.02219327785900278,0.04974965802923274,0.01994922783244757,0.000933730293230469,-2.4858241633977592e-05
CDHR5,0.010875890775157975,0.25956680778786456,-0.02309961987520694,0.16419218893734858,-0.01268613188432794,-0.08351286071732408,-0.03857899545260122,0.013860622592154996,0.00141212575598345,-0.06655382614971134,-0.019861681470525267,-0.011454124895400509,-0.026296890404923428,0.0004982747410171391,0.0321615535931591,-0.008448731984323703,-0.002015756645885436,0.03070089557449657
ENSG00000234648,-0.038015958821750746,-0.05150597643394148,3.237977135081999e-05,-7.932148865878482e-05,0.00685255534956437,0.029517180669301868,0.03838599030705877,0.07234122109987304,-0.07815714079524032,-0.06068740743462719,-0.01572484213288038,-0.0001318315110703088,-0.015548322107060548,-0.0835965686505028,0.034050532629208284,-0.03783163250486806,-0.11919595744765273,-0.03343717887973171
TACSTD2,0.2859548998893335,-0.0687289801648952,0.02425035390714392,-0.07407064170111118,-0.0566310482029439,-0.01032407184605447,0.07284209186128819,0.12400600819762507,0.036596584036732924,-0.002292719323411855,0.022567307593115114,0.03052478584130139,0.01560037623883914,0.07175252290431641,-0.027408438593265288,-0.036756153740219066,0.0001386474985269457,-0.00016206774475120234
KCNJ16,-0.13454123058272927,0.04645657466070063,-6.758732845394663e-05,-0.01693821441612155,0.1507823610683838,-0.13307670989888984,0.1335902720103135,0.13438842565755577,0.025858226844021105,-0.09276878208000877,-0.08999198023750987,-6.90803322755034e-05,-0.008874211589693683,0.050325310200348944,0.0004003488187571785,0.012531318867521951,-0.020321745684087768,-1.7330537613707118e-05
KRT15,0.2534325735401381,-0.14244540573785652,-0.032537283460482576,-7.476087545421946e-06,-0.07527484046596881,0.043720408273985205,0.038803355737785275,0.06242464218992207,0.015959905025402937,0.0012974618146026167,8.00354116821108e-05,0.0002620140616694738,0.003726790757762525,-0.02993172554105402,0.030379478304206283,0.022212869666384888,0.025686008005446757,0.09611085725750886
TFF3,0.15600080448962308,0.08575545208907905,0.18891391557790518,-0.0202680888109556,-0.1344165488622635,0.016117507431365974,0.03137526083013743,-0.03204245989760781,0.03343271315304539,-0.04953715183546203,0.00017157462322163987,0.0023401664050650326,-0.09831888784916361,-0.10742999909482161,0.028407479259671808,0.06861452652216124,0.10611659262433205,0.0002317107999837146
CLDN2,0.04272250470911087,0.2438059945928494,0.018410244825183927,0.09198672140647857,0.08190713682734876,-0.12106057430901859,0.05829393747594327,0.04757378959049518,-5.5289231761566277e-05,-0.052661679748520575,0.02504937716750762,-0.04714823504490581,-0.05191898551660935,-0.040733002372687926,0.0020102241350582477,0.005636745277513865,-0.0011643339719478961,0.01649619347431659
TSPAN8,0.09515786152188616,0.1465420925659637,0.14915881148947835,0.17384605709249126,-0.14159308513435231,5.28559143150494e-05,0.01826342385223901,-0.021498706538346655,-0.12145283140048826,0.011735235222017956,0.028187116265080435,-0.060380279577591685,0.013565332452047558,-0.020420229566778542,-6.180116879035474e-05,0.017829240470694736,0.0006200733439483635,0.01528171699847363
BCAN,-0.2660816215671889,-0.11582302856769033,0.05853038201609576,0.13457374680925177,0.029366274542517282,5.28672669367319e-05,-0.007552022033783405,-0.0001178416531719366,0.026521037058503463,0.03386905956440874,-0.03130112775084043,0.0013899306732204828,0.022032330269650752,0.00032337488669559105,6.25252403396762e-05,0.010184619107089806,1.9246124841472763e-05,-0.018726544082096935
ANXA8,0.20066933744926185,-0.16374960147935402,-0.13264085495753247,0.03988337918336033,-0.024299922229289107,0.05453102618797063,0.0055741153266924475,0.07082639310946787,0.014381555400304995,-0.0008876130147408192,0.0641473518063178,-0.027284813914675743,0.03531945642505098,0.13393750469639035,-1.4549122074545184e-05,-0.0001488377715894772,-0.05300098726282722,0.08156762334808286
PLA2G2A,0.0833320968077157,0.05752043183179126,0.1160202806174118,0.05805614462332154,-0.14257832634002643,0.09222777925160455,-0.02985686902000272,-0.008371962377814736,-0.12590057109433356,-0.08223548764090001,-0.029234340919474064,-0.15062851955244239,0.0290109702898517,0.097068990400486,0.024144874518852135,-0.06895792997771585,0.026639123554797285,-0.00023941021487182084
RAB25,0.28427427925681087,-0.06527316748628514,0.08319703140588042,-0.03356191732047474,-0.10954225893291358,-0.02475989894647873,0.10450284167353752,-0.015263726454991093,0.03562465969528709,-6.582987408263693e-05,-0.054264883995061276,0.07855805630545538,0.0331431838416841,-0.025326183074264916,0.00022831994916362348,2.6725555036329034e-05,0.00020509342750522222,1.1970490006415498e-05
CLDN3,0.14916224745815113,0.17874916668159987,0.15038088335625574,-0.07923349219515805,-0.07879794593582819,-0.026673266378404028,0.10012470765878785,0.08061922018306705,0.023469844852969057,-0.03232357048046607,-0.05404116203005166,0.07809554298697026,0.05171301886484454,-0.0835952284172754,-0.02963857480589554,-0.019583696292184368,0.03583097058097554,-0.04213766626973976
S100A14,0.28619094990825084,-0.0251993751373054,-0.040924296032802794,0.009940764411999472,-0.015421193574183542,-0.02572113130858388,0.12340048755467617,-0.012755830327255697,0.12381391637711753,-0.032462530908899556,-0.057258346465650346,0.043237383400239124,0.003071108050884195,-0.03016422850197513,-3.7284019524210898e-06,0.01551573636031686,0.030442568097563665,0.10718868449807287
MUC5B,0.15068808667671518,0.053842548400757834,0.10081935397062844,0.08951979319582504,-0.02240340602682185,0.00010441175195259996,0.044814123432719885,-0.06372510937537718,0.08699468070648837,0.08131359439581509,0.061638326669945266,-0.048556144971663495,-0.0256173099167499,-0.033205943626252045,-0.04532692740089649,0.10925766905789333,0.04675949293339214,-0.015959824347518043
TMPRSS4,0.25035797407406757,-0.06254549242850323,2.7744869246191845e-05,0.11048540118456888,-0.029903355503013197,-0.1012093182664228,0.12066981229281046,-0.05588837432044501,-0.012849212606050275,0.017481598075686368,0.02931410119909814,0.04146166766398483,0.025074222618051017,-1.0448340745708846e-05,0.0301969783361071,-0.03210162279609574,0.021440284044995907,-0.05724786682047302
ALDOB,-0.032193460418735526,0.25841421551475946,-0.05441163573937414,0.1732441087218246,-0.011821727285053854,0.019894169471542773,5.145720522569361e-05,-5.322397279007849e-05,-4.221346780284826e-05,-0.059193996839979744,-0.00011125413843683806,-0.0190451086478506,-0.05205971702256687,0.016348974332535824,0.021126850030704535,0.006444934524385933,-4.64375063555636e-05,0.010961796617933978
HMGCS2,0.03380710705774587,0.18618415479906886,0.0332450246566583,0.0646359253467323,-0.15437258297137835,0.0887038355970515,-0.033516166298858535,0.0007873663852303864,-0.030868355391128387,-0.07057057154258548,-0.04620607915791862,0.04469350948299827,-0.05856710743743129,0.08941380752388288,0.12921805855458945,-0.04057714527891285,0.030114864251798573,0.000812875710431878
SMIM22,0.2245731721123939,0.008766286817438783,0.15031498508400687,0.021968433421965885,-0.15022043162549673,-0.004547985348836291,0.012559081580483137,0.011499460925101984,0.08930929008445618,0.11271601419006293,0.00036087391705497194,0.07552623779474714,0.0033014172908889076,0.03302109036698578,-1.1569711929897808e-05,-0.016840253375171917,0.045762870983287005,0.0006872012550878305
HP,-0.011316579142489713,0.12522140002058985,-0.05284983771240682,0.09379292680471366,0.06616981335310235,0.20081285881365707,0.12904997462241483,0.03565076381257805,0.019464742686336786,0.07762154759446711,0.03618143705984308,-0.10698864543502005,0.062081299415740504,-0.029207579635950342,-0.010081037484449653,-8.000397239643917e-05,0.06251274564974552,-0.019630098548055627
PTPRZ1,-0.09069905675344886,-0.22061520185270106,-0.03513375089941296,0.18466787858873251,0.025312068550908822,-9.39612529994292e-05,0.013925801646637415,0.0721503675976713,0.000187351945448775,0.030532052127494956,-0.04106919127660811,-0.06180448359238189,-0.000297792937579608,-0.05994522249787098,0.03075457094700362,0.05932352408439402,-0.0006047808551651118,-0.00023653326070084338
LGALS4,0.07601958200395556,0.21124892199719117,0.05445827682643742,0.21307868625129725,-0.08257679286707073,-0.05884651497116312,0.026319242847608455,-0.08880567309075138,-0.023618586966047263,-0.05847586186728056,-0.01973074209870082,-0.020091425422844637,0.013436812218399978,0.029311145142357446,0.06418585810020457,-6.61592762560061e-05,0.025812395535546727,0.05478827072988273
IGHG4,0.2678210044084448,-0.0069661381864923235,0.06811567684019663,0.02826681038668193,0.14029665380859507,0.060875934197377364,-0.030034437818956795,-0.03132834029937943,-0.01853508756478638,-0.04246600124178184,-0.010494472082495215,0.022175610987122098,0.011694155231468014,0.008732491420726459,-0.02113688184873715,-0.03210603170730333,0.06224802238283649,0.0014848102024629752
CTSE,0.11004130696513786,0.06238216083108635,0.11875871693505792,0.11158588842090507,0.05116685905300311,-0.0790476177420178,0.1546926855070906,-0.07013346458602158,-0.04040422877812781,0.07099897013263862,0.10761095835688692,-0.07025678275420197,-0.03200943641681967,0.11772536563318531,0.038776296419532445,0.02055507445411989,-0.05870444066263609,0.06383604645179525
PPP1R1B,0.02104805424132582,-0.048506017865776144,0.2586950734443109,0.08337032238636072,-0.1309355920678844,-0.02206254229692172,0.05164333576910776,-0.023560797385601247,-0.00022301371056234913,-6.347490187502707e-05,-0.02094261934570256,0.02070784912985102,0.028357501504666337,-0.05042528342984465,-0.014397657651392093,-0.002096874823252704,0.08218037158365885,-0.01106682643708395
HNF4A,0.011398657742251116,0.2571279029850692,0.009601693194471602,0.1405324761979015,-0.016627626453792715,-0.07174735331198819,-0.019409286673524494,-0.027477444432665112,-5.457206923386581e-05,-0.10441123581410908,-0.02230915682771436,-4.588645187051086e-05,-0.0006165709725929709,-0.03477714270311376,-0.0004904475775024852,0.00015410662594605095,-0.0015920187672328167,0.03426661242136575
IGLC2,0.2752969221426419,0.015596990366295646,0.07860701944444011,0.027388937806835954,0.1515850414484474,0.06454996377034421,-0.052881879480118715,-0.01508957936701772,-0.03647594807122759,-0.022905633408083326,0.00014839352089661775,0.04080287012830399,0.023362247184194634,0.016522661384674862,-0.027754133628846465,-0.016164789065232638,0.09898762930315663,0.010796874375555918
GSTM1,-3.8021113510561635e-05,-5.781534924094295e-07,-0.004435812565299425,0.00014216232727251598,0.0005946100571124393,0.0029467931108580277,-9.897315324309117e-05,0.01648624867563598,0.02462328823281712,-0.0016479521327701244,-0.0015155430168905357,0.0013655439843026653,-0.00041721175035174923,0.02596666079795409,0.06027107165887172,0.01002835821467445,0.03372095002964362,-0.008597898666420876
SPRR1B,0.1585218291101759,-0.16755121480055887,-0.20287284968686575,0.11199152131683103,0.011686386188172226,-0.014491971091552444,0.016211754383568484,0.04637326901568895,-0.020508902027752778,-0.028974150873054418,0.02903423146749819,-0.015378705817603281,-0.07452498374823224,-0.021288952400012894,-0.022775128521977786,0.01617088571269236,0.00012595738369544467,-0.06347600569253957
IGKC,0.2756819490452599,0.013032759303967132,0.08257360175100831,0.026516021286563378,0.15360294703849162,0.06492511701592324,-0.05102814653378024,-0.016634899615203314,-0.0332404230209005,-0.027323348935409074,-0.006649634551263785,0.039785924313477085,0.020490013230873235,0.014454716381287877,-0.026524092597605516,-0.02302969033654212,0.1048776947714388,0.011681936205662522
IGHG3,0.2608822470368713,2.0443372560066663e-05,0.07498452623738007,0.017770281103744862,0.16001373135336514,0.07404325283325051,-0.05191534532037417,-0.011572512704705426,-0.052575303508422176,-0.015006414913662613,0.003707822130610933,0.04228592180654622,0.03039408346187487,4.821533243646941e-05,-0.02532309534712523,-0.040917486405996524,0.07673153828043203,-1.4130040063413553e-05
SLC44A4,0.18609174145041124,0.10239699497739961,0.19330631129510942,-0.007924070436359317,-0.13609925163407885,-0.05434754683927861,-0.0317660627097849,0.10602505464569581,0.01180844045625911,0.05770235747023087,0.056305102780220107,0.03349365035120538,-0.061602458135740626,0.00022568029315183247,0.01688691732862928,0.020063182602152712,0.025754987610556074,-0.013150258506381657
PGC,0.09880622680921076,0.06778995746096013,0.12977761292119253,0.07168467659402615,-0.06391744787619365,0.03914420298630578,0.08262400576783988,0.025534788118839868,-0.12358098164096798,0.08261526439928576,0.0922618736782077,-0.09722686579135816,-0.05042780364919079,-0.0001659415184635619,-0.014106831742675387,0.06016354173411348,-0.028151865079976253,0.017130784228817867
TP63,0.2060031514800397,-0.19866778909741892,-0.1116095977117137,-3.580910499331387e-05,-0.020785841654543086,0.0660672571818429,0.012107753215768468,0.08907290617030396,-0.03392187730390655,-0.029663278439618263,0.02014692922206829,-0.03170171905830595,-0.01204729847784818,1.1211073794717095e-05,0.12524567611307214,0.01017153311170993,-0.00015798714181199745,0.09328332576729424
KLK2,-0.02989602802649918,-0.0037947379906748636,0.08574180115599002,-0.08567972311778455,-0.1705036835706074,0.07557757567969217,-0.024081351907583995,0.14607788583023787,-0.25007482935450687,-0.0256085437122902,-0.0271599925188358,-0.02129204510535304,-0.00014501136459398072,0.0002734027529516161,-0.0749793667457433,-0.024533482906441362,-0.028712128868926233,-0.007377194453503959
COL17A1,0.24203106298006435,-0.1209610006305264,-0.03915537084082581,0.05834536559504872,-0.04632441713904812,-0.04393872862353491,0.030722239978566237,0.005942590172659827,-0.012346344460697118,-0.07841052968944599,-0.000147756189417142,-0.03421670675592755,0.01582915772709101,-0.04571857477746944,-0.0080784801017549,0.023970106893607325,0.008657507530864547,0.17526774408755907
MIR9-1HG,-0.21883794628990094,-0.1344158346607619,0.06103339303875253,0.14362671250335585,0.04758881244443368,0.00014238979923627052,0.026710996930455127,0.01933738510784627,0.03678555852897999,0.08301077935160858,-0.12603905329444276,-0.03273158960214746,0.05146128956743327,0.007693648720122641,0.0011675962258894217,-0.04967221384092621,0.018800181754070704,-0.00036713295068641825
CHGA,-0.13878402947204957,-0.06250957007421011,0.12466503418953177,0.09692667410658622,-0.06668187712415527,2.1201411919225393e-05,1.5295136811613618e-05,2.0382664909129267e-05,-0.07839045291656344,-0.10579615190869524,0.1863048039287511,0.20874589918743255,-0.011424341862645288,-0.011440860837756224,-0.08044769570080551,0.02078985753293555,0.0015962540663372574,-0.017828250755729486
HPN,-0.031085513192770312,0.1867781238065058,0.08799407627111844,-0.1201807070712685,0.00912791547459342,0.10426890272923266,0.11002507597624198,0.1954992293538907,0.018422550016644723,0.0032973421679122774,-0.0411313943615124,-0.014973653185212907,0.01964741574902893,-0.06455687931831229,-0.05454035831429615,0.021845637379114283,-0.015808568211457475,-0.03632551030566288
ALB,-0.08244020347414922,0.181578395606253,-0.08326663740318681,0.07939673745550237,-0.035592577546182204,0.21284851889525339,0.06688534541256705,0.018740144671664894,0.035249723774459826,-0.05840698804603968,-0.00023370216387082546,0.028847429169435668,0.02165703771338149,0.018527665691794235,0.017259307710536454,0.012287342685009183,-0.0002702179583061149,0.007621221757878005
MMP1,0.2329068660077761,-0.06344661836076447,-0.04909655499376261,0.12189853812502816,0.0108400280151595,-0.04103748479999304,-0.02815872140224796,-0.057425010606785835,0.07066324867969162,0.012820890651806189,0.06482751974691586,-0.10327469078743805,-0.004307612133858948,-0.01109773590533083,-0.038828456727186766,-0.08628807758085477,-0.0610126395820521,-0.026733467343872195
SACK1A,0.199743939017521,-0.12681978776311031,-0.10190219075789649,0.06907729192134236,0.037187067356170875,-0.02413367570193643,0.08806264343088045,-0.00020728218574469457,0.03810519305586443,0.09260173042175493,0.07060708068420493,-0.025350994169078784,-0.04759091511863479,0.06886712527091444,-0.06907191527487233,-0.039033181141490736,-0.039112410906647944,0.013983115153565227
DMBT1,0.13282806716950374,0.04464103801237298,0.09631126741607861,0.1791218234272312,-0.009264334363913624,-0.06907114622917374,0.07378777900365247,-0.07114241709752579,-0.026861671359950302,0.09477532549426584,0.06528762669908902,-0.0789296102117641,-0.03574342730327065,-0.04506380476034206,9.297763050686672e-05,0.08820005723148863,0.010270822841500707,0.014350373593129781
S100A7,0.1624364170155592,-0.15029504911413513,-0.18070904986450687,0.057450618172761383,-0.0043477282370196525,0.017664741885008575,-0.018164721834093914,0.03969754438760744,0.046212215033430294,-0.036733911448626304,-0.022282706489715004,0.000816598793941541,-0.048953266154794464,-0.01268434210743285,-0.09180606447812736,0.02200703777423655,0.02581470678484256,-0.06761216457776094
DES,0.0955428792827032,-0.027727873192314893,0.11709288042253209,0.021101157906487648,-0.11314732461647134,-0.0009631754409643641,-0.06788495548678572,0.048976508460885394,-0.17251719216252015,-0.11602296948649052,0.09897832757649548,-0.18321537016925457,0.08961131149148822,0.05553078995260441,0.0337128043149553,-0.116759383314908,0.052521281672460375,-0.057349500751325756
DSG3,0.13401112218971578,-0.14277985272341853,-0.1935901001323793,0.08572016646573935,0.011934671678388143,9.241967859042061e-05,-0.021938856349788403,0.028794229698533937,0.02212420685673238,-0.0908315323033566,-0.0013364744074102408,-0.015816661796038575,-0.06553992411626312,-0.06986343096894866,-0.0003594693608485031,0.08713178333289599,-0.015343512963856219,-0.019917688107939594
SERPINB5,0.22088125261982405,-0.1261162719965632,-0.091161515641095,0.13254559613294664,-0.07897260564880491,-0.031152053585434273,-0.041467302002568686,-0.00945707210541589,0.012556773224159344,-0.04825412053563492,0.0025245972992557634,-0.010370240031461147,0.0004512686989660528,0.007035968229921415,0.033928527663494086,0.05831753273712014,-0.045525512470408834,0.06446689757489427
IGHA1,0.276329540499364,0.024147169326938632,0.09239224205686332,0.01947819163218961,0.13331090394404438,0.056354196372101144,-0.029990005654869988,0.01261984811710898,-0.03260817324437872,-0.019586922997897164,0.030650834373809655,0.02661251385041333,-0.02581296615251996,0.02140121556607097,-0.015853404927911964,0.013386308129069458,0.11170735013825012,0.014587593423454049
IGLC3,0.26894470917969887,0.012273618399318502,0.083488590248697,0.029686499508568952,0.1564836535260966,0.06621184755845641,-0.05461195049758762,-0.014235384367128486,-0.036546247264056815,-0.018515440031385253,1.3521170287661535e-05,0.039158573853523206,0.019262257046192263,0.016189969090216468,-0.027208522615040743,-0.013146976989261967,0.09544041250830608,0.010632143231036917
CHGB,-0.1696483515609748,-0.08831928425833438,0.0704681510903493,0.06889254196826589,0.02260068410951224,-0.020431535656393274,0.04317620193952569,0.006820184751763709,-0.07457562080988768,-0.12312252937347484,0.20899496970038087,0.15085759218474706,-0.05270687898385749,-0.04907642127423596,-0.09185129329026515,0.024821020641165505,-0.06331638475149368,0.0226978524477579
CXCL17,0.21234547179520782,-0.09408447393401277,0.042388662350517685,0.04466684725782021,0.012628659604840244,0.03387248435871191,0.15121706752929942,0.025171425528480076,0.010958611133490722,0.12710360961988246,0.059575144496133985,0.0005676046866822788,-0.02515907565285431,0.07891589351662004,0.030788503765979983,0.04477812063742674,0.06735797464037811,-0.04389968409701465
HNF1B,0.06204918153041255,0.2343291010473854,0.04706431766119015,0.06295114678871183,-0.017398604222324258,-0.08171969655753795,-0.02952164900820283,0.11297326632731162,-0.053086795444763836,0.09208087373606341,0.06385448894520392,0.005684562025461669,0.01994470970660408,0.03140791103148978,0.00016481655680668578,-0.03163598278999429,-0.033408256360481114,-0.01593404392267594
SLC3A1,-0.024563676511221155,0.22556280078471322,0.013757167621154854,0.06351087801111335,0.02234079789926039,-0.14657517305306533,-0.08823418470582685,0.17170746173947193,-0.0003807675790986699,-0.05473149921272644,-5.0152038909143164e-05,0.0033027937857784107,0.0004745610008236138,0.0025862959942772094,-0.008487128778039208,0.042052102983669216,-0.021793089762179155,-0.021909786082921642
MSLN,0.14834123972732824,0.012924080963574825,0.05839625486771533,0.12719920998719775,0.02256553706586125,-0.10676791828277891,0.04718796507034141,0.031920441689020994,0.021066457530592154,0.1116047066583971,0.08077564857399915,-0.07723697040214554,0.107769198133837,0.02602562371909417,-0.12125278437290972,0.03900158856874299,0.030008647618540375,0.05115674998732607
FGG,-0.0016351563384808608,0.15677262892575916,-0.05941464723211229,0.08660060200493333,0.032384988812090364,0.17678614858374314,0.12082704103787621,0.01114581257583996,-0.019868053052470174,0.10317006295382922,0.06011624140141217,-0.002355741964838549,0.00022500258496626922,-0.042520212005825155,-0.00021902425352720355,-0.03983245119623441,-0.03482461192411369,0.00010367541975366496
KLK10,0.21053009367359707,-0.09491045264805302,-0.019456069858734798,0.050787399647631945,-0.04247413269552754,-0.049473127699468177,0.10521269523108488,-0.01305558699233765,-0.029282802760380137,-0.13381842303628047,0.008963576027770497,-0.051098090873976564,0.04296598663795181,-0.05121071577383616,-0.13788457570201934,0.07976745431052283,0.011881679806258287,0.02191206599598799
IGHG2,0.27065151569401824,0.0045439766323383335,0.07029364821896843,0.023295170243504106,0.1540080721059121,0.05758784395201099,-0.0550090817567266,-0.006252734907323193,-0.04063837607744367,-0.03444564840579605,-3.472108270133907e-05,0.03722111491574043,0.011272995650022483,0.015376443143352415,-0.024567726266747227,-0.04274686524663312,0.09088111082487293,8.692960692201608e-05
TRIM29,0.2613606476156975,-0.1326114318919831,-0.06012750369165707,0.05927946310949919,-0.07385542406229585,-0.030307044035928554,0.014381561279213658,0.049251254930736656,-4.684183116136586e-06,-0.07723975538067542,0.027676319906368305,-0.0007078959552644237,0.03287214704074794,0.05100063726742923,0.014937801694975775,0.011574958858745057,0.012857016621994507,0.10983753288475502
PSCA,0.1653142776135625,-0.07640155219851984,0.04617757680188378,0.05979357882185823,-0.15012956424913138,0.022246333371341666,-0.008837705750761277,0.05398823213055448,-0.02778452177182935,0.06841527411472044,0.04186055568464274,0.03576819126919101,0.018224445349367256,0.26493319536744725,0.08633740712529736,0.03177741232027377,-0.019216073650835674,-0.03390929358251931
IGLC1,0.2709234814444576,0.012546928022635592,0.08397456354607934,0.030971863215929065,0.1520901146561734,0.062074298273838695,-0.04964730435990302,-0.012695381238185855,-0.04048953740005595,-0.02190737662174134,-1.2870295131871137e-05,0.03823893277186196,0.01631242791557451,0.024060202660088018,-0.022693874281779363,-0.010401473471442211,0.10015842615283556,0.013690084281582736
ANXA8L1,0.19361701094848324,-0.17320780129377011,-0.11258308851988288,0.044208841086934916,-0.04177041449063643,0.06936537012762536,0.0018653678916487554,0.0746694640469916,0.002874267118881486,-0.0013104080301903419,0.053850149302288375,-0.0409321622368733,0.031091118150517627,0.12862990911198763,-0.0002918836810923254,5.774701842318022e-05,-0.06764993642000498,0.08436384648519614
TFF1,0.10645074923166156,0.06721153397777967,0.18798246612877398,0.07670803450019124,-0.16019511173710596,-0.0003549369866279745,-0.0487747494149599,-0.04476617750446611,0.11023969504953833,-0.031199060957803337,-0.00016892087480833672,2.944193951295733e-06,-0.11004188808398727,0.058929504569614946,0.014882774035275718,0.08433597526719659,0.002354392557556719,0.05143928507803951
COL10A1,0.21820656179837913,-0.04852612885433039,0.1150359633367495,0.0017033733364250933,-0.0009325596670635848,0.07295042671431774,1.0093304923377466e-05,-0.01505197690958964,0.14395003638633444,-0.06369215033990587,0.072872993505779,-0.15028279681119122,-0.02484747936035185,-0.05407458662754791,-0.000282602763030962,-0.12117236949531258,-0.11192691610737278,0.010331757940858709
IGKV3-11,0.2643379970500327,0.00011423729992733935,0.09439048258768713,0.03005176316764176,0.1696863455739584,0.07036083768311954,-0.050811956101848604,-0.005512254845223352,-0.03043386892275871,-0.026351628123379253,-0.018057188048829675,0.03739510603975311,0.004820254906838355,7.181933994395932e-06,-0.02061059683424818,-0.022419110946533507,0.05809506483287313,0.0061409027825008915
S100A2,0.20648538395299038,-0.1835691322000633,-0.14747186274541713,0.03378720205167843,0.014450057700348719,-0.06426075047781386,0.05688129906260633,0.0796268270019736,-6.785538542288171e-05,0.00027984635443906685,0.009967651017987371,-0.03273732189958992,0.023060065856498366,0.06511997986887978,-0.03149404738752947,-0.051248449246496006,0.043091973278068504,0.02054525759943673
IGKV3-20,0.2578490365928078,-1.1025809044952535e-05,0.10022907990941687,0.03376783962289246,0.17339792950636232,0.06976967731177504,-0.05409009068284622,-0.010624462846643387,-0.025923244165543514,-0.024063848583361445,-0.0213305737545734,0.03538986525213335,0.0003494794603609141,-1.1423483281286587e-05,-0.012213270755232009,-0.015821734259324656,0.025311019627261514,0.00041677766303658534
TMC5,0.22169909038903765,0.061643524261379826,0.18592442861904865,0.04773072282612023,-0.13438600938708717,0.017000519743723155,0.05421810419259478,0.01923776327819999,0.025155977468095777,0.07341262630343295,-1.915951613736631e-05,-0.005096770482472006,-0.012621572550752446,-0.019524820701520593,-0.06301454171283624,0.018813972840788198,0.012951306018921823,-0.0527882750219293
GSTA1,0.043128698379716494,0.15491232610447456,-0.06819828247976074,0.10256332715254395,0.02126708054792832,0.07879302180527627,0.012451230908512452,0.12109150436244091,-0.08232408501255138,0.03138555495721816,0.09141142007889323,-5.67848117902672e-05,-9.66827002981213e-05,-0.036538261177258495,0.1608681771030604,0.060564722509899874,0.030979645319590986,-0.04516328691399752
PLP1,-0.23903500854220638,-0.10886842545742192,0.08902864763378658,0.1106703797142382,-0.000797406082114639,0.022186778861752483,-0.0007119255928272426,0.02499226453581873,0.00019711517203869464,-0.027487851105907173,-0.06780532937965872,-0.04039201841742478,0.04673380307400699,0.01869908400033611,0.02662366923858489,0.02795786268094279,0.000448371343436658,0.004367737095981596
GJB6,0.0852529829252842,-0.191405344294409,-0.18481281552820922,0.06723709561491069,0.01919325149483664,-0.01965403630241003,0.074886546035807,0.026219635341830295,-0.03290560863943847,-0.016833860552789022,0.0108746148975513,0.03514924738775625,-0.00030460774581980563,0.027210881489513707,0.05515440006286692,-0.00010932498866839197,-0.03184239550053449,0.020734205588254236
USH1C,-0.07165720696923392,0.1389498131425319,0.04316887636658959,0.20058719286499696,0.03574399502968853,-0.18244057037765674,-0.05621167503842631,0.04974229078764238,0.01936696453223889,-0.036868864406339984,-0.042835086765216406,0.0012968315198794982,0.0429692347851542,-0.03681837315382931,0.024315309827030087,0.028647795650036913,0.0003018261703023535,0.06438438835078748
DSC3,0.139332187751571,-0.19530834838545094,-0.14009577356870287,0.04436346052046008,-0.04078722018110911,0.03782307013784405,-8.418554008255185e-05,0.058384445482337656,-0.0258626410908828,-0.09517034223555733,-0.020226265440413893,-0.030741752636214113,-0.019292974114222997,-0.043024755931982,0.018294373742036688,0.02614143313309547,-0.036408281990733336,0.05330417483346705
SBSN,0.1401798664486801,-0.15297224832703546,-0.20892105185015866,0.05404667428798794,0.019925536721273288,0.008308827400513221,-0.010124089851564686,0.03420102755552831,-0.00014502567238708263,-0.050793721423842135,0.009446300885361723,-0.026649584196704657,-0.035018540941066316,-0.0265824063628839,-0.05866121488146693,-0.013698576102863978,0.0179786415567824,-0.05498405132101497
TNS4,0.2517940227777091,-0.12976024881614368,-0.015056933705691696,0.049628804058794385,-0.07736071680384032,-0.04917565504315842,0.04834476733598447,-0.018209254018430068,0.0010538957438682975,-0.05895775553496462,-0.059011519386405926,3.3957913630536924e-06,-0.03207834523206185,0.028419235154508542,0.023049712690268762,-0.007430792725689714,-0.03940341536219547,0.05222602177037531
IGKV1D-39,0.25016515291678065,-0.005543525764889087,0.10156461477204498,0.04036854104742612,0.17668730914206,0.07328825200989214,-0.05018362819030164,-0.011941597189113397,-0.029708313346161953,-0.022066740789390065,-0.026627664236062824,0.028402967153481354,0.005552664354071392,0.00261431615783694,-0.008655520988093095,-0.012628894998094074,-0.0002995614377179724,7.686233813237628e-05
C9orf152,0.15292088211057722,0.06518461961726923,0.20433201167880258,0.046383435216485205,-0.18433559873924832,0.04668438539433112,-0.006182432898391102,2.7065537225294516e-05,0.02859055283715028,0.06052879867766312,-0.00023167484464383284,4.381795775538472e-06,-0.07636407904779469,-0.06131001855800674,-0.001019921660437205,0.03649160172103646,0.016452623230502558,-0.015481385336493635
KRT6C,0.09164041183951695,-0.15973825482190454,-0.2203439574821537,0.07350589156118977,0.032381525204302236,-0.002542707486929006,-0.01295699153415207,0.046495353027238694,-0.026115773752420194,-0.04586610268682769,-0.0006334721947056646,-0.013285187715991863,-0.08848241309411381,-0.07456560810734586,-0.056490613246693834,0.025818870365157075,7.137778200599409e-06,-0.06236249893647138
SFTPA1,0.051277455994536134,0.00031857501283646055,0.04836930364066546,0.0006245384829096517,0.09811876229350787,0.05021489412504946,0.1430389404038026,0.01783136847412619,-0.06320501427325188,0.23298613455813513,0.12527971846884217,-0.07049352854118306,-0.062308840528074554,-0.14500418154122463,0.0377764820409435,-0.05280042864730093,0.0002229243729472373,0.01710712641195958
BEX1,-0.2391350487258133,-0.07956753658738587,0.09332769332458836,0.029492548178050717,0.027920844078350507,-0.017241537735978113,0.03856358423654926,0.018269425261363666,0.0016532453468240216,-0.10027652780953246,0.10066159517887759,0.11854422322610492,0.050526264887959686,-0.028453015421059075,5.724362784057032e-06,0.06548080403764218,0.0020457486586306873,0.0014164704737802771
SCG3,-0.23873738896682903,-0.10628074777289208,0.08951125787088968,0.13179188848227386,0.0008307667896754945,-0.005593209869126331,0.01191825973386009,8.570527470324768e-05,-0.01264474014492364,-0.016468458180918487,0.07162539493751359,0.11947445824135888,1.236922317403157e-05,5.785522197989182e-05,-0.041554497094625484,0.013521598775954411,-0.02637168954898837,-0.0031180492808897636
KRT7,0.19879412374689068,0.04064048577423138,0.056847055594932625,-0.11415522947910178,0.020607847551909926,-0.016096089424850992,0.1503427932971962,0.054713419561269926,0.11155596355070328,0.059834162815981515,0.040941622856404146,0.034453088130175294,0.11723235986210036,0.17993322403937395,-3.42470027822102e-05,0.00018028408166548783,-0.0005014132656088787,0.000240404493857347
PRSS8,0.27981039948582814,0.05248150421209814,0.06820684109103668,-0.06715205507164698,-0.07409551344366418,-0.04602030703721882,0.06750783982101619,0.10148963548136233,0.038796643202724156,-0.022266485520654744,-0.04959359927259647,0.08010228794174201,0.0245303418819112,-0.06474423239036826,-0.0353798589664296,3.9413497202497724e-05,-7.353071308451018e-05,0.023278734174201683
C4BPA,0.0427225636690279,0.13710141266383608,-0.020818968914992218,0.1283569786644177,0.02844644919321424,0.12270136284784489,0.1390532101606095,-0.044586407663667255,-0.0004978396517817552,0.1381570835503622,0.0843532725578499,-0.057766868393878054,-0.014473511393254753,-0.07643408093470896,-0.027105356260516533,0.025823488009689644,8.140685863367261e-05,0.0006731460276011981
PRAME,0.060480347514078915,5.105395525710298e-05,-0.05505405357570301,-0.0002642419049764702,0.04526903213855853,-0.014733352525077747,-0.03956114954835186,0.033332175560686725,0.03149333182601424,0.06828029772891148,0.0621044882427089,0.06973947768839446,0.2304410385318102,-0.18573237966255615,0.03843860327165927,0.06801923983796106,-0.01635584812176078,-0.06575943447925645
FXYD2,-0.04632798378254285,0.16775704289545684,-0.04835307028612473,0.01665573298005047,0.13580216979695617,-0.08672624592563657,-0.06722310792610178,0.17249639104309047,0.012798061127084199,0.0021562078510418033,0.030338360815596186,-9.54396712349222e-05,0.05960003855706586,0.04804921623215914,-0.016288351814396123,0.07873203528336262,2.9553168616033475e-05,0.05093907798639385
RHCG,0.12033794548771906,-0.1416684754681264,-0.18224779476367034,0.09946945598658562,-0.027536428248418846,-0.017226697265781476,-0.0029107909199478075,0.038920694186746214,-0.02210739277618747,-0.015547376994142097,-0.013998803338306127,0.03216441081782975,-8.644127503790962e-05,8.093675641507912e-05,1.6752474714667483e-05,0.07471784607430175,-0.0012550302048497835,-0.13212174459485218
CLDN4,0.27595839309140935,0.0599828027395703,0.07091206061693069,-0.0522309623560724,-0.06164569227610893,-0.08183605245442706,0.08350377167399564,0.11176064461039369,0.04039140823966616,-0.015177540058992363,-0.05024031565292918,0.06833829191395316,0.023651403852859253,-5.894863875038176e-06,0.01137941801351175,-0.07611012533238208,-0.011636206924646229,-0.05348873733358425
TF,-0.16098867878619139,0.02326119693592566,-0.030731358280968922,0.1531209619332485,-0.00960657325180745,0.21938250453963729,0.05018212421540629,0.06586757902515594,0.03316325946163113,0.00035288570016547957,-0.07896790317997011,-0.028027275536659898,0.06845660008863685,-0.02008063738825795,0.03745154676347018,0.026136500873383112,0.04621659367976379,2.038462155655335e-05
VIL1,0.05866941411412847,0.22071892138391072,0.032082180120798824,0.16297988880527467,-0.0328594715542035,-0.09370228828862734,-0.017845373027862328,-0.07581110437376137,-2.470526192497945e-05,-0.02712851137251567,0.018681682534737648,0.023842645293582244,0.038533948026646926,-0.07282364802273562,0.0006016410962889552,-0.016095195775908597,0.05132704215358308,0.030423868499480516
KIF1A,-0.1946585767605163,-0.12498857851630424,0.1121482781020996,0.05951042064953124,-0.03193481719266635,0.0275537805327117,0.0016239283420525351,0.040660822870768984,-0.04688982323281947,-0.016804234077566104,0.08098106293342947,0.11982763830258412,0.11757934751806022,-0.05789997930833411,-0.034366425965896695,0.03614205047923819,-0.025809774940369443,-0.0469725354624121
GJB1,-0.06484981647311522,0.20342005688533177,0.09875981469772475,0.15356086349196268,-0.11263849574588318,0.020759384721508227,3.693718275670436e-05,0.09608545710122791,-0.063118919408476,0.015135028305928604,-0.04438319898101535,-0.025704550538726258,-0.011126097163699089,-0.0360447167926804,-0.06407961550824587,0.01258894623502029,0.024117820586158127,0.0006766221585556783
FGA,-0.05275531424025158,0.16680936913661176,-0.06693240769186944,0.07900987305565514,0.022630365400618628,0.18416278308184175,0.11229492100578198,-8.765230107166633e-06,-0.011937874030769124,0.04353079240955505,0.036770448776928116,-2.029346553131817e-05,0.028875085360718367,0.0033706977995611887,-0.02288657294644777,-0.02886919122112075,-0.025929407226449926,0.0005284639277572475
MIR205HG,0.16985622365892683,-0.18545817454224406,-0.11900808815440245,-0.015952118694754516,-0.07356253306929475,0.07589803739412175,-0.03481321077042188,0.0906906565648441,0.008796115576612444,-7.360559567830278e-05,-0.00895563109990301,0.06192967248823853,0.009403158529177391,0.000692878658872931,0.08522304513613964,0.02067144557115165,0.048004156503414455,0.1044482903914215
ENSG00000256462,0.13570539858055275,-0.18921439552636,-0.1699950800899527,0.039429042353649975,0.0001577977404111084,0.027640171858232424,-0.02284111477290324,0.04249042071339373,-0.017215603510496922,-0.05141541253845578,9.572176799503469e-05,0.015030690181810422,-0.04389510752955374,-0.07632875646151319,0.0727110763569655,0.10043325884374275,0.013040358970802732,0.062353432871758006
IGHA2,0.2597511739520126,0.0167317484253663,0.10437848235781179,0.0515976103321289,0.11784252257783859,0.03860986084818647,-0.03690345813505561,0.012077579954661638,-0.010130099887511443,-0.025708786964020472,0.0032346907024433757,0.03397068079543213,-0.0527460333820207,0.028522507341223826,1.9264766651451653e-05,0.03215278931233073,0.10033896259713196,0.017009785994780747
CA9,0.10681480340393441,0.02277607555135845,-0.10009629880136421,0.12993638173648034,0.05396930489148079,-0.11599483445147159,-0.08698616187525884,0.037528820241767444,0.05660846194420674,0.07872876179671076,0.05941115796918227,-0.06972212386695922,0.07260698399384344,0.005815551813819305,-0.0009662354000340912,-0.03656800312945641,0.0033744206478658082,0.03187621249107052
PMP2,-0.2371773065092891,-0.06849859774302165,0.040129933781199785,0.08503989821317899,0.03561417581784382,-0.0010191751642538624,0.035462217254922095,0.027791754970960106,0.05234670265902781,0.0608219148627527,-0.12429908054773486,-0.011018381977459666,-0.03727334876292481,0.04980102080842225,-0.044962439041084296,-0.04045162387774179,0.03211959168034111,0.0008695238053646046
FOXE1,0.09560868351518173,-0.09592963307970372,-0.1304310564945082,-0.04001630535784856,0.06618406393004188,-0.037622508864325756,0.16044625501676013,-0.024610516231463504,-0.07236328635918526,-0.12591981175271255,-0.07211593559639813,0.013638968692956483,-0.03626996271567083,-0.09462906753338221,0.05054247407058316,0.00037472845792228186,0.010493487666756913,-0.0023198350453812076
DUOX2,0.1739052189154672,-0.0301278155998504,-0.018023277168079936,0.06927462476891247,-0.019652173385176493,-0.09820011546232074,0.1914752593918962,-0.0881780679058846,-0.08369279964478725,-0.14748073841975848,-0.01382330014178575,-0.011969951602087353,-0.01931619557808776,0.09086306291966051,0.06760428662936215,0.055536057518966106,0.00132990929845732,-0.0017658441572339966
FGB,-0.031825992675910485,0.18265111259505282,-0.09277192104092186,0.07093918514971105,0.018829559658384742,0.15863655499782342,0.07187242617448747,0.01665218918434544,0.014986029225992913,-0.005407430563914443,0.01772252403228165,0.02389751540905439,0.016359981175656454,0.00010641783774351325,-0.02043672281634854,-0.040184327246979096,-0.01010896842328722,-0.0008780395959820071
PRR15L,0.207721952692023,0.11564959166350215,0.17178691033631496,-0.03744408400009854,-0.09902129935837811,-0.04122957467322775,0.09859547517140825,0.051956911015945226,0.05669491125850757,3.6935462020467774e-05,-0.040297779342545206,0.04215398149675664,-0.0006450686469472565,-0.015093773768006294,-0.013028192552599861,0.017589236242767058,-0.0013860722454390633,-0.03488663838430739
PDZK1IP1,0.20844607537881754,0.11944025978212265,-0.021598761810957674,0.043185923901850234,0.03140743413136013,-0.08553186011170584,0.03286381646044967,0.1642803894739548,0.04511134633931029,-0.01881366685787989,-0.034545671405809844,-0.06500459594808757,-0.07172866076986001,0.0472900583644681,-0.1612604969293333,-0.016407537850086664,0.04358597945153313,-0.0006264957012823712
IGHM,0.23623315792428273,0.03385494996789354,0.10334778296291058,0.02072472245961607,0.15777921564467,0.07244593965643754,-0.05986557715884831,-0.012235106860197926,-0.03272183703338917,-0.012039370704314396,0.014735552282732097,0.01639590127474681,0.02268569302045465,-6.524622019379257e-05,-0.015672280916745572,0.018542605416814274,0.09130779127224743,0.0261130805448731
MUC3A,0.11823263812205029,0.16897813598056227,0.10058438127096646,0.106514013666748,-0.08044639696666284,-0.09676469121740096,-0.01915091585200918,0.05097418059220426,-0.13406928211249253,-0.012842750895117055,0.03634509101876284,-0.04748715860303953,0.03887082475162227,-0.030825642626141198,-0.02963751140620871,-0.027972527790246237,-0.04336803855232292,0.07348835311789852
MMP7,0.1969976697478785,0.05616827837587671,0.07448121470195726,0.026942762011014025,-1.3054282428310098e-05,-0.04444376313619193,-0.008078747833140993,0.18101462858997164,0.05394665280523218,-0.0008525723382042055,0.04767414088862662,-0.07652745825463098,0.0705759506979503,0.039684713521482076,-0.10843865451718926,-0.016287810721093383,0.0009079884271660533,-0.05105255336270922
IGKV4-1,0.24355004138133046,-0.00043303987562443697,0.10926147081012628,0.04937390206111356,0.1757461366710395,0.06997604908853623,-0.05666319948537828,-0.007156915468142795,-0.031118837452401352,-0.016268682357300862,-0.025524532779638523,0.0313763987475093,0.0004846825052918876,-0.00048685907503189153,-0.0002294506959641416,-0.007429125897192132,-0.009072013664181838,-0.0014804238170031219
LGALS7B,0.1754431720010299,-0.17424145263448748,-0.1694169932941579,0.07568215348491436,-0.00011395502862282788,-4.538563692574952e-05,0.024427968433717268,0.037891536032306314,0.016938231004853886,-0.04323511199369407,0.021354938627396777,0.0031460868990193197,0.052607971585103705,-0.07726426317526254,-0.0386775992160118,0.06706468434792884,0.042482133310954136,0.014497201161906571
GJB3,0.25552772158182585,-0.09345442425880798,-0.07444544725004233,0.09130019293888551,-0.037288248536305565,-0.08889205719827968,0.09894552343045375,-0.013129840744511996,-0.028182737545611056,-0.06661189142117935,-0.00018121148291612638,-3.9280944516929475e-05,0.0737297003239588,0.06346681563406342,-0.05222155671466447,-0.03935501949385763,-0.019294299259096592,0.03627324976993304
AMBP,-0.014082372317235428,0.23313860926375113,-0.07057165167852728,0.11016912631765712,-0.022276547178085446,0.15446784329512936,0.057884585590736067,0.02488799671771138,0.07657053158198594,2.4063795560600277e-05,0.019693871917371264,0.030356010626825247,0.03835340556161488,-0.009162109943310978,-6.742828106318471e-05,0.005996453699584161,0.0018637040000575042,-0.0035900119625140946
TMPRSS2,0.1786860123335695,0.08852004199810751,0.14932003063652888,0.022520946402373898,-0.16569554573608136,0.03900336883800234,0.10777660229743134,0.048634783057857456,-0.10774307432028274,0.005433137212628626,-0.02991286517210213,0.039235354452816014,-0.01629182210771556,0.026680413126316745,0.03666766736370087,-0.01691606229704387,-0.00201157400536669,-0.08926203842066223
NCAN,-0.20808769146638706,-0.09581469583748731,0.046304915926140416,0.11513507646861933,0.0010063396072489284,-0.014304429772977457,-2.1455296339408565e-05,0.011019901096339546,0.03569217849133164,0.05566669823385189,-0.10504701980056814,0.0006145925148222211,0.0008552023081773552,0.01446335743095198,-0.0007884799915321004,-0.050710001647553855,0.03238593054960618,-0.0003020931043665215
NEFL,-0.11277329822573845,-0.0852909761181323,-0.0932762742692799,0.06892179286737295,0.05884608376705469,-0.05031424500616432,-0.08956210698908315,0.1287521651370947,-0.023519927958449136,-0.0853748194754617,0.12578421934072906,0.052309324110189695,-0.03467153009539469,-0.06567305497863535,-0.027168716405456574,-0.00047200623473480594,-0.021952057078882797,0.03502784679773049
NECTIN4,0.29132156998703024,-0.11202385649447572,0.03162272047532856,-0.03651998638573216,-0.08044153149934653,0.020867563335053706,0.06742517837256981,0.015504912005600323,0.05895552539053452,0.017990808268681206,-0.007625173999228478,0.02412689859235748,0.02389151522540871,0.019807547817522326,0.014863515645857353,-0.05584104738991192,0.00034622791453741114,-0.01948200513084955
AOC1,0.13961405962471388,0.14356151003606513,0.07157272127254456,0.09030986683371753,6.902521728064745e-05,-0.1655111331576461,-0.022617835010061524,0.08170955997938775,-0.03513576901165183,-0.04469970019458209,0.028386998264384355,7.074760937154754e-05,-0.00031164428925665804,-0.021691741751116426,-0.028967929081654523,-0.002297452261767528,0.04640543295394142,0.022256562420578607
DNER,-0.20478286023815293,-0.12885267456630414,0.0445768638691065,0.1300491082615866,0.017081506224681242,0.003581958176651865,-0.01572514497001116,0.07352824422908773,-0.03937013589441618,0.04178716846316626,0.09640992252359926,0.036100290345957194,0.0011865879029910064,0.013148491959530119,-0.10811957346659315,-0.0002837693676552084,-0.040564828057211254,-0.01948616436177629
CLDN18,0.10445181307507732,0.07583394643042116,0.08441620836056707,0.14298244005485441,0.0003439532629177906,-0.045780290176335586,0.05956792470787802,-0.0490383633577689,-0.031111939035503234,0.08759948654073241,0.11624687493851056,-0.09337039620134648,-0.0012761984468834277,0.03558690267900206,0.03336780018418761,0.1398211683791397,-0.05932407572613867,0.03356253532388715
ESRP1,0.2786799321055726,-0.06013059118781889,0.06726797269916329,-0.049364443937639134,-0.10239235298804081,-0.023734717645878207,0.0749497761176165,-0.009397034676617084,0.033101428677827005,-0.0022293848916500976,-0.03736750429920578,0.09772397967472703,0.06819681731096039,-0.06752376286358501,-0.004467130719687863,0.007281866713733809,-0.05656097706548892,-0.012620621248641125
IVL,0.13752050850858902,-0.12939483410153174,-0.18836818730027588,0.04733761663559923,0.02078390874505331,-0.010520983846619274,0.05777084378276403,0.019966025280337404,-0.017890524734449135,-0.015281806433943175,0.007000372676106545,0.02713421983065595,-0.06523351107036122,0.04466718737297191,0.0284561118934901,-0.0710738525649421,0.01910104152310934,-0.059093529579024494
TG,-0.027438235845486523,-0.014733348023410694,0.027876860405441108,-0.15319269736629207,0.07823822922571871,-0.08700416983290549,0.22131199906320037,-0.0511183982372463,-0.08423121080901737,-0.22825483951057654,-0.03252342571225232,0.03655680269203588,-0.048959428047402755,0.0031131035779005294,0.009167100028792683,-0.02439755720183208,0.03350448400534968,-0.00868685280001782
FABP1,0.031166968306049425,0.2077344222565058,-0.053684802294270646,0.165909186309841,-0.08144797055079911,0.04514210689843742,-3.545259759379546e-05,-0.10165690871860625,-0.018730172116133516,-0.08182014364064574,-0.07743453729999107,0.0208393768857801,-0.0193887377338901,-0.07516698004875928,0.031547199208242456,-0.08882652881394412,0.042465528140936896,9.402414371836564e-05
APOA1,-0.06022687438916418,0.17814295233404315,-0.09054070176873782,0.0782313817504747,-0.02224918737826647,0.16953649532666973,0.09722364437282875,-0.08075517200334181,0.013119554565408018,-0.0843309287870819,0.01586512995026242,0.04691034613737385,0.1457677762061833,-0.015676423523586055,0.03192017712483943,0.045341673386064166,0.03736750043609061,0.0018520833658309532
KRT23,0.17950334344171648,-0.020305984383735425,-0.01646806606585789,0.07935456376451029,-0.13151435142505913,0.04547469392110249,-0.0316217781655945,0.05517146500074453,0.12103865141867172,-0.04381903702401009,-0.0006966640744794942,0.04858657027228354,0.09118165779616233,0.03345075148783502,-0.0004124499106561504,-4.3722648345150764e-07,0.043803641785574755,-0.05644071583329281
LAMC2,0.29505784855324274,-0.047714199956204344,-0.008440832751016647,-0.0020743198121226524,4.113032539781093e-06,-0.08854121369416748,0.07351994724585545,0.0360959835522723,0.021596681648694303,-0.06475152538769437,0.030884869612422396,-0.06944641670829543,0.06933153446677248,-0.019208057094357137,-0.07724722301518165,-0.028848259351124932,-0.05783638616234144,0.053195922011690565
FABP7,-0.17978373740038817,-0.04085723464726194,0.028283991599049475,0.06705586270864314,0.08732598537961989,-0.025462004307488635,-0.04482554293384587,0.08228417376647651,0.0713429533430523,0.025748160144536625,-0.10390164099633721,-0.031080558115574572,0.030569220698282135,0.01782914051750746,0.04267875771744744,-0.04827465801178654,0.05889416167321209,-4.468952294743635e-05
SFRP2,0.11972506548645706,-0.1391065783299563,0.13169759416492885,0.012876624951705606,0.033824926314004154,0.056632334546896625,-0.03909597041902972,0.03293004621516495,0.11844867522962413,-0.07668382477110061,0.030455838706049912,-0.20146591914074383,0.03555081400632138,-0.02713075995449029,0.026664613765532457,-0.08542634758264414,-0.04341948499452719,0.04539572689155249
PCSK2,-0.12784832899949994,-0.056835448578859256,0.0508351782828293,-0.013630796210615274,0.06305825262254265,-0.0005604030158951206,0.1870974859411359,-0.04666433387825383,-0.0010692911484633991,-0.11827679888270966,0.07457494265164497,0.10735389911159646,-0.07694716266167326,0.016870010191610257,-0.04328449501249769,-0.0034088899047912385,3.090162161551677e-05,0.03225229222047021
REG4,0.0731621302809145,0.088313922041045,0.11642229083307205,0.11702625768015948,-0.13430933628600125,-0.11430607728261283,-0.0206035848396022,-0.07855788861407884,-0.08253112575324437,-0.09060241680178087,0.016044457579213186,-0.04512806045148046,-0.030661792439721405,0.059715522641867656,-8.016106667363769e-05,0.05987349618133299,-0.02960328204015032,0.0200703284403413
RBP4,-0.038221950284275746,0.22392164741982012,-0.021006480482250737,0.12136806826299278,0.012531125713313898,0.0990022115996139,0.033995281319486176,0.06742249416661775,0.0767836059041435,-0.05538001882661947,0.016200575269875717,-0.061070579470635135,0.06418932258651101,-0.02846566015025605,0.018750944222599954,-0.03664109598526612,-0.00018124713852910677,0.026575331491029953
NTRK2,-0.10699483588249961,-0.16994738278365962,0.061492997700928455,0.036799132297412725,0.09178832471006917,-0.03217144699920269,0.09858486890094817,0.09914728310306159,0.05127095200223059,-0.17435190645426626,-0.08543342775148235,-0.08005918445010184,-0.04737122091714016,-0.06804773670563752,0.11482482958392085,0.030442404563073084,0.024353575790703505,-0.04148137823352658
IGKV1-5,0.24527710995697394,-0.011187210767895764,0.10645404430451633,0.04929171076169195,0.17839096211235683,0.06912922610610031,-0.05270563796294043,-0.008677144686052376,-0.02600035039944321,-0.013072529207453104,-0.029028537489307046,0.032140540774731656,-6.89718345176932e-05,0.00013527490572185,-0.007628085684246198,-0.00027203719145274356,-0.015215323806797252,-0.00028368566569765487
TUBB4A,-0.22356806011019206,-0.0490946237317414,0.02115085442007676,0.08295365573607011,0.07479529079261708,-0.014102174480366231,-0.03787616045591483,0.09431394156873091,-0.02778394418576341,0.055617392914583286,0.008709410691831426,0.00046121893996036876,0.12960077265223488,-0.07563616184762688,0.0011506736470970182,0.037632651378180976,-0.06797754781334163,-0.052981954738156575
CACNG4,-0.09008314443383163,-0.14199810275609476,0.15495978215912365,0.025649434619094476,-0.06475319421108557,0.09020486827908547,0.02891286487482324,0.035412881035279,0.11784571513526693,-0.020773699953892222,0.03863863934431358,0.02528780434650172,0.020459324873055334,0.0010880353441621807,-0.030112815461715386,-0.09390944645231437,0.004017412436338529,0.0004021517092925634
OLIG1,-0.23079107183427117,-0.09320800339111143,0.03925936487974616,0.10734432403626881,0.015850368282436494,-0.014487319657145484,0.00959497550215891,0.038248952581878284,0.03178178960975528,0.07598450214368553,-0.12677364030823168,-0.00045213856427869494,-0.0008427786772553938,0.03099693928065739,0.00033963191253107833,-0.012587634549435286,0.012496269543079018,-0.0013989210011507694
LTF,0.09977772681968904,-0.01954781521830505,0.17285856870104102,-0.022566164233838854,0.00560757153007565,0.07415047763153462,-0.00015212559706105085,0.15656997879358683,0.05307061967991491,0.01064317804787254,0.0002626305153723601,-0.0992562807431196,-0.02560728018485064,0.0001894637907053563,-0.02750804783084413,0.12284133947699749,0.10500910877683128,-0.0414734379134402
MT3,-0.2458395071916397,-0.07955542759670528,0.04711808986917126,0.08823288435732236,0.03476177906108124,-0.04209220156296383,-0.0020393861363762816,0.06049754501604031,-0.002606943886990599,0.046148612753630934,-0.0742704557526529,-0.0025331616965941542,0.027380890649139476,-0.007167593748098624,0.0008904839314909166,-0.014088811485397172,0.0488145490937214,-0.054212439574753316
SPRR2A,0.14208344291058903,-0.16569779229842146,-0.20032184428192248,0.08232167441781245,0.0005526114252683733,0.0002375517199834816,-7.066737794731573e-05,0.050025693317599575,-0.0248331080445366,-0.054989900341202595,-0.006009624891574321,-0.012162706186718109,-0.09867726381621339,-0.08579698804508451,-0.024369859236704455,0.053347134489537006,0.035563228855685934,-0.08502821811655678
TM4SF4,-0.013610298489655608,0.17876761867738322,-0.025875717372172917,0.13465149789044384,-0.002123855741704644,0.05447216989393054,0.14256718880785307,-0.04836061131477051,0.00050454542641641,-0.06647566410074975,0.04661572447287046,-0.027453952976447534,0.04105983040978265,0.09474313600858153,-0.08080594560406965,0.024767869814687954,-0.06349888257912188,0.045809695570823455
MSMB,0.07912771990356711,-0.03496309239667004,0.1403750725701989,-0.022784255984893913,-0.16227438012866804,0.09011761593941965,-0.022451460590557422,0.13524124903688448,-0.1445487665678085,0.05469108229728965,0.0203861251674377,-0.015877645769886817,-0.07538892574998783,0.028713429816214674,9.491448000386122e-05,0.049540476732605025,-0.00033063922897312445,-0.012481882920219336
SPRR3,0.13849852670270607,-0.14770801739066394,-0.17247587388738658,0.10168007656395829,-0.003569008118828008,-0.013855815211524725,0.010359756671421468,0.04862367098342353,-0.01977995873630582,-0.009893748069589186,0.014115405696872668,0.03236502296806496,-0.06846394500020078,0.044103044138534324,0.08701818244035318,0.04219576657310305,0.029707753911544694,-0.10024802004624891
ENSG00000273259,-0.020025877642935633,0.01148837983178786,0.07654943164631353,0.10741765488910333,-0.0780792653794598,0.20809216679282033,6.67588553519949e-05,0.1018064961796284,0.13751832936439984,-0.0003649866951686714,-0.039282240178145834,-0.1306594509452834,-0.002191629255386643,0.05500737492826909,-0.12137955027274835,0.07115166514086527,-0.0020773024473661394,-0.03693039024086545
C1orf116,0.26447447506434896,-0.01604776899433378,0.08169508963311335,8.950027824488674e-06,-0.11120478628258304,-0.033330510979551836,0.11451294495437073,0.08096683647140648,-0.04596266810571189,-0.005962158192046804,-0.02534014183483163,-0.011701057565017466,-0.04723327242322035,0.03301363206283477,-0.06813203893468311,-0.047717180727411046,-0.06470716879377168,-0.03540689715304407
FAT2,0.17535803914225612,-0.19118855591937997,-0.15757839268682516,-2.4698819023807037e-05,-0.0241221128162887,0.05334583185510813,0.02062045883681017,0.09321007202935642,-0.00033263753507815046,-0.04852874858335937,-0.00017884489711156648,0.005784640640537958,0.01949307905181172,-0.0022938525473117574,0.04624293067159706,0.05269861415126898,0.014292849092651258,0.037631893547125976
IGKV1-33,0.23365093564484674,-0.01682800260792873,0.10804001793145933,0.05052573112327489,0.17967810026622885,0.07687869417590353,-0.05205323148983513,-0.00798358841849646,-0.02465550249690067,-2.763358852881415e-05,-0.029643547405299925,0.02611516916862217,3.5247520015699294e-05,-0.00017740782160938519,3.857073772375851e-07,0.00015588014324515042,-0.03507338150375653,-6.034388459908916e-05
AGR3,0.14059569328308666,0.052134524175570664,0.20338214237136135,0.04798040073610292,-0.0874580796729516,0.008280649731886181,0.011120737979298948,-0.010754237429533731,0.14350027182627836,0.08787577851522306,0.05882033297236932,-0.02610474870242076,-0.11159513720899007,-0.09805506278729108,0.0006461915239788013,0.07697947763592082,0.04325043878405373,0.02657589293093536
IGHV3-30,0.23592592245672997,-0.008059682274506071,0.10966066735551674,0.04971227196905227,0.17734506702904373,0.0682420562137451,-0.04976784040128143,-0.008972118947038341,-0.03216028451370198,-0.016803039923460196,-0.025078335429544157,0.03032379704249182,0.00010276340500971254,-5.596016707340886e-05,0.005943669281717067,2.23920844519305e-05,-0.03924978062555447,0.0007110024449273099
CTNND2,-0.2029347546275873,-0.09246922823218305,0.14556916203508594,0.0780748500966924,-0.0683146180921367,0.08848924958713589,-0.009010184617106867,0.044774097713325925,0.055320485824128456,-0.002470978136999149,-0.011114546081355647,0.05472490265309146,0.0004914218927280497,0.0001789258933400094,-0.033030123274615304,0.017966185769440698,-0.02097609575248601,0.005636016777604202
ORM1,-5.525301882184709e-05,0.1523512431857071,-0.041794469304683314,0.06487263185576908,-0.04348353669301066,0.2211428884377246,0.10840487077150915,0.0003815413818104225,-0.016452530280728798,0.07088988620082728,0.004206728269433053,-0.031800087715625085,0.019850229965584592,-0.026935157864744087,-0.04009821798371402,0.0021317982389474858,0.0065735996754031235,-0.030300622412215417
TMEFF2,-0.14938827200700042,-0.07498528331744898,0.07420249912343163,0.003016825939054959,-0.12120666260768906,0.058122336787740425,-0.04039631190235277,0.08598619097357171,-0.13863624716141093,0.0005353186951529691,-0.07127224892795254,0.0005641266687004068,6.911821118008932e-05,0.027191060632950705,-0.0848843667160648,-0.0270631246563804,-0.0019334304204646168,0.002240324480561948
APOA2,-0.050530642090290054,0.1787681404814787,-0.1304068178161661,0.08111333896063005,-0.05124208099677748,0.20679570552587195,0.0793401917747044,-0.0329999908540291,-0.0002918955092614995,-0.049295435244661706,-0.028039637083983857,0.03348510775151868,0.07276063972288879,-0.006074198760342731,0.013750611322787227,-0.03538276578419294,0.001364987144404253,-0.01341471222870423
IGHV3-23,0.23800997609010677,-0.007232918447433384,0.11218167252203455,0.04759224571632662,0.18164157597635364,0.06796706148173805,-0.05333113463737582,-0.010009096157770406,-0.02629314181265458,-0.015954517779418306,-0.034331857337233616,0.030857987423602386,-0.007630158400754434,6.0932533518598406e-05,6.665945403035276e-05,8.170527584388504e-05,-0.03874936546862236,2.350902915421974e-05
EEF1A2,-0.12997975361715772,-0.0738476248380017,0.06440195153193838,0.02055784834550408,-0.0572942050435764,0.10164879974614348,-0.0007685083327141793,0.06814765844341486,0.060208421186163666,6.683011845178548e-05,0.15389629805895866,0.10009460526116173,-0.04554293483961789,0.04277025550313395,-0.06958406322488994,-0.05798244865344241,-0.09054360236982108,-0.0021739862755647847
PLEKHS1,0.1538823099171709,0.019271096289501865,0.19928179417864533,0.056479159281551866,-0.12975397458459687,0.01858435015535329,-0.020690743272189123,3.5288831063355014e-06,0.06902578698127255,0.06060084706135923,-0.00045235614005333514,-0.04218182716247847,-0.02803004974728967,0.00012942628017419198,-0.019778993345457806,0.07478446692469663,0.04394933718911615,-0.03908809869426397
PITX1,0.22223009806687766,-0.10071986424900861,-0.03099651406502365,0.10903205080218022,-0.10803510751000861,0.017453074005857404,-0.08640727816643952,-0.04108881840537764,0.05546676213312798,0.023208617286424236,0.02765336633974676,-0.05642614063689028,0.03454185258116297,-0.009064803078883526,0.014835195830188833,0.0001658054986109759,0.017105143774914084,-0.05168842103492349
CDH17,0.0966101648107867,0.12556692535277872,0.08960061176457068,0.17880253384202216,-0.0819320189072561,-0.13637146026329877,-0.0207507617762578,-0.077655315066692,-0.03830155647157241,-0.04603566993519626,-0.0001979491202072855,-0.04087846161615449,-0.012195337170774931,-0.05446084486655746,-0.0009183150666204644,0.000635926950674692,-0.014853805173800999,0.01788274765189885
OLIG2,-0.21281751497601376,-0.07650071562719854,0.0347096015964311,0.08476534845947961,-6.874208434833242e-05,0.01597483108071438,0.03644690776823939,0.01745918923813357,0.039155254341661484,0.034968711547083704,-0.13510149132895094,0.0004178658913339056,-0.024142716496353512,0.041183145295779496,0.020210440189169447,-0.02751289396164948,0.04461208335344804,0.04012619166150924
WFDC2,0.15502263879159386,0.03143957455101139,0.09603361821973252,-0.08065639554757886,0.03715657805991503,-0.07707968095787408,0.12432826069476459,0.13752774696604175,0.06409154340721199,0.06937558570670652,0.06549795271997427,0.04467893436191659,0.11586846782786778,0.00017047613393602522,8.244247820414033e-05,0.08083015457826634,0.08830298099505243,0.0003996499346725979
SLPI,0.21750874181444813,-0.02029012303560122,-0.046673509884986045,0.08638493013352036,-0.0002584894203901541,-0.00015389349243278782,0.13721638846905718,0.062432876402257566,0.04912331426459093,0.03302325571426093,1.827208357095658e-06,-0.06651058323652766,0.08484809925646397,0.05298184058561193,-0.14849310863699403,0.03696353728483452,0.06732414104385584,0.013440885096324172
IGLV2-14,0.24025435442906704,-0.005132763335319162,0.11055968730168228,0.04284783505377966,0.18195110050861987,0.07064459825306751,-0.05204044483972878,2.4690663523868392e-06,-0.025465477117911684,-0.021002245886876107,-0.02481429409816366,0.02995107554172194,-0.007869125486711473,-1.121722894531958e-05,-0.0004984218084516112,-0.0001018364675376846,-0.005461387628610801,-0.00038923113536006005
PHYHIPL,-0.2603057095663621,0.024463510108827306,0.03301371596390901,0.12836908008435954,0.02993539352536157,-0.030332940783273935,-0.06250286108029171,0.13403780601356066,-0.006931450741149782,-0.017487706557254092,0.05081723978865764,0.06734747895637275,0.0006679203205017853,0.002140437982101075,-0.014668934378636804,0.00023556906783195802,0.0007159012627028665,-0.000960494040045464
UPK1B,0.07078446860124356,-0.02664107502714278,-0.07681879001305417,0.04919929282457381,0.004274343981119508,-0.039107683633046064,5.2116303003421724e-05,0.06679910994386945,0.0003452641089770999,0.028137792997622386,0.0954887353325781,0.07649470284558986,0.06850512861702669,0.10056872248809089,0.15090610566731338,0.02646245209015513,-0.02880828583470505,-0.029580577455730193
MYBPC1,-0.0810874347758157,-0.10160490209957984,0.10230324878689934,0.033267329831779255,-0.13126438115438768,0.05180313698303763,-0.05490895618654331,0.11007029983992739,-0.06235753702928672,-0.016570761972051613,-0.08375558311760167,-0.056391959265636435,-0.011133330685825832,0.059121292953185765,-0.020932954525738554,-0.00023993355720331296,-5.7508241685253976e-05,-0.00010120713279929158
CST1,0.17304504931826759,-0.00046047028316679707,0.09915012548968312,0.09008585775427996,-0.06953447966109388,0.018238322771434314,-0.012026001547090754,-0.0228600421897592,0.03878162709127016,-0.027399109011051984,0.047013332934729556,-0.039596365906612384,0.017812679634053544,-0.03212598512094937,0.046676624027865904,-0.05587440055459026,-0.05264779098731494,0.0012679503383558324
PKP3,0.29766989935179206,-0.08319548727567216,0.03859159827324644,-0.00021021697799410708,-0.10093031383969801,-0.04231140351155709,0.050559529395628154,-0.0022180141164213477,0.022636878433237643,-0.009331750610279221,-0.038586909699602844,0.028319469619101752,0.048306015947313576,-0.041498988565961306,-0.04012987806622929,-0.01915554129712881,-0.03158665800204319,0.06031882141655455
LRP2,-0.07617928196329124,0.08271626698120707,0.037458295512643514,-0.10138901944374136,0.14149201933599403,-0.05542619788525974,0.05305393342251055,0.12395088720280281,0.14621654767204484,-0.029591254269022933,-0.02759125488932899,0.00011969581944568507,-0.08641196105583324,-0.06733611743185082,0.04048541787906798,0.0006588628059356969,0.013903401388376676,0.05653163529463982
SERPINA3,-0.02294846249818534,0.015231345840936196,0.06874668820828025,0.10568465347812384,-0.08132678390078467,0.20718662170049532,-1.2225474747012148e-07,0.10249502008185049,0.1378849911232054,0.0003405177338676012,-0.03530305210443042,-0.129848036690978,0.000326412986715176,0.06058065581264243,-0.13444845266346822,0.074795639929937,0.02374130824262417,-0.039135088730151264
SCEL,0.15462026796172154,-0.04592730429687905,-0.08700465873286965,0.012896789059585214,0.08376442661651494,-0.0590343333779624,0.19974304877950252,0.01882594083042669,-0.002622478683758124,0.004405739305519584,0.05053451754006497,-0.03636511365843011,-0.04019407701707016,-0.0037199819295850806,-0.08617604432520459,0.011496770837406491,-0.03864947708363807,-0.06180251522157614
COMP,0.178771594915839,-0.027179535598977445,0.13515061407756543,-0.0796409179558151,-0.02065194416693321,0.09321935564530791,0.01718944516572777,0.00044595154149293826,0.08540236394693312,-0.1151145460833375,0.1028306615283477,-0.10028711787622412,0.04042492624181562,0.016364555554125478,0.0005373476808186587,-0.1180596811509737,-0.00034583001968282556,4.5337916544518934e-05
BNC1,0.1254905086138936,-0.13014892586793936,-0.19214114903765012,0.00019444598048068935,0.04254790486699659,-0.01737943452450404,0.000670343991358057,0.027185563002467276,-0.03920510216236379,-0.0733976904985959,-0.0006630313254326508,-0.017897087611492467,0.049465636985705004,-0.08007441231320213,-0.037819062694497765,0.048467498566362094,-0.02743951610245193,0.05774963838881913
DLK1,-0.05158093969629586,4.634128055920605e-05,-0.01002123567433556,-0.021690446575756687,0.00032753040888171064,0.019109316880867193,-0.02478985315709851,-0.09093190023189998,-0.01781712474086344,-0.0691326150218042,0.25305459876091707,0.16603387588937915,-0.012107767103686684,-0.031384349842865096,-0.03342307690377241,0.01311122579098594,0.00033977226677712455,-0.03130569400580555
HGD,0.019725170891470325,0.2641879793494685,0.07239701782481744,-0.02006753539897448,-0.05244913029041978,0.030301890573294993,0.06211146754931688,0.14342225069749562,-0.012162602007958776,-0.034198248926345175,-0.05207598810880467,-0.00033520943672333815,-0.024353677643388975,-0.03320772977074954,-0.054093714592349906,0.06450603824734316,0.0008397235495995985,-0.04707912109282262
AQP4,-0.16407715910984502,-0.10058995736188817,0.05783589908051537,0.10320125743872302,0.10420289633995086,-0.03067510738981736,0.14431990707481945,0.039188156758739295,-0.014318543988616391,0.12638944949120556,-0.07381919347067281,-0.074864211570944,-0.05667525834872919,-0.027747315678412203,0.028263269742972337,-0.09334311196063323,0.019888390810321756,0.020332145539506765
GPRC5A,0.25573181323368294,-0.03887143517488795,0.12283158384441274,-0.01359888400746731,-0.022492323528970206,-0.08099983540248733,0.0828939235914616,-0.051517155302613034,0.09861468365366963,-0.00018455704636014762,0.01809892243087036,-0.06248834889426259,-0.0001508969570497757,0.01790286898071093,-0.023116473132394556,-0.04383893749367425,-0.05800191002015972,-0.06369466358391722
IGKV2-28,0.23314649037171933,-0.011922735343492747,0.10338950420679847,0.036615995117272614,0.18553616696306036,0.08092204983792028,-0.04956515556066817,7.946668730037242e-05,-0.020875270550583004,-0.012661120733688691,-0.031166526741948322,0.038402694538479054,-0.009336926503876991,-0.00012299408737073776,-4.222809972067062e-05,-2.055349782342744e-05,-0.011648434398486748,-0.00010262185697132918
ELF3,0.28060733705043595,0.10327106379468011,0.02961114610264175,0.02960703562427487,-0.06626921845106912,-0.024103269764889666,0.06034127576259814,0.11582463867817598,0.07772003193294161,0.038074076880819464,-0.05348216286941657,0.07221702473254854,0.06665753169565704,0.00018893983916160682,0.02176388258877386,-0.05732914547504843,0.000316862884247994,-0.01834516931467166
ZNF750,0.21325737891625202,-0.16851756697870976,-0.07251609251881967,-0.07405716279481316,-0.0188807945550401,0.042058293463872486,0.09849739489284567,0.06890111638302576,-0.00011471622959315836,-0.01066247461543709,-0.013730783949035472,0.035424108607447324,-0.024240528980787858,-0.025686900593480465,0.08566354194084473,0.00012255089378750185,0.03237951744495576,0.02829823233246019
IGKV3-15,0.24161622419123768,-0.0141574296377102,0.10254504627108299,0.05339903070838199,0.1829124640109577,0.06939884732419392,-0.047848487760506216,-0.011551438475693546,-0.029259380616116326,-0.008549465996049372,-0.03301918328119412,0.03153046846929454,-8.174224889537941e-07,0.00014113061435471733,-0.006538936361560735,-3.5680578551448866e-05,-0.02295826553463498,-0.0006103834288052066
FGFBP1,0.17209294887222334,-0.13736885786102462,-0.14572904720297483,0.12031058818586493,0.011705287290282104,-0.05496790976016277,0.06466866185189322,0.000814468275277019,-0.028422808084610673,-0.02211404365381707,0.017582768132525115,-0.03637887804006804,-0.0390645402788176,-0.03814235780753422,-0.06800708005615168,-0.006159303995780314,0.00036452700269409675,-0.011222319923919295
GABRP,0.17441599723774398,-0.03280332188398562,0.08669483094178963,0.07375057805875157,-0.06691345740847789,0.012479209947077883,-0.035679596772628365,0.08848352810798811,0.08080686913860109,-0.03550524017546768,0.005099993539079819,-0.04044100677920239,0.0852921652386786,0.05615957638919375,-0.01900152408693953,0.19092551775170952,0.0064949301417792935,-0.03775286627394075
EPCAM,0.23886674707454586,0.04825565451070552,0.14001146891495972,-0.04767114035733691,-0.06159929491968752,-0.08967847438077221,0.08576890653084902,0.04734336683052501,0.03385555981914117,-0.032633206897924774,0.00018876080887905456,0.14890518414358678,0.05775463067463084,-0.11147445557583187,0.0001260189142918799,-0.03754054242184751,-0.04188519161577397,-0.021191914776950895
HABP2,0.0002552097365268458,0.2144026511247666,-0.009077153751979266,0.1045255273489831,0.043244268515114155,0.051290054423924133,0.06560033803294518,0.06391107839714938,0.033614294672804815,0.04318333005875829,0.09222131065764864,-0.002035669838595285,0.031324913433661845,0.0018017702039436324,-0.021541955775354088,0.05647962892516325,-0.005314869998712294,0.016708961962555852
S100A8,0.18790855837937323,-0.15657104723723664,-0.16665720076005955,0.08643985554809684,0.06740292930242696,-0.012915286750438851,-0.013901445442345306,0.06046508051366684,0.022341849460516153,0.010323113374440598,0.015340703800282742,-0.03611617858534181,-0.03163137428849055,0.04400580512656583,-0.08687306589692173,-0.03996092224261582,0.09076865485930222,-0.04191611993078652
MISP,0.2531343986858662,0.04500561766256748,0.09798142816817201,0.0666037058074395,-0.09121224946064876,-0.07549894583335674,0.025540217918786818,0.00021886076012506492,0.08308018887487059,0.019182550217960326,0.013996148831371078,0.005638758919737544,0.03729142459849574,-0.0007402466982745339,-0.06967108225451106,-0.04945817800229757,-0.009483590166202205,0.06350892892652642
EHF,0.27217828817055234,-0.033918534028666035,0.07452665076982416,0.05411413166900622,-0.13531171307255457,0.021805034191683267,0.059625498580411565,0.031837163343357275,0.02031975949791184,-0.00011595719614493962,-0.035741670768552974,0.027843254346797824,-0.031314248934078116,-0.00019197107634425452,-0.013461637640913925,-0.004275899977641092,-0.04303006451763757,-0.05925786355545907
GRHL2,0.2628448727571375,-0.07589254637216633,0.07303867127534239,-0.05298551694917239,-0.12660482837892925,0.01306072152204456,0.07297719987168656,0.009778229702088767,0.018526151134843287,-0.00012731205760495572,-0.058497265506302513,0.04837032831103104,-4.52079894187116e-05,-0.045152805042117834,0.026482699777130834,0.00035355494838222004,-0.06393969430184443,-0.023078461044737895
LAD1,0.3080849022426613,0.01031110986075869,-0.03612075300975259,0.05044966302448962,-0.07518072212938429,-0.007099993301877945,0.0801141818388688,0.019182146148587105,0.0019522314793908693,-0.01626414085435435,-0.043748309083074276,0.03358741840892938,0.06955338594595398,-0.019529336323234132,-0.012890375358820821,-0.04015828353710763,-0.02514064325558684,0.028205249638200237
JCHAIN,0.25540613064555634,0.028992877370191038,0.1321608831201234,0.02493978260705734,0.1433208792382481,0.050974693374500266,-0.0491143034086442,0.00946593499853362,-0.03616050761650126,-0.023834274333541582,-2.178481721395388e-05,0.0006676770641777234,-0.039962299845293786,5.645618575569061e-05,0.011925701189481889,0.023082564170313097,0.08100419957987157,0.026323837226711513
ENSG00000269968,0.020270065138148694,-0.00016075012546008162,-0.08613918780119569,-0.07578167173046803,0.030488941627854912,0.0003327739490414774,0.01897820299433219,0.01681370948035133,0.0010471464366219407,0.08266750865438068,0.029148520135988273,0.050393381101824786,0.04567638028936361,0.0006750510282888681,-0.042873788815673934,-0.060245522826726294,0.16513087045580802,0.025568804952726138
SAA1,0.15195852837014492,0.037562481573265354,-0.0715362713109126,0.0831018014270943,0.00020696833635857657,0.12915918218900824,-0.019005029156404646,0.05165041562342754,0.08953605103242777,-0.0012135278214273134,-0.028612597007672224,-0.09238685026233108,0.04003049293809283,0.03891359954575154,-0.14647415212875362,0.08307136972056632,0.0710603988767654,0.10163736145052855
C19orf33,0.2653556575263339,0.021215061681193702,-0.02126400216917743,0.0012381153928072328,0.012444743980327518,-0.13285218812228716,0.05670095264842164,0.055929583442849054,0.06191867067734496,0.0002045405144252306,0.041915431268680234,0.041083633509354636,0.019835744157057463,0.07035266245818796,-0.0457488797753443,-0.07826023298645242,0.021778765665222712,0.08244989772381041
ADH1B,0.014625044699491135,0.1498400379657685,0.04963849348444676,0.05049780365599849,0.043510215058388146,0.18224219980554676,0.03521763439959541,0.033769895123945286,0.03121362801954073,-0.045374608664162056,0.11202123975851001,-0.11240091130472232,-0.0637357437554678,0.002291834972583656,0.11443612610540933,0.03613132011178684,-0.0004717130602759429,0.05400184199786196
BCAS1,0.015570618832666345,-0.06149610395993899,0.1818381672684635,0.17063267461587275,-0.15479458210603883,0.025102342303018808,-0.024204993679263355,0.0602621067785861,0.04442170937338752,0.08978011877338372,-0.07729235723766728,-0.017284222499255028,-0.07503796523673685,0.11255949599151747,0.07618210309293007,-0.037700685961311854,0.014714975898782982,-0.020856671853874086
EPS8L3,0.07320898525507728,0.15587659327623954,0.04747624691398155,0.16051048580404964,-0.06792802711592597,-0.10060851199232808,0.010023483330212343,-0.1263368470184,0.00045595692641893086,-0.0679389365914802,-0.025316676681620992,-0.004231428938483322,0.018972445799821047,0.047880459384238266,0.0008814872004001291,0.00020552148956004662,-0.020278843186436694,0.011347968936048522
GPM6A,-0.23897992938956336,-0.0885602487570072,0.10920980606441014,0.09359158390883804,0.04605256370334924,-0.01655976840272264,0.04460851769574673,0.09703070591073429,-0.00029109312413547607,-0.026487289073773998,-0.06998666882796759,-0.08399879608665202,-0.03587440977614129,0.020180370363240042,0.03321424060724925,-0.026228780789997495,0.02004492747339498,0.03222989324837505
POF1B,0.21076422245893095,0.018237910141197022,0.0157074581114412,0.14902832319760126,-0.0766661107820916,-0.07940978862500639,-0.02644679232469518,-0.00947342035018097,0.01648271419472024,-0.0178443821020171,0.04479084633043374,0.03433399047439293,-0.06075795502896007,0.006257440039889574,0.07837998947081132,-0.01640484045550511,-0.01632905253108724,-0.0366837728422992
IGLV1-40,0.23776952127416134,-0.011924744305350298,0.10653862014866475,0.05215040951230054,0.1842455413387484,0.06764120962215456,-0.04586713561498063,-0.0002809229576614085,-0.036485095956052795,-0.009317713910118515,-0.0178607182230709,0.028755677230170845,-0.009919320458215282,0.009458030028031379,-0.0005585656583415387,0.0003177068253454872,-0.01937740302870757,-0.0012263929690674504
ZG16B,0.1895356459714653,0.01974305139267511,0.16169654822840482,8.105042093694703e-06,-0.19307465090661455,0.04760129107654428,-0.0808889465607648,0.03709785052943598,0.05458156317539542,-7.215575328978789e-05,-0.02116580346893366,0.00010847721074789795,-0.06953196583552365,0.03840291660881537,-0.00011338305832799369,0.05415312828446455,0.027547650687520617,0.017564070261515536
KNG1,-0.07258768326182553,0.1360327579469284,-0.12637223565699268,0.044462114226326864,-0.03790851858542297,0.17005672814403391,0.033897030022843465,-0.03710183527049541,0.01580965735801681,-0.003226928148874243,-0.007736857724066699,0.05342285709858164,0.04367923341435047,0.02422691902977143,-0.0006103743111294583,-0.025893220152384558,0.0022809707060871707,-0.022598406881660225
MMP12,0.21508053114116638,-0.07828610454312096,-0.020411612838212686,0.1314505263493102,0.029820161918261444,-0.031849248577233605,-0.0019379371953459172,-0.0824317977698693,-0.013065888610555229,0.036437291269630016,-9.036743758936008e-05,-0.03225289962832888,0.05492394732627966,-0.06897114820469791,-0.049083348718075494,-0.06279305233932952,-0.07256180525243687,-0.02646556682446798
KRT8,0.27032056785915565,0.15801316782663197,0.029420438268470142,-0.07681345088174941,-0.06316960422169225,-0.01017544178528553,0.048550421840034844,0.04032976095320534,0.040041688478895894,-0.016006349964639816,1.8122371218329154e-05,0.04932766050905953,0.08797655500443684,-0.0017015461493214104,0.03599412051492077,-0.0242865208039654,-0.027077474316038942,0.04724186099960434
NPY,-0.1323662332312414,-0.07683872691801341,0.10424660627308507,0.0009016658712506047,-0.1308884518609754,0.0711746059962989,-0.021175577432163546,0.09172669860438286,-0.17809607935284688,-0.05245598822215221,0.08882176859732153,0.08423529739823916,-0.04321363467912048,0.02088152924190598,-0.1124433867715827,-0.053382515853995595,-0.0022808666657870773,0.0014538335172363792
DPP6,-0.23079360686696376,-0.11487496897542178,0.0643084637461243,0.08002461696254955,0.03402646175255801,-0.02702178272645391,0.03648978853354415,-0.02603191055393397,-0.018637464998496743,-0.06157302667189457,0.04077780576430501,0.069798396100961,0.016185018835398437,0.030969628233048774,-0.000840640970364578,0.04828225531002429,0.013075962808037897,0.0505846378361121
UGT2B7,-0.07336911408019915,0.22031138667422168,-0.08881355833024765,0.0676056449560154,0.06426064115762298,-0.0337893629403463,-0.04468597808226492,0.11682947521728287,0.02304575638446353,-0.02042398564218675,3.970467149321439e-05,0.04725019550893038,0.039521136711296256,0.0487338467673936,0.018173429537262243,0.0007483505127482964,0.00047634480478963724,-0.00022505720215408435
PRAP1,0.03624919404192472,0.23880555763192318,-0.06479624452546243,0.16408644041023876,-0.03891199893846631,-0.02257469145023109,-0.018951423011844066,0.0004390489096662648,-0.0009092012023292999,-0.05828831402977627,-0.025265940014479987,0.05411945928202417,0.06429377520162341,-0.06870375269555747,0.07337312824111128,-0.06316650200722197,0.023621546356228283,0.002664166860021567
PRSS3,0.051051863994535554,0.00012321431349345878,6.124017223125629e-05,0.24960478856303095,-0.07408027531678227,-0.08917867785636603,-5.7562929582918184e-05,-0.12108260870962367,-0.019340363988011512,-0.09893695978971956,0.05940463183008995,0.0547811776355348,-0.04012953403073427,0.023681053689747242,-0.0331611980014293,-0.017318702608206334,0.006046493361947649,0.002778208983404248
PCSK9,0.17406030385320392,0.04022193530129392,-0.11087339215948419,0.17721294268377258,-0.026948193895654914,0.014364984286080408,0.017578286549405842,-0.08422369053428899,0.003391691867183125,-0.010607242072519096,0.03449567311841021,-0.0026228515428756752,0.06591396737932381,-0.14051443914327824,-0.0008074851585297668,0.010931713495809384,-0.02059354960165172,-0.03180846099325527
PROM1,0.01568317266379369,0.06722197911374513,0.17516084132930224,0.10697103859003698,0.01016420570186473,-0.10390729982603517,-0.03712086401975503,0.09061553397138036,0.11508883443222719,0.010167831379756055,-0.018709198437218556,-0.010556764849152427,0.15557421076979655,-0.04548323817096986,-0.0030132065823088774,0.08253271111091001,0.05589152698015147,-0.051492510928677376
ACSM2B,-0.07067286862076477,0.18963100567690044,-0.1509138954855927,0.04180512866856752,0.06111483988729681,0.019113743149991175,-0.034192846578591035,0.12871243460136128,0.0157540163364506,0.01129387794887218,-0.03982162459264576,0.04366803063847398,-0.029507419093335548,-0.01828519926524538,0.0007280078107986994,-0.0582719703975353,0.00019404063458744905,0.019195669394360976
APOB,-0.02294197217083777,0.16714788295801694,-0.14168546978256996,0.0446872892682039,-0.005856583486389475,0.11488854510019451,0.04309466209795714,-0.050934545760317626,0.008910140842563707,-0.02553228649324513,-0.0487513172862606,0.057665025136550384,0.041069734932800146,3.5851192165062366e-05,-0.000273683254733337,0.00011199299229120017,0.01444660493380123,0.0005026831520498643
SACK1E,0.23438871113029658,-0.001708661650500572,0.09663666712361416,0.12124432598016067,-0.10614626819870597,-0.01661398868380907,0.012520102978512101,-6.47581136397344e-06,0.029476660638943546,0.08000640845066789,0.034274594741690444,-7.050572192948531e-05,-0.03701922111481269,-0.07826113409105234,0.00012332244148745075,0.045904010511202006,0.019625771451162,-0.0001748800773981841
ACSM2A,-0.0558307052047507,0.18408984820062194,-0.14514704100335535,0.021369706230159883,0.0625482674454387,4.931045768984398e-05,-0.03737796357533519,0.13916315586393058,0.002172511050331958,0.02631719848489923,-0.030686595245768607,0.051523469534310966,-0.02973566764448034,-0.0202338420669174,-0.0004842640909961436,-0.060943673645681956,-0.0017126901910165153,0.034084722210027237
ITIH2,-0.07231905851328319,0.11682497017991643,-0.08736013917778714,0.15537731332644666,-0.011308530968547482,0.17145363854424608,0.09279860900687696,-0.0005624531168645573,0.03725244536891386,-0.00017462961506903258,-0.02174903417467648,-0.019892800114633572,0.042302951857315294,0.018192669831485393,-0.026160043328063605,-0.017743219057445376,0.00012254188544176254,-0.015312555852566485
ADH1C,0.0994969445319238,0.13510356778824975,0.031032184767929738,0.13170098959467383,-0.09994330162255241,0.10743928033415921,0.039174465566057796,-0.020361474234327773,-0.05249913047967608,0.0013975702370049843,0.0495766160560638,-0.05882611177207516,0.021118170503216543,0.02625214441833924,0.10816374435245951,0.0959861997912154,0.023362029208725776,-0.03518084102008472
BPIFB1,0.10315962008089559,-0.013066002961602794,0.09877536150710496,0.07820525746118587,-0.00011670977005358134,0.03588028899454793,0.033213851545353744,0.02121085763247038,0.08286803458003857,0.12660102411613522,0.09743304457494138,-0.03675966690899506,-0.10658689285031286,0.0014872683133919271,0.05767960587207311,0.13207505308986867,0.044741582595009856,0.0011374832199451074
IGHGP,0.22772136922819916,-0.023503482313778565,0.07217714949614848,0.020676553592688402,0.18051651496047483,0.08431746525638553,-0.05135181675049591,-0.004066980148822472,-0.03841271203549106,4.601041286255223e-05,-0.02269699070761917,0.05742190445258788,0.009406080757005015,0.006949852752063581,-0.021698143252713017,-0.04876066205128529,0.042797811562199826,0.009474076745579011
INA,-0.13538822801994443,-0.14827489790761333,0.014016531156288035,0.10060566602001293,0.00021902944739392362,0.00027757934190927435,0.012589794179943848,-0.021739056752896585,-0.030220640662365253,0.0021942091565616945,0.12389565120381735,0.22378490290796357,0.1090258581005074,0.044716430305472905,0.06633035563823216,-0.057511378997257015,-0.0007560725925724177,-0.0008522536435554754
SERPINA5,-0.04237846823845061,0.14327554971281609,0.03459697726344114,0.03538203751376912,-0.029303195715867213,0.15758578767656367,-0.025289932642363067,0.018099116979422295,0.18065124681962863,-0.061395185046076856,0.10130860154348499,0.02450265825956652,0.06595904374618193,0.022363497936209994,-0.04825387874710904,0.1065764955628077,-0.0018962988542457482,-0.10027318286419856
WDR72,0.12351381994016548,0.07247444460603909,-0.11323569770925242,0.024069610150893362,0.0642687167716784,-0.09803603323671087,0.06808074703900233,0.039879957317775806,-0.005444969182149888,-0.06623108122440877,0.021430615647118883,0.08151048691995579,0.053601563626691474,-0.04005201126481642,0.15400414810146296,0.037594785809642865,-0.038950687328921686,-0.03903867140687785
IGLV3-21,0.2190490516756295,-0.03012161554450232,0.0931513868940277,0.06247881073556727,0.17975960694821186,0.07046902824175423,-0.04644462568068241,-0.013963376378809744,-0.034858220046579236,0.011588691797828218,-0.032151752562925816,0.030629228488432414,0.01063782790184611,2.1331827541686936e-05,-0.0006329880059964841,-0.0003025080815503431,-0.04613295024086466,-0.0036822325402287998
REG1A,0.04841174976310502,0.14642713662387677,0.05789588970345659,0.12599008264417885,-0.012008830869121002,-0.11639467196287026,-0.04425300865154541,-0.01702404760255496,0.02390395196695882,-0.08301106708719333,0.015007264112211934,-0.04315205247485801,-0.02562490355317093,0.06590080193853233,-0.015458937934511825,0.0859499873273723,-0.020529251505138704,0.03963695617456792
DEFB1,0.1183227110898382,0.10981536083863651,-0.13294641320679085,0.0653775387084264,0.0007340101609746123,-0.013116278562055543,-0.013526003450696076,0.1875205467836279,0.030116556542811652,-7.594577918713061e-05,0.02334962944252056,0.039343217750387245,0.05539226656948447,0.07100473141077285,-0.06384884693846342,0.09100417578016624,0.003901692570934589,-0.09315617895448383
AGT,-0.20428800027282354,0.14364265896344816,0.052561874754187075,0.1574877655338698,0.00939721638549588,0.062193584309425384,0.03159666774708117,0.07343433613408558,0.04779415907341102,-0.06931026052055936,-0.029562160751553632,-0.07329774830242441,-0.04488168907053652,0.01826751129662932,4.539032932310157e-05,-0.06265363222803855,0.013985740642905595,-0.02309386680271591
BHMT,-0.056205225694122146,0.19375802876749093,-0.13924573329819961,0.023171965637586507,0.06430885737689535,0.012295932392340633,-0.039199321490517115,0.11393308174410746,0.00017051805568828467,-5.093395370529185e-05,0.013801776314369523,0.08716971612017542,-0.0017404502006555913,0.05196119846204157,0.12257580812394166,-0.08216465633068994,-0.0006305982043482737,-0.00023666982008510302
MTND4P12,-0.02911278979769575,0.03351348038732102,-0.012822031957141553,-0.028515541135460044,0.00034503135775651266,0.011886709808198002,0.019647766989196146,0.04093908132314142,-3.633815626220367e-05,0.0010602544831128193,-0.0012236041587532355,0.07524699013243244,-0.015543163945742204,0.0061761594959269025,0.004857467647870195,-0.007339334741741655,-0.012743485873748038,-0.006940340454299346
SDR16C5,0.1931118998357814,-0.06616177427399614,-0.0003538397449866025,0.1170759821965877,-5.893979437002355e-05,-3.0476655183108878e-05,0.06537305231689412,-0.02457948231723268,0.10594163930490007,0.053257254114775804,0.059976035634622525,-0.03708964017842615,-0.12472060110504414,-0.07391955751821105,-0.06533862340895481,0.03271212992989749,-0.027964623550840405,0.03157238761917166
IGLL5,0.24354371205047182,-0.008135518240954265,0.10089492396611031,0.04619979569570964,0.17790392471123095,0.07140308050625628,-0.054814937139993074,-0.011038284622114458,-0.03701800768451939,-0.008969969471857948,-0.0263499794520241,0.03454061150045139,0.0059289358416218674,0.013897983621484694,-0.007778069133722295,-5.796480781567999e-06,0.04025437984486767,0.012202335452890617
CXCL14,0.12317195222450683,-0.044318679589028666,0.044378960804576775,0.0266426747200635,0.05617141059802888,-0.0992065753152766,-0.020509049623695857,0.15647252284599225,0.08819331384455481,-0.10398816593425016,-0.04543860371516223,-0.10030748889431737,-0.039189663784154345,-0.05329445643899761,0.026299991961938274,-0.06523322583820228,0.08399940084521051,0.036779631185298
KRT20,0.05190137066429442,0.06794762948738153,0.0486659606158777,0.07726070432235901,-0.06551845642075302,-0.0976481851034033,-0.009744599642874805,-0.1466083579096283,-0.0002564426946134431,-0.04006023455309496,-0.037791880266946486,0.055446281061190233,-0.014527768316230436,0.05890226822132083,0.12226170633603421,-0.09344143086039722,0.017143366773284863,0.00019278955869900073
UGT1A6,0.06934236568308325,0.09684845411031398,-0.1488000355046596,0.12638290800255406,0.039189716585233826,-0.0003129772457132014,-0.002015964821065157,0.11620509520217823,-0.011044187014879279,0.01990101181598699,0.02464932656743774,0.03958165291266381,-0.03662292211688623,0.03798608878440537,0.1875185518179656,-0.03391861213383322,-0.02755890991044226,-0.03692035791973598
NSG2,-0.2177882936408292,-0.11114585904023036,0.0729902880983459,0.11945748402135106,-0.0002495338377063513,-0.00018560168573390152,-0.002694991419800109,-0.00015154930208189472,0.026316553342430358,-0.02647648927884713,0.07153429218594984,0.1359659460470761,-0.07902421020064801,0.010064943286300178,-0.035952058993891076,-0.03593589053199852,0.00018868354771303366,0.04781697763704395
IGLV2-23,0.22853418500138195,-0.00991766213068942,0.11062533541841309,0.04363156127080402,0.18705548676446462,0.07821826673529327,-0.04744955797641533,1.1571127503048868e-05,-0.030151852605063822,-0.009549494523244963,-0.02774176028973346,0.04090735323919452,-0.011889188845350805,0.00012927036876205425,-0.00040767928489687707,0.000518656091483062,-0.018415570294959424,0.0002866132739224454
AQP5,0.073148934879891,-0.03181860083904617,0.10729796420952128,0.019697822652673818,0.037751799588177336,-0.04080483216144779,0.15057024987744203,-0.03265769637074831,0.04987979832993687,0.01488327032194091,0.11064953178877504,-0.00030729739305797484,0.11340494872959697,4.7571722735565476e-05,-0.048705991397321804,0.1950931410000458,0.10225925083681535,-0.01164824802423631
TTR,-0.01880414361397859,0.156904833927224,-0.07473500176932762,0.09612777135182346,-0.05942173238211528,0.16026555977366466,0.07893648167280944,-0.024591691304757437,-0.03020400161010521,-0.06202998256605218,0.044142890733022556,0.026843501336104244,0.06558005161680434,0.06516316085990266,-0.005597196174320865,0.04637420340030351,-0.06567174975559309,-0.025071397098266147
ENSG00000281194,0.14410539802906117,-0.1377765093062211,-0.15347338221383375,0.06145674344930787,0.014458014757503726,0.001427930330903255,0.012459554747270405,0.04002289536888319,-0.0005161647891613633,0.0007930933425856364,0.02141313738178263,-0.010212034144317095,-0.002395744384102733,-0.0010887083520819017,-0.047374917557361,0.005452320092389118,-0.02525914938744564,0.01870749922195171
VTN,-0.10325836224912881,0.15990772933065728,-0.06964973515782653,0.10834091276525527,-0.009431755714247947,0.19840551644017024,0.047885304928507316,-0.06198838516061405,-0.0002613348489384115,-0.06036505037139311,0.11194678524118383,-0.008652000218401602,0.06540506292472131,0.07341844235116478,-0.0005029568231105586,0.002708342229106722,-0.06766110478846653,0.023291955844301895
FAM3D,0.1896095905381313,0.010848424369053034,0.10374810287922573,0.12048800163870854,-0.14578880617956233,-0.09661954331908218,0.024802661397658812,0.013524421518589706,-0.11667982652468777,-0.051319972923799924,-0.033061632787989605,-0.013348353033942304,-0.05434258852327478,0.023648777367938415,0.05400052802846265,0.0332500366307901,0.08507666347295999,-0.04455563370568055
VSIG2,0.13323621742584726,0.03495020542655514,0.149914299166677,-0.0011018820115486368,-0.07365986403556654,-0.027882483831240423,0.1722035339764849,-0.0009968663989546914,-0.07519517831099619,-0.03586901997070328,0.055303998660553834,0.02852044966090223,-0.01872111560400177,0.17273064522433643,0.13034032774555263,0.016726131371679557,0.03673136721640506,0.0009418038373373946
GPR87,0.17157623551129386,-0.15626979662102586,-0.14626034313387026,0.04962117332775704,-0.020449086039669717,0.04534135829984012,0.02686846211921996,0.08657673291872688,-0.02750354850221246,0.031728359032906925,0.05107403601415167,-1.4605057962232414e-05,-0.025909924677447085,0.06566039096343483,0.03837014293070935,-0.043880252189677164,-0.030801414369275696,0.03223042601585776
KLK11,0.15343488754645634,-0.08613269409364051,0.018959262033942867,0.04048237141970107,-0.09071816151052306,-0.0025549304358582522,0.07160257688236839,0.07292079303835453,-0.09613872724651298,-0.06699833737693403,0.03779080516678576,-0.07582198776482661,-0.0002462494722148697,-0.03117621514175032,-0.11403817827271964,0.1158781548728928,0.028924348382375033,0.035590583698315054
NAT8,-0.059279318111372735,0.21701665494737096,-0.12324668489215715,0.02022384287035133,0.08407994502281721,-0.01240447886688938,-0.05819998693148123,0.16852404139107466,0.03454779330638113,-0.020331862030817896,-0.023073285812440152,0.01641061608819394,-0.04539033766586229,-0.0094836298052621,0.03205566317419344,-0.044260382777715726,0.027265061938404573,0.02866102746481603
SMIM24,0.0007087643234774655,0.19411398869201513,0.04327956528449162,0.10819074771781284,-7.459914544003747e-07,-0.16857119945669471,-0.04542452063760086,0.075845394596009,-0.021477042748168217,-0.04403943513719462,-0.0016028683270482727,0.02681781227813112,0.08948166008873298,0.0028299553395114475,0.02967006007668524,0.07889819028667916,0.01506365438057125,0.053134606407808434
FOLR1,0.025738195991881284,0.07544709094740323,0.09557039137195465,-0.027467880660110477,0.15048122102974446,-0.09555949178844272,0.14781022213140715,0.1408302308854897,0.06065856581950645,0.07497206395044871,0.07774898287103707,-0.016082773729994563,0.06666978759825143,-0.05435500915095612,-0.023275001360191717,0.06439964770644936,0.08375246856998905,-0.019010876110774084
HEPN1,-0.19514917131678053,-0.08346032700381917,0.016922019623578057,0.13110255265793128,0.00651732818686644,0.01298979146289775,0.04238921741015669,8.511166968109722e-06,0.0496940312234442,0.0422254281585056,-0.1321561631850073,-0.012376894860328789,-0.027098990098452673,0.040047060918267,-0.00940739330783824,-0.05060206585268593,0.00283350509734728,-0.00022329511239927704
SERPINB3,0.13471602457556175,-0.14561746686435664,-0.17281535054879718,0.0976085391378928,-0.00043846320433562486,-8.533066248410772e-06,0.011968785171179493,0.055811455057424755,-0.012199106818388306,0.0007061077180087194,0.02782428144808481,0.0018016452220319147,-0.06723069005255347,0.011188348546506363,-0.03074717449397318,0.05343108189362384,0.016567371789102385,-0.037842925378650215
SEZ6L,-0.21753301204283207,-0.11356337493608996,0.07846039047490841,0.10526924997180667,-0.02018919621243773,0.018475605391421714,-0.005118409769326741,0.00027951837270368023,0.05811048479444571,-0.028737256265487777,0.06264946133305706,0.12965283862253288,-0.03717121122908623,0.010798067447694466,-0.020630116803905536,-0.0003610300833880758,-0.021898487197762474,0.01708516515975302
IGLV3-1,0.22450198006749783,-0.021081478764635387,0.09392644656896204,0.05891304276988833,0.18682074616131855,0.07360593912490403,-0.0546931495291208,-0.015367062576481814,-0.030024493139697794,0.015930448429533867,-0.02956702341021475,0.03534171431186141,0.012730407287021824,-0.00019281466544389516,5.6574338855890685e-05,0.0003658015154771732,-0.039792882311317924,0.00032725297709699255
CLRN3,0.02336988309464459,0.2209184962430287,-0.00014184651709054115,0.1297316902862895,-0.0002795043180402534,-0.14911867220647348,-0.06295526582767023,0.024863190234296905,-0.01170814611694534,-0.07591851843879924,-0.02205268873014896,-0.011330485248568698,-0.04955384052152249,-0.03535268906457348,-2.2148276993564904e-05,-0.00017782098021739255,0.010291954637876993,0.0333327218438211
TNR,-0.21726457776049415,-0.09318432988212157,-0.012553962058519842,0.08814248112276198,-9.46597302864643e-05,-0.026123628039427513,0.02401283179629567,0.002827574979247767,0.014295026672133521,0.04619039163145258,-0.05001161525423778,0.08416221938221098,-0.03193675029473926,0.030833049213114336,-0.07078309950790701,-0.00015942568384062251,0.0006842419744962168,0.04675705991258963
KLK4,0.00705267110959921,8.9891121950621e-05,0.10834547311712693,-0.1277091636183624,-0.18090155620475737,0.09925752454600577,-0.04431185387952627,0.11329180725645835,-0.12866687351495082,-0.05796652508480286,-0.03036793787119479,-0.03061381179555581,-0.05476418617578365,0.017321196347024087,-0.057384383863957805,0.00033336117844189576,-0.028503343145414223,-0.05973324101346012
MUC6,0.06432953222063711,0.0481003736373882,0.08176071566031314,0.07106037873433393,-0.05403254413519134,0.00031201344525833485,0.014043661379895399,-0.02636500753471506,0.0614236120788949,-0.0327881624234757,0.03963113451514257,-0.045844421216729735,0.001410697345898217,0.08893937938708292,-0.04983777428289318,0.13374041155082364,-0.026821823850939917,0.018983037579963946
SLC39A5,-0.0025557127964203692,0.2706561170041346,-0.018956503742700283,0.1450463145502377,-5.934336877135795e-05,-0.09024845114439978,-0.030670650123972788,0.03568889554709032,0.010607498097663239,-0.08124665475656981,-0.031045207873875783,0.029059518990881533,0.021425217617800554,-0.05508112743141272,0.03476277204244154,-0.03337528571824317,0.02118106829247052,0.03799963103598149
LINC02532,-0.056721756862848284,0.22452818346971576,-0.07282634252421681,0.04788327884476083,0.07220465195412819,-0.03783071824194869,-0.04890065424496896,0.1306924706497645,0.026322515543923054,-0.0002066569081177007,0.04068408423267324,0.0010854936430445149,0.009755311750315543,0.06537502591702438,0.0002036007075274983,0.055553802864612,-0.04249458275705985,0.00026978079752382363
FUT3,0.22591381817775677,3.231788908404831e-05,-1.2693683253038427e-05,0.168292194173606,-0.013538484824453155,-0.12446081009320643,0.04881297219870497,1.8833614058436424e-05,0.05490629077258691,0.07629040206636414,0.018853598568721767,0.018841436397394648,-0.0353699502332059,0.028702228970954705,0.00010138721599503838,-0.03599110519989164,0.027095376427345014,-0.02629176088756919
IHH,0.06006337473372592,0.18084824666857102,0.09056772794869805,0.09934165571729901,-0.1211749098413835,-0.06715563473888202,-0.028265061836451003,0.0028759438628435403,-0.08759044510466202,-0.0669770631976818,-0.03283492315062105,0.007512701583191701,0.03147034240748014,-0.03073417200147709,0.0003758264289109051,-0.00010829123678658949,0.018556309908744715,-0.008463012009911775
AKR1C2,0.0951516397016562,0.0007111900254356825,-0.15787272553870801,0.13334231846816424,0.024599809022342257,0.07732867684487747,0.0414627767517836,0.09462562980750475,0.016504778514474006,0.018941074999003982,0.12561902525180146,0.047709953778079406,-0.06306480883730002,-0.0001599082403267797,0.14608665251788133,-0.040946501467674805,-0.0005954016611879126,-0.036904381635586805
CPLX2,-0.18048780183511104,-0.04943230216411972,0.0003061891984154777,0.1043459541584038,0.021364752369854603,0.010013502765696231,-1.651464243212454e-05,-0.013784465971314271,0.046845153953866604,-0.03714032824332515,0.09283622607998701,0.14816452811405675,-0.07909928141752105,-0.035038901809166884,-0.07254088721595313,-0.03216903688663309,-0.022305459359696495,0.013821375127324589
LRRC15,0.17487024059508607,-0.06353869555910684,0.05698831124244273,0.005891033813793852,0.03241386201675306,0.05773746763548332,-0.043867067845459524,-0.07358430512081088,0.19841042901610537,-0.05123309117889267,0.044745446554793504,-0.1630973508231415,-0.05123868114757415,-0.06509502475325485,0.01427227569428008,-0.08253440946816369,-0.07228844007876949,0.0003300693809264207
PPP2R2C,-0.01958341217698436,-0.18687914169956674,-0.010840633511503895,0.10798581510731285,-0.06578414196812427,0.0655651873093251,-0.05141830333596409,0.08630211798217197,0.01682326483611785,-0.05226916212349464,0.07619794089194548,0.06449465069145939,-0.016388456194380945,-0.10101848951646863,-0.09955541389202088,0.006916491800994157,-0.04529931156532166,-0.0016290148083142179
SLC4A4,-0.16248387017800328,0.08264635982244709,0.15489037937456415,0.075619804023028,1.8378762039808594e-05,-0.03559214358862977,0.05121085769350154,0.1844284044574725,-0.1259532311847608,-3.5372893944797686e-06,0.0002281722846807583,-0.07687884681398031,-0.06760421469900643,0.06795474151940695,0.00022320174151144217,0.04314704782831629,-0.04954149449796588,0.028670322386778812
CLDN10,-0.048673983336305,0.014837953945696166,0.04340503689417304,0.046995149563416175,0.12240606728489554,-0.058876677899777984,0.11663110208124969,0.1831018005107698,-0.0001264487879027945,0.02810950077906095,0.028569547816154735,-0.02551619508267469,0.09695381551383142,-0.004141870040318377,-0.030060011762933332,0.041538382089137973,0.04632583935153519,9.885770012620546e-05
IGLV3-19,0.22219769200223843,-0.014359670861402453,0.09937720734470043,0.04720577221866609,0.18676241701660382,0.07571283336770439,-0.04733571665782577,-0.011320214325850097,-0.029132236387983897,0.010818969661766839,-0.033985480068548964,0.03298439177355811,8.46210013997649e-05,0.0001921988882457159,0.003247052871481316,0.0011378916012359478,-0.037077442146393566,0.00017641599300832774
GBP6,0.15689369666541567,-0.1629894720574789,-0.17115369212998263,0.0646884422469995,0.041907300216286726,0.0008627358752670395,0.026165748807540513,0.05199006198825694,-0.019454853056210728,-0.00043738046417134575,0.0011264643651761879,-0.023008635768622544,-0.0655728744644296,-0.048312595420049155,0.036567170959105166,0.040099250919471426,-0.022775915188665067,-0.02985263913384647
A2ML1,0.060191278652593376,-0.17618543751489055,-0.15054855811138632,0.12104693256935123,1.6038677872620247e-05,0.01796800864752471,-0.00017782743583418643,0.06758235857283382,-0.019294887421625263,-0.016201302316634084,-0.06659866115463205,0.02406234783049178,0.02730003559793301,0.027113088237068633,0.0201971376499642,0.0015171420416294381,0.006062840085762158,-0.07329108221277139
VTCN1,0.12512604391859913,-0.039212126670861075,0.06277620164732706,-0.029529026831291584,-0.015683863018528255,0.05357511570104275,0.027330956418671032,0.12034696680962823,0.20513683408828115,0.03184915135694671,0.04010532146856049,0.04314717752679437,0.09836480601762099,0.038709893103522214,0.027898473934607856,0.08913284997959542,0.027639755089953085,-0.0674208105596179
IGLV3-25,0.22589062948499838,-0.02618399335563635,0.09924489495693752,0.061549733042377944,0.17939228478767635,0.07208795232866327,-0.05525630462400691,-0.00825734174680704,-0.029415776664056224,0.01338722197119028,-0.029263489384329867,0.027893423537241214,0.012888801061487766,-0.000718447813215344,0.011234218144066142,0.011013701166539644,-0.050523374293910454,-0.0009589954888158689
POU3F3,-0.18371084924433564,0.019421951781385,-0.018119575104844625,0.053159644819809455,0.0742834651064884,-0.0832203443157059,-6.109037285856093e-05,0.16226392468637285,0.0005588599109984619,0.05706864021500821,-0.0690663089606509,0.025433719485863263,-0.04917433805322806,0.05733741463095544,-0.03526732938372904,-0.05633650717478041,-0.0006985078843313978,-0.0003336166543774899
GREM1,0.18844280240601097,-0.0640382176766827,0.11240816969712585,0.10982760598992311,-0.03933422804612603,0.03545361658949671,-0.056529914102677735,-0.02919960349367706,0.05578462138154221,-0.0782090740724418,0.038238182851620256,-0.17107734838302938,-0.008302288799766784,-0.02801623019274484,0.019642218070006684,-0.10983422742353709,-0.1116137815806593,-0.03996489243322211
SPRR2D,0.1396176754595084,-0.16288232439590858,-0.19655483469922727,0.08083360666256495,0.0070350592633457954,0.0032498543607196034,-9.386473189249497e-06,0.06268081211180018,-0.015316781135911688,-0.040420408722695166,-0.003577607623009662,-0.024949889421496285,-0.10792353731283647,-0.08193910916218032,-0.047623975624315244,0.0333943284256359,0.02864891922654474,-0.08186032690973429
ALDH3B2,0.1744365544490099,-0.15454062240188474,-0.015528159711003848,5.028774884389799e-05,-0.1073944447216499,0.09151949395642664,-0.033114845237002984,0.09792015457448214,0.09107285415976098,0.04990927781054886,-0.005256616818377318,0.06882310632528317,-0.05391745697385,-0.00066974952135825,0.014697672998635855,0.00028304384051788996,0.019651910900075467,-0.04213189111871757
TNNT1,0.09366977478902436,-0.14615634565246688,-0.036367678476337664,0.047383155554996656,0.0047861771667182165,0.03266310595622156,-0.030608960682397678,4.801179168182355e-05,0.154215530594368,0.06941490815790011,0.04283435075091383,0.0021173378822848406,0.13936548442677324,-0.07545289127125826,-0.08987464682259143,-0.05995436184654472,-0.027698602506768685,0.017697003992539616
COL11A1,0.07381223792495226,-0.09795941163287746,0.06552538666948621,0.05146698446556334,0.04106203803906101,0.04334554684975885,-0.05005876478647896,-0.07359055492518239,0.20959066599175807,-0.022477264938900735,0.035051422870732256,-0.17892537164501235,0.034750378219012064,-0.07219968641779924,0.020748321345913097,-0.1344546623016268,-0.09548523691986387,0.025652524382987683
HOXB13,0.0543644518808305,0.011445442929775191,0.11793016401168437,-0.026944096611301867,-0.17395848938298322,0.025156613911057495,-0.032366613847923636,0.037273141295341976,-0.15614202639911884,-0.04303240586355224,-0.03383831653669485,-0.00029494835809217967,0.05589754982297825,-0.05693135593278477,-0.025176384871562013,-0.029934505377233862,-0.01683153429052813,-0.018682849830871814
PCK1,7.962323032520282e-05,0.23271022848086984,-0.06401755072375703,0.08287435059786742,0.00014907507190312373,-0.01571504152583916,-0.03218984218795029,0.031050271269371047,0.04974059350444289,-0.0487499207594532,-0.03452928789213296,0.02273392621624034,-0.023265820224271455,-0.029545571753339113,0.03040330342172406,-0.022399678166618447,0.0008016611288064046,4.359292357437721e-05
NKX2-1,0.05506188592761568,0.04626803700973243,0.060514508360535964,-0.11967209048666559,0.10892628572933809,-3.210674628088052e-05,0.24112597576948194,-0.04068996444258834,-0.017994515716376298,0.046743140937730146,0.052272251077934054,-0.02579432721704173,-0.09803182321481282,-0.07392249232469868,0.0023941556712452133,-0.04512770110799156,-0.00021054305220853922,0.01648059313299447
SFTA3,0.07766967591428652,0.01999456427717775,0.05484273964164727,-0.10311347156938214,0.11674731081147399,0.0017840607977881583,0.2710271377582244,-0.05975521128866038,-0.03841890199733573,0.04269208709856577,0.046499463467902354,-0.04143972671632751,-0.08820702578604953,-0.08066062878688976,-6.487737453408576e-05,-0.06701340340300964,0.01379485209365199,4.336607995596301e-05
IGHV3-33,0.22044915588339498,-0.012769017056342343,0.11233266759050932,0.0445536665535335,0.1798271503556608,0.07016058015329937,-0.051378273474170795,-0.004870145575985979,-0.031810480689506516,-0.012632997093406224,-0.024486324805174604,0.02834114915786592,-0.0001719104750794123,-0.00025065571492944276,0.011894358021150816,0.00767247186647671,-0.049644848234101965,-0.00012768627142507874
ENSG00000281415,0.1149589119354884,3.1293028005317595e-05,0.05648827551479697,-0.1014182228964448,0.03024893102206648,0.04202003338928378,0.10863827696873743,0.05676620318266798,0.13957503422954434,0.07640079984208155,0.037538017702244415,0.05340254193806377,0.0435371571418012,0.14156822441482092,0.001950335497538596,-0.03644610003470414,-0.07388765498830827,0.003051974781504595
SERPINA6,-0.08920348054333456,0.20975927257094007,-0.060359249195657376,0.03290663860794354,0.01929880279947215,0.07480120196903942,0.016318938265174693,0.07017889656787422,0.08564670248284645,-0.05170602946428135,-0.016354640144421215,0.04892781856626604,-0.03415860691771483,0.004505478591808839,0.0002358880990881391,0.00020753967388191695,-0.004709806813678173,0.01942295050180929
ZDHHC22,-0.177041165008018,-0.06599779086439919,0.0013796200287802263,0.12491949802995479,0.018337765249671956,-0.014047277286926075,0.015480804389120173,-0.00017541687135366987,0.022951931689884107,0.07401622876537711,-0.09754059964487866,0.05946636354673711,-0.021055829036403753,0.01376578472175665,-0.04242376876967032,-0.009860061036206456,0.013866248711156994,0.05058954459362535
IGLV1-44,0.22953432801583792,-0.01203715074732153,0.1052813054619095,0.05553982671631832,0.1853859784013259,0.0710679348123732,-0.04561894371690182,-0.007930799775991983,-0.03313677270121272,-0.0019692260348914744,-0.026900791798904977,0.03357922507609682,-0.0002689575315123546,0.00596146544110762,0.00028257706918791126,0.012313311183233403,-0.02815756709390624,0.00013613811339200304
HHLA2,0.05808652094002849,0.17746302351011098,0.04426202946946498,0.11830256286881985,0.035727293037305485,-0.15858248307581815,-0.04873121451005176,0.06250048133697272,0.0005587322068817561,0.03792000621593268,0.041206941984598754,-0.05492230509909451,-0.0788206693558323,-0.041990184327660884,0.03245177815366716,-0.0057672122204427256,-0.000662390290688522,0.038416269154642795
LHFPL4,-0.17731881531364496,-0.08245904952008717,-8.806834956226493e-05,0.11075163657906165,0.019476679843389397,0.002761411397122522,-0.00019368958090983234,-0.032836317852821886,0.002980173664057777,0.03353832915192853,0.016498590169492188,0.11188295990108436,-0.009483310649622208,0.0021200868415079633,-0.059944149028141575,-0.059244243908795687,-0.000268353882981334,0.02277896091242117
PCSK1N,-0.17435094357036074,-0.03731108833094862,0.10778522530718763,0.031993465511866125,0.0434867691812074,-0.05881531591782365,0.05015416969442156,0.07891984669588775,-0.039252805274611884,-0.04922763619351701,0.15574078390291896,0.118186525626026,0.1174593749047418,-0.0017234710863528596,-0.08603502970020012,-0.021962242300931974,-0.0002266168741600115,-0.04241009389118808
IGLV1-51,0.24068443724322128,-0.005483774472115095,0.10846024375196958,0.03949354952495648,0.1829142494079334,0.06987317245952063,-0.046154038488004805,1.9627046055897482e-05,-0.03222242263739326,-0.017117621195786747,-0.01736223366697046,0.035470319244843604,-4.647910771113915e-05,0.0001922970402005154,-8.436669276299021e-05,-4.977792895251871e-05,0.0029844663531545714,-9.721955634827906e-05
ERN2,0.1276988915258326,0.07279755393407007,0.08489884231083393,0.16365841563569059,-0.09085883525616337,-0.08540602870457546,0.02675312742865061,-0.0734735459296884,-0.03281934621104636,0.04891898025572644,0.042888248457917166,-0.0015115264816409164,-0.04068221238463726,0.07050682681377543,0.06169683625716787,0.08497871353477514,0.040416235012484786,-7.548492882349916e-05
ASCL1,-0.19010984465449637,-0.07609750344170597,0.04295234079118358,0.08590458533085392,-0.0001333768402338054,0.0001475360119413687,0.003691798859701681,0.03161106405988153,0.04889071619998335,0.039513154252892195,-0.025185634328889008,0.09186995270414457,-0.04277077255430241,-0.05269715284988478,0.009384978495200522,-0.01782517146090129,0.034464081131372996,0.057875270023032735
IGHV3-21,0.2214444286434197,-0.02013201942302406,0.11045409706664815,0.0647249280426283,0.18469130794855732,0.07114936568100697,-0.044513442982536316,-0.01270294708573877,-0.02385969884010159,-7.771499917736032e-05,-0.04182579160353043,0.0321237916405078,-4.155805425598633e-05,-0.0009213561990310889,0.0008917252540870988,0.009035294788692132,-0.07184562228311028,-0.012910071445538681
S100A9,0.21429263280692767,-0.13673763704887698,-0.1443516185645325,0.08761736921250775,0.06009919047742973,-0.00015095675695834992,1.3253784741939169e-05,0.04520942265861155,0.03169169784241875,0.05101132515838046,0.02712702573078956,-0.043865209721022765,-0.01386768250902472,0.0461153103998496,-0.07599037029364034,-0.0769987849378233,0.08521294665219734,-0.053897655206327305
ELAPOR1,0.10606970725683079,-0.03021517445040777,0.24640272397259252,0.011082985429998719,-0.12951753227017926,0.05899253379064432,-0.025613110128877598,0.03700227661609653,0.056226532571065385,-0.030448379972854978,0.027112766033177683,0.04906693827440048,-0.08866559130006069,-0.15141320882046613,-0.005996635520702781,0.06456170515189888,0.06165869849692026,-0.005406038933006989
ACMSD,-0.049510808106718554,0.22422752945064434,-0.09942887603354744,0.02302255466845048,0.06853718591912829,0.020635376897442593,-0.026948625659375294,0.14415453929624064,0.06135285249967203,-5.671175812398499e-05,0.01990570806454919,-5.363223585803288e-05,-0.05186006385191639,0.0010353775232369532,-0.008788084604357453,-0.014950193950835312,0.012269619789229379,0.034514274801757436
DDC,-0.019585947303319584,0.20755154672601223,0.014099344359920277,0.11100960083080284,-0.026816097647147402,-0.051266176418016965,-0.05492765144747973,0.02927554421716357,-0.06451215642891321,-0.09285693659258011,0.1284964915268508,0.1410079159557379,-0.10543963753496645,-0.08491725230720734,-0.02259106403739303,-0.06276457939030695,0.020464838502507247,0.022155888614664283
MUC4,0.1860218004995422,-0.035903394728461185,0.041646671873809674,0.14027793154805188,-0.017848493187082502,-0.08095935341318412,0.06902607484740118,0.03641354447530716,-0.07513196584526245,0.10633992156772125,0.04181242378728339,0.0009458333147580548,0.03079363304760362,-0.02241971831062224,0.038264682995270555,0.05048238696660554,0.03987300505085616,-0.03304647995600252
S100A1,-0.1410259312057567,8.877730944950959e-05,0.037496157829048714,-0.0915838001520074,0.11099060715742048,-0.04967589543904256,0.10265918513200784,0.08020762524013489,0.1498326509323424,-0.1350789597663811,-0.13205647453842972,-0.003455956379319978,0.035885352658127444,0.0002673184856260884,-0.04510941809490345,0.09068164574724837,0.046691010190238934,9.387063880732787e-05
LY6K,0.13677436235428722,-0.17803893929526016,-0.10887127223647683,7.77487483955622e-05,1.4045710612211727e-05,0.03854966771804313,-0.015479956349264325,0.04653980314404863,0.029233892453398913,0.08570786692184511,0.05289553772098821,0.015409617676198376,0.08959466528965346,0.03366294063568441,0.027595944973629563,0.0012861739998292912,0.021778410687140013,0.038229043508857016
F2,-0.04449980351255903,0.1593821001043028,-0.12342615207216028,0.07244474382793009,0.013028434135242331,0.15453963812728375,0.08370194670468231,-0.02423934539046116,-0.00012724718031288359,-0.035797877260706996,-0.006232055286863532,0.02511906669712516,0.027898413101348843,-0.026988365765854554,0.0012439901636181507,-0.03461773813607209,6.144629417594308e-05,-0.02845126066859965
C2orf72,-0.13173935462523492,0.09186120252159449,0.13194359478704065,0.1811259849324722,-0.12718276812484097,0.08581438104703201,-0.04071506523413898,0.050324934020695704,-0.00013977952946271245,-0.02245315370199831,-0.07390952476772625,0.00016388141090273317,0.01685921600119956,-0.038285392607076085,0.010166759126854698,-0.0012628709437152441,-0.03113316930800695,-0.027555985385917713
ADCYAP1R1,-0.24372464006746586,-0.12911301377646683,0.09385167560188316,0.08533029036586577,0.029757647486150767,-0.010158475717533505,0.020361405017496576,0.020100629721280554,0.06017290548163388,-0.04474203364270334,0.00040531119875296905,0.020486078206067238,0.016584197918040437,-0.005556786752413145,-5.721720635467033e-06,0.00015909951511225548,0.03862167005709918,-0.011817028846175718
CALML5,0.1039673335787787,-0.13664219425625926,-0.137647495109196,0.020380822655200616,0.014761214840575538,0.035132998232602554,-0.03201218489652247,0.03716375422964105,0.12560001558380351,-0.04665062361780805,-0.03877926497474747,0.03467178486985772,-0.05389365707436108,-0.012692012303515618,-0.0011661631393335011,0.03479313833458768,0.05619968704961034,-0.07136132064226988
KRT4,0.07656496454790579,-0.12316771549328297,-0.1116187686933194,0.08048653398577531,-0.017350595079266885,0.022497145766310345,0.02970365427632819,0.07158783716824119,-0.059069915597453095,0.024879597988291896,0.04483103997730169,0.03194741967715468,-0.0462234998324483,0.045166110861411174,0.06048056279437774,0.07425386115008548,0.058984336624398406,-0.086460937497399
CP,0.030534614990601488,0.08630333100783608,0.03072391528509398,0.09037550302527322,0.07338241711038766,0.1389165981262889,0.07483373798855897,0.15132952047859444,0.046063843494604496,0.11901193506045744,0.00043119512437426576,-0.1006614839600787,0.07438194984528687,0.026692676540353833,0.0020583825730518444,-0.00046194288959296935,0.0765261716005774,-0.06933953675916527
GRIA2,-0.20439070831560052,-0.07624247052067609,0.030173775170655,0.08958146798831526,0.0017308272492496811,-0.00011424229023560791,-0.0007203772939638664,-0.0027190677737080433,0.07167740784828361,0.009941800570466968,-0.01870697087210561,0.11211390886845653,-0.060631432223482794,0.0016323040998062108,-0.02560403342731422,-0.0020397899188564256,0.03665871366935209,-0.0019812771372895673
LBP,-0.022612369622772993,0.1429234857952091,-0.07592349384011471,0.026279851491427635,0.01329727283955893,0.17272643603492857,0.018638536537236926,0.0002673206247972532,0.06626517680673592,-0.042377199079142246,-0.016255281378974935,-0.03653838674173892,0.03351828470027683,0.013343387463907196,-0.02838538641746759,0.021367279961626524,0.012388957496072708,-0.045661608024046674
GCNT3,0.15475254770842153,0.12509119346482497,0.01494641669646482,0.16151147285097284,0.01844041467761996,-0.14655133972230858,0.041456883686582346,0.02787397271818495,-0.03204702405861555,0.02636319924508221,0.03675802927257559,-0.029245938450898876,-0.02873098495898045,-0.025900078438942372,-0.04092493600640991,0.10288333010074607,-0.024598881686910587,-0.0032285484385632356
IGHV1-69D,0.21631209427552406,-0.027492465052369516,0.09492013207384638,0.0675839068603438,0.18223648284215815,0.07312764846502769,-0.04573406010845633,-0.0212096628264539,-0.03136066269437134,-3.001041538892667e-05,-0.029974990592708226,0.02527928860386419,-4.975648222390417e-05,-4.2917849598559754e-05,0.004492327999831603,0.012758316013406382,-0.08100923089062143,-0.005304555820269561
B3GAT1,-0.2143892289219455,-0.07772918837807861,0.14139310207842437,-0.0018541292879496343,0.030553030325360234,0.00015433820279855254,0.11219974348161463,0.07820855539760103,-0.1105448800511777,-0.07167321193719901,-0.026447727538961907,0.05193367628019396,0.013063099470726666,0.06935635209384666,-0.06479059488031776,-0.0321539677070179,-9.779337986173619e-05,0.043524010235118225
SOX21,-0.05481438695183896,-0.13649798154977316,-0.03434195972908406,0.17807990411555297,0.0011540154038520284,-0.02940169680488753,0.0335997767064517,0.05332338138086698,-0.04205185152148711,0.06872582773846118,-0.04244421732555277,0.02182058826765081,0.00044270190516747053,-0.018385579906994156,0.07792257921001158,0.056285450930124825,0.01978732901937407,-0.0252387349032692
NKX6-2,-0.12504779070625469,-0.032362411945789864,0.016849300335830954,0.052887861366964,-0.002007356585528769,0.002579869733351202,0.0004141542788430535,-0.019005385554644975,0.025492256754278957,0.07727903246858163,-0.028713613975095857,0.03976244753674135,0.053540046281311884,0.08642540519268432,-0.05182007775771307,0.004020211278194316,0.14928172262037634,0.06732555780652413
RPL10P6,0.01910549781423991,7.261296258585075e-05,0.017607392460989177,-0.02553862959380612,4.382572521551126e-06,-0.0005541719433532743,-0.007587785186965098,0.001972134480651956,0.0009534969472535845,0.018783967434258433,-0.0016397343653338557,0.016348773339625547,0.021044387968692353,-0.028131142866549733,-0.032878862064233655,-0.001235857672476024,0.04469367610120112,0.001703060981505982
IGLV1-47,0.22806071702608713,-0.010475586657690395,0.10192792704611231,0.051162207441893336,0.18599653611251665,0.07143377919721591,-0.044278791994626615,-0.00964364341034619,-0.038305478083897,-0.0002530645812797002,-0.027499967905565362,0.03402565796851342,0.00017997360751673624,0.005913158175738907,0.0006971948918990956,0.012951567081631813,-0.028067401267859757,-0.008440253678432529
ASTN1,-0.218751092491202,-0.119853450606732,0.052790767217891464,0.10321992420042929,0.018218448763824256,-0.02087435816823436,-0.030626701182903122,-0.012184795303158405,0.03212650036556425,-0.001612337014515533,0.043740477226160805,0.07495708001992082,0.02058980941006403,4.72095705652911e-05,-0.02021978121886496,-0.0070495309911806575,0.022894033837470813,8.553112244763124e-05
CDH16,-0.05002743754290707,0.0931346348119323,-0.060593713354111685,-0.06024471480814012,0.07592535191064159,-0.12503495508632428,-0.049635498066696565,0.158755811470002,0.017144031565206774,-0.055240224840713024,-0.024633176126189767,0.04531296505797537,-0.05113425691460508,0.010327254033084956,-0.0011973360445430344,0.06356270747643886,-0.001691570005300225,-0.05105694749116685
KLK6,0.03382689806556646,-0.11527195936660192,-0.03255405888975694,0.17457872696810264,3.097799513852027e-05,-0.06821615019312284,0.04509397089099164,-0.02199251164480235,0.10683620579520338,-0.09002830032845148,-0.046792614057587535,-0.045723873971572494,0.05383304307658422,0.0004011975724122737,-0.11986384673110378,0.041885659613198914,0.0019874678204421874,-0.026108291079301883
GABBR2,-0.16630055251069328,-0.09348736718486082,0.05115334779601597,0.0025750203175749875,0.07244823223547299,-0.0010172605390892052,0.15251447781184177,-0.04215104641254671,0.01420097250303044,-0.02818323210603037,-0.06860269825336464,0.04282703439563562,-0.00013885757840968076,0.07777058750632324,0.03738234296286894,-0.09591049438888025,0.00012943024774482657,-2.451173021164237e-05
GJB5,0.18649607413764446,-0.18081071743787103,-0.12449939673746109,0.09818724779787429,-0.03999461864113321,-0.017740102068207263,0.02516260081200278,0.046662208250251226,-0.021537648836051065,-0.031769943395353134,-0.002825901658212976,0.021982527549493355,0.03501300082938974,0.046430854264105856,0.02963411520427395,0.020110462524691283,-0.0012746253373580516,0.09072273579793677
POU3F2,-0.17240687056611237,-0.07175887908640183,0.04886781845786857,0.08438229202996554,0.022678868803977816,6.917754669903154e-05,0.03189236906950681,0.011192578082545099,-0.0002071145728297263,0.04419680193744716,-0.08473919390560933,0.00010328130631206412,-0.03272463278542332,0.012186517737782435,-0.004212842206323291,-0.03259966283472583,0.022080134015440088,-0.0266442100657318
IGHV4-39,0.2123678208921475,-0.019950706176769716,0.10768836407951113,0.06037696502059668,0.17718382773418523,0.06474012727490604,-0.0433925284745161,-0.01928027667495992,-0.0226940731064119,-0.0002293551717347421,-0.04173540373132777,0.02444924647852527,-4.110142865573875e-06,0.010384124739773962,0.002683672575294678,0.018250094834013013,-0.06930356403330583,-0.006816011895626733
AHSG,-0.05288792964545242,0.14516772394399216,-0.10555239222322421,0.04077624701960746,-0.03421248299781312,0.21222613269386037,0.04374468272474132,-0.023687723006826297,0.015983590957560325,-0.021253972474941044,-0.005295143333766376,0.04672602106641816,0.006189359186170098,-0.0002719174594853114,0.04400130573913703,-0.016949176343271765,-0.0008095572001582019,0.00022484382089550168
FGL1,-0.02960525757157508,0.16041796970633504,-0.054139495240711696,0.09200557917411252,-0.04325454152210654,0.17718918190441282,0.08162734727208619,0.007350714078955225,-0.02095071591414311,0.07354669657564734,0.016907597274433438,0.002535608991561556,0.02821823915769337,-0.0018146310906746602,-0.05002883300053993,-0.04026535734281584,-0.005322988623798667,-0.0003397391702370963
FOXJ1,7.1350721299119924e-06,-0.025173412980358963,0.11491687866485022,0.082243536735897,-0.014698742917013424,-0.02951771244050143,0.0992308540691528,0.07425595712827428,0.05155652427609588,0.15636703931698723,0.0004173069628562021,0.04688199978554924,0.14072645091545083,-0.0010179963152548502,0.0013037843738662959,0.00631060615941042,0.06315214719311099,-0.025948457557194552
SCNN1A,0.2648224278230566,0.05237850929797469,0.06963771705161183,-0.04841382115729847,-0.02891768200809634,-0.059313713903902464,0.10645891911700882,0.08866780323930773,0.0688962372667629,0.011820627008170308,0.0004295056905286505,0.02949203581621662,0.026044308998640863,-0.03945986212729074,-0.0017101800251070481,0.009989461394097895,-0.01846781158916914,-0.039664342729702276
GLYATL1,-0.04851787765033628,0.1786504089289897,0.0022113244156694253,-0.041109541533084604,-0.08532187468868788,0.0879593901179065,-0.10960328352036819,0.20250206208428798,-0.01649827171101224,-0.04246593671961449,-0.06618889408769124,0.01509293575259069,-0.05478729230138032,-0.06637634782561477,-8.992169437268088e-05,-0.042205517562106845,3.412996181486368e-05,0.030549905783309007
HMGA2,0.10416193927197472,-0.04730162462177469,-0.06004174950844261,0.044827738397603595,0.03308076110526288,-0.09983322368821547,0.10360545438903779,-0.09013553014260162,-0.02088579559937623,-0.1049190135661894,0.012904997313987492,-0.054325614871633295,0.13995092185152308,-0.10980359227293539,-0.03121941390525858,-0.0326714684749585,-0.04387942731630073,-0.006928387265113721
CERS3,0.1434324505977184,-0.15334933829257763,-0.1957821313000065,0.08164708479519583,-0.019746344787333864,0.0176354653455639,0.00023387796654056187,0.0414169491022006,-0.037277372741001694,-0.011436969834868135,-0.00018042430447025567,0.022595392302355532,-0.01689338378423777,-0.03877207677008961,0.051066131992396825,-7.59206239286908e-06,0.018360434079152423,-0.0004249375506586312
ATP1A2,-0.22348688041826043,-0.0998751752303667,0.13693353770268368,0.083122631384881,-0.001634262225490615,0.017608658605243167,0.006140982900227273,0.10915858266036517,-0.02761270785046827,-0.07951514797128728,-0.03570787695360202,-0.10177892034524239,-0.018542733395152267,0.033980321053297124,0.058444617449482615,-0.019856298571393396,0.03693774612077506,0.0007628209760177868
HOXC10,0.019849678455935597,0.028358662439895155,-0.03215795276688827,-0.01604948530688306,0.06384623868207369,-0.02692550099582266,-0.12893550595977274,0.09030551642233511,0.1809812328274505,-0.014958587522440928,0.11046599018067621,0.019543593223926355,-0.04250942601902978,-0.027978682021773667,0.02192167462630627,0.05842437264991414,-0.0004053927110687531,-0.038387871711182665
SCRG1,-0.2020403315198929,-0.1056023515501115,0.08608270516811364,0.11668640862725063,-0.03300705661019803,0.015458223649492264,-0.03220681405212073,0.0381138134864796,-0.03459503264675711,-0.04539246431866013,-0.026998609728757474,-0.07653767953745483,0.031223863365005954,0.09673199903138736,-0.00023741904508020348,-0.01854841994267034,0.025949571582380825,-0.002866469483202836
HNF1A,0.020236089194488726,0.2478586965369089,-0.013569970077705122,0.10023012140464713,-0.0011008100043698582,-0.08350028272463847,-0.0001472812507298122,0.0014117528316255155,-0.0003531370925300482,-0.07138912715775295,-0.0008627110019295972,0.02115846410646749,-0.02658639668562773,0.000593158774701059,-0.02590141781331831,-0.00027745258742015676,-0.00038618143183273947,0.00015889429692647286
TSPAN1,0.19887652012781945,0.0913570889048191,0.1057272263090346,-0.04688152956771221,-0.09316017081959473,-0.0878535717632273,0.06125135737179732,0.17035282171281035,-0.023872805767464075,-0.02331913106451573,-0.0437567716693517,7.833150647503855e-05,-0.07496427511103446,0.05664140604296818,-0.0390786863382172,-0.013564204432168766,0.002076589872549876,5.214690395742104e-05
PDZK1,-0.0695975066764777,0.22329173278874248,-0.054680582490785085,0.03594747241951198,0.0431736684337084,0.014838294144927574,-0.08093282447932036,0.134452068189822,0.17851800491925146,-0.10423056859834609,0.04310707100047772,0.08022183594370956,-0.051195672704670375,-0.002569622653132768,-0.0020355204883286547,0.01600705403500506,-5.4105616903670154e-05,0.029969949839322618
IGHV1-18,0.21873460374762685,-0.023177170469839904,0.10730140602754985,0.06580074607485753,0.187902699845823,0.06781158499099439,-0.04439362310124984,-0.017776393965086852,-0.019721752016918045,7.366296572594261e-05,-0.04332452299880272,0.028549337055007923,-0.00338702164517124,-0.00019525850995038687,0.01102598316266337,0.009379581687547456,-0.08562688594952107,-0.019246673041576116
MUC16,0.09702786120160105,-0.07353993768161106,0.015571736683077953,0.02254174549802639,0.0394984225418815,0.013928606531019894,0.0724243103154657,0.013001441836241003,0.09426957148086458,0.08936956577186295,0.07015048860766418,0.0004818349479105212,0.129811807637297,0.06098186101047367,-0.12313708097517367,0.08065615340420516,0.0009722182114690287,-0.025232911196564695
NAPSA,0.06123305290500238,0.05785552428982721,0.060083155639480586,-0.03386959100382407,0.17734623495863688,-0.04080463316676202,0.14820630590599432,0.12820392412404463,-0.041787832313317064,0.2303416934792426,0.11050486850580554,-0.042028498428142665,-0.05539565978575056,-0.13696969673509807,0.026365359027297048,-0.08029728966413778,0.019961307467494627,0.0763270303254367
GRIA4,-0.21361328779674296,-0.06498628085656932,0.01620325957963035,0.11651499964876913,0.03329970611425348,-2.2458779168561126e-06,-0.02598557341265121,0.0494616046459974,0.06438856446519116,-0.019943828260941154,-0.013854580872535703,0.06413048319803494,-0.08014594157081921,0.04161762213490764,-0.025436809338498814,-0.03903971566626589,0.02591340601392471,0.03786144975633134
TMPRSS11D,0.08335265808954632,-0.11942254974422539,-0.16399188376256912,0.07800472444967707,3.419206066008725e-05,0.022190630205184334,-0.00019212194980170003,0.005299056329263952,-0.03398994840427257,-0.025278405278538717,-0.02141859158616463,0.0008746580542509164,-0.06592950685498898,-0.08629451072192161,-0.00282516730324003,0.04575211408560068,0.04350800674950575,-0.07581333655493865
GAP43,-0.19141357658867011,-0.1499718868377315,0.07838215859248891,0.10626384124935033,0.05187089977629045,-0.005156703650187097,0.052821307463099605,-0.00012304143912821765,0.00056423624118376,-0.0969421717622647,0.016794421548561287,-0.08980550941951068,0.05751416284923306,0.0009256454322261897,0.02625478257522019,-0.08278294758866026,0.023310168792769346,0.0007811963847434314
TCEAL2,-0.2047245601491775,-0.11401262375038787,0.13692426301807856,0.03705020284999901,-0.003916801683553103,0.0009716011475990812,0.06946357117581713,0.04465820459311288,-0.07598504220891185,-0.12193820875387926,0.06880373460960414,0.0009450499746020065,0.03986394580177899,0.027272252457672955,0.009992056152469087,0.014164818092562533,0.03174009600000241,0.00013182468952869055
CYP2B7P,0.05856489840622198,0.044761337899189825,0.09682129685975593,0.05879666049659977,9.209664934671945e-06,0.16125926111528285,0.09591904449308455,0.012132533670035629,0.16025373019380706,0.14812283774013763,0.07134553361435093,-0.04136450555642753,-0.12051295205911178,-0.10154099958902442,0.05642677340127832,0.04585267411634306,0.018619701764177876,0.036442039072793836
DAPL1,0.04569470099325008,-0.16797763266803017,-0.04578790033811902,-4.2902501254870805e-05,0.041568428486570566,-0.050754086050661486,0.1572249416024497,0.022216215978593048,-0.04725354999308399,-0.12626830801153843,-0.03664696381514203,0.05066203923557471,-0.0005335029510619881,-0.06613523704154188,0.07925768809115491,0.11388178229561786,0.06972974848065637,-0.06265411777049647
C4BPB,0.05410246543712736,0.1859313826123635,0.00010035400200821852,0.1519131778280488,-0.0632443500093821,0.09732007745478582,0.06574418606065897,-0.11564710920662957,0.028908461016659174,0.0491597698679202,0.018379892701969023,-0.060731779986052746,-0.0002692838384230831,0.003497451894155729,-0.033601046263532795,0.056578237670927574,-0.0012682650556201127,0.009017785090831154
SAA2,0.1474105130424217,0.055573288712416964,-0.06322482235943071,0.08442928051497853,0.007628430803920964,0.12032198946954477,0.015707416039960197,0.04505507512878849,0.07634910546828778,8.40955527536596e-05,-0.022985501410680235,-0.07573813966479719,0.042805049204169415,0.0543891321467989,-0.1466385148696877,0.0837434004346417,0.06381029185568865,0.06058593831663992
CAPN8,0.158960595105386,0.060575667615676794,0.18438685961203186,0.08763164067485048,-0.07461053571122085,-6.319530726637842e-05,0.07678507083991076,-0.06624271286767694,0.13562162492941535,0.1113554666940668,0.048406984666923634,-0.019396425483628188,-0.09044976071947473,0.03861978196188834,0.03986668618821025,0.02387573836783098,0.03512019053227141,0.05322606677298312
NCCRP1,0.20218188335337647,-0.1497890917067162,-0.09684393199060615,0.025066479183978307,-0.0031646249442279797,0.03613480258760248,0.020338352252556972,0.04222064798543921,0.04468275716212798,0.0010521213731133079,0.019221793668951992,0.04144126553758463,0.05309923701433766,0.07734136913017231,0.004598534380824488,0.03620524035272596,0.01011894755427919,-0.05652786704993084
CDH3,0.23281762057369423,-0.1813202909485832,0.020152394233556026,1.6812076537451572e-05,-0.02746631569637185,-0.04761332147412555,0.07130199266727481,-0.021872859647174045,-5.7271389900052255e-05,-0.03646451867921052,-0.04133554697171803,-0.056537075717078486,0.12074534216482906,-0.03750191974806182,-0.03551397171535345,-0.017020248298249243,-0.023242540584460326,0.0808551640980827
MMP10,0.17586815473099238,-0.11987863148204167,-0.04228289311044146,0.07790053119272333,-0.07418611484775291,0.015146576926784727,-0.01205847667235731,0.05853068839870182,0.005660695632324987,-0.0169260947907121,0.04115783580715834,-0.040569161639615325,0.0002029670192279821,-0.04390954229472085,-0.047002392309827126,0.0003173872581047255,-0.051933023564365875,-0.0010241345389603368
SHD,-0.18620901737163661,-0.006077366699038235,0.03899562219402345,0.18345847281486852,-0.026496789146902993,-0.007395883893462341,0.0073255303773890005,-0.08599601017147494,6.816979917949674e-05,-0.034881834297098645,-0.094192660274367,0.06278234154860235,0.007048645933935284,-0.04553919864083394,0.016087949881038746,-0.06756899480208242,0.02652027008017301,0.010231794644201805
TMEM40,0.19350664166623882,-0.16358784537996504,-0.14881102898492277,0.03134352905080651,-0.036243216202673255,0.05406855154904996,0.013263470815983584,0.06017681137928089,0.024869349063416292,0.03191641350718008,0.028664951545951067,0.04767698418578329,0.0051312034982026414,0.07397149246025832,0.05568943845662319,-0.041418747123915155,0.006624037749476863,0.010865839381852772
SFTPC,0.0017091816288925504,-0.038210543231981614,0.06422640608287633,0.050027790885550906,0.10570827853088874,0.027315586152607756,0.12580378421694066,0.0017997696787411613,-0.021154240814666225,0.23940480054600974,0.10124551462461748,-0.04744741136716966,-0.09497212937080995,-0.14663203504222563,0.05786369574461989,-0.007510124094979662,-0.013390532321722408,0.03852495062291537
PCP4,-0.0786468052143207,-0.029622701966954844,0.1280832676952686,-0.08200779347188042,-0.019101282453455038,-0.02725929501249334,0.13986521425575169,0.07659422712381776,-0.1370730881006258,-0.07366003442340809,0.01932554583577844,-0.021613998936773144,0.03233384206893556,0.020515154083818994,-0.03654980913415386,-0.05295228267213168,0.0032111453638831197,-0.07060489161976259
SPRR1A,0.16223108542226664,-0.17101718546683733,-0.2079866817667608,0.09441128123012225,-0.008668541900351268,-0.013671868609044385,0.007222953268620665,0.0495941709057556,-0.020809623265818148,-0.03289077415100031,0.013350826673624956,0.022706888565032553,-0.08361439725623482,0.014751262264394374,0.04656872515707996,0.004149669287612365,0.015663234968277116,-0.0899890388480216
ORM2,-0.021919556280746384,0.1502277731765605,-0.034843232048177186,0.05998220187419018,-0.07145774972514188,0.2159169648614206,0.07510753267076344,0.03490555996461171,-0.05748788463204428,0.0674821027921348,0.0019291787676417212,-0.02181623226904611,0.017367548382827898,-0.019760574929019163,-0.045785268143242464,0.01102790640693966,0.01178094822683079,-0.021933819427780915
IGHV5-51,0.2232934495276618,-0.02146064423744778,0.11012665780249166,0.06708910516307769,0.18383046573889592,0.06753602487815734,-0.048204746170535814,-0.00833596567978497,-0.029844811293763082,0.00010987701330178133,-0.03063847048730308,0.0303787505277644,-0.0047306455328455545,-0.00022770106316083842,0.013655132538120321,0.019234504927578184,-0.07111858527938647,-0.0006654802688170456
OGDHL,-0.16623870476596414,0.09280627235438622,-0.056191364473695195,-0.020448230664069915,0.05760871017286257,-0.03441716420311364,0.04316950605976938,0.12353080968078904,-0.10238348869249138,-0.0910799068400898,0.082681634983425,0.1830175643875429,0.09514926284446944,-0.06747978615632273,-0.01952537931065211,0.08294928026457546,-0.055046484292530194,-0.055319771324779866
ALDH3A1,0.17716893818534127,-0.03005931827592932,-0.1256529821880491,0.16114098886777412,-5.267971662237503e-06,-0.03760452526101608,0.0612976328348886,0.0404140518874255,-0.06689427772426672,0.03155522160464526,0.02418749572625847,-0.03814263988511457,0.018564658235551278,-0.04941077560335504,0.09759820007806604,0.09383960956682295,0.044291110879620295,-0.001200046232993849
IRX2,0.09219752087107401,-0.11324967721620689,0.0794029301790278,-0.0011091640189279514,-0.04605770449536714,0.06764698861199579,0.03663321726931503,0.05641950646385921,0.046512806647957525,-0.00019457786765128505,-0.04352419806507013,-0.07447131163130698,-0.06170460296469912,-0.1337186638050751,-0.02026451080888266,0.022561961087219688,-0.04775101239371956,0.11097348562883506
CXCL1,0.20176995419613072,-0.008000384953542881,-0.03562689851460124,0.17334054552794945,0.0004966362430873924,-0.08397301212769646,-0.017977748904814368,0.050541887108753465,-0.0506381160874202,0.047422258684043546,0.03247829386024535,-0.08540299919583638,0.05957598767580768,0.01786950402118807,-0.106465112327065,-0.03611392926958349,0.02886593604300552,0.017843549974744948
B3GNT3,0.20322424432447483,0.07474520432282883,0.02131341472706817,0.13285772682338204,-0.001408858718555072,-0.1136121022802198,0.10534321654772873,0.012890919337669235,0.02842448280836108,-5.912440851344969e-05,0.00010004929697161248,0.020746909633315234,0.025312118218604004,0.0966476670390937,-0.020234195267936194,-0.10837206673422534,-0.010170492122211681,-0.01193136121361721
DUOXA2,0.11266709149430634,0.013133128907440538,-0.022848647747234385,0.06966771045643787,-0.006840072922761898,-0.10880076485138736,0.14915376040444114,-0.08786245581723309,-0.040442135673771126,-0.1278811341674096,-0.05287010254211877,-0.00022156372472382612,-0.06062112093525182,0.11448042383012726,0.03933577601706798,0.06822596147542773,0.036941070690781036,-0.03080513210316527
FAM3B,0.15698902171302062,0.031735313179956995,0.12579514674313816,0.01587984458595098,-0.12374559142975497,0.05086802903079808,0.08005685536226961,0.04272275841911577,-0.08207445658677527,0.043934334697030716,-0.000942884780802656,0.04715537949549828,0.050837273182505985,0.054425320828056775,0.11162596961610655,0.02269141156209385,0.047037669548042345,-0.004618239467383185
LYPD3,0.25275256646323196,-0.17345397631286616,-0.08698514138344704,-0.00010069129877716175,-0.07634990776346262,0.05685495737598977,-0.020682010994035584,0.06105963133651502,0.05371405389401618,-0.006182368835068577,-0.000127831596604124,0.028686841028041934,-0.0004684271829756342,0.030625047191197213,0.02359518894759785,-0.03213578326538483,-0.008572026998111349,0.006379209720516163
CTNNA2,-0.20790783335299637,-0.08738032405854816,0.018501178098116865,0.10604272191634687,-0.0008794187099041738,-0.0006637047267075777,-0.00039136072961082927,-0.01589572244646197,0.009742891059489256,0.027982815334973467,-0.00010636144879157867,0.1010784984951307,0.017360911620435508,0.013221452511371455,-0.03403412625796792,-0.012583532264561992,0.027954733911528404,-0.04481681304940281
SACK1C,0.09907979405641573,-0.14102816696938633,-0.12808420821483724,0.022766705803053056,0.01881179499586568,-0.0065118702923286365,0.02619036948392988,0.027688889584191988,0.004054307409591687,-0.02008850419190914,-0.0037801929269297998,0.017146162962044024,-0.10474517407177217,0.029850973778404667,0.06408706892232047,-0.0006713120247835869,0.003954304204704434,-0.04595218371574455
ENSG00000275216,0.10728629155300927,-0.05688797269657515,-0.09650302814160668,0.056168604334485166,-0.03157172228154746,-0.020145016105619903,-0.023960010237647964,-0.029941178364894672,-0.00015869930540728054,-0.05316534266336136,-0.028133123465066526,-0.04407360923285949,-0.0015524384475477328,-0.028644182156730806,-0.07725023136119792,-0.038418071162464915,-0.06291444363799946,0.0037774692522969605
FUT6,0.08600093052734341,0.14201275147527545,-0.034029291985722736,0.16437497893474878,-2.416240022674974e-05,-0.10209145631137594,-0.020148260199708296,0.05020688241292589,0.03012140972508756,-0.00034458529542438196,0.03364921051606529,0.02352470335387454,-0.10940925349412335,0.01842118711296133,0.025678721950780126,0.03164102705015708,0.05398155303389084,-0.05587284469609841
IGLV2-11,0.22356661913933312,-0.0095025641772793,0.11423226536912091,0.05111671018648193,0.18898634643796478,0.06653711163235525,-0.04332121575338561,6.379359951592569e-05,-0.027783747913609616,-0.013342968968313893,-0.027262810952687795,0.024329869828935268,-0.02702436727216031,0.0001942966366948735,0.00838231775707643,0.014740190301926491,-0.037809469665511526,-0.00026879328947740014
CYP4A11,-0.051980124889891115,0.17925043268040614,-0.12664199252604544,0.0409745121286903,0.02297246703388688,0.0860872486705781,-0.025721435329685977,0.07016670907730285,0.0006064330672254052,-0.015579190743725642,-0.023052708877203093,-0.011108412844016133,-0.0372997941296598,-0.0013371529079335095,-0.0006504047166919391,-0.03986175590242611,-2.0369464123257595e-05,0.023716535854325885
LIX1,-0.20267478051833215,-0.04554331461040438,0.00023884355770877112,0.055127848969249826,0.027190559271064087,-0.035753679889807106,0.06432237027219273,0.052160016800210644,-0.015502074555822589,-0.001634185237947468,-0.11076717380904218,0.019187417663982426,0.0436642436851946,0.025845354226812313,-0.006438827123168236,-0.026477870478147394,0.037492660378868316,0.018035605518143736
LMO3,-0.0878484570316971,-0.09619206280637083,0.18333579383876453,-0.02390665187259554,0.07317799396345863,-0.01697376177129826,0.22478498794317506,-0.0002746881291858643,-0.029388876786093823,0.0027827424526582632,-0.0008034295471178174,-0.08602036657024553,-0.01556329076108623,-0.018582386569737652,0.08032897413497153,-0.04554439968584654,0.020683511914613806,0.022139054334602674
STMN4,-0.21731778546106045,-0.11318066372384925,0.05097313822142153,0.12824921069134768,0.024735770691991454,-2.3826116588981405e-05,0.03394113424040654,-0.02351620601032652,0.02437777688593268,0.013640445508135863,-0.00016430242007590393,0.07530503472418854,-0.05424259093409816,0.01755106304922216,-0.04492449400521996,-0.046724586970680444,0.01700401869913393,0.00010858709759924975
IGHV4-59,0.21772123066713628,-0.013108885506456036,0.11416561154581333,0.05920561917314909,0.18395186336884478,0.06957592582355591,-0.046366277861634844,-0.019234239089643897,-0.02690503327701413,-0.010306782366950769,-0.04588567009375647,0.030288161718293512,-0.00140136384397489,-4.042163653546845e-06,0.016331535459042118,0.025875067924207393,-0.07439541876313989,0.0146448475240821
CRABP2,0.16862130079082321,-0.18211505755821622,0.02860933566150039,-0.08871277801813011,-0.014148835185796965,0.04058842262811644,0.049762471924085484,-0.02411996318113813,0.16323868489598184,8.083415220648307e-05,0.07621230655916696,-0.03531300329134978,0.054392032019522946,0.03904746689603361,0.01046941555743921,-0.0242350823121239,0.05696329261357372,0.03286250481377733
SERPIND1,-0.001030001183204804,0.15297259897685964,-0.08178641962439873,0.10908267019639172,-0.0010377409618210118,0.16310974686829252,0.12249832001799431,-0.04415667154507812,-0.0007302420208798405,0.04495882734195505,0.04789224989471816,-0.024567135798431356,0.004071558570247621,-0.054615999774224544,0.02851452549463526,-0.04247991978669188,0.006999025902444383,0.002545585397352542
MMP13,0.11255435493517302,-0.1015680284014271,-0.07476173978978616,0.0003158712844359966,0.03442515248007208,0.054569765711464484,-0.00022345837421540674,0.0063782515965602315,0.1414889370518884,-0.0001720556708620708,0.05859154425265141,-0.09815337256623236,-0.0934253830718056,-0.033097270992434764,-0.0004580777960208653,-0.09708581061366188,-0.07211769962339833,0.0006736670933420858
AFAP1-AS1,0.10764656432836961,0.01710327495168079,0.0021830036428412006,0.0980389870132666,0.031218030267338385,-0.00012528115680809606,0.04318182237351194,-0.032461187835121454,6.61217280914671e-06,0.12211010554303797,0.08993927605414027,-0.0763980717962754,0.038165728298251426,0.03496889019750819,-0.054149103957277206,0.05662376377663178,-0.08300231477016616,0.074347551712238
SALL1,-0.19145643298441725,0.07677225999035465,-0.007314555871262729,0.032300502097257607,0.11314038394414737,-0.052986325346783075,0.09678819201362861,0.09611115059149411,0.060607317902073105,-0.11421059050026316,-0.12713390884361903,-0.009598351195709672,0.07121492372135087,-0.0208792068520469,0.03804502004656054,-0.0009347748892333242,0.010423894613318366,-0.06338400395246008
NKAIN4,-0.22412146729418553,-0.04888701978315585,0.036454025241077305,0.06501142808283286,0.11122242395447503,-0.08711770877106984,0.05822255394260293,0.05251255477566264,0.03296966500116356,-0.00568452169603924,-0.06129560745589509,-0.002503047899479858,0.1068460515881511,0.010157015481181508,-0.016345079536361568,0.00014394223300501474,0.00047562429263462135,0.04833601315779774
LPAR3,0.14894648214048728,-0.14864208992646183,-0.06251516107187378,-0.00010945419552075372,-0.10217301944731812,0.07915739110329419,4.457983901662945e-05,0.09965371039920551,-0.08902898376989905,0.03141974743967224,0.027235224798440708,0.041794765640693024,0.07105114631337202,-0.06580123109729075,0.000659766522283544,0.011051880424695668,-0.016013307273950735,5.134402625902984e-05
SOX8,-0.2188995837228194,-0.10655563866193504,0.1413136019777052,0.09862818983640076,0.017337824817122274,-0.04516401455223143,0.01997879401030237,0.027200721472351176,-0.014734712236800307,-0.04087837540535816,-0.08613856810503552,-0.06091130963091082,0.05247432038755599,0.026597373553471988,-0.01810589545162853,0.04660564445180854,-0.02141999902651966,0.0044300163913332255
MIR9-2HG,-0.21511481632371626,-0.08525452393643013,0.0060735876021325115,0.07285783857057873,0.02540887061108127,-0.0008121049899320905,0.05424015756234022,0.00017806035545062484,0.06079981683087463,0.01919426058202349,-0.11330980147150899,0.021101609738282515,-0.0065463422034624874,0.02081614133844131,-0.0011805793804942307,-0.027690552826453038,0.011860619084590492,-0.0003894875811207055
BMP7,-0.015827590223306064,-0.2014042310213952,0.02257978134716801,0.073002076750301,-0.010041444249566104,-0.06507114907761544,0.11769157989126738,-0.02018464293468832,-0.03551773259207064,-0.1465265848455857,-0.018594016403417967,0.08211745073344869,0.053294392912329756,-0.10292261735242877,0.07696297425274058,0.019003078128206792,0.05988180591246414,-0.013439681198587634
MLC1,-0.20174811752801258,-0.135011601299475,0.09293174417480382,0.14503353332643168,0.04616630008676104,1.219965754502117e-05,3.442378169954938e-05,0.06780224318631119,0.014212254499793847,0.0528777515335918,-0.11081591286976356,-0.07963206840254355,0.0364768362475971,-0.015007399990384177,0.0513815458768712,-0.007816523527511063,0.038975941366480284,0.05034758999943282
ATCAY,-0.19890068468712138,-0.10401846096892675,0.04489964124632628,0.061935154294778076,-0.00010916882227177645,0.046588368584367636,0.03698634817714034,0.0002436321718030227,-0.01422054015049701,-4.1658421641763984e-05,-6.462876295145473e-05,0.1263441866458078,-0.05977689889290054,0.0006739823918858072,-0.038120737057673944,-0.03718291512841035,0.0016416021644122976,0.04667627807478591
CYP4F3,0.0804179398418374,0.08320224299991083,-0.1143656322954917,0.2181936028784625,-0.04109867129872842,0.020173942452511764,0.02826052436196784,7.396460723541859e-05,0.02315959248472454,-0.021521274058293672,-0.03520901524789502,0.02076931891308061,-0.0005960047357483978,-0.012853010611140038,0.11701767758618338,0.0007189938318169962,-0.02667365140616633,-0.039119790637583494
SLC5A1,0.16113775843938913,0.08997727775012668,0.058853918162396136,0.08135700320103346,-0.090525409057862,-0.08355507630066943,-0.07574616491862686,0.0884010573007197,-0.00033486096279541574,-0.06308264337138976,-0.031652788230101925,-0.05937969783245187,-0.07671613015518261,-0.054114814251433135,-0.052551338418874965,0.0791591558274467,0.008035090953126737,-0.01546687901863508
CRP,-0.06654224724701731,0.11497561028611646,-0.08627854689680098,0.10085970884055782,-0.03698668342226507,0.11742205093755968,0.06608890880169542,-0.03358195372325888,0.019402546278348937,-0.015478140585165195,0.00028407089859070606,0.029953764490779678,0.041763939629594515,0.05672414693809196,-0.037142986012567596,0.0263363119068644,-0.02800588398342911,0.001461981967924484
CES1,0.09474655794511344,0.10020733891887974,-0.04008285360510578,0.05689821266301744,-0.015951975148436316,0.18368982080427274,0.08469621992712027,0.038584286851760144,-0.05337674617791335,-0.02375221997212377,0.07308316329819022,-0.09116782743128932,0.038465516201129375,-0.0993217019302395,0.08639721964487224,-0.041225163940853266,0.05872638563530262,-0.023465504431492312
KCNQ2,-0.22439942643685437,-0.09247646419141915,0.055029348298024014,0.08833889354381304,0.00015442608496173325,0.013209737301998205,-0.0004270595036515359,0.026495185716726148,-0.026519127461100217,0.00018804304815979984,0.062258964741243414,0.10083346520555707,-0.0005365760851930688,0.00013072068146295602,-0.06164883807081722,-0.05912790927077291,0.004805459107906128,-2.1248298229804388e-05
AP1M2,0.2686683589282402,0.054088976544106666,0.05172831613387583,-0.08595197507639325,-0.07406726605360137,-0.04888416835495312,0.07496600316801794,0.07471276230033912,0.04379819389094836,-0.028367016108636598,-0.0691541276946366,0.08596668091833856,0.06638002915243418,-0.0273209515912562,-0.008146050297068618,-0.03037783653601543,-0.01141115843486608,0.03155922540612556
ENSG00000240801,-0.0330842952884286,-0.036357905329345595,-0.039842070828449,6.867962335569609e-05,-0.044056027323795016,0.09005852025447346,-0.02258920559684378,-0.09274454445412209,0.06712822123421108,-0.08104231123775758,0.22122306911034628,0.06284203431370607,0.07927979265529497,0.09605793571090464,0.044958316155382795,-0.0932503969029187,0.14294318841256293,-0.020434977833748463
FOXA3,0.0850412775051003,0.1684541191393991,0.06679822621468702,0.17748885039238496,-0.08639762946608166,0.015055867116082472,0.053188111827127744,-0.08931742814139831,-0.027294608556118673,-0.00028517377358689946,0.03639410815575653,0.012962656357616627,0.08234211444853795,-0.05772486026280475,-0.028616322977972983,0.028689114021006556,0.0006954711436928277,-0.0004111133662214919
EPN3,0.25013764430633256,-0.09071490297129052,0.07035139993178212,-0.0191312522177632,-0.14914126400469416,-0.007720480979434278,0.04197338863410485,0.04300680333415147,0.029022143704433147,0.01315834481674283,-0.04034640195194672,0.08396008818537308,-0.0001418087272656558,0.008672949565177494,0.030018495472916906,0.03002277739262946,-0.054407480296457804,1.3101061439538941e-05
SMOC1,-0.17172429451126908,-0.04043871793197883,0.06788908264411694,0.12348039453574232,-0.02927294816538162,0.09843350043383775,0.06493052721418481,0.012425081395625781,-0.03249569932864543,-0.0463438270751186,-0.023203559896786827,-0.043434950354611424,0.0616285174654205,-0.00015275057379825484,-0.07577879095261897,0.0002975979479041391,-0.043028087291770135,-0.018313643618438458
SFTA2,0.120147479441301,0.05177015596199974,0.1041732517121869,0.09146100408376209,0.06552818204934287,-0.060102195520580305,0.18565088292170773,-0.03347504159218504,-0.00047299954740334183,0.18081696870849698,0.13594694081103173,-0.0498938267110628,-0.011698077815583187,-0.02740234032672456,-0.042743981335156375,-4.98023701413452e-05,-0.0005611825361819262,0.007539986604851667
ATP2B2,-0.22105305546465756,0.036323204203067117,-0.052823603358542234,0.11009796611960652,0.0388403098067742,0.03094041542182023,0.0010634609129204207,0.050482422154858146,0.05217756297172893,0.015625428352495842,-0.04038643393682647,0.07089449931102991,0.006137502151480298,0.0007649240551178464,-0.0012185956157962456,-0.0007362652550126043,0.009991724468950603,-0.04158148320293519
KLK7,0.11002572361618465,-0.08623701895396653,-0.08937853493023883,0.05246088816521134,0.02167804910541512,-0.03709884866830276,0.09614935999955561,-0.017013844179443037,0.07970425335057232,-0.15830751941450386,0.024632590883975982,-0.04536416576188729,-2.684104888551472e-05,0.01816170861307461,-0.12240728853416881,0.0724205386594891,-0.0035408208846977084,-0.0001508848196169198
IGHD,0.1611610538465404,-0.011278875776401987,0.09039618790441126,0.017951648777227488,0.1435837544595547,0.06273412290842216,0.00017815066164912256,0.03778904592807993,-0.05443225180952677,0.03790602185669684,0.04110969886112999,-0.019503149430919655,-0.032989892555758696,0.011834950503649126,0.021194902787170497,0.04766657869625343,0.03844360087125002,0.014354721516773373
NTS,0.07764089586612653,-0.04591817377904081,-0.07647891410541632,0.06094349268376471,0.031075313861504066,0.0013154614761976245,0.005943672233608296,0.029968304717350545,-0.02010758644320424,0.0006058555861166389,0.060415311511332996,0.02772968669154728,0.046093497304410404,-0.1248978452461811,0.1571429851568964,0.05787614593484803,0.018071121661985913,-0.04352865457019491
PAH,-0.09544703952457588,0.16719474455890324,-0.07235204674689309,0.09208215319505073,-0.008878813695905886,0.11164155779840274,0.01864482003945926,0.0284644362828769,0.03565804681768595,-0.04927349454902345,0.029160974860802606,0.0927041616560414,-0.04221615763529401,-0.044764731206575335,0.0019566578110537178,-0.02565520085488533,-0.003838389892856028,-0.01680921111292438
SYT13,-0.04696560348661695,0.07812549239745911,0.1360420959607056,0.05497074111532486,-0.021859311425663473,-0.0918797535680501,-0.0068627445620162465,0.08394938081993922,0.0854417722708119,-0.09980649740078625,0.017977284208532503,0.08758758057561601,-0.0012345461117623392,-0.025447886772036386,-0.031174266949563427,0.04341487456528796,-0.06403580865271388,-0.006630593657002637
HRG,-0.06801705644142371,0.13216353831337171,-0.06863461644334654,0.04366527775467528,-0.06779553751096833,0.19744513985899018,0.00023631729013922677,-0.025617266918847748,0.012258150541590034,-0.02687836500239489,-0.019475850011073586,0.027273263860611605,-8.382875193058344e-05,-9.278929681655206e-05,0.03012520265803715,-0.0019952434247179035,0.001721068025754788,-0.004643164973139094
CNTN1,-0.10531573207769544,-0.19430293015021177,0.07406142418124693,0.12291777184653346,-0.026619127531112872,0.07727812802939674,-0.02423268798151033,0.0934832214055819,0.0251051089487923,-0.06482624893920519,0.10094789177645876,-0.0007323110957915284,-0.040807170897518924,-0.03839545942119775,0.00992584714321332,-0.025615910191877207,-0.033429914542501465,-0.02250980148298649
CREB3L3,-0.053238815434570486,0.20294492195718422,-0.0718205961747592,0.08958885589639258,-0.021278259871969796,0.06407690799114388,-0.0006992832503192718,4.397588086523615e-05,-0.017303612664099383,-0.06107011991036562,-0.005168197458309769,-2.043973672933824e-06,-0.0003569451501086441,-0.00030860473475702543,0.06702393067715623,0.033392831787004036,-0.00032149715533598975,0.01910711886923127
POSTN,0.21045283555056854,-0.021424403306034616,0.08199459274150235,-0.05334944899273108,0.0251521492275613,0.04330985792275618,-0.07096435801305377,-0.025799904115030147,0.13860791190169383,-0.10342298230519341,0.12279709373054437,-0.21046467354921436,-0.023560820161159193,-0.033738047711683164,0.026981831374140997,-0.12923035212961873,-0.025304531901807606,-0.04143054822088214
SLC28A1,-0.07805483579286564,0.1896033862716234,-0.10683410582857406,0.023359336690053183,0.07711942158137457,-0.01068870588325416,-0.06807246792016379,0.17548946110382016,0.030598632603721,0.00020053271727414235,-0.032528515140972325,-3.459977003883854e-05,-0.019817088725454193,0.00876873553052141,0.000194481052634053,-0.031705178110433795,0.022117299955107857,0.0031596628087180527
AMN,0.14279386554083257,0.16447897184532864,-0.09049084185332161,0.15350343101403863,0.03117709698660218,-0.13065881494414863,-0.00866943502109857,0.0564353569380555,-0.04234555805233436,0.0447803410784293,0.03747485458396318,0.022927880978396122,0.0852841329423421,-0.01500556800008348,0.05365689385101568,0.03776539249419416,0.0006777373906017079,0.0492027727164883
PROM2,0.24298685751039112,-0.14144961101609585,0.058365839384910495,-0.026555207523777352,-0.08310659802591769,-0.013736352502720811,0.09892430570667463,0.05767622966922956,0.07320025395584288,-0.011902016221537661,-0.04777015108323118,0.027549701045012535,-0.02504040835509425,0.059633409169738784,0.00891179387077686,0.00026857042141738687,-0.043677688412192536,-0.00021851780237300598
DUOXA1,0.16828484561217324,-0.1704204576058143,-0.04994032223797472,-0.019089639312467516,0.019352004887982686,-0.023380966840157228,0.20278390593602943,0.0031219740032743175,-0.06612120165320202,-0.06760904799945347,0.0005562894625772072,-0.019016917732307046,-4.433988926074297e-05,0.047996864703195884,0.05485312939020367,0.0004087753591886776,0.00016180656741173648,0.029253043057809975
LOC124900418,0.12080788285490662,2.1060165765309294e-05,-0.02987918353594508,0.10075940884798122,-0.06321203085784712,-0.08829826676776766,-5.73308753164145e-05,-0.07066165464039825,0.05765401299167387,0.010377863409259242,0.056834640043791636,0.08696363133801213,0.08785172041960061,0.13845617269162686,6.596428585880154e-05,-0.051171774660248665,0.00014936758865458972,-0.05968357281580999
CPB1,-0.00026943276692250256,-0.01802812054613134,0.08813812700193048,-0.05693457484851542,-0.07771978089592545,0.05837393494721244,-0.03746553800551641,-6.558972388137017e-05,0.0927802254582102,-0.04268751238272588,0.05474090300833942,-0.00043793491650402546,-0.06468026465831647,0.05710143995633406,-0.03974619235668846,0.09177068285885809,-0.04135428561209854,0.03458856459081158
SERPINB13,0.0953728805709668,-0.12134702194318771,-0.18559008784439246,0.06933882370336228,0.02532140114172103,-0.004602883918189701,0.010038473684744777,0.01393057385783046,0.00040149431656412465,-0.043869885229170576,-0.02064300508276272,0.023505196072900053,-0.08587643739109327,-0.07733256509163669,0.024983033078585737,0.027890199907727613,0.021658829558619384,-0.08623637876356272
GDA,-0.028618299347226445,0.11810650462887994,-0.03922145278640773,0.17211948659308696,0.00010201719198329231,-0.09699491878288498,-0.01628654259210038,0.07247127835006877,-2.3096307783651512e-05,-0.05499478241510367,-2.586170593007015e-06,0.10208766244461612,0.02490242250555405,-0.02149014280381135,0.01857892220427924,0.0565390697029281,0.02097799722178989,-0.00016939427531494856
KCNJ15,0.15276520866058194,0.022318848693247437,-0.07591002994340602,-0.08060785440980672,0.14572532900407859,-0.10183840951123123,0.12679751607072462,0.1368815538806082,2.7938635927788963e-05,-0.059909313616690586,0.05427953775130847,-0.07247378518623698,-0.04705762375153511,0.09317803690663698,0.07291766047744584,-0.06147164455828093,-0.0695247999025235,-0.03016670215540726
CCL21,0.202213048214064,0.011739808363625067,0.06105928896845666,0.02553086993785576,0.05152283957738484,0.0909829355850177,-9.364349422219644e-05,0.0001770791189801232,-0.04949264411341993,-0.062094362896949154,0.09341804167898154,-0.116810706548307,0.02493071899095303,-0.018800152541943452,-2.4590945199880594e-05,-0.02736541675480178,0.02384045905326305,-0.0008945977521939296
CELF3,-0.16514844526657876,-0.09198653995632805,0.038060646971131054,0.11466683472317316,0.02118902719770363,-0.0201213808864596,0.02720725237637979,-0.049105218449860225,0.01580979932035911,-0.05011007392082788,0.07852558364842391,0.12689926069920512,-0.0710943204375737,-0.009241377174798863,-0.06360988587206748,-0.02847954043334287,-1.6589915070232614e-05,0.00030555781330963554
RFX4,-0.16190201655655803,-0.11434448806931691,-0.015984712814460546,0.10464611703848513,8.942252759950916e-05,0.018519856395781787,0.0019766994318400487,0.025863406368722686,0.030716882817690094,0.07076036621401277,-0.09508543906991597,0.00025615783859029613,-0.017440983787479263,0.07406988502583428,-0.022906730558443684,-0.06621215029179343,0.01689571343519018,-0.011920421105413324
IGKV1-9,0.2191075134976118,-0.020023695421125285,0.11403663583443138,0.05397275978605626,0.1864391447677961,0.06746239749116634,-0.0367528725023604,-0.00652952436454933,-0.024607039492554373,-0.00020004609315030117,-0.03479213981050378,0.0207251128780168,-0.0241728477334603,0.00021225166633295685,0.012624065334843901,0.013025898753888557,-0.04774159892369228,-0.001095161805365526
HEPACAM,-0.1801513712983619,-0.08387610849347363,0.0003764691105928891,0.11549764837268062,0.014730967430568613,-0.0006387235034973322,0.0603633014631507,-0.003506186845211154,0.03547455503147799,0.06286959644814022,-0.12814461827509854,-2.9902664994478475e-05,-0.033133887812328934,0.01837707787072512,-0.018559719812526368,-0.05876292684899746,0.0010978099788599288,-0.000652977848587686
BRINP2,-0.1765883783902049,-0.1070222232102453,0.04228391605711564,0.05149190314493019,0.026215137157389864,-0.008432343169424351,0.035370604477910204,-0.028191143729675648,0.0789875673662413,-1.3093099313109748e-05,-0.05985599895051468,0.06621229008461382,-0.029961266193407245,0.005884310001136254,-0.03140825889419396,-0.03554907693171729,0.019311173769884758,0.015065540080822048
CXCL5,0.0757995641815318,0.016694741275597724,0.03274289930482639,0.176153517784219,0.03188166534307125,-0.08338933832379532,0.0170420039307029,0.006801092628966205,-0.007252189261353812,0.02709178945712042,0.029950239839043838,-0.11114905785795462,0.05752669354750455,0.02999647250011494,-0.11711030187949226,-0.01369327787276387,-0.06597220730669853,-0.00031461697911723606
MAL,-0.06051049765409167,-0.06809525126852536,-0.029878513449837735,-0.04202298810902507,0.1417798201006008,-0.11834158988514215,0.08489260733976996,0.13178176044323334,-0.04243380854798547,0.012743411277311727,-0.060384753611316934,0.06217128465169921,0.03600118931281826,0.09181218072234448,0.04491328275016877,0.1194780087675173,0.04764141516802787,-0.013624751958034656
SERPINB2,0.12979849054338746,-0.11984291886307374,-0.1549887075842402,0.09631071686644989,5.9826474975235324e-05,-0.011344856654707476,0.000999653776346706,0.018941127554095428,0.004266205605415572,-0.04743299721414917,0.033392502106569945,-0.03965693584292247,-0.03768419459342627,0.030751824412629625,-0.03311168508851131,0.06764677547229915,-0.03337552399069348,-0.0612191608764082
CAPNS2,0.13339025788539494,-0.15078501538926778,-0.17945687106777927,0.06198827667859247,-0.03815850452952437,0.02283587409552775,0.02013824082738779,0.07291066958161582,-0.05501620621360295,0.01437835134271806,0.008596570066047393,0.04192651425244898,-0.041320004393889775,0.030180445708508592,0.10241293901889374,-0.030849061115759337,0.005197538894425861,-0.019145059013036526
ATP13A4,-0.03554235203833777,-0.09014777462733731,0.07616663876151786,0.05396498200717376,0.13546210424859864,-0.05886394059122943,0.24043741795671025,0.05451650952695125,0.07184079401923626,-0.010751154975649161,-0.07125261947851715,-0.0447818302989989,-0.10709608470143811,-0.034352425883116176,0.041490970256048205,0.05494211246534533,0.054547077215406845,-0.02465285654652319
CPB2,-0.02330011850699597,0.13737443968006663,-0.09935364916712923,0.08197853080877726,-0.0142360230917036,0.16843678629220463,0.07322487542132072,-0.02375599228658313,0.011120903051938075,0.0366563087412327,0.02715987631498228,-0.002009892578985816,-0.0213187557178815,-0.019637600712807176,-0.015345872358000527,-0.02652104637668192,0.00027695119652379317,-0.01728503582517777
KRT18,0.26641913828033,0.16214904267591387,0.023037278600695838,-0.08346984910284952,-0.07115900306960006,7.503285942606732e-05,0.04813004143318587,0.0529613752814931,0.04363703655440311,-0.022877527377152974,0.004682100541428249,0.04889628489271673,0.06479396044555381,0.00019214530479348262,-0.009747300230295833,-0.0630484788056783,-0.023490733403341027,0.030958700392925583
C16orf89,-0.03930198033368214,-0.03467110856588901,0.1812972724792715,-0.08987134975220705,0.1065366124804903,0.009613471870230724,0.22200282012205927,0.012381454236483038,0.0002445111261070034,0.02258847603286375,0.04269737167903785,-0.10468856367731774,-0.07129386910868625,-0.031276854676107496,0.0859481336618936,0.07342095210913348,0.08008621474647634,0.0009324111777266673
BMPR1B,-0.08315420443101275,-0.13321720552958383,0.1334693373561388,-0.008496983117854238,-0.11607631150859586,0.09253391228860616,-0.07690180844318092,0.09409874285575917,0.047154547561192056,0.02155004689005732,0.04466011953514435,-0.0001589333064073178,-0.03375296948832648,-0.04738284761021668,-0.07133241686958432,0.0651214485294886,-0.03167063149120442,-0.005803544221850448
TMEM59L,-0.20314231247671802,-0.14039371625173422,0.15941257672541856,0.057638642715114395,0.044047494575386446,0.01790151836329497,0.07319997817199864,0.028755808425034737,0.014586307535075404,-0.03210228322714845,0.12919030799313905,-0.02637429383529207,0.0015704232482305653,-0.030150771565161768,-0.02516771063656637,-0.0503665348770665,0.026102758900183803,0.0259525958718998
CUX2,-0.11885871501953214,-9.540527062811128e-05,0.03836318172219306,0.015988325578054803,-0.13074975401170058,0.11229946761310591,0.027622178540187586,0.06212308019729716,-0.1281366118874974,-0.041470432184014944,-0.11065062615332788,0.051344363760599566,0.04451418835975753,-0.039085525047741605,-0.03166253993051787,-0.01992885026700993,-0.039056209082709174,0.0010595459993401968
BAAT,-0.030882937951215234,0.16996220274307675,-0.05573083667477249,0.12775213165148794,-4.812846727598325e-06,0.1392485948942032,0.10417269995977252,-0.0002078849396373254,0.0008250129322949588,0.018289470542968724,0.014815799236118863,-0.033537515862850614,-0.0001756099878574923,0.03298163738592111,0.020062341129027134,-0.0016081194094767532,-0.020410365610486113,0.014036602271384799
SLC38A3,-0.18996173390238633,0.03649170287011134,8.892127321164154e-06,0.12055512035668309,-0.010453325224977892,0.14161130019195317,0.11407876091531162,-0.0022859746366247565,0.09801361037068254,-0.0606719574573258,-0.11293524857304572,-0.004868608974687263,0.10000310088683252,-0.024482001859445563,-0.00013478288801097642,0.011290744854050388,-5.9090920394067125e-05,-0.06539382646012903
DLL3,-0.19615058696783857,-0.1235357497550866,0.02060942727577909,0.1141628456480296,0.028448965352203055,0.002140910417825916,0.01336436528373208,0.0014434406651998505,-6.453023278243088e-05,0.08517631395818248,-0.07706385902151093,0.0498490015305965,0.11901191397419257,-0.07910259623552676,-0.00032964682294490656,-0.04553311434280349,-0.031428768822499134,-0.017666542676475838
EMX2,-0.1291316376267332,0.031082323785148316,-0.017543369855091945,-0.00014577289150651573,0.07815140923795581,-0.08019159789726603,-0.08915553290506656,0.17264657634517175,0.11459361426259602,0.07546737220428955,-0.004611249274827821,0.021670705730797383,0.09914368503761846,0.03986501692224885,0.0753258882612587,-0.03745263855004978,0.05505567693322474,-0.09496521520478572
APOH,-0.016377375190943354,0.18031300749710494,-0.10201252583384696,0.05981570175686211,-0.017645446209081234,0.20938687175059245,0.10049324941694655,-0.012149788788433497,0.02248388123910231,-0.0008457273208702953,0.0001349623662578101,0.004708535964810755,0.013818955069698071,0.0005173152026228908,-0.0013770173493075375,-0.01809275727407277,-0.005759003810425797,0.0004403524930580561
TRPM8,-0.025481163145767365,0.05662604305805857,0.05378625874510601,-0.017578278463827538,-0.13059829215377514,0.1136518324229048,0.020763739844625418,0.1354349380977556,-0.1821985885349723,0.023025662528158495,-0.00020918640120343813,-0.06337229020964066,0.024380637533970597,-0.0001706657734035617,-0.10186350919633434,-0.028059829429595406,-0.029659085281899568,-0.04051318183903882
INSM1,-0.1630533322112281,-0.036159396965811816,0.08653058567457687,0.05934991131973216,-0.06743825232425618,0.026891661707935537,-0.02692074962480027,0.00016450492205260804,-0.018265779418384,-0.05924715152129055,0.0985617644012106,0.12842903230658492,-0.062314516137035245,-0.0005785745458345384,-0.028009295481747774,0.029188116196667842,-0.023872700982229832,0.03600734369532228
SLC22A31,0.047356800540279756,0.021878735154601703,0.07570425225601685,-0.058429558978955846,0.07860542939983636,0.03883755642730646,0.23061069174793522,-0.01582949621550717,-0.08680401048712638,0.0917341352796438,0.07025884506258448,-0.04355884896422411,0.027048000221451058,-0.12219036683237433,-0.035884152856001494,-0.09349196346897712,-0.00036340203615648343,0.0019445518786273355
H19,0.1249313420810132,0.02772770006218595,-0.09438527476321333,-1.1933183379005565e-06,0.008929571146063959,0.04920249553219688,-0.06520887997888317,-0.05070695575266661,0.12577848807685985,-0.06076045217676786,0.1837669510438239,0.0006436656967292131,0.11639757391455557,0.028118156606832874,0.07057941236021431,-0.09428635794517295,0.06530419648522862,-0.027479354248916364
GATA4,0.0161591262583921,0.10324040176741675,-0.022802149050584943,0.10864642503498412,-0.030577586852299145,0.022047390695092227,0.021512401536552848,-0.10149547276066508,0.024584737909417363,-0.05496124642353485,0.008379900196205867,-0.004125482071480192,0.12229285775890654,0.010611726670755533,0.0031762125056220844,0.09356552574202819,-0.08132546307406767,0.0002652790582556116
NCAM1,-0.21986544176186368,-0.1363165145739368,0.12173807090044413,0.06816655251863935,0.04016363309311165,-0.031900102027501744,0.015333769114394817,7.645005213753939e-05,-0.020968257347361526,-0.14124298397698723,0.06526748829636736,-0.05679450903673989,-9.591122961807202e-05,0.017357529450352127,0.014771793753140392,-0.02810244006099103,-0.00038737160416424583,-0.07017004604109377
LOC124900476,0.03803507250844955,-0.015966501034700552,0.026760672356790745,-0.06118100064826355,-0.12105882243104216,0.06386344776660974,-0.06288240709154617,0.06911168854706332,-0.1891206683328103,-0.0011446107656613268,-0.028756750152824008,0.016345011115815447,0.08475661678129978,-0.03163488430933433,-0.05266002569456683,-0.054650680266528716,-0.03528384936365216,-0.014107159849457528
BBOX1,-0.1461030475864366,-0.011328166143883024,-0.08132117073048818,0.042056549020945536,0.1331408723787707,-0.03826245481497472,0.02346619223535504,0.22154470047513683,0.09286079797986355,-0.058956715143255796,-0.10515178751002145,-0.04343257034327911,-0.051727815694548804,0.023050317276621594,-0.023387856958455123,0.033201067778585405,0.0351219430770462,0.00672192153852975
NR1H4,-0.04390171520781931,0.19270938051096298,-0.11271171371008565,0.02299891550342923,0.054037039650089776,0.01607257366550144,-0.03217907618532556,0.10502452531246086,0.07872445307802946,-0.03125613553009638,0.017140965342474328,0.04099416556877472,-0.027076267609826097,0.0419670285464425,0.011659321522672829,0.0019812989981257013,-0.032790289700232546,0.024496590653997907
MMP3,0.176353237137065,-0.0632805128362777,-0.05000276795446421,0.07788645720348995,-0.025155318158122966,-0.01806467086816596,-0.0692884553168393,-0.06522294245650131,0.12874081387795283,-0.08669888842700661,-0.016134808748001016,-0.048748061777690206,-0.0459461452841151,-0.037216552270660924,-0.05805269793948915,-0.012762673882694356,-0.03260801526979984,-0.004218200563641895
FOXA2,0.061412775871981365,0.14403440264031026,0.056220362355618246,0.13879332037798578,-0.03424449332301908,0.015245159263679881,0.10090637588952084,-0.12116322537103708,0.03589008583196961,0.02810375222857069,0.04953429368396574,-0.00037648711483452107,0.016402818277698718,-0.09875953276115974,-0.00044625687316129014,0.02172788513321904,0.0021256693587133487,0.014196765237931147
SLC26A4-AS1,-0.07638243280901788,-0.024340744610897747,0.050207469640001286,-0.08821137400640278,-0.012974729484528682,0.0004028332688171204,0.17556539680994318,0.02160475984889821,-0.12783246106954466,-0.09065971425248526,-0.12804061084900406,0.0005804660546252173,-0.024061850799684145,0.02420400317198852,-0.02428667352047143,0.018082656781461606,-0.007223757770183072,0.00017971345601034563
CCL20,0.19856217020893763,0.09027914110661216,-0.04766604408598866,0.16961510613628697,0.02665593856675338,-0.03674765316457523,0.03668381372988958,-0.0006074402802897451,-0.027569409504274632,0.028592755870380206,-0.006115990282528102,-0.07413443778220169,0.0009797014577926655,-0.029452833319209785,-0.08533647791159747,-0.0659464439359603,0.028165643663391648,-0.021911673913947907
CXCL13,0.20748058627299776,-0.050913606371421546,0.03853997026437994,0.04281810857936738,0.10976948774045442,0.07317072431129991,-0.0615159169728524,-0.030746232295913334,6.142238545248693e-05,0.01087736347594357,-0.016317996412076943,-0.06197892518232361,0.019310630285576818,-0.004749466081076601,-0.002884964638186092,-0.021950941028746486,-0.0001557956789233546,0.02774294852998391
CST6,0.16539868650320053,-0.0881984692447319,-0.027725401308180787,-0.0802690556703909,0.07176000227370637,-0.021213904824177298,0.19053405569698648,0.025629344428825886,0.09050245615762118,-0.038704644050312,0.04082133609508004,-0.0019318406941655646,0.029121547801780442,0.12438998388068372,-0.09683047007754557,-0.0859346546347847,-0.000969091283566692,0.022931696217888355
TFAP2C,0.21308443655582782,-0.15050280204524633,0.01668819165474734,-0.09257896991445415,-0.06614102015898457,0.0707219767832184,0.02906066368203876,0.014672125549561519,0.05249364045397835,0.01944564657726112,0.012782001728719678,0.04361567736748685,0.06310372091575922,-0.06428115867128992,-0.012471229136980892,-0.0025629120581570158,-0.036674011723668166,-0.032739094765530746
IGHV3-15,0.2156372639762775,-0.008368460155961401,0.11939785524130989,0.05641162710239579,0.1799131616965984,0.06932873879670892,-0.04709441126137879,-0.009948616973746643,-0.02052413330784857,-0.008118038180398008,-0.03133742757375686,0.028969717295870986,-0.01503561408917346,-0.008084911468694223,0.01739844202585044,0.017140369064683036,-0.07525891179296847,-0.0068494848718350125
PKLR,-0.031458894159056956,0.19612906085499027,-0.10901764553839194,0.03928043760302771,0.03460078399032694,0.04118601609886662,0.01150615295305566,0.06226205326509968,-0.0016132769151668048,-0.04034508487469729,-0.03180020292995766,0.0015059297888949678,-0.02279292834947794,-0.042817650056922264,0.01562589942339037,-0.06669905404916246,0.037033397336579094,0.0033775235627307356
KRTDAP,0.11632140962611079,-0.15373055752425113,-0.20831414215497954,0.07406801430692043,-6.955962761105314e-05,-5.472950714457645e-05,-0.014080852796749888,0.023757000551091555,-0.020291639821238987,-0.08053366872656705,-0.0001723054524222233,-0.005002512863300195,-0.04915366464548288,-0.058403638065810545,-0.047774581965248385,-0.0008830650484915897,0.027126591605612857,-0.06327911756834119
ACP3,0.14762690418115998,-0.07137609485313008,0.11391729062263779,-0.05128307724371167,-0.1646455605928416,0.027125810770495834,0.022228485687557885,0.12499741562503901,-0.22382307752441816,-0.02039210222293459,-0.0393962825483061,-0.05879854665092278,5.0350117349540855e-05,-0.01736449964947169,-0.03220411780468428,-0.019546769509248156,-0.009246504908344064,-0.06439862731325853
KRT1,0.10477187836994233,-0.10560389314649359,-0.15654757774958966,0.045342762471940475,-6.75288064007396e-05,0.016172313234590032,-0.022078946983520656,0.032680571978377405,-0.0004462694907080998,-0.06220421926589634,0.003693217601157817,-0.03348784872880386,-0.061671452434486816,-0.046737621756315274,-0.027589713206719057,0.036282524446819606,-0.004055201125617158,-0.017652579971991027
C6orf132,0.299609959422314,-0.005157909857455603,0.044406608662789906,-0.04460715915287647,-0.07500514701860557,-0.062495645156960725,0.0330938300820906,0.03655965260143144,0.02225181710693381,-0.05528037751337379,0.008928905075504768,0.03484383740479202,0.02907161249727891,-0.023717406707094938,-0.024226753761165443,-0.03335814044377024,-0.013909403615708846,-0.007818325360223507
CAPN6,0.06445082903939407,0.0974613218114485,0.09734563988871694,0.0004858126991286829,-0.00018576514970946082,-0.04094119415007739,-0.0448928273130514,0.07531761301220485,0.005518034066561609,-0.09184739783656706,0.09694761212396176,-0.12005737845051616,0.13556178695800206,-0.0011311900284855928,0.03696789396283628,0.09788312084133072,0.014337297638795179,-0.0003935547696273493
MUC2,-0.015831037060284433,0.0654622957825494,0.0477335462520206,0.0704907311226408,-0.04693357074004986,-0.08496227990075586,-0.00031127748717565853,-0.1023349473944346,-0.039781717477139475,-0.05142130553802795,-0.06407083194159874,0.004744468170657647,-0.07487141707838649,-0.0003701781540473808,0.01940719484956021,-0.01658758259098288,0.0029161835095600393,0.007396240722414967
RHOV,0.26586957963471936,-0.13199431053135197,-0.021749762648271675,6.347072643533944e-05,-0.060883839158031375,0.007774983314403651,0.02475469527239739,0.07703986339878356,0.06915636693688203,0.045374015760548704,-0.03179493302944928,0.06178454608557397,0.042756126678356585,0.02040542472409653,-0.0007394262128012667,-0.026674580617902927,0.014383030620027071,0.02406780140833791
EVPL,0.28560253038666805,-0.022476934420887787,0.00043313662300276855,-0.04842491985590811,-0.05154710506017424,-0.08850723309714847,0.07636148393794287,0.07887207835826056,0.016210853775444248,-0.012609415947697126,-0.033248888504527084,0.06823945330797107,0.013707068721521299,0.01192939044243081,0.0001192550377665314,-0.06391818422477782,-0.006903196967358601,0.011416501287788376
DHRS2,0.018666930187860465,-0.03313515616967058,-0.03332426502968071,0.010958590471831418,-0.10063083599274437,0.09583034977661363,-0.016505843184237114,-0.058044672855650806,0.11270711055629877,4.8856359051451766e-05,0.0521474546193269,0.16985585989051089,-0.02786254760215213,0.1558172108619222,0.14416015933485804,-0.09254543549853098,-0.050977359126039075,0.001314443874158618
C7,-0.014728210759500619,0.0786247982149985,0.16317912146860794,-0.006190111370659291,0.07159648112987557,0.08529847677994415,0.024885297806874842,0.08248951710758567,-0.07950751955460486,-0.10097915296084128,0.20611072358080776,-0.09963150611837844,-0.055236526693936534,0.030494869297871884,0.07801472313868232,-0.00025654152483947445,0.002013593839460355,-0.008192663591114676
SPTSSB,0.07803978045693918,-0.12052286764414451,0.08977883467240176,0.08647642867288248,-0.1215956198884296,0.055662009257768305,-0.0012479807674879266,0.07070050651270664,0.07852321139101949,0.022384375415140656,-0.0004576720288918503,0.0560206946963284,-0.03592879265416575,0.13907159643256214,0.10308919953719518,0.016675759795538963,-0.010292838866381316,-0.03650179467252004
ELAVL3,-0.1717478108712173,-0.10983300272683076,0.014325236514230896,0.10200980767030761,0.027276349144165886,0.01053864588721471,0.0008565082795082219,-0.015590938276050733,0.03995675600166835,0.03988643147931295,-0.03300821257782602,0.0874461481983531,-0.05790765096233135,0.0005862307283814399,-0.02724177742381916,-0.07001842997799845,0.018982773991406326,0.03093963312079743
IGLV2-8,0.2122711658154684,-0.007217492001406522,0.12360347466446932,0.05241050764483487,0.18302878422482435,0.06324467648054016,-0.03890548808421945,0.00023535910818180738,-0.0219872107821757,-0.008811143042073925,-0.02526591745132861,0.015860178900980907,-0.03737829986282783,0.008026592246532462,0.021225921993419335,0.03223781355677443,-0.0413840065102981,1.8170121720925772e-05
IGHV1-2,0.1919904471039426,-0.022054731732472865,0.10727809758583978,0.057536290087110364,0.17838037686686278,0.06804639320441425,-0.035281613501913264,-0.00038041029516733293,-0.027925230810499933,0.00013122313656000544,-0.03364840767422942,0.030640917718849876,-0.0020848227798645315,-0.011433955113537345,0.013340925852367538,0.02009038986948465,-0.07463501301183005,-0.01258419375249534
IGFBP1,-0.10019219861163457,0.14690776744977888,-0.07040262088455757,0.11321748811634602,-0.010108626009382598,0.13093462447002793,0.043299102802844935,0.024282987042200842,0.0002658505089899131,-0.0005225810488358422,-0.03133473824263995,-0.03254515662929617,0.01849887956149359,0.0607810867914393,-0.039893444178960645,-0.00046903131924029513,-0.012220738749056775,-0.00021713235179355127
HKDC1,0.007402965866623296,0.1736567961174339,-0.0010898008648883215,0.17816773057620444,0.07704602426344691,-0.14494780321383946,0.08462920309953974,0.014430634022271335,-0.00010181514299682015,0.02461368862017393,-0.022657013548933746,-0.032420301390580095,0.0510031234664401,-0.05097055759089802,-0.050855075136991654,0.0028484502746400162,-0.0005581769294153593,0.015185914188703378
CYP4B1,0.1287038548436872,-0.07971383968452739,0.08788445641250969,-0.10285116922045412,-2.9707784429070533e-05,0.05206226486992227,0.16059215867307874,0.0626489723645165,0.04241543092923403,0.0750023266829752,0.0404396207307424,0.037545067918757474,-0.08998125603272093,0.11149961951528102,0.15713788280920407,-0.04048897427180882,0.06022578333931507,0.00012219497759288105
ZCCHC12,-0.12489997313103957,-0.06565372147972386,0.08147682955932649,-0.05699140819966047,0.07983179563611618,-0.040867980658887706,0.2210308808332506,-0.05303585531222764,-0.03498302638253257,-0.17629721432731207,0.04013972603796134,0.04569062056448464,0.026638098475087163,-0.0017127170747596025,-0.00032901018710797736,-0.049497824671233884,0.03998970221949432,-0.02473931880342015
CYP24A1,0.11591512255959997,-0.05634468987257896,-0.08507330390850786,0.01604002840011837,0.07129586809944106,-0.012995227564200811,0.0958487554202273,0.09735746163911534,-0.03488295367015636,0.07365684334917152,0.08413285432792358,0.022564415620600686,-0.014436919786336,0.05742140596854085,-0.018383820163988495,-0.12215182488859043,-0.055137597834887093,-0.00012483359783008023
ADGRF1,0.1520805376581784,-0.034120242832534016,0.0157717863369839,-0.015334494413634396,0.00027114606790684995,-0.05593512322671519,0.17941037286069442,0.05801770386723566,-0.07036302699985297,0.048734587666521834,0.058895785767388194,0.04541763725879399,-0.029917131807987184,0.15812493249802514,-0.01700587973210616,0.03688344020929551,-0.027993524529367778,-0.07557085419704572
PADI3,0.05346549619364268,-0.11994056797491232,-0.11637434584764024,0.03765191891013726,0.0016729157511438826,3.1218545665731477e-06,0.0604242518180777,-0.00026440717894453934,-0.015941125065311028,7.821310700763618e-05,0.016786537563426067,0.08966588501693332,0.00035528619614406265,0.09516523321310572,0.11511432770431128,-0.0498680621006669,-0.002009021217738883,-0.042046355496856376
AGXT,-0.06672640560043455,0.14485165771704364,-0.12001912988536012,0.04961464453055712,0.00011141102058826075,0.14634020367236014,0.07923464113297493,-0.037856225037332734,0.0007310858283223337,-0.03812458057294331,-0.04603887389800154,0.019050099458339603,-0.01308861462575047,-0.019761798548201773,0.019850690391022125,-0.05357010120526849,-0.0002470753440985737,0.012147256947365756
SH3GL2,-0.20106003783710635,-0.06872710030456439,0.07526352092678606,0.052980889269268985,-0.013974041028646324,-0.03133947553443756,0.015813614795468056,0.10032751473136142,-0.028881443721481548,0.01891557978279345,-0.05773061063273733,0.03851164036022111,0.055352990609133026,0.05457047537785725,-0.014559952796561306,0.0004285935188538358,-0.055450935001294624,-0.023733018893398013
NEFM,-0.15546465690353914,-0.09074951432244621,-0.03202119748754785,0.07546788207769645,0.020834146593493964,-0.0005183493857227793,-0.044347749400400885,0.05434857606473482,-0.0020116137912412624,-0.07403007683567696,0.15118995395976434,0.09498508264516159,-0.039846646092264806,-0.0012394648222257348,-0.00032496231015382546,-0.00012078889785003265,-0.023778231368479515,0.03994377041803753
MASP1,-0.18237370332260164,0.047741437636834416,-0.0002059137618810828,0.14386164999075807,4.32009812286713e-06,0.04121935615508495,-0.019468146653361048,0.21465587076301224,-0.08477807997435038,-0.018883055875705424,-0.04494127522200502,-0.07956406232756809,-0.0028981568537359463,0.0006233197713563762,0.006085132122127684,-0.026052553116996207,0.016398086393672115,-0.052360052108559964
LINC01133,0.15374304315395262,-0.06253371074317235,-0.014530151165212455,0.1564251877913075,-0.07072524957018592,-0.07924509946890028,-0.03298678317691533,-0.056204986356721595,-0.03381515784183321,-0.03410733457942247,0.03500871910542239,-0.08870035836384357,0.012511614561777469,0.032558751587381626,0.033950484412129514,0.11090715274758348,0.02676942942869306,-0.03794465982016174
PCDH10,-0.21471726752975256,-0.045471913304206156,0.06308653051594536,0.059318432071623135,-0.020358439249610713,4.2351354576834875e-05,-0.05839348518924847,0.12086380241488565,-0.05046630041337836,-0.03552659748705371,0.00025848457136327404,-0.0005927555139963593,0.0074489161334011745,0.027295371437149572,-0.00017565709495619367,-0.059367862617771563,0.013563387800060375,0.00013602993464994682
GAL3ST1,-0.11560955878899959,0.16910718774170877,0.05500999223707755,0.15704257687903606,0.05923316762758181,-0.10500200871850986,-0.051960428395904715,0.13783313707504857,0.011686753940014413,0.06699671444367893,0.00031889981210442406,-0.021492810381755028,0.08235104277324999,-0.0275826868839782,-0.02192784241649049,-0.0003068129113356198,-0.029532591096621975,-0.00018123232189381442
SCG2,-0.16947902180670774,-0.10962977341871791,0.13312414916319648,0.10291876080239132,0.02636627336090012,-0.0008590700385025318,-0.0628420887206334,0.014466684762719662,0.013470841108302779,-0.09863003794937338,0.22209207870689768,-0.016570608428328536,-0.08784171776853607,0.00029660530009967116,-0.03273168270690573,-0.0787445127673152,-0.02293345597748876,-0.014478617159750152
SLC6A11,-0.08067526210652756,-0.1292560431997695,-0.05211478589153127,0.07792470392016945,-0.05958656263334206,0.04916288761535253,9.4454608355225e-06,0.07553229302669749,-0.023403250879780766,0.031073648154368128,-0.10973101481947917,0.03595655989403305,0.045175349885448315,-0.00016506207857902542,-0.05221507758467702,-0.08477577750864126,-0.010630761294728187,-0.015444652675327636
ATP10B,0.06727445539421932,-0.027859950765362254,0.03222987376590951,0.23056406563660817,-0.041921144755885376,-0.11545253681215037,0.062479892512963014,-0.09709677159199508,-0.0199129012980112,0.005217490875728015,-0.06564755712703527,-0.015404765974833562,-0.061326363638837464,-0.008460426338564668,0.04007488924116604,0.00025556024707519066,0.015193731939011246,-0.01035455787725555
OR51E2,-3.797762570190063e-05,0.02456962088261698,0.1212711951417455,-0.07321037076754039,-0.1469343368164094,0.042079128479916544,-0.07984819465977472,0.14859034501018092,-0.1893906280449108,-0.026349965833946224,-0.00840283224761709,-0.07255900272066514,-0.04768855384047548,-0.004441621208803917,-0.0299530800212783,-0.06596444386922048,0.0001843312766210407,-0.00016246262573962403
UGT8,-0.040705736177571346,1.0069710797889356e-05,0.07888055827220403,0.17218518133340427,0.07222568841879165,-0.1815952258215652,0.02927694531797802,0.048684516600268186,0.04920796264490304,0.014644433232480512,-0.08292559862853233,-0.011918581269507221,0.03886005078801824,-0.09821276170225543,0.03497568906964183,0.04967439561724232,-0.032313092433120916,-0.07198836551374779
GDAP1L1,-0.24257378486338724,-0.09890253400981532,0.03333421749828594,0.1109416406420153,0.027032295426098623,-0.013167241082908496,0.004497274634532442,-0.0004358999048856918,0.020936523983073222,0.00028025970433627945,0.0474123904360824,0.09467255357739578,-0.005091970057714636,0.02329089665835256,-0.05337303246803393,0.00030461269642939495,-0.00016134877070205525,-0.001345322542017497
IGKV1-17,0.20902494925026355,-0.0146510751846365,0.11566782605842615,0.05320971074423567,0.18748933039700832,0.07220987022674943,-0.03733842262785605,-0.009315950610886373,-0.023015724672813792,2.7359979728257042e-05,-0.03709727226413238,0.022829056447644658,-0.02703157794758978,0.00029183972793445946,0.014722296182606622,0.017793991448983075,-0.05078051679583717,5.2755216670632356e-05
MYH7,-0.13779707579564923,-0.06340378076775306,-0.028420730273850617,0.04448058471809417,-0.02712876807226488,0.046846736857716426,-0.009874389242436455,0.04167419999434864,0.0421004801266864,0.018791571128614938,-0.010092982258282604,-0.03959738229248112,-0.07685740599530877,0.004810706960486651,-0.002393629854726359,-0.04464982281654799,-0.0006376975935958715,-0.0022384075956596136
SEZ6,-0.2046360634654741,-0.09700913388405925,0.039025806083359635,0.13215309866859246,0.005440857773489011,0.0018442712526727473,0.01385173226329548,-0.011773460148193133,0.020263644595583757,-0.006639221663905853,0.013866068329048017,0.08021041243290863,-0.023518737258980616,0.0032195408487908344,-0.05656952277403909,-0.04901866785515919,0.019633246703009352,0.02921484705990494
GPR15LG,0.12765057367603877,-0.07245458370973742,-0.15867991872885776,0.10069019331120002,-0.02141298010589773,-0.07853541317215382,-0.040207859260137674,1.527858299158537e-05,-0.0003723847298586985,-0.04526821388262945,-0.0605412503688361,0.06745384534067603,-0.10787046750351885,-0.013328825319884002,0.09133760699701217,-0.10847972106074315,0.0745243335018436,-0.05493484217942324
VSNL1,0.03323018375647253,-0.13834431079648715,-0.06871943935875154,0.21424586989461777,-0.04149738625627045,0.04204330095612163,-0.0168772421537873,-0.012158381316862706,0.03639251608181068,-0.09025364254685404,-0.00023492552664259756,2.225870731499162e-06,-0.01790155528306064,-0.1380488237101023,-0.024779820027301235,-0.0607462156649614,-0.016576386262656964,0.0037780140884745342
PPP1R14C,0.08995227920626173,-0.10934807548799817,-0.0588196680362482,0.027578922261371396,0.12269062720867466,-0.14595722838726177,0.12524251693701358,0.08425594484416045,0.024821343249273712,-0.07209339875872724,-0.04670296354341311,-0.04105078948669526,0.07011807458486878,-0.10089192001571048,-0.0518875013824007,-0.06275217385534156,0.011927785259863464,-0.0038901421165995205
CERS1,-0.24038151279457753,-0.14261886244324387,0.10613539780426573,0.014938147440817551,0.013418651565957907,0.013886426140701161,0.02891331859000102,-0.00014419198143028264,-0.015006320164063391,-0.04459075848447775,0.01569006510603182,0.019384751287621644,0.12903198533003798,-0.01884893556218618,-0.0002528148402467829,0.00010400805611433266,-0.005073855305280139,-0.030683280564791728
SCGB3A1,0.09989695642345645,-0.017629615976813267,0.09363259383139064,-0.03564577037612861,0.052556795285801206,0.05220349688729689,0.13669295431258757,0.09034657256732997,-0.00013394635987053053,0.1219076406780531,0.1638633314359307,-0.037679392625724534,-0.029672168776290118,-0.07698008267652036,0.040464011732214956,0.11678076913482363,0.1140614067619905,0.05182983159749632
ALDH1L1,-0.15555250736805795,0.0778754821046917,-0.04834844821173672,0.09815692486833047,-0.010784543998874319,0.027254388168833472,0.00760996862751398,0.17156220717304024,-0.06830225365927613,0.01892846548109478,-0.06441679694422914,-1.5163944366808144e-05,0.011282756121096808,0.09964951721502428,0.11818426145309308,0.05980094843526296,-0.00016680426386174636,0.0005113688341548743
DDX3Y,6.47450482290422e-05,-0.0025739096268211446,0.012413252512493762,0.02086298058513463,-0.04044739650060084,0.01999398822284435,-0.026095559151114438,0.05124018584896654,-0.11157214488178104,-0.00783934918554612,0.0005971787810105136,-0.026908749165702784,0.026034716933852026,0.0006942277391888453,0.04545991143718052,-0.05401589597109894,-0.04467963541013389,0.02749878136492021
DPYSL5,-0.1906544478425829,-0.07729462521148073,0.031408774290442344,0.0665011514503782,0.04097574692829206,0.0171487187434564,0.05032588053164432,-0.024395339479896437,0.030659913568074473,0.018340393730677366,-0.007976265452764785,0.0792664510729811,0.009554959518555096,-0.0010090182390947093,0.00023597601897400102,-0.05744323589929259,0.030041819385098232,-0.002233802758308535
NLRP2,0.12087088873369338,-0.05862909165204113,0.057047414003487305,-0.02537837401058591,0.011999417527310137,0.011656310730435111,0.018338509200886265,0.00911218921179341,0.031715666855859866,0.01329712873965454,-0.000328084659592301,0.03260585707266878,0.1461108450922478,-8.760001592228079e-05,0.0071324341280140265,0.00596441643247009,-0.001193784205945706,0.03166261726128368
LGI3,-0.1391878799468211,-0.14732500291420458,3.5414688267373757e-06,0.04825265378902239,0.04482925869071895,-0.0222016609323092,0.14391097735441077,0.010443376174975314,-0.09687458053258527,-0.027950832890745726,-0.004991499187047011,0.021905130561440753,-0.07478097990647191,-0.06375265545737178,0.03137303251443526,0.09359851999025763,-0.007885846668857032,0.014999877812875186
PCA3,0.08564654601961298,-0.01992304727377961,0.02004064241685302,-0.10187603341088791,-0.13568410829467442,0.11503650718219186,0.03451993855884493,0.05928366056730172,-0.12452471475595962,0.0013039294844681033,-0.049677371385321585,-0.0007647865731839937,-0.00012698564139137822,0.03002632985030053,-0.053171256768368313,-0.002495864817154213,-0.028915342748935178,-0.008455675604756744
WNT7B,0.12169485236818121,-0.2038355817694,-2.536392704838573e-07,0.04343550676803388,-0.04726674855159065,0.05270140536944312,0.080490423198233,0.11010121123699393,0.04530654192396479,0.08483094270207546,0.00020908011826700618,-0.0004391185499930316,-0.0006482475530778163,0.06710535168620194,0.0024378915688390923,-0.04206201521848642,-0.08608363717648383,0.07657210827982759
LIPH,0.24113050039043651,0.02335642716908481,0.12274375137485173,0.00037956923470063237,-0.07739820485977611,-0.054280021870298706,0.13163670967613256,0.032654610541992556,9.782896484774895e-05,-0.014976001387238806,-0.027930078266698286,9.996626109606588e-05,-0.04975407151294683,0.03307488210413514,-0.00020475621370190372,-0.029750659523652707,-0.05643559370632901,-0.02520101993925368
B4GALNT4,-0.05826430265481711,-0.16219069378928122,0.10480842538794748,0.053127992764053666,-0.07228629918992549,0.06607542503351976,-0.07858589587109911,0.04273901494026948,0.08243626697710282,0.0783631950812262,0.011039055705778553,0.04657151419605645,0.1764896339012218,-0.09960486101840323,0.020939157872229327,-0.042447475505709174,0.028801981364935805,0.0013091743071600684
ANKS4B,6.0851086793429564e-05,0.17875695970352304,-0.000850260752670995,0.09534741317940573,0.0011704320699934285,-0.07521721130079784,-0.00037650896233082446,-0.06084287830106138,0.030958729121727337,-0.09134707634275858,-0.03167376417664671,0.003574747195620234,-0.07363512233537486,-0.02997519813887909,-0.000248785533101023,0.0004763060649011977,6.724211441462853e-05,0.04164032757856531
LINC02967,0.19730640780218386,-0.037780907176647144,0.11295786149319496,-0.08470911627824423,-0.11578154464783962,0.034987881499673607,0.17006050209004273,-0.0028463816005500162,0.018585207708071812,-0.023511656030288285,-0.06489918198513282,0.06327751526495738,-0.0597239229936845,-0.0021718294215221498,0.06199194458205003,0.019151667168807462,-0.01817904007273695,-0.053040841473603134
MUC21,0.01591941941450627,-0.018683439671789103,-0.00789972497201239,-0.002009235990792291,0.07527065310160891,0.00959002614733458,0.12260888653712829,-0.0011569703046418833,-0.04885984219929004,0.07688731253647861,0.02971027691055762,-0.03131096131796731,-0.133738266135752,-0.025441817954699228,-0.02736240658543503,-0.0029474670529598783,0.060755890944335325,-0.024191551934055568
PAX2,-0.015055825458522245,0.11170625501135543,-0.056800128737354724,-0.07399147647587488,0.09038186788796056,-0.08582011630221775,-0.06297795239937516,0.13573236703780053,0.06024905576311112,0.02992579378748405,0.031929694542895966,0.03728912675409672,-5.240186295262997e-05,-0.0006645054482571936,-0.007841041912626658,-0.0003608240150527606,0.008839003927381914,-0.016138170516241442
TTYH1,-0.1905743718417302,-0.14036733832258735,0.08608128478261892,0.14963236457606507,-0.00931530389461544,0.01153810763956299,-0.015381028095419812,0.05642048769374062,0.07524135354954141,0.025349628805885323,-0.06815879204217004,0.00022748905280976027,0.14418656120788642,0.06867559244732083,-8.668346510104132e-05,-0.01966663065292273,0.025170403784780464,-0.024442649252429803
KIF5A,-0.2188858886848587,-0.126782676916412,0.11184131564630118,0.10575167288372186,0.03525862643218642,1.7970253461137917e-05,0.050884341262178355,-0.017172180422147916,0.04645484991508726,-0.06521506708433306,0.05092072847248558,0.09994034539298433,0.05711569603135607,-0.04360337250964574,0.019654998168417287,-0.044948998869350006,-0.028253439693888927,-0.02375840328790974
KCNJ9,-0.17158758472964875,-0.06908495554064557,0.0018295508101185023,0.09558226207756067,0.03281461959534755,0.00309382719759915,0.028176807737173588,0.010427499223403537,0.016308475680275058,0.08201813180196708,-0.07121249583093019,-0.0006792080788753383,-0.02024188482791379,0.028698790312964677,-0.04891003841657177,-0.04230288716319139,0.0017590697891868038,0.010135024897761254
CNTFR,-0.19715806322462723,-0.10785604250677443,0.061940028451343485,0.05838014573172473,-0.006391276338368122,0.05748309201038198,-0.019742994405566847,-0.000894536253935366,0.009675761070254023,-0.08134721348096911,-0.0020180983113933276,0.0026777745062590047,0.08102321450139963,-0.05242513461902203,0.07456300149207443,0.10367062457084625,0.0233929620904075,0.044849047176492095
ACTG2,0.12556515550335234,0.022038278875172856,0.13886076068897754,-0.016224650613783906,-0.12287869660217274,0.03784715892428192,-0.09919395920103423,0.034628805228530964,-0.10653948098469113,-0.09724400658311794,0.07157026201187316,-0.1885818079641,0.07110702313939511,0.04863490099542169,0.10022674816283125,-0.10881401821151712,0.03128274956848613,-0.05804598878893908
ST6GALNAC1,0.158901843155077,-0.06234240846601953,0.14184364254816137,0.16624925425753054,-0.10492059873069601,-0.05143750579682948,0.04572996239128925,0.002034196534979696,-0.10471899417342295,0.10177083297659514,-0.01339235952804017,-0.019951188225742187,0.026633899875957164,-0.04604113781576288,0.03191825730967388,0.00028335656434812863,0.06032001719451546,-0.03846247336684083
SLCO4C1,0.00026899238980298916,0.11560911852925605,-0.032080524750096186,-0.062428906566053696,0.1571844886183405,-0.06700158533466802,0.047611302829175334,0.15165894016760414,-0.004558372547171569,0.05752945069070856,0.09865201984747499,0.07336891819262838,5.989570431746167e-05,-0.1058113704386048,0.08777224808747032,-0.010873077397828968,-0.039490795196066124,-0.024823320994375387
GRIK3,-0.20998098448804584,-0.04133528273482058,0.06525760113382553,0.037862066466592494,0.025917414471198785,0.03537087116081705,-0.021807073386957542,0.067447652666652,0.1221299128972484,-0.054526739568961695,-0.04113036265849388,0.029939297190407766,-0.08805470720619364,-0.002050806225716154,0.029394221100032564,-0.00033628988050151494,0.03112585251426966,0.03923931855556562
GRIA1,-0.1944166963337517,-0.083021231635265,0.027482457111456044,0.08706390700591848,0.026491607494575603,2.3159015270659808e-05,0.05490564942684287,0.0002596084287439767,0.03144891118419719,0.05596059260292751,-0.07428688946666082,0.022049082468124807,-0.0041952453453012375,0.026277547778200332,7.91910263514118e-05,-0.042276665584654594,0.0075246352827740256,0.0356851910962964
TAGLN3,-0.21389902814886788,-0.10069272444675322,0.02875631985383962,0.109128319175845,0.050345794125305716,-0.02253661727575871,0.02979666232549438,0.023739086197649976,0.025277631670410458,-0.051504503597485554,0.09224224746667654,0.13741400829759343,-1.159405492675793e-05,-0.027691876631596574,-0.0787758432618157,-0.04133460004152916,-9.772064528799079e-05,0.021205847172580186
NAT8L,-0.2021156967854994,-0.12626768130213237,0.1361333577338015,-0.04801216358297882,0.03197129841073832,1.2296023485767444e-05,0.08680007280649879,0.013878270688957181,0.04741439601525601,-0.05598056600821739,-0.04035382338877885,0.035269675602739664,0.12996072806893988,-0.03150560791312966,-0.033977021084151314,0.05018534747564702,-0.04333254722273466,-0.0443237719281106
CCL18,0.21315399378955996,0.016241274203308533,0.005031803772659544,0.022857808658941985,0.13028689368688579,-0.01575559839954221,0.043442565557605485,0.0005318624926588262,-0.057570513047791365,0.029633749348147272,0.019102716354763842,-0.09672218860337524,0.02451908234270048,-0.02663370400965178,-0.058989154670586116,-0.06949343650966625,-0.017614500648863468,0.0013484143462824767
GSTA2,-0.07212328589072897,0.14364984002071085,-0.09254991717204078,0.07532788874986393,0.07363144167091042,0.05326207919525579,7.32234497244121e-05,0.07525081927487863,-0.014565771478741853,0.0002602861529816151,0.04018456486854066,0.0010627649168326854,-0.02937983244124638,0.0015413693650179485,0.07074865859986576,0.0070026907893942746,0.013672546528648606,0.02125641983224996
MZB1,0.24328752014886235,-0.008088437477122231,0.10643140314863121,-0.007579317225997616,0.10904735814809273,0.09340721568350437,-0.07365640683759396,1.4639359831107204e-05,-0.08146208188324376,0.010277785453348462,-0.03908952119121832,0.03520161059763228,0.010129400575280088,-0.0003148751044193909,-0.03246104450669232,0.032505825849202925,0.09011347577008272,0.09848628517884217
FAM181B,-0.19935266412417937,-0.16081825635205546,0.006839854279077897,0.10492397663504738,5.280409336908918e-05,0.00505319335920928,0.035812999446664696,0.03186751890473939,-0.00043776203087916095,-0.008210605605972376,-0.023582831098334502,0.07167290891924066,0.03590858594686851,0.05014727749150923,0.05161427056945007,-0.00034697868943747517,0.026859018522132013,-0.01969125317689566
MAL2,0.26114743225451237,0.03152897210190407,0.03734758398003629,0.01082618079566104,-0.057549817594688094,-0.019017859013259666,0.12143424561026872,0.09852814098725782,0.08133392147610781,-0.016995293462103725,-0.07435825843653511,0.08917587078600965,0.021202570005861912,-0.0395329859789044,-0.019583041825756518,-0.04206483914806238,-0.07502285728360891,0.01201486868648328
ZBED2,0.11241763022152426,-0.10110708988086749,-0.06715606841267982,-0.0510969720611109,0.14454525033261928,-0.050988950626273885,0.1646390571682778,-0.04458787931017599,-0.030702993348402416,-0.10202620662802497,-0.05271919396694134,-0.04076115842470925,0.025927929440150963,-5.219648394131445e-05,-0.07403298232414073,0.029577833289139908,-0.04916687511222333,0.10734850216469397
TCERG1L,-0.07102041840342799,-0.030077627895410963,0.01112023034129791,-0.09687192063743455,0.03806659428237387,-0.009217388864235026,0.15923792644049353,-0.052952215551715864,-0.08804141325949792,-0.14101240610077248,0.007681713645611047,0.08085025045061918,0.0207705888609116,-0.000256008665361175,-0.022918221386205542,0.0013615997363511994,-0.015685917911619166,0.05605304050867156
ATP1A3,-0.19215599604867678,-0.13002132194534866,0.0993705676692605,0.13990479620268015,0.053987289549161994,-0.02368090331388088,-0.06698975210228005,-0.054879018507123775,0.020050594668643607,2.9807733447643302e-05,0.08824691475680212,0.13514109238132613,-0.03357918349657218,-0.020261703482703532,0.00026684170142728515,0.01723905378951042,-0.03758476423920297,0.04503729238341239
MUCL3,0.053578347530061965,0.050573127769491216,0.04958000682257929,0.10657466711534706,-0.036606353811049416,-0.014774041111838854,0.049491556019374036,-0.04286698841204887,-0.0029010668611711555,0.04004130649726433,0.09908049024474612,-0.028105926175075402,-0.03183942354920784,0.10282830803969756,-0.04220323867771547,0.09630965992242888,-0.06528170963398877,0.02403810619724795
CCDC198,-0.01725957889821604,0.1812003840033139,-0.05688624869191224,-0.00010739108843261337,0.05664425724029936,-0.04210139402399337,-0.033045975122081885,0.15531111648195547,0.019091416364056247,-0.027151967564472943,0.05596818770047541,0.04607844887500536,-0.0014772697633172317,0.07541433352860691,-0.018852410909462717,0.04211485232654076,-0.056366653748281606,-0.023791835319368813
BARX2,0.16911256493255117,-0.015046355324853468,3.970809345862735e-05,0.023781189390061342,-0.04254301561520221,-0.03504256682300778,-0.10425398624716693,0.16042094042446603,0.08619337037428967,0.01738664020554743,0.034769185231827815,-0.015448172682060363,-0.07353329176410943,0.00020876755963514544,-0.0583405924611224,0.05304671215371879,-0.041876747422734284,0.0006227569780838625
GJB2,0.23593463239219892,-0.04180220844642529,-0.13376648447981415,0.10353611049382236,-0.00905401652774295,-0.001907871528502709,-0.018088869124290495,0.05072266296280986,0.08653569011156781,-0.04159618386328818,-0.03850471242466826,-0.10540094905597887,-0.030705864737982654,0.00029700329125358847,-0.0022258123954876034,-0.06318214761790614,-0.025434236659068396,0.054725193125357056
CHRM1,-0.10753004139469036,-0.05884114369155464,0.09856928736629153,0.0008267394819069854,-0.14393235373738114,0.07091846205231353,-0.03995437646841455,0.06980158520306427,-0.10210169559912295,-0.00019957127968613114,-0.04328284165984871,0.028695103730245895,-0.049040184123358,0.04308752707764224,-0.07363950313575482,0.00031678911343798556,-0.02588503506623085,0.013633564416974152
PRSS22,0.2680142110888962,-0.08370459553026466,0.054181086290222724,0.027184808810722876,-0.09848292225476227,-0.020180620233015808,0.11278051096053088,0.0003480880730286923,0.04637633680390116,3.657433056768794e-05,-0.01568703162417119,0.04223862608878793,9.557695269058276e-05,0.04289163913553899,-0.03271592490799671,-0.021801715922439683,-0.0195539315784881,-0.05644031278651625
SERPINA10,-0.030268280325125387,0.13251568696582505,-0.07739941559868618,0.021940710958261084,-0.04171035849125488,0.13165076175775156,0.057820017464172674,-0.09762262357158426,6.724082903164626e-05,-0.041320150613868734,-0.03213658385999539,0.04162008281472194,0.03859003680977892,0.024958208707402594,0.00035646949969381713,-0.03289990736561255,0.012226004973048874,-0.015609854943777438
SERPINA1,0.0664294590179458,0.22764622439498208,-4.307756311600287e-05,0.055595274560079205,0.11776497380668444,0.060524066098850964,0.15392365480540376,0.051728577863306695,0.07064046139158463,-0.048435855189232595,-0.032415193873864906,-0.10502814549011165,-0.00033684955848805855,-0.0009222670776269604,-0.08799405452013652,-0.045799918218494114,0.035401763698484495,0.016279044261261352
TSHR,-0.06932904547431015,-0.03833880856524169,0.03935025233627177,-0.0944282912726943,0.1394604211403404,-0.057657239488055706,0.1980378092484872,-0.06548431310859895,-0.04152813761826599,-0.14146856866778906,-0.12586603965084633,0.0007598427283516297,-0.004427587079117542,0.01265073432613967,0.04088602544906114,0.027259235835989427,0.009909916351983883,0.07848337058999516
SLC6A13,-0.15365818801763922,0.12652926211279414,-0.053143164218924156,-0.03405113991184818,0.13658629804750555,-0.07722533636881378,0.05941948934155774,0.18209370530834462,5.175731727710969e-06,-0.07220690776601627,-0.0427674639554372,0.027447776203902038,-0.02186114413720494,-0.012869425358557967,0.032075874332876654,-0.03372778651703115,0.010446135163662704,0.0036608917608850593
HOXB9,0.07613027845688702,0.0707875496733858,0.03745632582709947,0.07125609511725402,-0.04506192368858543,-0.15010020154409512,-0.08184934858783918,-0.02040109550961833,0.053027432405967544,0.0009068591342576974,0.014813891153922606,0.03905658485058439,0.11724922084534053,-0.05464290474652077,-0.0019521600796410553,-0.0005624986754291589,-0.0017940509943444396,-0.08654893638207405
C1QL1,-0.21244736358981114,-0.09408316567763263,-0.015354420654758468,0.09663958266316326,0.07205096475361988,-0.023817654760136163,-0.008547151403312516,0.015001654018463312,0.04579508618935722,-0.10183798244729182,0.053645994442606364,0.0006784651157509315,0.044465481342533114,0.051673409929468214,-0.00027878487633853876,-0.040314513854940726,0.023753467625624428,0.026371945342645156
TRIM31,0.13725539457170421,0.10135482640326185,0.052855389947699984,0.2028474602593126,-0.0878009565105314,-0.06678404981910996,0.0429531385011993,-0.11475830668754763,-0.01948573340214767,0.0345395434638762,0.00016021446205015066,0.019972454418118603,0.01687847340914985,0.09158286992297568,0.04653613274888218,-0.0005737448163698666,0.009988894528181129,7.853033511075274e-05
PPP1R1A,-0.16134312845776155,0.08894802583149092,0.0538541368624071,0.03509580462031175,0.020086290514116895,0.08066124947745804,-0.0003364485806170414,0.13919104886279932,0.10406896071143534,-0.07231861683164231,-0.03962564179022099,-7.06700807626358e-05,0.1290044959032746,0.0025944259191031122,-0.031145759040512033,0.025878448847217673,0.016174826870123407,-0.014240118500802725
NR0B2,0.019295325707525558,0.16293858289248925,-0.007677443611731677,0.13549509100798202,-0.045453740681470206,0.060122889343444265,0.038326504556798785,-0.08765063082362666,0.02875544687872498,0.00019609643303176085,0.03775163351293553,-0.014816374328624272,-0.026193525170413765,-0.0017970271466034372,0.0008671072575434106,0.07037464769797683,-0.04107758397589527,-0.057146601648157574
SLC1A2,-0.22549450803669993,-0.06677367619982706,0.0717262332484196,0.11943028166258857,2.1085774896507414e-07,0.10581385464400833,0.019194000023826905,0.034997757132801684,0.1212960866128212,0.034360410237317375,-0.08913852320800957,-1.2131267389361244e-06,-0.042333831299796794,-0.027829040336881522,0.0050030190096789304,0.028246107399441146,-0.012962973441133244,-0.027666181763350697
CNTNAP2,-0.04010330868742181,-0.09621350218118771,0.08808600704651696,0.08056596270342056,-0.13141387332656435,0.0874986406515983,-0.04941074864907128,0.024914976138670497,-0.03091503020785201,-0.06693931416258334,-0.020850022185196163,0.06601315360525921,0.0010580632993974091,-0.17197405581266287,0.03723945602404849,0.03119055224517215,-0.059404062664166576,0.056702775516737865
GATA3,0.1326730460905326,-0.05674817342000869,0.07308277598148971,-0.1533449308155957,-0.025700694636280958,0.08028219194171807,-0.04852468424263619,-0.008406777164393076,0.17875283482646304,-0.07688161756328614,0.08787531304875011,0.13362084739800417,-0.07579011608718089,0.14116870019084604,0.10225374865465876,-0.034781629096645776,0.0023987724065497452,0.0830636852484329
MLPH,0.1668672888559836,0.0759270710831112,0.1698432482998299,-0.09021998194258178,-0.12765571696137198,0.08709197227849488,0.07303677827830231,-0.00012918580877609834,0.043499730565357074,0.030884222461704604,0.04530505723086231,3.478041902071596e-05,-0.07659343234207097,0.0388718971774933,-0.034583887258662335,0.03914230900001691,0.0013935184786407343,-0.02392471596817309
ANXA13,-8.80237258377906e-06,0.21102625762980967,-0.009691978833691009,0.13104007918717606,6.333629981310137e-05,-0.10201520760197554,-0.028663357125066343,0.025305816740411345,0.02684122963561997,-0.11265325233727455,0.0012751022272180525,-0.0005824670561493033,-0.021143531891781336,0.00019793406713610034,0.00029668075591479247,0.00031658620357724447,-7.433126054388043e-05,0.03330142826859803
PAX8,0.04010339735986778,0.10416089298418398,-0.01710985100310633,-0.10989822500047093,0.12151280102667227,-0.17748786770085098,0.11291368672943072,0.07475818545823662,0.030616523448068186,-0.11078811374649308,-0.033128226573152335,0.0190693673796465,0.08801140466781894,0.02678999342315431,-0.024301127422407604,0.04153382894461015,0.00017241820325210818,-0.08286008315086095
PRSS2,0.05668430225194376,0.02254780478566356,0.07768417332704,0.08183388375691318,0.022574355841526336,-0.06170547062751406,0.1321774423283933,-0.05026345793274132,0.021682305045748737,-0.022711783489904287,0.08367090639154977,-0.035007454037541436,0.049136133341150724,0.056357599952772806,-0.0022966638763384055,0.05354028968734244,-0.01442994542450428,0.033203683498490025
LRRN1,-0.0903742811219637,-0.14190985147258414,0.17671738533550022,0.017910141707573345,-0.023707644058985154,0.03917240419392043,0.08584257701730935,0.07225813284635131,0.047153852904947814,-0.03537284531952776,-0.03438847816573818,-0.06165098224739367,0.10582852355832645,0.0008895304220258562,0.04041801727600915,0.029747360268743854,-0.050165563745470106,0.036735482817031324
CLIC6,0.17215298789836286,0.014588065595598072,0.12517617005388823,-0.08065922997695564,0.05338375534076706,-0.020465650583322288,0.1097983350161019,0.07324543240804779,0.03779171847634174,0.00040364414656544905,0.06775134960157247,-0.055621359256488256,0.00028304129225758157,-0.028225952908817957,0.07618719792863503,0.04914104781051423,0.01900043323282308,0.043631089863442794
SPX,-0.19222396573245382,0.05479916290882784,-0.019952875809054686,-0.01958210423395944,0.12829885696170518,-0.06622394701968774,0.04618738729350659,0.12258949992776366,0.031394968682816035,-0.02883164105598351,-0.057561159480954444,0.05206171017695017,0.034358333601725057,-0.01991445216466234,0.029794498765237404,0.06259148310651076,-0.0053103650069566315,0.00014794073753600197
SLIT1,-0.19585455340198976,-0.11921707473229905,0.1402611028552689,0.000536526743040674,0.0005968976120630602,-0.013467029105322213,0.12162742016881795,0.03738966578558616,-0.07293130717150165,-0.06735138288493835,-0.11814930699920909,-0.02035725694974623,0.06664717316128128,-0.012339923651416129,-8.413449892059686e-05,-0.00022884186473997093,-0.00024886081753633225,0.04514275834796848
IGSF1,-0.13443438522125895,-0.06680558820906775,0.06046126026089247,-0.04232383434071405,0.0789659450739564,-7.794667939461004e-05,0.16028668964508835,-0.0006740084351710064,0.015318908682775932,-0.18759583029738647,0.026594970539254054,0.06597033329770668,0.03825754299641221,-0.02185120555861432,0.024356847896570482,-0.004744737097154723,0.01229912538737284,0.016445714406620397
EREG,0.12182475248843905,2.0712732334385822e-05,-0.05254741838260249,0.07822952134893647,-0.021093845941811684,-0.07133509412857998,0.026515884027985586,-0.06515804034514082,-7.475205896926216e-08,-0.019238220588161242,0.006023299189914791,-0.06052226407160005,-0.05847819132920891,-0.030420995308166686,-0.11514210384644737,-0.07562757722828169,-0.05710283214253118,0.0068865407309611215
SERPINC1,-0.05218900630393646,0.18109022533656835,-0.13318143436978708,0.07443824278296392,-0.0301466418310042,0.21389725507938623,0.07115735483421053,-0.020596525064630587,0.03740003431607657,-0.03946183517978661,-0.02368385881692576,0.019456670574148925,0.02988663924311342,-0.00037371515478146515,0.021460719971914288,-0.019571477825623424,0.013034389224582997,-0.00015447831946933962
MAPT,-0.2300945533758764,-0.050775218474732875,0.10513909943387972,-0.007662354637229348,-0.015233870653269458,0.05707000415539528,-0.09400259185081618,0.1575212040511494,0.10343044797849828,-0.049595146147421554,3.1903716249841265e-06,0.04148034978236107,-0.13169685846799176,-0.023011087714944457,0.03869408526085965,0.01370486862767836,-0.048089749996780395,0.03564287887616877
IGHV3-11,0.2060223225900351,-0.02433961766910363,0.11221534815217839,0.06867613478349238,0.18446421413000527,0.07024305877322602,-0.036862929115472204,-0.01194413075792425,-0.024237900162002154,0.0015602501291411893,-0.03944581039062169,0.02813395915397888,-0.013947404697215861,-0.00018434895943767135,0.020065745902234578,0.01783662278581402,-0.09107028186136604,-0.011740394706741611
SCRT1,-0.14604409305813,-0.07212439486396635,0.007498314574036309,0.10343420035221765,0.027561217490811456,7.031879608659275e-05,-0.00047685188845218203,-0.018428018198092262,0.012937865253856762,6.84232126112991e-05,0.02763602723901757,0.09728680016687047,-0.07681561747849332,0.012636245672656842,-0.06767647614833237,-0.044409600273362014,-0.00020915588233307256,0.02460762342744772
ARHGAP36,-0.1310136890596524,-0.015450068606159733,0.017834301769675293,-0.01713824392597568,0.06791143771765759,-0.013080919073630853,0.11684650544230822,-0.035826112993624,0.015740217075148374,-0.0744093404182077,0.017537229142843037,0.11778242315684155,-0.10284751511204461,0.04922723214617582,-0.05021439864987559,-0.06237316892328641,0.037998394589396446,0.02441113110963763
PRR15,0.16046966841721536,0.04116376972282035,0.1458530790146387,-0.024106241729482735,-0.052648320868070524,-0.09974998082735934,0.08693787970118573,-0.04746175610319106,0.12660450256881903,-0.08776055733900323,-0.0432130408112243,0.06620838483608758,0.06291723025571408,0.0014209564410374307,0.07802159704803185,0.0003882701981300501,0.023610965368937618,-0.0021366156014762682
CHRDL1,-0.044693518042090326,-0.06831818244391469,0.20202285246828255,0.012822932579261634,0.00022653952485785425,0.060516764669613844,-0.01584005558618908,0.07818102065127412,-0.04500377555537496,-0.04936671171415707,0.03534600941001661,-0.2215031181858072,0.0639078234357859,-0.01795907763961897,0.08404173210246227,0.003072805455118836,6.102559326735656e-05,0.05883156523780802
ASIC4,-0.23949498259181382,-0.10091426136348196,0.034977307321003695,0.10267193643935309,0.028691654648248903,0.00017996931521201186,0.035608388576765126,-0.011528185749542954,0.013420817474305747,-0.0027453509870765625,0.00021295859213194457,0.06807610342143,-0.033390279335027605,0.00048564325719742917,-0.029297440296485025,-0.023795571699415034,0.006100805801082516,0.0012455148979079757
MUC1,0.21560331689354542,-2.7453408730404153e-05,0.1277840654631073,-0.00013265237859975832,0.014887164525675642,-0.0837086502112867,0.06321095887319637,0.05632047475554574,0.17567847393648484,0.12397176737065073,-5.895260230033403e-05,-0.05817669766314194,0.004539426524503695,0.0983982695223513,-0.04942838220305686,0.013583343271871072,0.06639730993717471,-0.016241243466508435
AMER2,-0.16626168648423403,-0.03736287227901227,-0.03381778595808025,0.0977543324043003,4.681837007487383e-05,-0.027006070684083616,0.02397113298775494,-0.00256576905178296,0.08648935233915558,0.06900538003031637,-0.10821082686777446,0.004925449031755264,-0.07806087573685307,0.018926577895412126,-0.01973334909753289,-0.06909858830599257,0.02617909395633663,0.025510587543013632
HPD,-0.09973198008888573,0.1799787433123967,-0.09711380767014843,0.07025259210956383,0.013604788055917682,0.14406090322720072,0.0002497627999089206,0.07479961520974737,-0.02063072947238755,-0.023602342250952382,0.008887737858354674,-0.04896565593298583,0.0881185437369814,0.022966514967155533,0.031693054142500385,-0.012736118424557607,0.020397177615254645,-0.05279277970225694
CPNE4,-0.09673156310188462,-0.048023901702371384,0.11134509159620397,-0.04014365372090186,-0.08503628993153012,0.0479862297864698,0.07595004887971048,0.12446368209031189,-0.14705581562753514,0.00024875351807780895,0.02634298079621845,0.03689879036745607,-0.020653055486966103,0.011678964870713347,-0.09787600419890052,-0.08893111008371637,-0.024204591196015493,-0.00033367887051026214
CACNG7,-0.19514117040350337,-0.08140822209344685,0.028982073645693586,0.0725542414998018,0.018316059701745314,0.013211274042526812,0.04979442247026019,0.019486753429833824,0.002414813395005863,0.05693736607304299,-0.10655947954953883,0.05670934145358663,-0.026758765164424946,0.0006436608704937186,0.011262367386274154,-0.015346993027131255,0.030682176680918227,0.035185013067042546
AKR1C1,0.03736927159288607,0.04093754701078284,-0.14565205049994115,0.14100321194998125,0.055276700158393616,0.056984878375245046,0.044261042160191555,0.13217564763589357,-0.001189247291979306,0.028729036370115552,0.09995592301402238,0.0005090942077084096,-0.05461846221514158,-0.033052274377833854,0.13006849716095023,-0.001718643608115079,-0.03556527732612455,-0.05221059861274498
MAPK4,-0.20025722985452313,-0.08561864308522672,0.08337333500854001,0.0337996611664848,-0.02323342782461811,0.01970574207389814,0.027395566875496918,0.04611431703677052,-0.08831417956349041,0.008637654240985889,-0.038050896353899806,-0.0329544840466709,0.0911652426540154,0.02250827107115576,0.0024684268473234273,0.09040608561694195,-0.046281703669670396,0.02145639991526639
AREG,0.2339448485236492,-0.024281416221138597,0.018429528284264456,0.06677622232483227,-0.0167452005608876,-0.055775158144073474,2.787700816973145e-06,-0.0020424407472662913,0.11358047630782304,-0.024832035130080688,0.04206740210093272,-0.060411164452489105,-0.10750116181536606,-0.02915454262582936,-0.06942974929172867,-0.10999080025034359,-0.02332601348969952,0.014026409643622173
SNAP25,-0.23710365088025118,-0.05306792538176117,0.08905891883761535,0.07226599848108006,0.07972673970419537,-0.007140192784258799,0.016690855993697556,0.08990053635770237,0.0031344237912350856,-0.08033246008460186,0.15072071676579665,0.0409368436205748,-0.001698536698367879,0.026546212641525787,-0.04535203959936503,-0.04323687953049077,-0.03532252480701965,-0.0081516198474288
SLC22A2,-0.03975920939804788,0.10977599971190186,-0.06499873197145725,-0.056761360973154935,0.1104447505343989,-0.10743822355906078,-0.06766332256701556,0.16233551817884512,0.004695676839717861,0.048434835372370456,0.03810318330613867,0.03892787954813096,-0.06943550830836792,-0.0005324634382464755,0.03744914550567585,-0.015519887288712605,0.003895286989577236,0.028860480158561953
BNIP5,0.04786816077767889,0.09579071940266641,0.0680534842422311,0.11378576207333276,-0.052270120409462204,-0.10733826274414192,-0.0005640994419644466,-0.1272477235892293,-0.00026152371029885044,-0.025401287992098884,-0.034750900071540976,-0.06417807115769954,-0.023946038902301178,-0.0031758318691774926,0.012568936120338376,0.049949297381606333,-0.0008904895429335157,0.02154861337571454
KRT80,0.26033222788063454,-0.02099687742410878,-0.01701995452535051,-2.7266614835222332e-05,0.004034636674558039,-0.07261597145326207,0.05193649519697203,0.0661583344064561,0.1082290871262837,-0.019909649617438307,0.06442686739387436,0.012357671210220095,-0.024832708098048387,0.032875659355366134,-0.05138907983831231,-0.1088841311189928,-0.05565256871606785,-0.055050591255343916
DSG1,0.06328058194642956,-0.06780362375305199,-0.17377394954381933,0.0013460834935872204,0.02625181288449516,0.02383766819193161,0.02723683463441847,-0.018176807281382584,-8.741364915220796e-06,-0.07865113757753214,0.022048132582499814,-0.0024848799313673966,-0.09809817307898315,-0.05258705712499536,-0.07256366368190385,0.03886108097127594,0.001123444001630955,-0.0639670955063741
RORC,0.09824660309665642,0.19038661891220285,0.08283718809376725,-0.1102513116028944,-0.0355451964001634,0.055912670295892204,0.09647520007584821,0.10093426524445745,0.014328461002671058,-0.05200067218632577,0.049530531781860225,0.10470376479309906,-0.12691245991229186,-0.021166305168843488,-0.07311364987076717,0.058761845089450544,0.02108665317136799,0.04969147243775759
IGLV6-57,0.2029308691617445,-0.027779254021542917,0.09543517080237551,0.06357567528279451,0.18881164828885053,0.06713709292795098,-0.0476976789535243,-0.020159554972254662,-0.03162820927312545,0.03193431368896776,-0.03744545617154418,0.03333535040078642,0.00809403102064597,0.0008845679980579665,0.0013810345543210077,0.0387710207735078,-0.05468659513209799,-0.01790278946450248
RIMS4,-0.17871165490573257,-0.06661995632438929,0.0691287694576228,-0.01553985636710162,-1.7343496304783552e-05,0.049670644377676425,0.025627731001942575,-0.0006653193299381229,0.09933887317462166,-0.07374494551823595,-0.00459470858113856,0.11870544418106846,0.010595583568193892,-0.08765493795716547,0.030817779880047007,3.328257600104991e-05,0.0022906501572934686,-0.0011492043546247313
SPRR2E,0.11329867903150048,-0.15818422289179684,-0.20174957970102564,0.07244815299508313,0.008359534111659545,4.7147794140709804e-05,2.290206558787229e-05,0.052365572408455824,-0.020940477870241135,-0.08122596861489906,-0.023178734106927307,-0.021229745286021794,-0.11336049354374542,-0.08359628508237361,-0.04980013475713484,0.04966607292281329,0.03177141360439193,-0.08679928094131423
LUM,0.24448855380726495,-0.0396175762331999,0.10589144094349183,0.00011632165291878113,3.862267072111293e-05,0.05692002944862138,-0.04646446641455647,-0.009418864727641486,0.0879224560782298,-0.06624288214148362,0.13166693130219925,-0.1687799985212556,0.03489419140140568,-0.00022382082150524584,0.015228303341067706,-0.14960067341846997,0.029080311183145153,-0.044325307904069
TCN1,0.1536331078496014,-0.016317359719839053,0.02230889749302811,0.1264828064272119,-0.05848367380675637,-0.02342344219669113,0.02850775199747708,-0.013290818374571176,0.08499107531341733,-0.0012495616316486671,0.06144370116631247,-0.024116353605752018,-0.08326067399449064,0.11141971182332328,-0.017591523856784048,0.11707368129301761,0.020456379648972206,0.00011066805298976651
STMN2,-0.17457244502573946,-0.06194834593616802,0.11984142363778448,0.10150505014194842,9.601329207742543e-05,0.022229611966860453,0.01964063863259596,0.00027082934521804517,0.06692012759747974,-0.12663376777024693,0.1070228636336371,0.08123333182181587,-0.05133922882902003,0.016673712331266657,-0.05060676189550219,-0.048015627275753,-0.006989827393719037,0.0008924956028363371
SLC30A2,0.01561784123685227,0.0804693624895068,0.03518251922608495,-0.11008519424189728,0.018343008403641652,-0.06601173023618208,0.1281642349855666,-0.020822046204025568,0.023664312635991735,-0.11486037919447438,-0.012604530971893154,0.09302233601355685,0.07182723645641388,0.08752711943437462,0.0365454673685643,-0.008159881213893824,-0.014429244806349224,-0.07456641940347802
CADM3,-0.16660094632196804,-0.10416846597362985,0.11577136293382363,0.06757085032905796,0.12388839371811344,-4.916094645621577e-06,-0.00035481033212319315,0.07521621065381412,0.003851213227618256,-0.08941319890124415,0.05130667152380403,-0.10978614341457307,1.9054274164322102e-05,0.03930574946741766,-0.021821109127412235,-0.038880101442444186,0.031190040904149632,0.0350355733254271
AQP3,0.22802922032008335,-0.00872389210877976,-0.0767042905328547,0.04099054353799407,-0.028640468602230736,0.061165715789067175,-0.014673880883530516,0.14934601092917227,-0.04388710990542441,0.09298195296389768,0.05521562805267372,0.012245108171187574,-0.04302611705190676,0.03523948544852359,0.005814811198857961,-0.03399758331233834,0.045595964364036255,0.08231671382166095
TM4SF20,0.07142622760500626,0.06930031881826455,0.02479817565503703,0.0754511902089389,-0.06888477401341918,-0.04065583012643325,0.0018631193535685302,-0.07885665434945162,-0.01874910935672742,-0.041861719052394955,-0.006975849798764155,-0.0034919859454835807,-0.008309612413432787,0.011054831437833772,0.0007826672696399012,0.00010215043704542115,0.012240722400341495,-5.774678387303026e-05
ANGPTL3,-0.06124948023235726,0.16121995046239643,-0.10525631213473277,0.05313719966662031,-0.008981512678338495,0.13403964480989852,0.0021477889196562156,0.042185627507477085,-0.028256030200593335,-0.026532391416689102,-0.04115363486537924,-0.0032017559984338626,-0.020446130708740625,-0.004938818701187289,-0.0002615637978528805,-0.01998184809396834,0.01573427629021831,0.0017210516760532161
LUZP2,-0.1505388008557807,-0.10297112312788707,0.09411917945760251,0.07228508100934847,-0.08381550141141511,0.03049347089248979,-0.019696006052698594,0.09847270770654025,-0.07708269709594474,0.03398890491870677,-0.06507337013636344,-0.041963580542884335,-0.029376418889739183,0.03784341652741531,0.04254954887016445,0.00015999684693279956,-0.028039942176176613,0.008749414485266569
TPO,0.013229445015809844,-4.8609430284488515e-05,0.043793529593986,-0.13325581445402024,0.015641485374615613,-0.0008588133721716629,0.18122317337076868,-0.0475762919775765,-0.0017568230260583911,-0.19483024711028743,-0.08169212798754949,-4.108798765949912e-05,-0.02152673194891866,0.020526589526913528,0.05961946993688295,0.056136251602330385,-0.01949336658680465,-0.025486224547421672
BICDL2,0.2666570412165636,-0.0002418858694026551,0.07728304549911431,-0.036805013509637954,-0.09876631779889702,-0.050474358902834054,0.07463039932780041,0.0685158847553684,0.03847017717308944,-0.016503336759514094,-0.037263326547004434,0.07850824023548035,-0.007509197393494045,0.023882121883763825,0.00848505822397353,-0.04589265069280711,0.017947042652502933,-0.030892446221107102
SULT1C2,0.034493688908297876,0.20878321100290073,0.05603114805701845,7.011815043115796e-05,0.0963896307232734,-0.12407840040416858,0.10500865390609378,0.02619705058341148,-0.00020946516305953873,-3.446687495887788e-05,-0.00029505565324937166,-0.01512394409351051,0.02050763074740353,0.003294596501885877,0.03927129864778204,0.08181692386527271,-0.020882112885289943,-0.06430385011889034
ADCY2,-0.1754353623962423,-0.10349009768825139,0.13046598054163908,0.08447275182402732,-0.02330386955866603,0.019995500619409787,-0.07026989057955321,0.13956715613192103,0.01330251856242538,-0.07682740414555277,0.02189828296015303,-0.04622187643828477,-0.029283925572052817,-0.022757916654910924,0.04454223653203537,0.0008030970088148293,-0.016953901797418604,0.03993861456411106
IGKV1-16,0.2036202011611315,-0.018684542019493322,0.11350539560024538,0.06196853809551807,0.18603606901891948,0.07115888912980163,-0.03878394701047121,-0.012188050820666499,-0.01771215742047788,0.00029338007699190703,-0.03726334287409467,0.0200713134181467,-0.020351695798423487,-0.00015008221724234757,0.013580060594748103,0.021852981693089572,-0.059167584426266615,-0.0035912245110639633
MFAP5,0.16545024156775395,-0.07665149335027106,0.05863946400712425,-0.018910251183654,0.014310360221929483,0.03308374085031569,-0.09326622377621406,-0.046470736802616805,0.1493656124927957,-0.12148501493014578,0.07482598097367163,-0.21630160763944936,0.06483507103975576,-0.000149534782326915,0.00047581190771157504,-0.05618087247660416,2.8572348907694498e-05,-0.03355454732240288
ADGRA1,-0.18327777764341127,-0.055823012902784824,0.008095698931834355,0.04766655370532238,0.03597404016693994,-0.012165689035359141,5.6700305442345125e-05,-0.04998647866382889,0.05016339943381076,0.015366752502046398,-0.037784527198052524,0.11196838044598448,-0.07765307637140388,0.02251707537086675,-0.03399308814741839,-0.04262138848776471,0.010920900360938155,0.028424044329492547
MYEOV,0.1883516442673613,0.0400083775179738,4.7382399578482926e-05,0.10633192209227946,0.028148924837701567,-0.10478626873945401,-0.0019540451094249315,-0.034832597097209816,0.07141134171682996,0.0014980147024725794,0.018253021014313926,-0.06920083246158966,-0.0001176978869536538,0.08709887046512516,-0.02998897062986358,-0.024687385403839655,-0.013173954222664278,0.020620253251810664
ACTC1,-0.024988359809371103,-0.036440286562477796,0.02150099749119817,0.020188903478248383,-0.06166833232064282,-0.00012511636200512465,-0.0845494975721784,0.03976755826224755,-0.10391138776287906,-0.13945918811265692,0.08185189930946793,-0.09497222466714367,0.051095140620139035,0.059043094985220146,0.033050604600781824,-0.08831809127592828,-0.0021149949951055494,-0.055472518682936095
SLC17A3,-0.04636171148678056,0.14896260747673729,-0.13823556283164556,-2.2738768386221266e-05,0.07206869247824425,-0.05897822866303504,-0.06866075303897891,0.1427152370698754,0.031780073696769294,-4.176142558428317e-05,-0.01561376758117662,0.01563324124563566,-0.05814708832480646,0.0002429613189016961,0.024925855528791212,-0.05147906632576437,-0.004051470988971413,0.027210022879571454
ITIH1,-0.06047249950888855,0.16292987200281864,-0.13138466908242355,0.07767283031569597,-0.03342927514373931,0.17687284678108384,0.07043116856979138,-0.02901112001352778,0.0024568617996558917,-0.024479891275177194,-0.021364592784925446,0.0036357102926329486,0.041322833238935965,0.009739031703310658,-0.00028641123802407135,-0.00048657994127372146,-0.0004943782673732701,-0.014520377003750928
LINC03040,0.11809432601329412,0.0847670383718128,0.013918671442785932,0.11075460879427969,0.03056737397541916,-0.11289982233843976,0.010677741556156995,0.0003551139513320298,-0.0003308419064177549,0.057035174325958525,0.025429899308932895,-0.022796811581351193,-0.008092350132221694,-0.09083618115107689,0.04636177587554492,-0.029573582530460173,0.01908114614007519,-0.059500195134200934
CALB1,-0.020990405830762022,-0.10596786470398853,-0.059776004728054076,0.1343921752983895,0.014164645084343709,-0.03650281828065961,-0.021623562352669625,-9.939885187693135e-06,-0.0008265195347427867,-6.058732283479397e-05,0.0007265315392105468,0.04076861551302083,0.07903097123277741,-0.07860992785893757,0.04486249938307959,-0.0019703770645019517,-0.03183769783848815,-0.0478008907072263
TRPV6,0.05614648357344529,-0.058561524601844966,0.1224359289796391,-0.048014771890914826,-0.15934221758956665,0.08373447329253297,0.02828326411271741,0.1199751084570247,-0.05455851193306256,-0.03613009175241768,-0.022129677615154046,0.037806775035230784,0.1034272701992234,0.12389942972656577,0.021798489780142646,0.0976586731528545,-0.034638909098048495,0.000565102994754632
BCHE,-0.19645502535422973,-0.03538322786113857,0.010640800891328211,0.11379188785228288,0.029295757664128747,0.07725999758355602,0.029689058081539287,0.07971331852887055,-0.013230231836932463,-0.03642992858826383,0.07808773340033855,-0.10409720732565671,0.020954556236517593,-0.00754040095835469,0.03518620667656926,-0.03647404890636512,-0.023622877796640022,0.00045609222962477325
CPN2,-0.10990671442619128,0.116532387194788,-0.08375985475508697,0.030364408576468573,-0.04477933880552031,0.13030948454637706,0.030414077197637345,0.0009469026313571082,-0.02890705592751246,-0.019684070706497556,-0.02874399028271332,0.04448131413878761,0.000247001066652544,0.023965970508761644,2.320356011791591e-05,0.0025759859370956422,0.0001904935063571206,0.0034418072455400985
IGKV1-27,0.20433860190518904,-0.017878363145672798,0.11831740667586711,0.0587865414081672,0.18815821507397854,0.06550706447991299,-0.03494339013381172,-0.010970859296256621,-0.023780348223131582,7.738483928210078e-05,-0.03868231678071799,0.02403636047626772,-0.018443478517921545,0.00125657426199098,0.017053938882318855,0.03128982635431118,-0.059590685009243166,-0.005480789738075345
CITED1,-0.1349625560313622,-0.07597090265378152,0.14454129277862163,-0.09699023739407661,-0.01996343481559775,-0.026989204196520237,0.14532315087479167,-0.06156572142189396,-0.02857027288289373,-0.14450034659718256,-0.07708448144761776,-0.003923376921928744,-0.031488296096743494,0.0004424469121188547,-0.03131840623291582,0.015691825857112957,0.033117540263162014,-0.030809773227403768
DSCAM,-0.1432118269521058,-0.07651812720772716,-0.027428214815540822,0.09901045164732553,0.0007024972561520667,-0.019487880680254335,0.015805529317614614,-0.01630200424390269,1.7389277296457327e-05,0.07513500228747265,-0.12294198568933883,0.029019746174165306,0.005474999969472773,0.06354640673091591,-0.018223723438752226,-0.02512722227987078,-0.00011368857670164259,0.02597283148280263
GABRB3,-0.13900207618417948,-0.04030337311103069,0.12512494592765655,0.03641913137152937,-0.01709901800170718,0.009523506567940687,0.026135283424292804,0.09262710771202469,-0.08752407202807103,-0.0792667576897563,0.07029496726834919,0.06769072175875929,-0.023990744183130904,0.00031542620338774593,0.03782137160130908,0.003536189827419904,-0.08355760912111963,0.025409517633882196
NEFH,-0.09372586313623638,-0.10804979358340921,0.1540559793378962,-0.04126663907226387,-0.06690798121954207,0.08169268949622109,-0.07226622326736516,0.08688245241842618,-0.10100059679381101,-0.061953824902475536,0.0973394597281946,0.048363178969418566,0.05393413095982782,-0.04450424015680387,-0.05638529737028133,0.01832525028370182,-0.002589413466730247,0.00020910774046806101
SACK1F,0.240598232422017,-0.06244196101285522,-0.002326617897807622,-0.039174145546384966,-0.1035548954066188,-0.026979273765837673,0.027283619827278227,0.010630247608180198,0.0010889139117205425,-0.10571764317474382,-0.05192783571190084,0.09635279843053622,0.00341944780865871,-0.060805040402594226,0.031245179953499076,0.0336978535447783,-0.02457413199267629,-0.01766639567157512
DNAJC9-AS1,-0.04036495027693061,-3.346969171591927e-05,-0.029262192801719496,-0.06796604786641698,-0.02355690534297763,-0.017977012599940813,0.010737761328510781,-0.007937620668794098,-0.0003662221433095051,0.03424661638863587,0.00252610728282205,0.0805321704250934,0.0891717373766825,0.048339574823801,-0.01759673754658563,0.02964775667617949,0.18967941875768507,0.08064715542637084
THRSP,1.8960671615769156e-07,0.04545794392032552,-0.02193799667309882,-0.11613344148714196,0.020803161438050267,0.10458935933683415,0.13389969458239484,-0.03472374940534064,0.13630673770710905,-0.125990774756214,-0.0968586389553135,0.023361146388253765,-0.06717571067827309,0.00026369496942702203,0.05035053436555954,0.03508094605861494,-0.0002994871941199681,-0.043289656239555746
FAIM2,-0.17947920605156478,-0.11566667347702708,0.19386586133392564,0.11017107057477948,-0.018221773758984594,0.00030679160453101346,-0.05006425137305632,-0.020866865192671825,7.655347915074134e-05,-0.05143625599933424,0.0749963258861899,0.018422694561274718,-0.05666673013238939,-0.0341702834604043,-0.041517180056351986,-0.007813066825297605,0.08211103802983977,0.03685496557471733
ARSL,-0.02987381261511902,0.21772265489948894,0.030688185602344972,0.1569576565996921,0.052304761572485994,-0.039036400790679535,-0.022092500571884617,0.05072562923258033,0.07545098089254974,0.010627694394775199,0.05213322980628483,-0.04089873037542304,-0.0006069855727561427,-0.09774774041313987,-0.005466441240351884,-0.045257434576789726,-0.022614338837377436,-0.02639242698499648
TGM3,0.07832092672070935,-0.04042403493370785,-0.06799649755319415,0.07722447604831739,-0.11222620993306918,0.0798944800850587,0.00017068008900694668,0.08132524795592977,-0.08045321022856165,-0.06489767993551544,-0.04663390241470871,-0.00016000835784634704,-0.05157090948506638,-0.11296497547108371,-0.03846966984618996,0.032568256488090024,0.05447600799745345,-0.10844002857830715
RNF128,0.09347691952599589,0.16317564289723627,-0.02575898884469476,0.06548518181208525,0.015761464293777103,-0.067474509674004,0.12669895465824396,0.0159621489085138,6.525442434760454e-05,-0.14640307874142044,0.06441296934874884,0.056099470925234964,-0.13636853297049967,0.06525590523934457,0.09727125456954325,-0.11838636385717,-0.048372197008548806,0.037445818092104344
HEPHL1,0.0869064613315076,-0.10366171067648666,-0.1611221895921647,0.07097586523245283,-0.000252161621945903,0.00014446697122101637,-0.0009476203463646563,-0.0010519573321511743,-0.018263526645915035,-0.028933744854130215,-0.020981881881010914,-0.04406770203870801,-0.043611965646762285,-0.04509324159221477,-0.09512853745169784,0.014327151287140339,-0.0014895927799357086,-0.029759292849216464
PGLYRP2,-0.06641319461407007,0.08571366059798903,-0.06435817272724192,0.0237841148147217,-0.057665006005721324,0.15281107767536414,-6.688115587944891e-05,-0.02396970535241423,0.14348854168653458,-0.03260365787715738,-0.032752433874251426,0.0405364843294966,-0.054955519130796375,-0.03772003132081395,0.03716003661078753,-0.0012483934094800258,-0.002839395291523716,-0.017804029166998577
CRTAC1,-0.13638700480593463,-0.09477449172123961,0.0886843078293208,0.0001346124304404567,0.09274112268437322,-0.009265557415954591,0.09699752525221618,0.06187292422451019,-0.0203161541962554,0.053387726938379926,0.0993557320678762,-0.03156609291682066,0.00015532428877759085,0.02369199836979255,0.09624427606989178,0.04245986221395622,-0.0618171531820055,-0.029081738311663302
TMPRSS11E,0.08478277853493836,-0.12123859874335755,-0.12628853299111711,0.04290161264072106,0.018907302716199927,0.018142889733491492,0.06651252132797572,0.06705654965063802,-0.06472321336336577,0.0341044592568679,0.02557127371338891,0.011628412204536951,-0.07218110915868226,-0.016441053650977214,0.023547963140916804,-0.030463163060465853,-0.0023256800711154743,-0.08797115801144156
SHISA7,-0.1609005334376202,-0.04619320804177309,0.0013344581488004366,0.1055889441547875,0.006753906716871153,0.017372891710933758,0.03259115937579853,-0.0010979036997773128,0.0032115537531862077,0.0408500348614116,-0.06766622692485218,0.04426680570492016,-0.005819280129151632,0.021828233335531244,-0.04795451554619243,-0.07052456349087696,0.043555954379233604,0.013802609005564032
DPT,0.17524743887277233,-0.03754276153798286,0.1014781362330409,-0.046705228567284984,0.025303040418759963,0.12856015121628264,-0.041284730344353454,-0.02845780630884327,0.04339186673599311,-0.08993259723096954,0.12336952254819016,-0.19563353187686894,-0.03559705779957744,-0.03564136336167425,0.04733850679651585,-0.05491997081292179,0.03195078093422205,-0.0013180277846267883
GGT6,0.1945924297003207,-0.0628216817465083,0.04163095949537186,0.04001591571622934,-0.10561962637150168,-0.03762778138922959,0.05625574418189729,1.028819813058918e-05,0.07093380025332874,-0.0010554663809332302,-0.019967884853188008,0.07636561086856722,-0.04462660434213994,0.062295781118103945,0.06589964616004956,0.02761647674650382,0.05119392708155509,-0.08847294155655602
SERPINB4,0.10188235189704134,-0.12711536789264344,-0.171782778011324,0.08392691393671,0.003181627667560184,-0.0003389825159436871,0.006440597344296823,0.04181002189802233,-2.0070410159651207e-05,0.0001410443969387913,0.0026367107038892446,0.021938565874412234,-0.07368692349199792,0.0006918336630638873,-0.05259835258819586,0.047519400549766756,0.027618302092757206,-0.03960100456436001
ARHGEF38,0.13438918071610673,0.10276027050606244,0.2026433580323684,-0.048625701829046644,-0.08954595889268765,-0.015617542698986547,0.050498249097168525,0.07775690943900214,0.01672806568665157,0.026523729171244872,-0.029527924698543432,-0.03311419354378599,-0.06865313751201974,-0.06501903321535606,-0.08939991602991847,0.01968612965543643,-0.04054036963545658,-0.030211132693969783
SCGB2A2,0.023742711059065905,-0.022116038468034838,0.08507070472764548,-0.08113471132171991,-0.03308224872232602,0.10078670597902015,-0.03929502648608159,0.00037923080346106915,0.2769031699827948,-0.02235613308875274,-0.04026507571277298,0.02463440832082596,-0.1034574195604884,-0.04153793592829125,0.02513087237586783,0.05589495590283065,0.04582646051948498,0.023647897643632676
CSTA,0.22334216109180205,-0.1167222708076604,-0.1775628475693064,0.06459712357554004,0.019261044450551604,0.06752716122984272,-0.01616544121621697,0.07380336619489372,-0.014423242148077452,-0.00910058495580137,-8.219926842270761e-05,-0.059064048968931096,-0.017653826726146838,0.03406737929872999,0.042472206214145686,-0.01821664528804761,0.07912612226147295,0.02375627939662361
SPOCK3,-0.1454054549865096,-0.11409978688118048,0.06219021966325866,0.05836604590448494,-0.07532377999468136,0.04304166905805166,0.014401464205705743,0.08056720635078646,-0.11715206177557204,-0.014472519484060035,0.07721134907211943,0.07738280916879772,-0.03238585368764377,-0.02016768680724162,-0.0004309565374067048,-0.03507809038588455,-0.018468227414118105,0.025693584593776842
TMPRSS13,0.25049036569679817,-0.11993265862173795,0.015081182735341548,-0.04742362318264316,-0.008415530363673195,0.01829276062542688,0.08366357091895109,0.02187062552321084,0.08169864184713008,0.02126146609919736,-0.03656221169560816,0.009529872585494623,0.019101431538700288,-0.13967563570814964,-0.026009421294168205,-0.0025617751270651788,0.029399489633526118,-0.023773620719381945
ETNPPL,-0.18018728530971362,-0.0011572445787756099,-0.04156651094838013,0.16168432356490897,0.016134784605857884,0.06263854902638494,0.05474371198881064,-0.00021632733909035827,0.036625136262947125,0.060999006358249085,-0.10540789180041603,0.0002349348744674383,-0.0432861648703193,-0.0004676902377755805,-0.0010568926263224095,-0.04869290361418945,-0.0019371525511733309,0.0007099779270131959
TOX3,-0.039916117151586966,0.09029530215634957,0.18492236340146723,0.11050650175063409,-0.09967914205554004,-0.017374532753700503,0.006474254465671209,0.027409596762997333,0.09451835986305049,0.04477790912397207,-0.0009163464288200669,0.08818224271454563,-0.09201107737928105,0.00015859845420757186,0.04737833441433162,-0.04046659363390558,-0.032185129766943696,-0.016578248708295714
ENSG00000235288,0.017110860853383234,-0.05860681420551413,0.0006302634116357702,0.02807344518279175,0.02629369597892681,0.020358516544789557,-0.024785938669458673,0.054447742846459604,0.0778710065305685,-0.01259663697091164,-0.05325225460036453,-0.0020736584227546264,-0.0901781121864205,-0.10654578615614921,0.0346963035753337,-0.055343583594975196,-0.09351163077213878,-0.03002945342994808
GLYAT,-0.03638879005959273,0.18888994932490802,-0.09784854182549577,-0.0003985736235155345,0.06885082496978448,-0.0005788538069050635,-0.020086723844762264,0.15973871172708184,-0.006551620481998865,5.7896559119429686e-05,-0.0006020781848718998,0.028415927302699047,-0.04032449630665056,-0.01212926296226954,0.025610252143888148,-0.03500982109049795,0.006943243665787944,0.037931047671361566
CA10,-0.17176416709441,-0.09299945844940666,0.01665729943858924,0.061601597864848326,0.0168915685337167,0.0003526268587883409,6.273748525061931e-05,-0.0045305577486038405,0.03485168739984618,0.04870560042208937,0.040339745467343174,0.08796863105336795,-0.04707703168079178,0.0007223103096527096,-0.030693117724863075,-0.03222086175339563,-7.87879395435032e-05,0.0039213788525576405
UGT2B15,-0.04464413142671331,0.1348902494929301,-0.020598142019872267,0.09643858232125281,-0.06051536256703089,0.10771676995620873,0.05480707123839663,-0.07320914065027388,0.045287284391633535,-0.06284836641642032,0.00018510672199429441,0.004452224744331438,-0.03560131747899304,0.047446251572335514,0.02192682867144265,0.042659830788267676,-0.03260646658162008,0.0008878363668867442
SLC13A5,-0.0464492225592062,0.04041676602162937,-0.1304944195572839,0.15935239651977304,-0.0005896222456649128,0.11594059764909603,0.057042448150247546,0.0013022562043081165,0.03456664066550347,-0.033903215733985026,0.022742851377809556,-0.0001823955254639147,0.08535006585697982,-0.036159577482547674,-0.0006516522753781323,0.038075802758681075,-0.027336073226029118,-0.05102930187974862
CDX1,0.12494923966775524,0.049344023300248,0.06839318252685088,0.13440891637909821,-0.05086886421638886,-0.10727839820476433,-0.07740503101061971,-0.1646773631529092,-7.096609423602114e-05,-0.06609748323778011,-0.039954007546702086,-0.0387865232877177,0.05354690495792885,-0.14577444937347409,0.0390430033992991,-0.054666256218630964,0.029933141971146195,0.015787470155418298
ADGRF4,0.17690236597581804,-0.0622922149694824,-0.14075568828541457,0.11353125569040477,-0.0002919329528805126,-0.04099145106867557,0.03632024713995934,-0.04299885047298898,-0.0001964899898582864,0.010770285938971808,0.04011116466656939,-0.0003949632011875159,-0.0335179319132098,0.06496596942722337,0.0031204772038141786,-0.08537914795619231,-0.06444085357642454,-0.00019818525499822027
PLPPR1,-0.1672407479478915,-0.05203287694093135,0.002098033660487955,0.14650197205674398,0.0026206957929600116,0.07579044142603422,0.06374952713992323,0.06687693985976215,-0.019365014317157838,0.09843138563858762,-0.059043176238902415,0.003383029817380418,0.0006848410677065291,-0.06457644402195542,0.03402329317812265,-0.03199803967130604,-0.02967776848499432,-0.0001223417694281189
DIO1,-0.01964416645434901,0.13837158684074413,-0.021027747246955115,-0.08348083284238356,0.003165359572215403,0.12417549103366861,0.14286939157399506,0.023397753663747314,0.08537613958916596,-0.09308583398088548,-0.07996318683015687,0.03303106067472561,-0.05310599584515372,-0.02973660926351271,0.036005114288891506,0.0007719372436449766,3.3796596056284154e-06,-0.022665045434236586
GFRA1,-0.10067934150557573,0.022625692072233902,0.10835189884393927,0.00032434524745773906,0.012560930417398234,0.10690929320528732,-0.09176592720306959,0.08685134178340524,0.16508597022016394,-0.10099834854170806,0.017673954042380147,-0.03853466353251403,-0.063054947462415,-0.042868583180517186,0.09310309667355844,0.07179609297796984,-0.0001345922436042204,0.10277705125471988
PEBP4,-0.08449695542833818,-0.05982452090803945,0.14228695876782307,-0.09814857297728698,0.014269038476369816,0.05098067837394633,0.19235581383594313,0.07311308070084574,-0.12734071411881345,-0.0005057408810596233,0.016027096280242962,-0.06477518782026068,-0.13053022472672662,-0.061642982023760784,-0.005505645053394103,0.002155823735181175,0.044132279528146606,0.03478556170723228
VGF,-0.16913201664895375,-0.06949164783789885,0.08278016850994872,0.11279920062253389,-0.026178112547109375,-0.035173444069869435,-0.015092646929132725,-0.055602751914184505,-0.00016297470555873478,-0.038538423560201714,0.13416013020014278,0.14111799888920148,0.03989790258835358,0.00015152952704162426,-0.09062458341261333,-0.0726742730936122,-0.020294144194697515,-0.021440971441092384
TAT,-0.046782809626212236,0.11166972388219713,-0.06806031135107093,0.05251533723664671,-0.030369161464367442,0.20835281554358803,0.03360196769927678,-0.005119806423899535,0.1256055860647145,-8.535474383237336e-05,-0.030626299569948584,-0.0005988488578800226,-0.0390859244905889,-0.00230560877226602,0.00012288637443578628,0.03412354708024582,-0.00028230682543773527,0.00032885164347663305
SOX2-OT,-0.17105574138812,-0.1850707305322662,0.05076232515115458,0.145430139752106,0.023276198035634695,0.009834310321725749,0.05663989559354725,0.05930806355068919,-0.011446618862323382,0.03400802277350431,-0.08804357989966265,-0.009153705253442597,0.011589639760677931,-0.0764324447430343,0.09864963805565341,0.00010298225488886948,0.0002854371279164848,-0.00030855623179792496
SOX21-AS1,-0.05413069978185174,-0.12146720258372636,-0.0365591784091343,0.1659947352563728,-0.010369914843370773,-0.02518691905043453,0.03629365467877295,0.05268555157061633,-0.0513676634447755,0.07021966425122814,-0.05689074964446366,0.019419040786162082,0.008370112646253754,-0.011651791281905209,0.06354726472479075,0.04724541647696987,0.024656137994727854,-0.023042968446407942
TMEM45B,0.17138056519901795,0.07034414926581997,0.08189017206124642,0.1250314800976235,-0.11000201041721482,0.011348409704272039,0.13934158161309151,0.00043327746466858636,-0.012719087210459185,-0.0399504361607848,-0.024535372124183396,0.10082514558801602,-0.09992894100257625,8.467415684419935e-05,-0.000430684924022221,-0.111945728413189,0.00031890344166423887,-0.043173494492365086
FABP4,0.05975377162378072,-0.026493468518519234,-0.048116026068413774,-0.04373590728195684,0.048967645109754675,0.0831780508981614,-0.00015294390116699723,-0.0023092760642714105,0.13355881420969332,-0.0893657124207341,0.07468278236517563,-0.11159307238001873,-0.06975150589618756,0.06646184691241803,0.14798312273333192,0.026694460932574056,0.07525608934598627,0.027873976882438603
STAC2,-0.13181790793875722,-0.07184653952179913,0.09205231987065648,-0.001432779621234282,-0.006007957801658252,0.07926735349349158,-0.04993362176187659,0.08501914760714101,0.09626804804240556,1.4691409125669275e-05,0.022863248627207712,-0.04940308477854327,0.06498408617547653,0.015039540152684423,-0.005255296717831513,0.0782967335429646,0.02655808920097473,-0.06648441025522521
PNMA2,-0.18315292449821682,-0.013878016491802182,0.13803280312020177,0.09274308391125566,0.14826994258054013,-0.08264422025012849,-0.024517210749125516,0.07926928609119946,0.08002768184611948,0.013395713743558727,0.12544507943836652,-0.07095020122922442,-0.05293152990864623,-0.0315496306750074,9.01393177149777e-05,-0.03258277609380029,-0.03087943351940711,0.05809594826421917
CYP3A5,0.0373103548906217,0.2159639209126443,-0.03681224330871739,0.1987488232284659,-0.06792324082637612,-0.039737228237492206,-0.021733386879574088,0.06074853111613047,-0.03636565185254603,-0.02798511851493133,0.04784635310654269,-0.0001238012171643683,-0.043132521969799664,0.1043740590735084,0.08238037013228341,0.01136247236786492,-0.01496282994725875,0.0019887137647318187
CHRNA2,-0.013561730875272206,5.0852975385514926e-06,0.06321741617673193,-0.04830856551377723,-0.15300483980514953,0.036315160234344626,-0.04976422567771138,0.0913433250637744,-0.13362707584829128,0.010208096464627323,-0.02719413272572163,0.0035820271684917373,-2.676700088706215e-05,0.028990979872813953,-0.058431935305067455,-0.03887887291059266,-0.005811373817111496,0.000706838198115595
LINC00958,0.0903749386168609,-0.049855212022144414,-0.19394139892941342,-0.04600969717013013,0.09264174102074,-0.07740476320479832,0.03581652435741148,0.1219850248439617,0.00011951395882986644,-0.04786372549592461,0.0014890363898206961,0.05826955418363635,0.02409684806663311,-0.023206682414981673,0.02921887928294439,0.038214420209359334,0.00033775267037376206,-0.05294587409731839
CBLC,0.2408673471175063,0.00032767852552792703,1.8386499431442007e-05,0.10242404719879618,-0.15891011513534542,0.033351335166149215,-0.0027109906393094044,0.031214517987432532,0.035624292460190596,0.041484285704363716,-0.0070318980552878455,0.09040273272092482,0.04071800373149392,-0.016156173418590117,-0.022716176906280593,-0.03819823614443292,-0.030657901377767333,-0.034404156904672245
LGR5,-0.015144101040105483,-0.004855182787205239,0.05800161000783949,0.17274677332013222,-0.055437912918097645,-0.047561366550515315,-0.016985490132839832,-0.07123032210668012,0.011810176854000317,-0.06575844588693357,0.001686072417116621,0.0020756731303561656,0.08548150356328965,-0.12670185371370837,0.03061189103594485,0.0011511715957656292,-0.004333215170164477,-0.02544109068990697
MOBP,-0.18965799592528385,-0.0978832951579167,0.00858273978618656,0.11833484619628476,0.01309861566639014,0.0002685092955712247,0.03662385179815067,0.029978302782802557,5.2154144025105545e-05,0.050523638477896614,-0.09068085943292774,0.0009011644236531116,0.00576402426799914,-0.0007807943637942302,0.012637810410545748,-0.003592089428701064,0.01727850057102305,0.00038689439090610483
DIRAS2,-0.195824032896574,-0.023845966604429822,-7.431619115698768e-05,0.054276508297811006,0.06022352381139086,-0.05986706269417686,-0.010593074002674369,0.1134001209065201,0.0009947698575709612,-0.02449933056477938,0.02425736138632732,0.08566846470967993,-0.04408769863373202,0.018673724368825056,0.037177339487793525,-0.017448954377680584,-0.007282648231547071,-0.023600440118852963
MAG,-0.18236052983279877,-0.0672227764202191,0.05761066481540515,0.01617904602710906,0.03530100535514163,-0.03542136244733098,0.08833292097845752,0.00027251312000097893,0.04801677624250726,-0.03196583310310415,-0.10738788146942835,0.003022146965448783,-0.00011608514646720892,0.0004223055330405832,0.0029280174917091107,-0.028773706841474515,-0.0009677210298001127,-0.0270484989030861
SLC6A14,0.1563468806755878,-0.015104251297525403,0.026652581424590024,0.11431054342689433,-0.00016904348064612274,-0.012889736367174866,0.04865357098168402,0.019687592717890667,-0.04223874890043323,0.08013514882469835,0.0694894279360311,-0.07472101490752718,-0.11279160474326849,0.0022598328114776544,-0.11140426252073146,0.07813664164216541,-0.022964381115078196,-0.03247213958497019
SFRP1,2.1496602266319805e-06,-0.1383966391406986,0.11044235399283625,-0.05620729627365724,-0.028194868224950927,0.06994768838190966,-0.07767179436481625,0.0893872263710249,0.027117439666902193,-0.16218092100885323,0.09324306473036195,-0.07565168021726627,0.09956902762312476,0.018264907952011813,-0.001344353932085021,0.08757259836187119,-0.016876644838192904,-0.04666600581739432
FAR2P1,0.07654295131177871,-0.005786393685886942,0.003647563201221848,-0.023723421097606386,-0.08404256012242407,0.06755944748324158,-0.049651324134723805,0.00010054219130933342,2.0789406985265147e-05,0.03408109982525435,0.0003903941286331135,0.04146296239539131,0.0948305862996341,-0.07216587478857119,0.042750832059562524,0.02680871973756514,0.01340398197205315,0.04076089132856328
BRINP3,-0.16267694215794015,-0.07348453645116254,0.06065973107251262,0.049388098239409504,-0.05100088033226074,0.02694814159436711,-0.0202853726325754,0.08153215765571366,-0.028307773699050486,0.01643801865999343,-0.09594605482052884,-0.03838483483214859,-0.03557019597227747,0.018715770969133246,-0.04145579230659417,-0.018141185950204246,-1.288990079854223e-06,0.02052094289645964
TMT1B,-0.06357084887953375,0.19583735779643466,5.640142851699697e-05,0.11215605609395471,0.11596055359890496,-0.08564364098362372,0.14583619973738687,-0.0011740450315428043,0.02592321214607533,-0.034263856002641396,-0.06983414289399768,-0.1025667597786411,0.07311805131101747,-0.0032187397012681087,0.021145085814328585,-0.09369851731634704,0.04747401460971828,-0.03880979087420288
CDO1,-0.20474987671223152,6.522774064157515e-05,0.08006010805102788,0.05350496803688046,0.013664381357904279,0.1725394866839911,0.08612369558904083,0.02321317798272437,9.63960660241103e-06,-0.1248729247443752,0.013979974215803515,-0.0759621365548449,0.018115605912017576,0.00026113753415761743,0.026904957840971903,-0.023448736416795266,-0.0004011609022136362,-0.018802667095071248
FNDC1,0.163163905189925,-0.01069263530763716,0.09438189819011908,-0.050234783652287646,0.1003441258818739,-2.360403050285732e-05,0.05429721094462047,-0.08835681570107902,0.1482418871462385,-0.19017984944441488,0.09230368557291387,-0.17701473243170426,0.01746337425607795,-0.04728130270214096,0.03595074624258806,-0.08754362337853587,-0.06342776615638389,-0.06489549033577184
CYP3A4,-0.013730553082159144,0.1471507197264052,-0.08705010103299007,0.03862797073119111,-0.024190515257881882,0.09991623188395167,0.05234654067047907,-0.050591437957867934,-0.0009331506844083182,-0.03576599248859745,-0.005533030700350439,-0.0006916722698977286,-0.0020231991778739584,0.01682175100895154,-0.002918780890178872,0.019835614372456525,-9.084438079908915e-05,-0.0004730718668127029
MUC15,0.06117843318186083,-0.0702932546226275,-0.011436498929627711,-0.06325389930991542,0.07719212836371074,-4.296879110168977e-06,0.21889203050471015,-0.001826933969850345,-0.004360650774272792,-0.059635278648321785,-0.025672258307968227,-0.017752748472353055,-0.03469501708782622,-0.01577307613061426,0.02885700982939927,0.013321231900205144,0.0002839649616979738,-0.05464384990836731
GBA3,-0.05272900229465241,0.18516924291193002,-0.1051319385675916,0.008762680676804453,0.057423676577199524,-0.04144888900595772,-0.048823590908301046,0.12903122222088034,0.021053706003633883,-0.026684487744757557,0.0313865539071185,0.05057003856561963,-0.0005618425090887177,0.001521151747331884,0.03197401501148622,-0.016478558320107667,-6.141827523242618e-05,0.01885922317325803
CYP2C18,0.11283181115022085,0.0539688353380022,-0.073222399587166,0.17141573575329608,-0.05226529257738743,0.04912278593679265,0.09345996995483444,-0.04258859601613506,-0.044749389061649686,-0.03943556414165333,0.00010292251638663795,-0.04005494945055904,-0.06609673652981143,0.013136034351929763,0.019218417449256914,0.0916923851193173,-0.0017588359564770022,-0.056704048440719544
CHIT1,0.07919954735280071,-0.013845992763375801,0.08735705996481295,-0.023559238482805455,0.13315120105847814,0.012718520595422694,0.06928246550934546,0.09078976950901267,-0.0412140691630984,0.02823285415686199,-0.04143321768437278,-0.0637454162325752,-0.004754782461015795,-0.04429987810598464,-0.025306855889308852,-0.023407515019378596,0.02072522044708861,0.00532372845412839
SPINK5,0.1945875019268539,-0.08842976746519673,-0.09859645150529085,0.09477841226094401,-0.00010918172262229564,-0.03950775899951989,0.040571121449724176,0.03493686268086847,-0.06868627990188286,-0.012725267956882983,0.04309154883287229,-0.0163594133860564,-0.018502661096582777,-0.05605807339708312,0.0810185230492772,0.05586044905822622,0.03628950106713631,-0.03622605776069032
SLITRK2,-0.2048849598648132,-0.04202857677326868,0.00010900858874804268,0.09338008229092819,0.024514560648857982,-0.015495984469092687,-4.886800248746357e-05,0.039279330159305695,-0.00029788173279272434,0.03574788119304098,-0.07747977427587827,0.013158421841749595,0.07118041697616556,0.031872054782777354,0.02861304016767899,0.000537350510134636,0.007353586792179776,0.040738281848445135
SLC10A1,-0.048159130453531096,0.09324718307706643,-0.0947040980496531,0.02915946749156105,-0.025126197752310002,0.13575311042561147,0.03207108969074904,-0.018628825455393638,0.0003790270229428018,4.135470134184112e-05,-0.030014456160865243,-0.0188768827502559,-0.0004307002941305691,0.0245611332236277,-0.015744789437308032,-0.04508842787009006,0.00017924026812974115,-0.007091601033688345
SNAP91,-0.1981333752894442,-0.07821535440595742,0.06391718166044931,0.0855897087135866,-0.047243362293412035,0.02668890897161545,-0.017504911865137033,0.05495648251169088,-0.08816918419491598,-0.03397433602827799,0.04777448392352433,0.1125215471975745,-0.02178758214689443,0.0362734787725004,-0.04068865807424192,-0.0317162632883207,-0.050977245304818515,0.012384869806931985
SLITRK6,0.13248876387940706,-0.06896766486856332,-0.00012371607739810185,-0.01884376767667735,-0.07196414102103682,0.051476133057084775,-0.0015886987372336048,0.04382197268204514,0.08671470440639073,0.03919912790253803,0.07387336560145659,0.0021260852012014372,-0.07220597602793388,0.020238182047106725,0.08841190049973914,-0.029259551222830235,-0.02800511996623389,0.017031221890702598
DPYS,-0.11483858214410095,0.18743569622055326,-0.09713269334179066,0.02496398063996981,0.0355465428628892,0.08089706531992277,-0.04309095397473772,0.11941181931526686,-0.06488587480273401,-0.038382498668638854,0.05894003878406089,0.056395462077079385,-0.035077386290504976,-0.02487068449210329,0.017442866017037584,-0.005737516677720241,0.03207104279254534,0.07001993057865914
IGLV3-10,0.19047520517191227,-0.02370911573716355,0.09734918595873063,0.05658422313091462,0.17287094465505873,0.06840272398778863,-0.03822434038106024,-0.010162342362153088,-0.030575134231256906,0.037746449443935855,-0.031233313077181954,0.025322898899081323,-0.0032132916128938035,-0.0007673641744756045,0.019380136746595767,0.018107491898272658,-0.057402273014050334,-0.007619738431504836
TMPRSS11A,0.05100226926452251,-0.06878925905293401,-0.11747829337772148,0.0805655824205413,0.0034271482520064974,0.0005863860331912651,0.0011637999821983384,0.00029648789767237004,-0.03975439057843437,-0.041933301430360864,-0.03593053524868632,0.0001384792956683199,-0.07332340014642105,-0.0663644555931345,0.025940760281771415,0.07384226320373295,0.059704446149489825,-0.09631746463335224
ENSG00000260918,-0.1012325323748881,-0.08055064527131728,-0.00032398729483376035,0.057939300144095006,0.000363473817187207,0.05868323408565977,0.035745294407211664,0.0010708057530833765,-0.027017425470081378,0.08609139108407562,-0.10071929191832221,-0.0002472169908732947,0.0002328722778244331,0.016979807265978294,-0.03820947838073159,-0.05935718716734168,-0.0054423556479085795,-0.001392312802289359
CRISP3,0.008090569429313204,-0.013212405105431663,0.08089815872272393,-0.02481544492853364,-0.09607628648541332,0.025723623954358985,0.00012904181786406102,0.05547843047704916,-0.040347153344167344,-0.0382612942641659,-0.00041813907549660326,0.0003028767400476095,-0.023793660762536365,0.09065408318709302,-0.03702660116167334,0.06605676765763498,-0.0038774380966252737,-0.05299788613720232
PTH2R,-0.022867726260257754,0.07312223844150341,-0.07233063812467652,0.015411992344977997,0.050571602458067924,-0.048698035999234106,-0.10196211436612226,0.17530419188177682,0.06814591242239554,0.0014854602889174012,0.00011209997220308118,0.037902044818051484,0.03136070819420947,-0.03456908067794286,0.07118643309169337,-0.019774200920711884,-0.03676896499846341,-0.0004581687168862913
TMPRSS6,0.032824698756792114,0.15693794618124218,-0.007966135038188406,-0.03194168535884795,0.04397334839879739,0.13493071427301367,0.19414966805328068,-0.02641234484405858,0.1157813814588886,-0.06150662894328553,-0.00011780132570191534,0.002729248011306617,-0.010263377958825388,-0.042825195868383986,-0.03969591777680209,-0.049388600613929017,0.00015712166924482663,0.030635693973331525
PEG10,-0.14702467276062847,-0.04361435669333847,0.061829475279276284,-0.03095606668105847,0.10315789184394884,0.03465453201930507,0.03536744472513361,0.01746145601730077,0.11520149217428277,0.008209813769639966,0.12538959685015935,0.03851341970625121,0.12843175425620437,-0.04820077964195253,0.06981695777487619,0.022322898501404426,0.008556966028054221,0.007030504754891006
FLJ16779,-0.20962517972242437,-0.04717192872769043,0.0015778994411741229,0.10406663039106945,0.03553662882552451,7.45979084881237e-05,0.024256348047028222,5.1891575160501415e-05,0.03067015930618416,0.015033517231814841,-0.08758231539889398,-0.0001542177766967037,0.031760218388320244,0.029498435603144496,2.989004484629409e-05,-0.00038471591397577705,-0.0014685112437458942,0.054255978824235274
GC,-0.046624255082478604,0.14584985532116582,-0.10062661912551887,0.10131010581999515,-0.026289974706332195,0.18751707643246135,0.0879972597160156,-0.026147642895764447,0.02401878462658761,-0.06664957395781979,0.00019466860635457162,0.007875791167037117,0.017875062986606283,0.05072127903773928,-0.004957168251342027,0.016365629170952255,-0.026841112126406903,-0.0005640243141717701
SLC22A11,-0.03449424731635634,0.18755866734943824,-0.07852208467273958,0.02038084123218557,0.057332193302453344,-0.07331292732593851,-0.07377320700148599,0.13879374051182425,0.01624490210766108,-0.02665901725462948,0.0026538810268197602,0.02509199847258505,-0.0454916961921255,-0.039310387748608545,0.030368970436809223,-0.04358882587085265,0.020248932093856902,0.005180332786998092
CA12,0.09733325263047751,-0.025011733307246643,-0.030596682064299226,6.984473872645971e-05,0.03251465670308855,-0.08638117705820367,-0.05749516905357352,0.1332562984332032,0.19589420149588982,-0.03990517328515674,-0.09822071775585475,-0.09378637914145041,-0.11203634351725275,-0.012373926178032794,0.08824876113417636,-0.030894602867261936,-0.03620148203411335,-0.08478680413073805
ENSG00000274956,-0.18208530545673945,-0.053362333770133163,-0.04422208016960224,0.08851978182767022,0.059940072863675815,-0.01786420417505512,0.035379743413391916,0.001573915804552048,-4.6162922322775455e-05,0.06855959262777284,-0.1009099044160968,0.028415063568534592,0.00047406838346372655,-0.00011355375151889077,-0.01930119136861555,-0.018983146455443932,0.0003737676957777565,0.020935710742946128
MAT1A,0.008363381322307703,0.14436626383166148,-0.1073904867340245,0.07045805790226226,-7.65044922705903e-05,0.15617411901426134,0.05581857717153348,-0.04298797042025228,0.04225734591152113,-0.0035145527858820107,0.008377036828119033,0.02899759618329215,0.07797005285293418,-0.07814124391401173,0.027382118310346645,0.0384365249431913,-0.007311753922734563,-0.04163040835708876
FERMT1,0.11583550256655958,-0.11035411992223762,-0.009600547025045219,0.23295361260550843,-0.05559264068270026,-0.10140329066383509,0.024021322099226684,0.003283282400256447,-0.07180944572276743,0.01418057161397008,-0.07365760586977711,-0.03930757151843622,0.03854685662238355,-0.018131314296615828,0.035616037201156206,-0.07375991841713761,-0.08367928126540629,0.08218583028126043
IGHV2-5,0.19637096526356693,-0.024735481722333134,0.11277091323884114,0.0666353773591107,0.17615565714084272,0.06707012540822507,-0.037748750468704795,-0.01472689590716178,-0.0160025222187243,0.0005259260429181141,-0.03734309858674427,0.023071395479145718,-0.0254436465782322,-0.0006306424661895143,0.023652773433474678,0.03193284236348669,-0.09215790576489172,-0.014969339837854598
BARX1,0.0934856925340013,-0.045327603959665105,-0.018054098239210378,0.06848833570212243,0.02013146633933098,-0.00014322976559047687,0.0001957771646625568,-0.024551202159505174,-0.000512395630288857,0.00021717963547462687,0.08938555979118509,-0.01621288921931476,0.1680157859318854,-0.08498426232937002,0.050230133754317174,-0.0002198380097050693,-0.04378262071641881,-0.02904190732576707
GDF1,-0.22786365937534936,-0.08701994250860755,0.026393738372173695,0.078802473662438,0.01666983640688823,-1.9766231425646398e-05,0.013714759275617733,-8.206829141823633e-05,-0.005964418549768196,0.024111629792767014,-0.0593829966179133,0.02807855839119628,0.05664008614778437,-0.0076073760167713195,-0.02819361404061658,-0.02061135246267903,0.018226492596044187,5.2322200158984315e-05
CLDN1,0.22623454733473664,0.0558361973365694,-0.11676832070560449,0.033636183050146824,0.024131207145708936,-0.015995075688694165,0.13840811533911013,0.0875511020743896,-0.010233400149916775,-0.10264182994577749,-0.0010960406714647423,-0.027735844569265387,0.05672561590186473,0.024373082871292178,0.02410071261296901,-0.06752070631831748,-0.04417700673880114,0.022169458555918512
ENSG00000280827,0.13009264766680056,-0.14418160261770763,-0.12036756264912478,0.021954182128397594,-0.01660754294363534,0.03337233501620852,-0.017850787250903544,0.062253733825990615,5.090754590227435e-05,-0.037863094862230606,4.5180339661249116e-05,-0.014767791561593715,0.001311124928126994,-0.0256299036783573,0.01824344677424843,0.07029960647569916,-0.022776091863834343,0.08250943338617615
NKAIN1,-0.13970131572707994,-0.11380777303406202,0.09638592225561408,-0.012914949671503301,-0.07531418793923245,0.10161078975798912,-0.11692692807094,0.09667033957539926,0.09562228042653777,-0.022283391757392444,0.03749651447268056,0.10035846794645634,-0.033640432960330535,-0.08955108264938386,-0.00012563470465269246,-0.022965210632689165,-0.0357498017352797,-0.019998527362369373
LYPD6B,0.19329271353466565,-0.07418064428242806,0.04407004139029141,0.037902345244452906,-0.13052748878526998,0.03675592786547169,-0.03949108759097293,0.020395010313136733,0.08180494742136366,0.04482730589120843,0.048813265355872285,0.08610936285057326,0.10043302789519062,0.02551702554466252,0.10786181780731981,0.04458718508839288,-0.012381980578056158,-0.01787793115987524
IYD,-0.008994776192851522,0.11756250603029607,0.06569488402995369,-0.00013416570220015615,0.02297912248157987,-0.07755792671354697,0.18481055125632875,-0.12040516667222737,-0.03654596340212846,-0.13249153475275371,-0.06451554462691375,-0.00017771351958374766,-0.0820461677367548,-9.226847506194942e-05,0.009669126139083281,0.00021037716147913918,-0.0343696061589664,0.015413699684011878
HOXA9,0.056357429101829254,0.03265026936690695,0.0267530644461833,-0.026176901133158844,-0.10646241205695359,-0.09898414219012777,-0.19771934233045887,0.12326118497722864,-0.04902876306159326,-0.02085896876058011,-0.00012163380287037543,0.021605307974734117,0.03619757631167982,-0.0173536529967967,0.048077230795616085,-0.033268105361058044,0.010398100288970043,-0.031259948394772565
CDHR1,-0.06863191101175663,-0.10374938415382323,-0.04182165078170816,0.1465086677353251,0.04260793662893701,-0.11359993218170894,-0.09345549034346481,0.08994152685777873,-0.04385110917476409,-0.07743222956882381,-0.0335428840461521,0.07527789201110797,-0.03279307402518605,-0.17575968471736128,8.747454005550289e-05,-0.04428322903839927,0.06712617758539603,0.03932453026581657
NEU4,-0.17527270253157076,0.009854313000106701,0.02548803031376848,0.19726994804034936,-0.018534632858166963,0.003696433887040295,0.022618478583416046,-0.031117968431318876,0.040698843937521795,-0.019830348627816137,-0.12616457367182188,0.012263885894449647,0.022450046937674543,-0.04869369354557032,0.022225008020624343,-0.02695196382380711,0.04285814157197069,0.029873847410988856
CILP,0.09383232503087066,-0.05163861212302387,0.1645753884662029,-0.0611519249190896,0.02717964282899455,0.11215538460780883,-0.05066329626509555,-0.02791509410658649,0.1714567970923836,-0.060911212003137184,0.08412617049939337,-0.18601283054255308,0.043077196290534296,-0.03321913486126191,0.10133421119995449,-0.015881919751087173,-0.02070795511252195,0.02731047944292987
HJV,0.00012893867621648335,0.08890721640331245,-0.11811616331379858,0.03876997416835364,-0.033250792489683455,0.14933363387582121,0.05113350152778588,-0.053373462288697264,2.4524332222725642e-05,-0.062393082281014714,-0.027161255969085762,0.01130242414887054,-0.00025591706880989765,-0.01941397274015836,-0.021709378312967167,-0.020434528032735693,0.005371627988113247,-0.014767214692411473
ELF5,0.10487032160214352,-0.07066144824481055,0.07107821818627404,-0.02512058959314768,-0.06981442377415716,0.07703154267804993,-0.02422816915378581,0.04229460912297903,0.024152944665417925,0.10469956881662172,0.06279761319335898,0.04064656189879398,-0.008953287454391317,-0.0007272504040127433,0.08393331299754495,0.0005929193506699213,0.023184075631261212,-0.05406400307434617
KIF12,0.06929882254942973,0.21163036378503758,0.09485220076064928,-0.05537778515259666,-0.025334752651176226,-0.04698058996493232,0.026365027341261105,0.1103381557558563,0.09395426402753805,-0.0840877961993089,-0.03402302805277128,0.0751306528915404,0.030600545397256755,-0.08313621338693714,-0.06456585227104013,0.0662695810733733,0.0002176925581774728,0.08468107553715389
GJB4,0.16567132120748526,-0.06390012361901301,-0.11316647579309383,0.10615855881662078,-0.041507513738155984,-0.06330796509212078,0.03664597139497002,-0.01671508803247331,-0.04053976101620238,-0.06307776444726486,0.036890663898254156,0.00832379668073513,-0.0013537013016573188,0.09684889393441821,0.002422971701652385,-0.011552343165585186,-0.0052123413096666115,0.007336055048776176
SCNN1G,0.1254349471732829,-0.06637651920531526,0.015822010434460503,-0.09792173179319429,-0.022844384242962694,0.04835035717983957,0.1425137888900044,0.05659502830804322,-0.0163234405644707,0.0291137713136654,0.002015978547664753,0.049581269272430895,0.006380129996730226,0.033845530653590396,0.09110357727628875,0.002534856739224957,0.02959142865249453,0.02415685119035416
CDX2,0.057605648449581305,0.07451178572155917,0.06531986659463405,0.10113237718100362,-0.07620968281984686,-0.1300804977574527,-0.03647503791914834,-0.10791951726542198,-0.00431382498192174,-0.08306555490010017,-0.039696466902394374,-2.8999240450192256e-05,-0.03925843814523597,-0.058498236090609605,0.04340567895394746,-0.03955660139567507,0.022786690120942407,0.0005601387041032013
GABRA3,-0.06265957831343105,-0.1122029112941316,-0.05332198897747364,0.10008947962393644,0.03449852257810804,0.0003085751148341227,0.043736621024015786,-0.0006259091608457704,0.01989208467632801,0.06087822082160015,-0.06660806811035126,0.05485082278380527,0.086512243008493,-0.05300699771887373,0.07665855974905125,-0.03883316769253911,-0.03402042281594444,-0.03338461188269408
GNG4,-0.07395418953056886,-0.15009487754365802,0.07565998419460011,0.10737727705779006,-0.09036699787130759,0.04519823293835831,-0.06360875840878566,-0.0006302521478786209,-0.09505111531540067,-0.06448244542913367,0.06570246531366096,0.05593803526819507,0.05052691607399341,-0.1309300424039723,-0.05828436496672603,-0.08662498949607425,0.0038736547112833276,0.009855248147130126
CRYAB,-0.18127413148889898,-0.06356840407223284,1.172236791409417e-05,2.4818901585346424e-05,0.11379137607966212,-0.10566013206648484,-0.021804845501471267,0.2093440397717641,0.029090357752334737,-0.09560242438680751,-0.06701282570133711,-0.1224441544580037,-0.02422676588279799,0.03990206254597983,-0.015501129608013154,0.03207549211171608,0.023359779977898072,-0.028698069740352238
CAPN13,0.13662606587927267,0.03314097462513429,0.14105321938503526,0.0004011454770723074,-0.04640469722620017,0.03889909528186011,1.253683216132246e-05,0.0523179719375325,0.13469964370337537,0.11958138807512844,0.06765883447756411,0.07436882926069248,-0.02419992867035371,-0.05956919753897663,0.088910126963576,0.03705955343304537,0.03249180349036519,-0.045658063501300895
CAMK2B,-0.19253782844579892,-0.09950230443986043,0.09574089032396438,-0.0703206946702633,-0.01584374703162505,0.017473767365952683,0.09715895537021002,0.08680462760749452,-0.015129790970207913,-0.14733601182680947,0.03242908547048109,0.104321463025025,-0.03306590791930309,-0.00018151111419058822,-0.07406045004268601,0.04495555202393019,0.013982096838894799,0.020705755529485163
ECRG4,-0.07652501416019099,-0.02956126374194005,0.16801893909827986,-0.1115427517591729,0.04128605911187416,-0.013433164430378123,0.14141524203293004,0.09706357812342561,-0.04943990958654985,-0.21674079089615014,0.05500237674185219,-0.0737968955624952,0.0001231195768067057,0.05223202671091626,0.04095251463560978,0.037308529327276664,0.08061108417380763,-2.7351597547108978e-05
COL2A1,-0.00048385823627894643,-0.035540711067817,0.014924158712681029,-0.035255661635669094,-0.07371443030572651,0.07273008012874727,-0.05496486256383517,0.03136944847864187,0.00272754953602076,-0.03607754297847089,0.0010145432716866121,0.006688531325239166,0.1385165140607189,-0.1377870475301233,0.01558776769732086,0.05355766140693186,-0.0005960169600511246,0.0478543482766415
TFPI2,0.05998975618876924,0.06089127740818153,0.017525766935823524,-0.05727063383140606,0.08440645787509392,-0.029419232154811147,-0.05645868055181347,0.12008624769935132,0.03557323822757172,0.06889071466111248,0.2267059978212292,-0.03290822836270485,0.05167472931611705,0.031227671535681293,-0.09180106060787967,-0.000399612228394427,-0.03732350384491172,0.018002357263380415
FDCSP,0.11087922701239288,-0.04187915650054732,0.04638997528176307,0.055869094141409656,0.07893695382777276,0.04874515429010586,-0.0002592551909397743,-0.0004497913893523637,0.03704567998839963,-0.029484708474793002,0.013107185825566425,-0.06710718847237446,0.017176393834091443,0.01749294914130477,0.015166149135465781,0.1100108331478504,0.0008572411440915886,0.002634249673673445
PI16,-0.09976636054746865,-0.09349483284333639,0.15268710513905956,0.028973245434539677,-0.00011378024323068762,0.0516184217888671,0.007726213440449129,0.030408743014435986,0.004086931299624382,-0.1210719268554697,-0.05093515445758549,-0.15629970400238938,0.039815640504393776,0.0677084224951269,0.07669777300430078,0.0374755741294377,0.08365979726834323,0.02893873144163904
KLK5,0.08672841433045528,-0.09129097866011393,-0.12751946782168613,0.00010493262051922314,0.009390633341251519,0.03846817020687201,-0.01591650536391866,0.00031896495635424014,0.11371605649150335,-0.08833449392574848,0.004124290490531211,-0.02087270744337136,-0.009811977601641186,-0.00036072150231469916,-0.1242995870650642,0.02678962112177503,-0.0001877912408023978,-0.01319272942721825
GLDC,-0.13287134491959485,0.032495519305059554,-0.05949423224789728,0.09977293118559177,0.07132783962848137,0.03392870326338051,-0.009128574407803498,0.13059540827790522,0.022560529405907713,0.04168628961259941,-0.12783452217635335,0.057194643050510335,0.17248433344407046,-0.0322300835473628,-0.020789320286939198,-0.0828887048807966,-0.029026661559196143,-0.02891154246462256
SHISA9,-0.14266036939132856,4.073452358295388e-05,0.04830376962846265,-0.00014533692601034176,0.015452558572174788,-5.7083881655024e-05,-0.06917729363970149,0.14244722678785157,0.07992731437064432,-0.006134540550058081,-0.046016157805041154,0.055199331476611976,-0.028907441559104158,-0.03380425832796224,-0.0003180162832213745,-0.0449973990129103,-0.0016869352264992496,-0.02211812101943162
VSTM2L,-0.049609786919062655,-0.0626055835354769,0.1584771568172567,0.00031931979281651294,-0.025003532843379712,0.04158380722967832,0.10793889077986471,0.08072205282900878,-0.11150460527126642,0.00023781001601266526,0.14606924546563407,-0.02805145515011223,-0.02957965452858616,0.00013020861180194665,-0.13904399978051762,-0.021588860831361398,-0.0555246353779543,0.05707968082206752
APOC3,-0.05163469280965879,0.1697353078931427,-0.1348069947356941,0.0936869542228207,-0.03736280126039916,0.2216012728599575,0.08647137498820535,-0.02845605077449298,-0.0011271386307437313,-0.04719967000841055,-0.03477644078186034,0.015821235929133207,0.046212913970018976,-0.00021150875951088394,0.005071380394983683,-0.031459135698280974,0.0010203474425936941,-0.015365623782702216
MUC5AC,-0.017211993373305402,0.06716726977632403,0.04130530897480099,0.08527372961419526,0.023354674664594524,-0.056511867188294096,0.02589356394638494,-0.05503375509605407,0.029178078431711597,-0.019917038333235784,0.0395893655563163,-0.053213049187088926,-0.07991505747036406,0.14635171451021006,-0.030770391062957755,0.16007898561450062,-0.03752641642563339,0.033424039519178404
CHI3L1,0.05956704459073467,-0.027968750378924823,0.02110299898922743,0.059495152459882406,0.125024584082687,0.06806454138486617,0.11548655191438714,0.0007080031502610582,0.07632512611537279,-0.0015869688008137953,-0.12483516241072581,-0.18499271028106362,0.11872003702869602,0.00021729366647183046,-0.05971807524313325,-0.07339655218286845,0.08217574196608946,-0.04409314286089218
FMN2,-0.216000927180804,-0.1045031698417417,0.07930180701854977,0.10552202659613477,-0.007612373676711157,0.029563069645986463,0.0020549245702274174,-0.000507398904361071,-0.015973634499688603,-0.01407865030811681,0.04061543940891754,0.051738060008262594,0.03887422583303501,-0.0007642203080716327,-0.019944499526835427,-0.012370992782388212,0.006432555854705567,-8.142743263862922e-05
HPR,-0.16381651665398383,0.06115615361706718,-0.09642514680214848,0.11549339735252592,-0.0033460111240295478,0.14224733797651395,0.06832793524371607,-0.0007566438911352436,0.024985929825887748,0.009018062525380437,-0.10417333507753626,-0.0004033312445102864,0.002992499180985431,0.02444225434196173,-0.019882162647320248,-0.03802883998559146,8.557464963843333e-05,-8.737532232045701e-05
TMEM179,-0.19743266778152657,-0.07231554280897597,0.03723176177671331,0.07376222969116264,0.015317248363789029,0.018039382526061347,-0.03761017422579922,0.0011507567785770383,-0.00018380561757888326,-0.01640218381079294,0.12543106584935937,0.11909296413516299,-0.023060326411888075,-0.019811560471861837,-0.025935539283404904,-0.02531089649844161,-0.015557278328189724,-0.00024199985704121766
HPCAL4,-0.19641752424308953,-0.10155801376254467,0.04243440499629794,0.054541085416143074,0.07783469649504189,-0.0008699729694805828,0.14828351724403735,-0.015041641968549931,-0.00015580274487064525,-0.06573741889284955,0.014204508587553932,0.03305897462949098,-0.01685203946378566,-0.009175670433753762,-0.026909183829313243,-0.056510367556777144,0.011073382914737098,0.007853099262006611
SOSTDC1,0.06377795777416928,-0.01945601849308504,2.1820270826234988e-05,0.06228284760426933,0.014873080182250293,-0.05526811263555535,-0.03630304246671736,0.11847200987668129,0.030853600771618524,-0.0461644183059845,0.04767769617055671,-0.00018216084857628197,0.09574836088950388,-0.1779114826502039,0.08487759980817144,0.08250071244657602,0.007636445660248337,-0.02945987404884193
PTPRT,-0.09758050682022434,-0.08888586683060082,0.07626983592188771,-7.441880110119458e-05,-0.053709721355195465,0.06711826149941368,-0.029429374839916107,0.07676821078045368,0.08149661295546509,0.028727579457353252,-0.07100208510430725,0.02422825966638571,-0.04507878450442365,-0.0499695092306648,0.040579548198433,0.07854429239602809,-0.021694660858473692,0.10976339901789565
CEACAM7,0.053501217556038566,0.04422197488699153,0.00124810807431665,0.16477979703021553,-0.019656050307481687,-0.10937083313898814,0.0237085334779504,-0.08414345117636277,0.0016972428198735675,-0.040252011106093104,-0.004338231329917687,0.019652189782215605,-0.08818734287733242,0.03915989606056758,0.02716639938863818,0.08518745087693887,0.0484421236139605,-0.049983889511212284
LGALS7,0.13312296712110228,-0.16145892697974462,-0.1717784118021383,0.0613248896401127,-0.0004967674271902632,0.008892459110314062,0.01620064122772289,0.03136454473830835,4.456322462688569e-05,-0.047975464578111617,0.01813900587480799,0.01718327988010335,0.0007851374560810044,-0.07130569918978745,-0.020531923485605567,0.05586268545707148,0.03822466087574702,0.0027587782972841104
CYP7A1,0.011565137983444922,0.07994294534144626,-0.12062895664909455,0.06475784117357923,-0.03643495571603328,0.07743019322107195,0.026397839157583036,-0.04625353468996047,-0.0003016229296167129,0.02061762420640306,-0.04407095553147345,0.06840845195745952,-0.0007500123290937233,-0.012701784706133878,-0.030606007193116246,-0.049132704625511864,0.02044103325263804,0.0003438625009448229
IGHV4-34,0.20043721892991784,-0.022593869382542164,0.11197338977796534,0.0619351499440925,0.1902561155206524,0.06279200136867298,-0.037215684996356954,-0.01772567650939328,-0.04247861061389203,0.009263366487336961,-0.03535510827981301,0.014339399705283496,-0.00018758672309509078,-0.011513007079401451,0.024621175863604582,0.021272290970582905,-0.08945189219721182,-0.0010384717013466704
TARP,0.032583988357859694,-0.006866466777399537,0.14611772327952596,-0.09489707163251247,-0.10160639872242071,0.09895709922027114,-0.07874097582326613,0.15070454071585673,-0.21896465169381465,-0.0002504586679917642,-0.08406493782995582,-0.04904818268435703,-0.025328236730502166,0.01800796755660483,-0.058292173520466284,0.037087796329279415,-0.02019468323874093,0.06884034150010045
SERPINA4,-0.04496294284503583,0.1344888947994702,-0.04428407149310062,0.1307779914212475,-0.016255440592842486,0.07947844946609961,0.10205703928725077,-0.0707901108083184,-0.0011114815541553695,-0.061663085900780006,0.023217341268347746,0.0007202163839876328,0.05229751956914976,0.09870627369728156,-0.02855705713576151,0.07092268076679803,-0.03806783818732693,0.000560483555617075
OGN,0.015419001137884405,-0.015573166149161906,0.1871171666943617,-0.025112797511264006,-0.045819480175257866,0.09138964264992117,-0.04106352533654138,0.0415681883531562,0.02156185749930009,-0.14685562480023398,0.11700641784342766,-0.23237925354060326,0.015973982597052145,0.01617181308440831,0.1089164142442522,-5.369983848492425e-05,0.023483359660014407,0.022377882014048726
ACADL,-0.05315050557475434,0.106950899619802,0.016886386436643173,-0.10594888115567466,0.03255404360386322,-0.014546732981731543,0.09544108232749113,0.20397443360016831,-0.13339577613475828,-0.03887855559757732,-0.03979044774271626,-0.03927582088011642,-0.02940655732747153,4.022058960682863e-05,0.05330288714997073,0.050286139081957525,-0.0017676923389131364,0.007285399327006449
CDK5R2,-0.1790589960642998,-0.06249562131440577,0.03598672450133965,0.09949169520566524,0.01684133260205767,0.01771518037978188,0.03287624211577227,-0.044067732203971186,0.03220544049061106,-0.04745733365963721,0.11129267971432755,0.14840443344305768,-0.03705229313157294,-0.0028259773123363125,-0.04450928052758665,-0.0010323564574870902,-0.002525410419277778,0.03354231992799038
COL20A1,-0.16703008221569635,-0.08319248450836636,0.015206354363554147,0.10610110004017465,0.020003114554052303,0.00013676828033944724,0.014667560889445654,0.00021499289902494558,0.001955337149639516,0.050787815449380554,-0.0636788001837331,0.041996124572018095,-0.026222496611245615,0.00012470392164144162,-0.033530224675959175,-0.05141960398228594,0.0032098959655393416,0.003629453980630794
HOXA10,0.10026532087434234,0.022693073050479552,0.013354355509590786,0.01609529918088002,-0.12210383605659351,-0.07199843713534587,-0.20287501679775127,0.10760753350951152,-0.054969902741336875,0.00018786840991525595,0.031819478622001206,-0.03361799899424537,0.07888076851931641,2.0625980368302415e-05,0.06597686514162729,-0.037177482901897034,0.028831802505029248,-0.04590486784206788
NHERF4,0.030164787210849323,0.16882008228002687,0.014990832114998489,0.09263652220071567,0.005219907075531003,-0.16477430879830637,-0.07639350274339907,0.05036896590307318,0.013835028417869903,-0.035708992032193305,0.02114677286995258,0.010472254755178868,9.84000285539105e-05,0.05051939001883704,0.036112093927173086,-0.03281375202660168,-0.023606448585935563,0.04720363174535623
PON3,0.02994043174755256,0.06594051233212732,-0.0008646063354327258,0.09146238110001804,0.06557690834167923,0.13571296645407613,0.17887088656211303,-0.054620175529016005,0.05778038038991206,0.03555800598839015,0.03909503559973367,-0.004499166523037593,-0.03496128785934058,-0.11812177863039584,0.021708853863579392,-0.0005100993126878487,-0.00045775376930456263,0.09710470468616535
ESRP2,0.28879791383129627,0.07345557402741366,-1.394464830631463e-05,-0.03211871960652127,-0.0898777981055352,0.028153572883738605,0.0901705250505501,0.07760896301225291,0.02534488221180566,-0.016474659752354754,-0.06296347996327616,0.09499061826486938,0.028239626746633745,-0.03677082709495237,0.017516984999932622,-0.03234305043304436,-0.06429316664260448,0.038899977597198404
CASP14,0.0339425161063522,-0.05412628273286406,-0.11358646724092894,0.01959385752743704,0.033010536048764985,-0.017988162247396935,0.014079268176273505,-0.02127302165986301,0.04108549357385285,-0.0007778273357163074,-0.030411378038188247,0.000642131594079256,-0.052454383338359285,0.07266951640396388,-0.0911725061286433,-0.07213411484866643,-0.022181655228629665,-0.002406258479853763
DSG2,0.27945842361869155,0.07187022491208032,0.011969213535673975,-0.05307705626102367,-0.032486471079760146,-0.06284442756258991,0.027555820114407267,0.06420592316310741,0.035607727350999895,-0.03578914021990194,-0.03768551649397498,-0.02792420322874458,0.06657431928343648,-0.06911520683685211,0.04034061001892923,-0.0035476929434192536,-0.1155851613966613,0.0002914446986407317
SRARP,-0.05611276608147202,-0.043615240950149965,0.07863964617383283,0.0006819902578082539,-0.06811202905760137,0.06766417895628776,-0.05346823627647272,0.019547141427180108,0.08764194277185686,-0.0002596569798618953,-0.09122865579498476,0.0003220645922106923,-0.08257799433706078,-0.019694640761932534,-0.007832391897733769,-0.016896246968536394,0.009517094984526414,0.05171534279321671
PSD2,-0.2472785562068871,-0.11004540976445576,0.05609027047426705,0.09058547335477737,0.04267792649650648,-0.03492449576573662,0.0226062097537508,0.02535428451109007,0.039997008468298755,-0.00027528344096679745,-0.07633843172125475,0.017658095783063175,0.022124190573610147,0.02819565756552594,0.038485328561166855,0.000600650314775268,0.028243201650684356,0.07435064708196788
PTPRN,-0.15966137439058253,-0.11063357007652458,0.07447767831699385,0.13047364666558364,0.03610110972237734,-0.00016799809162178932,-0.042869216023480504,-0.005557716668397737,0.05373187736491154,-0.0771084299984177,0.19865208354542613,0.06541253687802699,-0.017806456879943824,-0.0063198076257127925,-0.07491694653971293,-0.09702093877676062,-0.03285611599267992,0.019597402759329755
CDH2,-0.22037490879396027,0.042173020747236105,0.004115048015147444,0.022034346520106576,0.13048235521530613,0.015313073404997057,0.02646734484189016,0.08606644389131639,0.057054425242485454,-0.15062721180654537,0.053925496581431066,-0.021899244955542983,0.08900238155388503,-0.030210108877760926,-0.0015571173114056027,-0.06119307856330757,-0.03361766554520317,0.03215314408798303
GUCY2C,0.06293675355819373,0.10268201486541399,0.04435248447636187,0.16452759996452687,-0.08383611310120473,-0.1006693777108848,-0.03626411312016564,-0.1444571529001779,-0.018669292975432107,-0.0625362463966165,-0.05308367902597719,-0.0026348957674566203,-0.001981392182334255,-0.09746117287245142,0.009097155839933887,-0.0008178486668414539,0.01639587862165717,-0.0004273310035180405
KLK8,0.12632748262962426,-0.11007975379757841,-0.12527488246260263,0.08959712625303709,-0.0014177397992890081,-0.025764997589440407,-0.01143980963784538,-0.0014670352403484343,0.05144312382382211,-0.05975560906553624,0.03614668388043361,-0.0031429069895394135,0.100290018510112,-0.06388883557922377,-0.10503907665022212,0.09209719173974815,0.016800293811758037,0.0029440085037053024
PHACTR3,-0.11501969057776516,-0.0838728919287506,0.09701038423324346,0.1526973127252173,0.06855801954522653,-0.0739259071980827,0.09478757555126058,0.00022446583777672562,0.04221268584301394,0.06007534374927037,0.0002670446532805984,-0.0582768113644606,0.02983577612515883,-4.3687908176023314e-05,0.03918381020375019,-0.039829737297373255,-0.011867424064432948,0.07621454873664758
AADAC,0.003044107226962398,0.10403579864905342,-0.07379793589182099,0.1293597452814401,-0.031355377326620026,0.11941980310403709,0.09809598215751504,-0.013228824809301716,-0.0387627990195792,0.013537320485256292,0.04510443471749875,2.2665660286886267e-05,6.479043550644273e-05,0.02819649083593632,0.08186973405137411,0.07910130090186092,-0.05999947443204873,-0.0028645911990602983
SYT8,0.1850333102112118,-0.048655247513608196,-0.025676452700893818,0.0862538673981865,-0.04330674801680288,-0.016723708666515482,0.0470793169027578,-0.00948702256975763,0.07628298132115677,0.049069529248453155,0.09243380454591528,0.02182650655368104,0.05644946180128899,0.20285186543067726,0.026753812855782044,0.0034439968421466783,-0.005962517615366778,0.05586092020626081
HOXA13,0.045983138452409575,0.03981986433106403,0.06023466918391081,0.09699380030929455,-0.16403367820124765,-0.019544828504031372,-0.03735845583267594,-9.342409144007898e-05,-0.17750666105423082,0.00011037109080580824,-0.017314609069727763,-0.019994970870363355,0.04748451632184182,0.04859850366437182,0.06777813306307254,-0.07139456573214115,-0.01912372356050035,0.018883145462579017
IQANK1,0.29217446310191186,-0.04406155914091077,0.0474216624067737,-0.016321073253438453,-0.09859247305002879,-0.02534960487095192,0.027156262527907284,0.07006800243108116,0.05594371853270888,0.022594904574204856,-0.03684073584628452,0.060377206797474645,0.017903305243569367,-0.0559650024134559,0.023155475122944243,-0.03416169230644185,-0.08824411781656792,0.00010068833707632132
CCL19,0.14586014109220177,-0.039417765863855876,0.11086961333437703,0.003772927458196152,0.09109311632292894,0.14188612962106512,-0.02664984754196662,0.019916167686126286,-0.05727734856034804,-0.045736144050266166,0.0169043627312335,-0.07969464139288619,0.03165277778842683,0.0005657074911386479,0.03926906417228891,0.04434161791064511,0.08478515474543036,0.1124126520108364
TENM2,0.021654677651327895,-0.16082047861225388,-0.10693447976809704,0.06240646940867377,-0.011814606351731548,0.0629399982603606,-0.04671144461585811,0.06918644224586923,0.006382663938252598,-0.13266958253654687,0.005088617800855013,-0.10856976914834843,-0.021668162022333834,-0.08696175019077158,-0.000525468383961671,0.0403413638391685,-0.07188824428870401,0.060351136163936024
CLCA4,0.03319490547772654,-0.07120214208692692,-0.1377390781125419,0.07498888924370208,-0.0016483759630959909,-0.019349585934413643,0.01085598877389077,0.03302332589248249,-0.055873118021628136,-0.0018431574531023239,-0.023700733579883365,0.05681598051095985,-0.0872124155344577,0.06261995149906087,0.08549200457895054,0.024711007613141146,0.04987284272065814,-0.06034443362363548
ACTN2,-0.1689307745375731,-0.07856915661630366,0.014044868432429611,0.10290158839372862,0.012774741539973114,0.04650836865244694,-0.032066415562863104,0.055599521009945224,0.015212407641489557,-0.013354502159784096,-0.021753301961133828,-0.0919534511928683,0.06341143862434782,-0.00010699828742178535,0.0002471646594845567,-0.04802009557104248,-0.0052077976156755,-0.02388456621217665
CDH20,-0.19540101239997631,-0.09349612857358791,0.03324489606580358,0.12190466373159153,0.02742773573104189,-0.018568201204883093,0.048582517446613856,0.013128081244199735,0.03330858660541348,0.03859509332635884,-0.10839812769425505,-0.020177724062618443,0.016108645820327453,-2.1357386915727934e-05,-0.002841539071584018,-0.021348120167442163,0.028969529708222055,0.029409281621320404
SHH,0.00021812449284027056,0.16961376147907595,0.023650151657589123,0.1394770658606365,-0.04082335686376201,-0.06095544287335167,0.0071124790994389914,0.04219518477804054,-0.05375500305615669,0.05311448413891361,0.02299030290484904,0.022204612810060753,0.021232955586847697,-0.00014385433607182945,0.06421638551950087,-0.014286875579270164,-0.009759607197426112,0.015535888101222615
DIPK1C,-0.1758335231237947,-0.11071499839162914,0.0517418587602316,0.1304705737947931,0.008735070888293473,-0.020580122010274714,0.005464539193723456,0.009309702738186673,0.041016465038870346,0.03644714548384111,-0.08416137980783943,-0.06561404567526932,0.03845366001158611,0.034146518942298795,0.024309400724239625,0.034249131576547985,-0.013580712417342792,0.001107468624648335
GDPD2,-0.053304077052974706,-0.0990156498943093,-0.03191370506754341,0.170779922902417,-0.04389558695635171,-0.025036203147859114,-5.6686762295467e-05,-0.0003048472961220793,0.0013913981239951866,-0.0013310726427748932,-0.08440362890784091,0.02369833758314355,0.033178477941714295,0.029056573423400508,0.057923253368732934,-0.030648781506245004,0.02678635088484458,-0.008156643306551978
DCX,-0.13950114049640117,-0.11483465340888674,0.02030572578804316,0.020383648078895693,0.023685797064983687,0.0004858459231645194,0.06799164133147152,-0.05208049280381696,-0.012365621925966575,0.05603623745584016,-0.02167020046701632,0.07506933703836793,-0.025268198459463376,0.003579951004674008,-0.023768348052089997,-0.05174154301164845,-0.0013701769294791743,0.03962070794808605
UBD,0.1641653506019134,0.1316210629063312,0.017056676549134012,0.12057650150617352,0.048973128531598964,0.0837784807310109,-0.061478288320305094,0.04946344073791957,-0.006528459244908977,0.005675139691948117,-0.09522425792654195,-0.06906474731057141,0.062245918618925804,0.016449036863426254,-0.04802782970955034,-0.02038954088270294,0.05588351717149439,0.04805929003166054
SULT2B1,0.2318533086311157,-0.09345217192396059,0.038763447081618434,0.027942211441189843,-0.12101353934144819,-0.02003894000327753,0.06352833872665949,0.06751243003229464,0.01530303508051146,-0.038326550026540854,-0.0753414887939136,-0.0027549037242987654,-0.08007848977895211,-0.05578882705004028,-0.1204850770675057,-0.05395839387132634,0.04570414676038592,-0.048740720959660824
SCGB3A2,0.07676938408698465,-0.01518257488909936,0.04580916620331266,0.02573930677877076,0.09067235230186306,0.04902117873904681,0.11004543128818434,0.01012515967500801,-0.0743402561675829,0.2498927471098418,0.14196353313163235,-0.03129054696503045,-0.02527955855916856,-0.19155680858829102,0.036341791449488625,-0.021744893593434383,-2.014407870055889e-05,0.02206974673174005
PART1,-0.021902096964656403,-0.06040992637474657,0.05477821289405976,1.8291422107498794e-05,-0.15250121771983471,0.06416012600010555,-0.04878006155984311,0.10005884994688911,-0.12064916083992512,-0.00029517790563937906,-0.04251075215907114,0.0026992482078000285,0.04279245855796192,-0.04761722177776211,0.0432330330417241,0.06672043681989523,0.00839915792702832,-0.0463275529642642
VAT1L,-0.19216790968483544,-0.058760051560296206,0.10011847675282472,0.09367443366280191,0.05873351337347061,-0.037620156881409274,0.04693028144293625,-0.08601601368469884,0.03123004072431541,-0.11555998595462687,0.10977816587635271,0.02696378554386257,-0.035733054753926984,0.05544156445786386,3.782664568549622e-05,-0.03898343095609997,-0.03936222062473865,-0.06053569184674657
UNC80,-0.1659544577108247,-0.08492311330065125,0.04629381533419847,0.060718569279227745,-0.07618359240210061,0.018471208515465454,-0.010919853665454692,-0.00033027545159295145,-0.06000659673620269,0.00140633098680566,0.021152035405082713,0.13260837732514064,-0.041710456957194504,0.015950694321662146,-0.07549403903834893,-0.03763891744912068,-2.929039344301622e-06,0.03142756525474444
PON1,-0.07204924692863746,0.09695467622562524,-0.08554315436181349,0.0990787692915113,-0.036719884470710104,0.17173045670662554,0.05431123685931541,-0.029845914460404722,-0.021806921905499387,0.02484746443083265,0.019133311604621867,0.027699019128425168,-0.00498959921683154,-0.02769121461428845,-0.028294617467241663,0.008715078118167812,0.0024206192508699157,0.07260759780538974
HELLPAR,-0.1111595071736213,0.02616389814693872,-2.038340728996846e-05,-0.04089696582946378,0.02573582254017829,-0.0001215631283441196,0.08342431917535628,0.048868579858151254,-0.043541355653701874,-0.02526457754378552,-0.00014179707783527844,0.03428481545809681,-0.13775318442470869,0.07878679806119603,-0.13462065384953795,-0.02447786465753449,-0.012617384699446042,-0.0007890742119240994
IGKV2D-28,0.21189891952190057,-0.01656016586500801,0.10633149843723465,0.07292997797297199,0.1707929247283245,0.054871800362800364,-0.031721186023296204,-0.03479036980851411,-0.04147233391582255,-0.007584959205189551,-0.036115484659288266,0.029493233081985284,9.112689773046685e-05,0.003748336957074127,0.00014581233830525286,0.03684140684082917,-0.05698325564738703,-0.0174524824620595
GPA33,0.11695635598469689,0.10080227179540732,0.10511874649525105,0.14990494024623655,-0.049080117069641285,-0.12848391661591754,-0.023658184082821346,-0.13879695171711412,-0.0014397458728501236,-0.03458153297694611,-0.04017895711319569,-0.03377026054090071,-0.044322160218624757,-0.07192366851528337,0.013603646772154632,-0.00034666148234887173,0.021318055709062745,0.06055426090714617
ALOX15B,0.09925498395923162,-0.07195173805618656,0.10331712772261932,-0.0717525971361515,0.01975514134637946,0.052896668573892386,0.10446412232398367,0.13544422265879566,-0.06872844603935668,-0.0020216534735439007,-0.03005331906529993,-0.0899399782791794,-0.09855168072749322,-0.006889788957092119,-0.082389526616507,-0.06194552240411956,0.018432357109392096,0.019527034981160703
CDHR2,-0.03762939021667705,0.16551129317738938,0.014563277804565372,0.19326923501194213,0.000315429977637639,-0.129110434923467,-0.04978217562052564,0.029933770776001248,0.05250369097985696,-0.05778292575292893,0.03228442929548019,0.033522479284324884,-0.019441227534856085,-0.008080144806724551,-0.053193068603857134,0.027098856067746528,-0.028423462536744184,0.04352294980527986
LRTM3,0.04221085385288162,-0.0010074146939338742,0.003291201340039806,-0.03832380718757447,-0.01880148002380134,4.1281540200169624e-05,0.07612613611213316,-0.03624855169216593,-0.07165684349567693,-0.00023476568111038235,0.032669976440279865,0.017588891053660873,-0.0008291262302643167,-0.0036990264003035713,-0.062190316769708986,-0.03235024550111084,0.029935626717595986,-0.04215983730826074
KIF5C,-0.194999820634883,-0.12291027684166607,0.19692662133511785,-0.022063555244497636,-0.07833562388358963,0.06246434817913191,-0.053699222721032946,0.07816398646898091,-0.014560157973450843,-0.06823443298147858,0.030216320063716624,0.08801769964923319,-0.00032005128722704387,0.040533320922978545,0.05333693864797202,-0.05894843395253732,-0.008519136144597357,-0.006693148599645085
NIPAL4,0.07170984748705772,-0.19419384814237453,-0.13519230948582112,0.09144790580629798,-0.0014284833417806564,-0.0037079243011206115,0.01442318544555843,0.03131214710683075,-0.023720427349684416,-0.0444516107757533,-0.03241953738134421,-0.05799020303148865,-0.00014343388376349337,0.12255739264327259,0.05448666144188577,-0.09722604246938764,-0.03877524717455975,-0.012643159767990861
CRABP1,-0.0008302390900363665,-0.05595741591528873,0.05952925611462988,-0.061887042102694155,0.03364385871522974,0.013249920455290774,0.0843078455698952,-0.025055178387499717,0.0857647614972576,-0.12798972587122043,0.012355664016764516,0.053131502480615656,0.16069383573338514,-0.10206851555442464,0.023156964990750692,0.062037028744815405,0.04371273223005347,-0.07374258763191276
DKK1,0.1140692100864709,-0.08211167847772263,-0.02503314629952315,0.08700153749096287,-0.021194353545475258,0.04362312685076751,-0.0009500316641227333,0.038687058836274185,-0.0005559337455712662,-7.948700203209042e-05,0.09721806471357268,-0.08948118288979642,0.07716541034870694,0.09521567959269182,0.007151888652907653,-0.05372390743017904,-0.05394468474318977,-0.015741015174494655
MGAM2,0.07848563718890028,0.07991624250069464,0.009551382821747096,0.09005400612053122,-0.061317903449392884,-0.08686434906586071,-0.03077084290899733,-0.1030816741372778,1.777962655405467e-06,-0.03641667192163778,-0.03222331974684589,-0.015936038905337006,0.021397050975551862,0.0456995370010912,-0.0012404111440222066,0.04692341158202369,0.02359379019402565,0.0211179805153698
HSD17B2,0.09539637903559588,0.13488722971719436,-0.06373514074774646,0.18866344373597327,-0.05681102534968388,0.017578639655095273,0.03544075302942039,-0.018253995048807602,0.03802311270940049,-0.036276506798514296,0.021314227818621596,-0.000667133604431774,0.017726063981096007,0.16635252976112008,0.0534355385478562,0.0007995804118134176,-0.0248509515135773,-0.0007878232416980879
IL1A,0.1241894368563538,-0.13590511592663526,-0.13582987789723946,0.13806556913718893,-0.0040457339022347,-0.02732674988172057,0.010587775401089954,-0.019156179641508345,-0.020731633801205688,0.003266728873528856,3.148222404130282e-05,-0.029720323680581966,-0.020802807953647088,0.06908860308489653,-0.024390251303845825,-0.08815040335449814,-0.03699949422276756,-0.02128861890528368
ADCY8,-0.1215307273764819,-0.07283608628385031,-0.0002655119483848418,0.07430913193460977,0.021635804560865196,-0.03995440524467531,0.043333047513491665,-0.0010716283639117352,-0.0003611759027468523,0.0013511684345495327,-0.14896772714230452,0.0001653848999305323,-0.0251861956408947,0.02547374937442686,-0.0004990962958021455,-0.03761758465513772,0.025465961207225947,0.001538087058949886
MEP1A,0.013997947962682802,0.10137822826026514,0.046345565748014246,0.12663629489364117,-0.06678868463154611,-0.08505783328145776,-0.02105508848743284,-0.13479910349388546,-0.025066579748807962,-0.04335290325085196,-0.04977750236468093,-0.002971984323819982,0.0004146611117230878,-0.09759176704821938,0.03672569963670824,-0.02934443708854538,0.022025293185914393,0.0002973018023015195
CHP2,0.10101089357394566,-2.3798185597696854e-05,-0.04409612665733833,0.08566791623646199,-0.07969439263500572,-0.027923393057409415,-0.025677789593391228,-0.027106109105361174,-0.03713984064743838,-0.0019361934221558844,-0.00018045110257470802,0.057293013628687474,-0.012423436480638752,-0.017124852869998212,0.09598223953540559,-0.04652811292711422,0.032648378251966925,-0.0162017385309774
PAX9,0.1957577813014496,-0.1259779032057613,6.688583409001423e-05,-0.03749399938326535,-0.06782111410296186,0.04309055282447116,0.05853113114932741,0.034386867865653245,-0.021696713181471594,-0.00017535361683693215,-0.02639736627034776,-0.02836977989779332,-0.05072789580319635,-0.09175532774604003,0.08644912223659708,0.04525500734691128,0.019939667011133744,0.07767273288235463
CDH1,0.25519659623499724,0.040900878581187045,0.027628872902823332,-0.028561471766094977,-0.07579733965794912,-0.0033580421380913074,0.11463413368477865,0.07066094953729939,0.02320683586353407,-0.031130353838504324,-0.13758219284942305,0.03362784485781991,0.04826588954724542,-0.04185457589465131,0.03169123049552058,-0.0006923016038303229,-0.08809008724022892,0.031187802933022375
TRIM15,-0.019644135358484586,0.19295857862042365,0.026001494962728678,0.1530712086044771,-0.04385519939255746,-0.09423312344019248,-0.03977465605673163,-4.7790853986793e-05,0.0013179962633468399,-0.039544552523386546,-0.025822970194695614,-0.00238671294563736,-0.03117609767808713,0.01991423472002593,-0.03015197230092336,0.02474019407702019,-0.007781990749994905,0.008385153439292628
HHATL,-0.15245378424064268,-0.08328282724619723,0.025236238192556697,-0.009489418774188772,0.06316160451934177,-0.06819694513269722,0.14845355647080902,-0.05124821648647653,-0.02094203601668692,-0.06610965767343122,-0.13301583562542005,-0.033298192680261525,-0.018318174760145953,0.02045946489308484,0.0017536252301586332,0.0378227296698325,-0.0004121970739886488,-0.00010351612535384889
KCNH2,-0.11875220596273416,-0.05792601201351961,0.16918787286551862,0.10722886370778445,-0.04621644088583478,-0.041999589970289235,-0.09805122480547125,0.029584188859336655,-0.05424564428326772,0.0034146473961014765,0.16882834052828727,0.06877475124480192,0.09719845795530754,-0.07579349148276414,0.0001605391248535309,-0.00012091896821390607,0.008951479714621662,-0.002660602346630849
PHGR1,0.07993633468894086,0.07958997521230349,0.1308004586533958,0.10744883693239493,-0.16554226784254208,-0.10305434401657362,-0.06122824380101743,-0.09823081631027003,-0.03411094155513497,-0.07794447046778626,-0.06332520691407148,0.014260674795374921,-0.06829952834430472,-0.024183229186531152,0.02150871620950627,-0.03366748616385397,0.028008395833845165,0.045273721869251014
MAB21L2,-0.015473536751124381,0.01848626289228817,-0.018844711984504072,0.024022687688386214,0.006978723988228976,-0.03897240119192246,0.028022667857382295,-0.0865025815057677,-0.02821296851394795,-0.1133337774184148,0.12177773945116534,0.07624103543256767,-0.022522378331907938,-0.008777739771639658,-0.04470854801937343,-0.027661195602764168,0.04320774599515754,0.0010146949543395668
S100B,-0.13543648286108165,-0.19051187751154525,0.0990777069914895,0.1368961473286274,0.09290354015079604,0.00175250016319538,0.03328274638801341,0.007302887363750766,0.01844558559981865,-0.01020273444420977,-0.020006740799245876,-0.060031773156219916,-0.02036132297396744,0.04728952682206048,-0.06913445228138847,-0.019171543998792576,0.08290657689728927,0.07359552746704941
KCNJ10,-0.19682933171014672,-0.10969996911319592,0.09996182418466762,0.12433820803325552,0.0902527717125429,-0.0020662153808490517,0.0038640535525236003,0.0046622953587825795,0.01564428692927841,0.05125318916603002,-0.1831112944995315,-0.02105519341008264,0.06469211837198224,0.00022597675540768288,0.017068336766485837,-0.020981279146873543,0.0009043533933809102,0.01139001447476696
RBFOX3,-0.1310449560736404,-0.07779642300667693,0.10699921726600893,0.05243852168827214,-0.08326794833597123,0.02679151008996082,-0.023728843671749877,0.07069221023941533,-0.09538490369250675,-0.03596249389048165,7.087810938091614e-05,-3.638614959151749e-05,0.08985312922047903,-0.0028375407846422504,0.006207446090666554,-0.03085846987685185,7.205775211971717e-05,0.0005403746077589732
WNT7A,-0.029420981729539594,-0.1172113181828883,-0.07968848164204118,0.10313847068229919,-0.0007764714869254964,-0.029760221609317745,0.05490081748762975,-0.00031218889378161943,0.04324817089743295,0.03875669905057284,0.020944380622938956,-0.012209185851267216,0.06065579759972287,0.05431302198919759,-0.0926003771162033,-0.0007193763485251622,-0.020688050133762573,-0.02731414664205866
KLK1,0.14423175260920632,0.00013648155779394356,0.057478737201302824,0.06326711793999795,-0.08947186495281803,-0.07960455011410564,-0.024309228942708476,-0.06339450306439183,-0.057463308707602724,-0.09486866860833511,-4.205907061206421e-05,-0.02582380970298622,0.025120090412177772,-0.02286425050051664,-0.04630134516701849,0.0960359261431739,-0.034194430473597444,-0.04963213236026546
PRSS21,0.13695551274244044,-0.0625119717288013,0.009787864204743152,0.03732346801580665,-0.023814606073042085,0.0235196117807962,-0.0007854151748336442,0.014244282578366132,-0.007707579505082746,0.03802439022490894,0.07461327433293843,-0.000313446322275961,0.11382377491070146,-0.07341132618988973,0.02494381301268908,0.1123216226424889,-0.013463581425387429,0.038133065988770705
ASPG,0.0916016128485868,0.00014572248837862897,-0.2044678683510258,0.07443148362734994,0.031063717558035855,0.015573268935769023,0.0025243530596821954,0.06265595964337588,-0.021434559153955524,-0.017904274275089848,0.0017871004947522591,0.001950106756353341,-0.026947149370342108,-0.001471349219812926,0.05642318390223039,0.03269354383225348,0.04450845016521736,-0.0713960320862383
TFAP2A,0.15373514918965656,-0.17906145820556107,0.023430004721377046,0.027050669055727627,-0.1040610755033807,0.059316983482289955,-0.07582523791790849,0.032545772009822255,0.12872598610537367,0.06447792892738022,-0.03309116640823942,-0.00019014579177700742,0.02514449345416929,0.010622640297586222,-0.022420906351777733,0.07737300384130338,-0.0960952252647158,0.012599262563334053
CADPS,-0.16758128217205034,-0.0621715008999519,0.16150007911570954,0.15868271848168583,-0.07582113599648682,-0.025102575479802176,-0.04131735912469317,-0.0070821851257594146,-0.03045178076817271,-0.08072268643744017,0.057844912471721244,0.04616102774958916,-0.02918233976356056,-0.03317470853937935,-0.051107501137091046,-0.03482151619282776,0.0015206970271801179,-7.655222724529849e-05
IGHV3-74,0.1945837268482934,-0.013458887735182692,0.12781829760840874,0.06028944303326644,0.1758133045617431,0.07115179600296712,-0.049798629803955066,-0.00021379400074122447,-0.02428665155494403,-6.0174364056847226e-05,-0.04398404889938602,0.018647975067940258,-0.026917798989608808,0.0007546501341978714,0.02467178480231102,0.02743355796390037,-0.08117098165297686,-1.2185205565773943e-05
BAALC,-0.19786988732034697,-0.15322211607664624,0.024941362701308506,0.11217240401250819,0.08389038143627729,0.030902206131732272,0.029724272616064615,0.05209833578421392,0.05936677801743383,0.03596591928094439,0.00529444251757712,-0.08061488580872456,-0.00019595948843614697,-0.00037916677257696015,0.073490149569226,-0.02521114376071225,0.0011116995867633428,-0.07617391746109096
SERPINA11,-0.04190905779820972,0.10711719638873979,-0.006605227223500178,-0.04581488459052382,-0.0811751714665555,0.17661317449401212,0.010747742373802,0.002819733482375356,0.08576989357527917,-0.02784464463292803,-0.0357466316126332,0.04043686835636835,-0.047503390251780964,-0.03176541272429511,-0.00014824005834419043,-0.004128390568628338,-0.003583012613784879,-0.01742008164039794
PADI1,0.1036873866415335,-0.02150418386293453,-0.10662735466628338,0.08341123069863852,0.0001795713849625836,-0.052854726582541554,5.4240931597320115e-05,0.014343524671445118,5.788314868112937e-05,0.0005898997171537043,0.0949174632019348,0.024112412767831777,-0.024472052106352185,0.11088552581787975,0.046342737604354034,0.015486933282865916,0.017971310213359976,-0.0027786722185222865
C12orf56,0.13819056417764286,-0.05124366970445756,-0.09694304432196697,0.021368250406856106,-0.015258211116746623,-0.020134139223460225,-7.426311078208891e-05,0.053162090735102654,-0.07222408143888423,0.0005347261615791236,0.0009473080338752198,0.06245231547643486,0.14479811667265677,-0.10784167365002553,0.06630829390508856,-0.0005575222083744406,0.024573541334012038,0.017402062408001684
MB,0.08020161726891277,-0.09243002991369963,0.10766714542819289,-0.06265926455411755,-0.11983373973115549,0.1263435733930715,-0.016892414721970603,0.09236947709988941,0.0652576167858114,0.035062826477300704,-0.017823438341725072,0.00017988378056298077,-0.09249956561556785,-0.0516811949613498,-0.06347799847120021,-0.019926533672385487,0.025717789409366778,-0.05374847317556236
PRG4,0.043030467835788615,0.09917693702254186,0.000337103754097275,0.03855876317917343,0.010774700134711731,0.19385921766239128,0.032642232901616004,-0.04255334988290374,0.07723513911130397,-0.02291643361823503,0.11570116652439365,-0.18611757913284788,0.04547774797086941,0.009857923100362636,0.05030681237500406,0.020463106535510204,-0.016345643801081916,0.07022296107148457
EPCIP,-0.1564549453380057,-0.0005561132618854531,-0.026758698191797287,0.07963233258637892,0.050727045155233616,-0.04506175249977953,-0.027359003494163845,0.11316034711609803,0.020956494533357836,0.027945817640131574,-0.02491127089934114,0.001015644261553685,-0.011573576748061939,0.04969157588193396,-0.055782104580867305,-0.03850863617206415,0.023121571613316072,0.00018323371014287296
SCNN1B,0.19974801053239236,-0.0916746972294939,0.03791038118494552,-0.034189903471431984,0.0193946411815343,0.04416955721934278,0.09964231258278441,0.03730303659206609,0.02606682935725642,0.07398761724204879,-0.00011545359697719009,0.0491142150212477,-0.0325771822348498,0.004396568866216438,0.13569517142046103,-0.04838815589121983,0.08682758761694048,-0.027167171330455823
CLDN8,-0.0014499914997436376,-0.0397510430745365,0.08793082808241304,-0.12414266083127116,-0.07503858417969947,0.05794224106717794,0.06240862583717404,0.06608858570626346,-0.08113553121869536,-0.06977322205668804,-0.07351795765676457,-0.006949675919345483,-0.07642840579460167,-0.031084163993794357,0.034770536975047076,0.057670878204105894,-0.013087910513018657,-0.06988969839953962
DCDC2,-0.026671670984276624,0.17647125604618163,0.08336527722115572,-0.0567203940644641,0.0500116524405748,-0.04207760645288202,0.10860721041119964,0.14044715383739417,0.07557847263463471,-0.06816146472024825,-0.013632109732026073,0.03522837396773926,0.07972539714725198,-0.0003580746121421351,-0.0030941235943339053,0.04355831673755051,-0.0012909046762367244,-0.029796961709032427
LINC03057,0.061577671173225955,0.041333690824708134,-0.03135267545283075,0.14345883672844253,-0.031207588748266676,-0.16050820605164248,-0.03872674637609919,-0.04401443361031251,0.017402150260754555,-0.012963806570126895,-0.023308607280840343,0.022734657390782873,0.06774793705350791,-0.024733059042035495,-0.026968351668183795,-0.0003274421373580662,-0.03147673073894411,-0.026928144181103116
IRX2-DT,0.0458096565660266,-0.12820324401413893,0.07052543202045405,-0.02894396084928267,-0.04908184684345653,0.06886290564934293,0.05178585165082421,0.06881238287910722,0.024868286043592668,0.00017547568133832994,-0.06066882834038831,-0.07398614342849595,-0.06700729859830871,-0.11638722528306704,-0.032641705651223055,-0.002840058808858259,-0.010282536757005566,0.1165868770284518
ESRG,2.3642878452972075e-05,0.00018759747814558008,-0.03727704544680593,-0.033722531557576846,0.0007743570908301364,0.018436910184422596,-0.0014869493002892286,-0.024137295783097104,-0.04121559529449673,-0.026201659626513787,-0.0008065840709610561,0.036855277536525705,0.07951219509467315,-0.04913101895400688,0.020796109367985836,0.001333819135820289,0.00346662805637833,-0.06260009935967849
IGF2BP3,0.11435304181753989,-0.05732007362656504,-0.04874839450850463,0.12603398232899363,0.06276440736965301,-0.026862672023151877,0.017852971222553117,-0.034454626228098535,-0.017040363896619413,0.03218344537067858,0.040768252946451505,-0.07614938973051055,0.15714047320542066,-0.07555111568987194,0.030784285808769265,-0.023851927914307017,-0.07062853235927843,-0.0928439191335739
ENPP3,-0.037883197971866865,0.15386014472510118,0.07010338524533051,-0.035084657857764594,0.04694087822567077,-0.04597383919004364,-0.054611083784458184,0.17192107720484273,-0.01669622397934168,0.00046543996954085727,-0.02031311662223241,-0.021452815088369517,-0.1146265130983569,-0.13660537377452892,0.05542269114540051,-0.021202895244269607,0.07168053287842861,0.039503713159329226
RPE65,-0.14199743443622917,-0.050833144938154134,0.000628081126752484,0.03414985812800563,0.00013037441325296708,-0.00018136475850115272,0.024584873720319943,0.015343305496548379,-0.019650804849701043,0.0636290176659445,-0.0690291502354534,0.00523471115064201,0.00530921977277657,0.04945823496425574,-0.026827419018166786,-0.0011882026072874636,0.04441453801083397,0.025688169618610302
MAGEA3,0.05591346623246354,-0.009580350188031179,-0.052757267014709334,0.02306272895621616,0.00015549011982625747,0.013563657208749047,0.003572777810829304,-0.0004751462270697152,-0.00035731715731840527,1.3232470820767057e-05,0.0009862269736186687,0.01166274240973718,0.02103322878270715,-0.031484375720987785,0.032633658358561204,-0.029170952186165278,-0.04641985513687016,-0.01914378086119374
HOXB8,1.8962310388513895e-05,0.06800229945780346,0.02090952465896207,0.057759310705665055,-0.00019309777607178313,-0.14727694759355395,-0.08978859713007388,2.9317557225486013e-05,0.08128313338692972,0.02032725630087311,0.10513979997997985,0.13353621848691544,0.05541701760620711,-0.0003955004382173226,0.052020568537142486,-0.01816568657297649,0.05042363299416814,-0.10944575888188987
SPP1,-0.03934981016391037,0.025575555030577814,-0.0023999277520197725,0.07444800532612568,0.13871966116698223,-0.04574734169995897,-0.03545739976178419,0.1576551061874627,0.1537501554877055,0.08217258035883726,0.01780017386626642,-0.12186109879371046,0.054252731298598596,-0.01031056986752284,-0.04045801756859615,-0.08464834393713234,-0.08018680764764616,-0.0997843878972389
PRLR,0.07399629825846399,0.11058545816783544,0.07815810569685315,-0.02160077964413038,-0.07631334531230283,0.09994790818517506,-0.11079462466668907,0.02082293247062665,0.1914517968437428,-0.0570369282974822,0.02842122924968451,0.04946522180569708,-0.08519964777911668,-0.1307530179939895,0.03368627591462325,0.045713362778725834,-0.0272973838262144,-0.07364801523438845
IGHV1-24,0.1808588999768622,-0.04061200243435074,0.09224999101836738,0.06205011157893051,0.18518153254901748,0.0717906665424531,-0.03535106317680288,-0.025222967409404728,-0.03701766381538094,0.021985376227045786,-0.029376741149433245,0.02659246955502013,0.004758671089262382,-0.011351631548728942,0.02386428919658961,0.03428423543191202,-0.08236555642957656,0.0020368252999727527
TMEM151A,-0.17932601778122872,-0.049877611169195854,0.06579908309608676,0.14837341138741575,-0.012098722921980148,-0.007905621637703837,-0.00038176170188633534,-0.03598326168281354,0.022230608564050656,-0.009791880244123806,0.1091537062056721,0.06984583928990735,0.015447490222498748,0.06964163903202444,-0.0797543126797646,0.010631312957993007,-0.0572288759442989,0.03937305852675764
GALNT9,-0.18211352384709198,7.871977628369805e-06,0.021599359000881304,-0.00015016681364002986,0.08791201749080524,-0.0953651727002288,0.04800153488594661,0.06633833222168269,-0.021616938164298206,-0.06876838603580987,-0.03380926678859614,0.0032616548283201665,0.024459311847469013,0.031407560026659266,0.0019678158492576732,0.0024868823951830423,-2.0681344391984827e-05,0.12780068148984047
NSG1,-0.044065035611868454,-0.2104539724283593,-6.738476942675753e-05,0.09375058933733828,-0.028163335273050514,-0.03564527090124012,-0.04046090601309003,0.030205422527412158,-0.06719050118510962,-0.08087853592413606,0.08842910645143875,0.09263629466983272,0.04729285493989581,-0.002402923461790307,0.0030751523631737353,0.06356495491152712,0.0008420382059540417,0.054689757849812844
SLC2A2,-0.046942879415774116,0.14885611184934994,-0.11016743139811648,-0.00026075283289590947,0.030486877986437906,0.10966202956602504,0.020682380311812815,0.10273271118143118,0.007355270282150497,-0.029783201854732284,-0.012821459807696424,0.04884119647603542,-0.05833359747263435,-0.01682133452302199,-0.0015969064023091237,-7.509415242972658e-05,-8.686145166431472e-05,0.030649871912820363
GP2,0.025455762072351854,0.0005203294521226468,0.1251484173668074,-0.0056917866028550635,-0.11892394505471002,0.054536927858354255,-0.004445871070850322,0.03229515688161959,0.005977487547444996,-0.07076451957617845,-0.0056974609123068955,-0.03508663844957033,-0.05633779634912304,0.0849421032846281,-0.016622360754852527,0.10564676225422616,-0.03139280520569774,0.03266177571520649
ENHO,-0.23655352775427121,-0.0788030328697773,0.07981146416968377,0.08441714830767685,-0.03273717733811945,0.10919301266875309,0.0001353802179391024,0.032817369304345104,0.037280869611779045,0.0012463991841827997,-0.06273503944163804,0.07832371195997329,0.08416342113108376,-0.03646910081987447,0.022172984172291653,0.021746976842794724,0.03509315966522693,-0.00019003087051262587
STK32A,-0.15428780553398824,-0.06399164349230729,0.10813833030198207,-0.02427807511654994,0.09582661941726947,-0.0477204869156115,0.18704410389028717,0.0001699698619462274,-0.006497789024885269,0.03227302476238983,0.08934924532032626,0.02065147531894347,-0.07717851572028013,0.06539878062025074,0.03425399520660644,-0.01921987531224779,-0.06065531927247168,-0.040705245943610954
EMX2OS,-0.12696241622571988,0.051349792008247554,-0.027253523631928553,0.00013640836363520287,0.07326079830826407,-0.0761634124460539,-0.08164421118795896,0.15478151028519171,0.10487831059155081,0.08130263308776975,5.409734039321318e-06,0.0189113337162825,0.08389247582548115,0.03950730646536255,0.05990988692932425,-0.028434425244787415,0.06884629339142281,-0.0710938556513227
LINC01287,0.00031723608006044686,0.03399029984412222,-0.06416860716723775,0.01876455800524664,-7.706681299959296e-06,0.0590562949259859,0.0028296847181493376,-0.020558306995232707,-0.0059810662947989675,0.032463823880383116,-0.0005717442665466103,0.0002923415945688535,0.030785831094870326,0.0004968671581723671,-0.04740758161551426,-0.022083489604082476,0.027447441296075847,-0.007529832254651242
BCL2L15,0.13402300187897304,0.09107243043670735,0.14199024144913697,0.1754135280439374,-0.04069042567655979,-0.11360814252003444,0.017101512143893716,-0.03546823087578927,0.017846181651374766,0.1112115366403018,0.04150701649527316,-0.02994523138961207,-2.9568192515512425e-05,9.158021849736068e-06,-0.011832918973107653,0.04825208126769481,0.0752327168764294,0.0053197268601095525
APC2,-0.24012875256993588,-0.14925924429976475,0.05722581997883397,0.16763284215619387,-1.2218820869142085e-05,-0.015966753414576703,-0.02510133595489587,-0.0017535562624270994,0.007050048753570916,0.004617396510258129,-5.631727869057533e-05,0.03952130084148931,-0.025640050131992498,5.731714982184854e-05,-0.01579987217962814,-0.028614899343353383,-0.015472517265348752,0.007166853371682311
UPK3B,0.17100102243713794,-0.06848919680585273,-0.05922886410177806,0.05409594371490313,-0.009890760894442446,-0.025636555818317235,0.03788337097651666,0.02426783749390194,0.0013807100466588728,0.09099946789148855,0.0865949957749077,0.017622986788352224,0.12386894532842295,0.19411189258461384,0.10485584479185706,-0.030582617775028718,-0.021194439104883334,0.060136003708319626
EMX1,-0.042521250026352646,0.05965538356671634,-0.04623846141088322,0.030399171425517773,0.04847565312328753,-0.07153867193937742,-0.07138722376731205,0.12195622466513671,0.08790656971243448,-0.0002802520719185749,-0.012716502939431761,0.05633686214811423,-0.005568393246115723,-0.001371119589695965,0.041310444344849886,0.028374753465615098,-0.027152463727691117,0.035539491133821835
CYP2C9,-0.05889667121175226,0.1482254964284793,-0.06764743447676456,0.11280115109329503,-0.04929807681520412,0.09632600700096755,0.059895143276382935,0.01623999859760201,-0.0282123540957898,-0.04216822311132799,-0.0005895940900355321,0.0012895061806860186,0.00309646208307412,0.07782652798657429,-0.00957215489789043,0.0695161696030483,-0.020922275866226626,0.010058372721697318
GSDMC,0.13151224556310764,-0.17721652457891357,-0.13429943343892872,0.07550986327201592,0.03585140697203967,0.029242582321456167,0.04821912108391125,0.04201569424150289,0.05662986200254952,0.08617252643166187,-0.0014013848627995567,-0.024825131024101676,-0.05229306157180842,6.0707625337741767e-05,-0.06298484643063341,0.0030653387980280338,-0.029243736580194732,-0.06051347702998478
FTCD,-0.11341121613971465,0.17227043640944797,-0.10749078834831644,0.04605019864998816,0.0179394588542552,0.09173238812218637,-0.007882817044393824,0.12702623913055244,-0.024933181116713325,-0.014492953135507634,0.01553001272297788,0.04390324972800802,0.08340845504171406,-0.029493072580633894,0.01789087559478184,-0.005524466506646229,0.007063958222231819,0.02980785599394545
HS6ST2,0.02158441377846552,-0.1630737524088005,0.035144835432868365,0.06418468012633244,0.004365687939229425,0.020845632396931348,0.10090858694728616,-0.011807075702138193,-0.002726363887219373,0.0334298673371508,0.09301813476411697,0.06214489562521236,-0.00215640388835019,-0.10465377630813463,0.06650730058156253,-0.10855836784272403,0.0001410606913217041,0.011702887916841048
GLB1L3,-0.07410752829416015,-0.04707104247182289,0.08169775223830099,-0.03389796588807354,-0.0573470396222761,0.051742250950757816,0.04957570771168996,0.0712069343515325,-0.15744744548347153,0.010687455840423493,0.08834870191233271,0.05620631148671524,-0.03848159463750745,-0.06044342075512807,-0.05726575653649141,-0.03554873591225749,-0.0002690640487160675,0.016908913850354847
KRT75,0.05497895042037453,-0.06518091172101056,-0.1539604450025568,0.03128056667252091,0.027569559693279483,-0.0147209811357796,-0.0165440198235415,0.014278093875663951,-0.0009169106417117249,-0.040214354400817075,0.0046635014006540625,0.00028332582945844113,-0.07921586747997741,-0.05012993921639804,-0.05083107436466803,0.0014959921922715798,-0.0011662388754320513,-0.056089838555052805
WIF1,-0.00036696394959292024,-0.0378435354883837,0.047702223582461914,0.03610876155013074,-0.003504578319478809,0.04724440362526318,0.055342250498729643,0.026354352967693017,-0.03901362242138834,0.058583287498191285,0.06073727347462091,-0.03748217501062134,0.05770884689964043,-0.13424752805756826,0.05344933182274416,-0.0016890352381243986,0.019602764066394388,-0.0003655266770155566
MACC1,0.2244421060511302,0.08107646486163927,0.07030171076032109,0.018236255616572283,0.027670198190748837,-0.14609640549313133,0.032421755261916485,0.09218060567105961,0.11779332176037008,0.011460504322340526,-0.010583191923837002,-0.00026371818321664566,-0.05032217673538003,0.0012278845035500734,0.019308375146815705,-0.02457321446320642,-0.021183688517867786,-0.028635177726097402
BRINP1,-0.1849727344203117,-0.0731727115371244,0.10513525733284051,0.00010208450064799166,0.055370265813723694,-0.01698781313144808,0.061670650320123345,0.07989508148990072,3.6593591234896036e-05,-0.061908901878240406,0.04055526238618539,0.03668651928745451,-0.02306150190581681,-0.000242477124273739,-0.03568331410677599,-0.03697606915902115,0.0001844134287078032,0.04677214628015421
TM4SF5,-5.853322653947965e-06,0.24502695118257034,-0.030069285011245353,0.16034817407695132,-0.03218136505722687,0.00024212554366034595,0.010877065556031695,-0.03532773949177164,0.0006270480364776573,-0.09695970651209507,-0.026581222338427146,-0.016019532802032256,-0.046244469943311585,-0.02367421168407471,0.016138829731490383,0.022706344676552533,-0.0027832156431517835,0.03663298774163584
SYT1,-0.08800243857231281,-0.13842467899125863,0.1230624250023383,0.06674499756789118,-0.03357738543418973,0.0619237917985736,0.02171294867831377,-0.0006213225105604992,0.030424994651130487,-0.07327491681551591,0.09770491308199239,0.09011889736452469,-0.02946916738402348,-0.07550787667178932,0.062235323057619,-0.10907685496602529,-0.03654323150436348,0.06473002485441195
CYP8B1,-0.030693269117878407,0.18131091696721466,-0.13142943038207025,0.027060021896716916,0.03244338701929001,0.07566208320260485,0.004498777863247076,0.04439396073886593,0.020392587707337935,0.0023461036540525395,-0.024994364843891066,0.00288412587816425,0.004801031046459996,0.020921806652543486,0.0009899070259595448,-0.0396489067901295,0.00035794288314939686,0.0010057504531355045
UGT2B4,-0.08985988946063746,0.10940185760577105,-0.10252210003342703,0.0511172799584802,-0.03736112780906274,0.15563991577612415,0.07861317554371851,-0.023077248753282313,-0.04972332351485309,-0.04822855597534808,-0.059204870662651954,0.024919633058363994,0.0004699367274672146,0.007309103354936615,-0.0418072696539942,-0.0005286753698209854,0.0019609290847361796,0.0003839323106228621
ADH7,0.1141375269620386,-0.10149164866874645,-0.10577738773152164,0.022212277102149677,0.02591389367380192,-0.02379142809790295,7.915719287702184e-05,0.04239306079765908,-0.02253030238794729,-0.06389199782771865,0.024331088994678354,0.03025935834558579,-0.06357741179701212,-0.11999425090821816,0.11258039841033472,0.04623496355338699,0.031197469519053587,-0.07649746274220565
HES2,0.23390594827627845,-0.10686741027459543,-0.07544152219176416,0.04223736619808786,-0.06358876250977612,-0.028781447914319722,-0.020281081523907292,0.0654655176167094,-0.013036481305688819,-0.03581457940303686,-0.04146626909552661,-0.00010911094429931962,0.016418898766375117,-0.05566192799368965,-0.049452177498016205,-0.07960179735231313,0.018093010675385084,2.0574410434335183e-05
KCNJ3,-0.07569439078248605,0.031429905105847374,0.008454945874662617,0.03429435464471935,-0.0010485968243353382,-0.038870294870239956,-0.06418800531677003,0.09312948064637751,0.07479855302451452,-0.03483700002634632,-0.045003752044080116,0.07980757179581713,-0.1274772379660004,-0.0006625619283775128,0.0003427627998835583,0.016275733812706302,-0.01810818679798292,0.054369412911430756
IGF2,-0.006399583267042435,-0.024994322149411417,0.013550562891932514,0.03729637697256221,-0.03802505110920812,0.06990201724827995,-0.0471699324123654,-0.0903245158364246,0.08754750668428332,-0.13995664069382785,0.23169361898090032,0.022688537288275676,0.04609360396151836,0.06605296265642834,0.09736500612922479,-0.09218424079564587,0.041932541288736275,-0.0535669810842105
LINC00668,0.061637492507550885,-0.0009638711530727611,0.01178417297110252,0.06847840351166122,-0.05923171013635479,-0.041430833399078305,-0.01197807581445803,-0.04111067166978515,-0.07751817821931258,-0.04565633595059365,-0.018963560770632847,0.020434391594400733,0.008247496126517345,-0.15197575639441635,0.023160392013683143,-0.05259242457971371,-0.02324661219066351,-0.036557771495161595
CPA4,0.08732239411611697,-0.12952106382302947,-0.136617473316379,0.021153209047951017,0.02619506782916759,0.02336426151839572,-0.08992498145139123,0.02682692591141669,0.11107288701791401,-0.05595933180906752,0.08568537776077167,-0.043140876783657404,0.02164876584029946,0.04101210778717593,-0.10358583576613795,6.572979254766054e-05,-0.02284630237063432,0.02102237323905321
SLC16A12,-0.06662598058780998,0.13427987272761532,-0.015998194794016,-0.08512073727108943,0.13189607344830045,-0.07308615041029196,0.03815894311596546,0.15346547182310832,0.016221361997291253,-0.04360690356868064,0.10197805739292448,0.03469742673871442,-0.033165045238308585,2.082218503670589e-05,0.013261374786175383,0.011369351685920442,0.004280080297269356,-0.00040447144727287276
NRXN1,-0.19914463986504902,-0.09588619815971834,0.05663627483857058,0.1173743754471764,-0.007609964026351774,0.018452734287111944,0.026949411347133318,0.021018428898902274,-0.0004414590392724318,-0.0351683493021432,-0.004312503798490566,0.039603455932818485,0.004363133833607389,0.004805278611856827,0.022447168995050726,-0.012735637130578745,-0.028381373590157136,0.000651135180999464
ACE2,0.11687993550422629,0.13157343750046993,-0.05578524870784481,0.09304493894472152,0.07730422113146752,-0.15445548708701803,0.022462636936913586,0.11605146556546489,-0.0288728998582137,-0.019901109016704152,-5.887690263288659e-05,0.0020794761823471875,-0.05736826866222872,-0.05026230361939087,0.03049212161908932,-0.01592775593189009,0.014970938420893063,-7.835654334380775e-05
CYP2W1,0.09427544123037876,0.014944622757634862,0.027248014447978645,0.09272103837760999,-0.08409210711093545,-0.07473628135489219,-0.02179191619359413,-0.07322699572792501,-0.029470500380998656,-0.07469878305445897,0.053646181455322385,0.024205970729934648,0.044662953490310985,-0.03417266623465172,0.08169152370115275,0.023961432710665292,0.03628496476991753,0.03765791945163752
PTHLH,0.12283611486424302,-0.17475120353499637,-0.08930916297717745,0.06900504802632915,0.04995480279451688,0.016684806448496507,-0.05133965244068257,0.07860704232494505,0.0730323665220043,-0.06400084617623061,0.06907733145234395,-0.09904923872266101,-0.005203799714324716,-0.06286394243736171,0.01568254917492902,-0.08390160754554794,-0.02444055720580375,-0.05087176201767407
APOD,-0.04378151456625278,-0.12376756012670231,0.23022488708774513,0.026656312325235913,-0.04168423900462703,0.06208048131324646,-0.017619670333497196,0.04877674256233521,0.05465696922534971,-0.047188731147069875,0.00012453281768870958,-0.15846185723604841,-5.460066540314732e-05,0.04358335212067875,0.08603638386914096,0.026289850785779806,0.04369406727073766,0.04886623596927339
BHMT2,-0.09688834750984858,0.2057007293484232,2.189987061761111e-05,-0.043259537008016415,0.09812589036972179,0.06484258985558543,0.03739711550752358,0.17021893255774354,0.013465191295233448,-0.10932227723911651,0.04994072982001935,-0.055173428803051774,-0.03444650061844242,0.00018384959140950232,0.0423431768835404,-0.02083577497256454,-0.016190898645355892,-0.027042854425311742
NPTX1,-0.12912727860796147,-0.09465019927707997,0.09330425178817017,0.10571816137595605,0.00041659298646919786,0.04415525756332686,0.023980163129822273,0.001133411966732939,-0.04335091413398838,0.025532960741062857,0.1206487582341633,-0.025091183004069786,0.00040712774882759647,-0.02966163674900222,0.0007507889239801169,0.03707213766038401,-0.053134666606765704,0.12131243543899527
RPH3A,-0.20173909939527634,-0.09716786458589173,0.029914448767332468,0.10304054195954235,0.021459837400298384,-0.01637262788487316,0.020174270139935016,0.012051708420591934,0.0177790966089532,-9.671308744640768e-05,0.026287162342546324,0.08133471257806103,-0.05083257677171574,0.018431738538697326,-0.026703646044207816,-0.0421673415639032,0.01292552121259179,0.023035911993034387
DMRTA2,0.026119436070199505,-0.03766893902874279,-0.04730970648538587,0.06848368945628407,0.00026606201271668764,0.015088102115922934,0.021491311474530993,0.010882677458238805,0.028065907937576177,0.0688121711631766,-0.02962637727630993,0.0037171837664997714,0.024010669940079773,-0.025194003729197872,0.06232320393182549,-0.03251242123729852,0.03399808954908543,-0.0676861858007487
ZIC1,-0.14492253323100351,-0.07016644122404775,-0.022221473235946834,0.08516505140112489,0.021488462222108744,0.023380936454803613,0.0021580704869216065,-0.0028742965133655932,0.01241557928286222,0.028268716328854835,-0.06345758184235824,-0.05300095065205597,0.11051787883950863,-0.0024424569887793483,0.0018112690078274953,-0.021680497022673523,0.03080916698014301,-0.05018806676422813
IGHV3-7,0.1869692541725199,0.00010611474940120542,0.13621523442807326,0.058949914665927486,0.15957834007101435,0.05549700713607352,-0.04221333376454199,-0.0013358351441516876,-1.1545990092468792e-06,0.0001922276297411754,-0.018785172028616452,0.012096505331659832,-0.04773570782916751,0.01463998476411528,0.0262391813628084,0.047171494093390366,-0.05066167934919208,0.010549147904706383
HCAR2,0.23549403019513723,-0.1394962436594021,-0.0920608927555115,0.023164406343991868,0.0019360137367167478,0.044300609908935654,0.01736523215110518,0.06126599849952008,-0.02066203110463643,0.04325579711620476,0.0002961341473715014,-0.016527685311557773,0.014931944001677494,0.006381551911238178,0.03880573141550542,-0.04977886407877877,-0.031330821551297204,0.02716948510818582
CRIPTO,-0.0361943368339168,0.08125769734824263,0.017182819014556757,0.10327602619263362,-0.04604121472052555,-0.03108716124664447,-0.0008046266379906624,-0.10619211313659921,-0.022356282528846878,-0.04942138400272887,-0.06357557199255198,0.04281534186791266,0.09859091614983019,-0.12804728564829534,0.04817041093933787,0.03074410977230108,0.02559624394756758,0.06779854767259204
CYP17A1,-0.11556095584521957,0.1051500870344395,-0.06327679822543751,0.0007049732369220833,0.03708018912973753,0.026877324537074195,0.06381367747153366,-0.0006921071631065042,-0.0003054640556639474,-0.05672411764211388,0.04442339669749178,0.08244343094231821,-0.02248192043465792,-0.015302579813722223,0.0020847697626535486,0.07957907540585413,-0.024931026051601485,-0.01873531154712397
UGT2A3,-0.05646375160376887,0.15808724701320967,-0.03830322142708719,0.0411007971328392,0.059348877943823194,-0.05678284464801565,-0.046662556812825946,0.12529478033532548,0.011477118891084645,-0.06660470484478745,9.870065106987146e-05,0.0018058694745158735,-0.036797579305309226,0.0066648720539624305,-0.023211068060824198,-0.004089826059256791,-0.013292311477597296,0.05783453038618172
DENND6A-DT,0.02925567707854785,0.02296148595196512,-0.0048087366517719915,-0.025833036150989145,-0.0032194174752251266,0.0003613471341391927,0.01894514140565946,-0.0022545954504526013,-0.030891359913195797,-0.0012877315578355315,0.03588188310333032,0.0019393544579638406,-0.04603446431021678,0.002085850812232242,-0.03358201017575665,-0.001627597150360557,0.025027681051687043,0.008838750179411575
CLDN6,0.03032068507679478,0.0030025736762178345,0.034062157342662214,0.0005677815004939427,0.026469159328680367,-0.002685717068914796,0.04583787661315658,-0.04589163468104635,0.0011394579407644737,0.040559632210517026,0.07147544506132693,0.061657595020033096,0.2660675772393042,-0.07301832149334211,-0.022814817249262726,-9.662518947127305e-05,-0.0008322961309563141,-0.022645607946973904
MOGAT2,0.03370974453777658,0.0991249620063461,0.04347421605138978,0.056530966914565696,-0.14672388787044255,0.04538550891893959,-0.03123119363023222,-0.03855150075289371,0.0011867157919496054,-0.07610012792458824,-0.07079401957172911,0.02340060551448969,-0.061198916816331564,0.043183514567609375,0.02441895772287719,0.034781556883948614,0.00035051704091227677,0.022351078200208367
TJP3,0.20970084489421817,0.10242131317657088,0.12483016842729516,-0.01579873145339641,-0.09514383980208033,-0.012963904012612873,0.1214877113265646,-0.010518406209005534,0.10086274107414449,0.027335937958264205,-0.06546700395141415,0.11705778669497056,0.0773605207726282,0.02914351489492542,-0.011290851068980529,0.041932060990362785,0.03544532269266606,-0.02260188907624065
TRARG1,0.03559562696407085,0.013376372056199489,-0.00034567238169615216,-0.020337554243666803,-0.03932966953500789,0.03314830074596443,-0.00593483004286356,-0.009416741343596283,0.10877213664011151,-0.00027435373798527035,0.00041175838066707173,0.000756134357121064,-0.02384418501569004,-0.003153205490195579,0.017276684392707537,-0.00138161148870026,0.0005510991032432628,0.0010180428651401369
APOF,-4.393078503848593e-05,0.07263705961029499,-0.04218695647580671,-1.1234197639121907e-05,-0.08205200683977898,0.13926132114794204,0.01600923932682615,0.04829181894191601,-0.07657468818544139,-0.03166758680421514,-0.027506870279254476,-0.044133667906700993,-0.05775927904706644,8.680402907777497e-05,-0.04440330351343289,-0.05058610124341142,7.434949374713528e-05,-0.013660880088456642
ENSG00000279598,-0.013457555007193405,0.005205119881167586,-0.047893496797923096,5.168045749612461e-05,-0.0005643699496173705,0.0330486247265734,0.02205518030194051,-0.036970307005365535,-0.015939457963881336,0.05556605303001347,-0.029914955924618677,0.002148655654510127,-0.033211232845254526,0.0010242662933990611,-0.06263571270499467,-0.05294621868036383,0.045141594357910576,-0.012204488816469617
LRRC19,0.02150227786204579,0.16360183458594443,0.0006091343772058161,0.0773402140972976,0.024247509492867574,-0.1694100233838502,-0.08717212234071818,0.0682753234705023,0.002900993550198436,-0.04720794651176574,-0.02218204303195591,-0.0025450306678539676,-0.039007929069339954,-0.045256973397517414,0.017039001989455255,-0.01882850859958041,0.002103033723157831,0.00417594988040915
SERTM2,-0.024097201153344835,6.54577847351341e-05,-0.02647502893671572,-0.056120262113763114,-0.0945332405519662,0.05251528112750959,-0.02875242262332357,0.01502272884748872,-0.09975489462328868,-0.009326393849737089,0.08793683574390002,0.053467945932478556,-0.026294452649871736,0.004804793822961353,-0.03421111276430854,0.020508112296524616,0.022523621378233445,-0.046858876720785425
SEPTIN14,0.025446445815895904,0.03366730911420072,-0.03079262473781985,8.258333193096556e-05,6.254956478288009e-05,-0.01857141496438215,-0.024069635647656032,-0.04736225210133275,-0.027691448639476007,0.00018026529160536638,0.0007108690450889572,-0.0010072411329721984,0.023443120953481434,0.03956104868168879,-0.06307004197241707,0.0018185676720537869,0.03258865883411136,-0.000549577751497588
CXCL6,0.12884268856890985,0.03232407143498335,-0.05785194744760358,0.10060368269832125,0.0018170223987511649,-0.032529636868995036,-0.0009795252868428058,0.09831165151497781,-0.05766931948674225,-0.0001663544109682218,0.09186075642151312,-0.06477952240403297,0.047274215376514536,0.045665295462561636,-0.05487422123595602,0.050790403973185544,-0.029889362388453588,-4.203057183582615e-05
ARPP21,-0.1388794201422596,-0.09485787160284338,-0.019334071618316764,0.09431944842978758,0.022541002821388687,-0.0406984776475609,0.016843717020333087,0.0006845664319696793,0.0009656993151600272,0.037657622709848286,-0.10013180791516868,0.00033738213298053127,-0.004647240775353435,0.005592837935470745,-0.0001423538864173584,-0.004643745790724207,0.030213202371320916,0.11869385351460722
SNCB,-0.2172307142389711,-0.1102475475914858,5.059551783056429e-05,0.11532048368031236,0.017758710309800127,-0.0020715631175864907,0.0012927715708349,-0.00017790875798350398,0.005840828062086524,-0.0018363236728141568,0.036590526433193764,0.09587472149360073,-0.01719235352656479,-0.04449629136235981,-0.0071961219848970664,2.6307608776023496e-05,-0.024437910385783964,-0.001735078496770514
WWP1P1,-0.02771888515148079,-0.025765915986721045,-0.029649312934918702,-0.014406895451984942,0.03378519712241735,-0.0015852949973872673,0.030652735619926798,-0.02066436443048087,-0.027760825868341638,0.027673442852136198,0.031502359098112914,0.026646298963686203,0.03316743503524231,0.043188629775667634,-0.027030738977563105,-0.032676760989866514,0.06668240695693678,0.0009306072005656312
CWH43,0.030656748639200544,-0.04801409762304893,-5.480074396726105e-05,-0.05482458171970919,-0.11677132109607635,-1.761893319773827e-05,-0.0005022410635147674,0.09165993091184975,-0.14256154562926632,-0.04616840013363363,-0.0688451197610035,-0.003491823797831529,-0.05466775937962694,0.0319019384250492,-0.0770086018968534,0.03435277088695314,-0.030384146033994253,-0.09067695773780673
PLG,-0.05288924307938824,0.20620672365165,-0.08916591222672658,0.09069299301383348,-0.037303107527700365,0.16051190428508852,0.04457011469911479,0.06296495875769631,-0.056075409456418424,-0.024938879307775764,-7.097077415116388e-05,-0.04639999241270266,-5.414488092195805e-05,-0.023449403537687034,0.020441926284553477,-0.03662119065231365,0.007482513565987319,1.918833321603029e-05
SYT5,-0.1469104956157715,-0.10586886956339615,0.054179077486166974,0.12272225354021526,0.015391216900978942,-0.0001948802578631223,0.011810873722738395,-0.015961384234458923,0.04700239068348836,-0.026743036226796316,0.15114340896850442,0.1528982839482598,0.025158179256782136,-0.03283287953663637,-0.06406265457841076,0.010858403656758123,-0.01093626658073882,-0.000554659338378474
PLA2G4E,0.06102160023010783,-0.11293118406497146,-0.13183292303602712,0.033419976523850925,0.03508563007151983,5.3743931514099495e-06,0.01952228767832383,-0.001100902751702817,-0.021055478497553015,0.0016509748581995188,0.0008668607455534756,-0.04019821950299495,-0.14494124818920745,-0.06339321051254182,-0.06171374783837572,0.0010873590856685534,0.026578289971457524,-0.059482462520270805
MYB,0.19299729507894325,-0.025486104264334036,0.15239391326914714,0.006248071371121657,-0.11166967650064492,0.005963203469698174,-0.08110399151411143,-0.06047336829791173,0.11436794382792563,0.004285117531570917,-0.09696872041320632,0.023250957194655798,0.02830902247642433,-0.1418272530090921,0.08815481871338562,0.022492081797668644,0.053462328146099046,0.08756350365644308
CAMKV,-0.19032576404954946,-0.04865233378273214,0.0316725878650884,0.09687580991363891,0.013642270615211501,-0.002689791228249691,-0.013446279168183865,-7.378675380260381e-05,0.023140342241928107,0.0003457852279633621,0.0002035316969303362,0.09985086559908088,0.05400484964910961,-0.05396255917376393,-0.0008574316370150787,-0.0580031770703522,0.00041791506324598054,-0.023947641571558622
CD177,0.15088288273179737,-0.053301682563604943,0.051372797841668524,0.018974682322381704,-0.08182710423004023,0.0157979514657781,0.00015172248007461168,0.05157090144317987,-0.10548514008732825,-0.07043735539247195,-0.0009304681359199697,-0.06930782597207456,-0.03557899420499485,-0.001211570972541572,-0.026361382923624107,-0.0018018611231091666,-0.035743679036177624,-0.048956827839246715
PTPRH,0.062110995547672576,0.05233828884481255,-0.02017368381449462,0.25039029425121856,-0.031771752005880234,-0.015894337899883464,0.0004602953999441894,-0.12361566449984006,0.04927557064633007,0.017266277022535758,0.1702543935668261,0.019484094293115407,-0.03463245855223764,0.038160172822918795,-0.06730400132604547,0.00046545125809417974,-0.05371227450200937,-0.04766852043816411
LRRN4,0.017497015441816435,0.0938854980404506,3.9926499070886516e-05,0.016204844073278303,0.11673853656477977,-0.06848264776144986,0.031500419923290154,0.10292945675610217,0.0206930138585859,0.1307125400690184,0.13601944499687818,-0.05399199343122679,0.06585651842200492,-0.033541902081425115,-0.08963078064488834,-0.023254258107406042,-0.06349496043666529,0.05899172582481142
PENK,-0.0977584576125413,-0.06962465626189164,0.0627569005987542,0.05465055568951686,-0.014373148623053071,0.05749542990251511,0.00011450368744469298,0.0040213507729066735,-0.07131233358870342,-0.08212682994875034,0.23737032447180506,0.09795349747199515,-0.061883891878771205,-0.05141101547916505,0.003365242152639287,0.00022242524035357114,0.0328744320098077,-0.025253186110034607
PIP,0.024181214403611425,-0.03463986716609627,0.09488477238440034,-0.07544997738119318,-0.06761319987392116,0.10933297475526459,-0.04108409355667907,0.046471740710496284,0.20131710986605514,0.01873669250925397,-0.019970112604138234,0.007102843339082672,-0.13303070593108612,-0.023894073989726015,0.00016572100518644122,0.07934168231967433,0.03786088043554035,-0.016446533878378317
IGKV2-24,0.19028583561812817,-0.017536752423548234,0.11466054150274252,0.05657183042437275,0.18114519412964522,0.06448322326548045,-0.03516082889336567,5.768795790173988e-05,-0.015347855969481914,0.00890839276068917,-0.02810630070182033,0.01725315888801149,-0.048790554595115325,-0.00014396139355538865,0.025448483446363426,0.02918900226546353,-0.06513886843091325,-0.004883004341420334
SLC6A3,-0.03746927129737849,0.07803120811372653,-0.030421042236411757,-0.02824962387649878,0.07209872834210043,-0.03518818834827032,-0.04533809442231608,0.08741934664378814,-0.030535555285460928,0.06041799068892539,0.02394004344182328,-0.0018885213719508646,-0.029745275922721363,-0.047495532763185466,0.06823549358509316,-0.016000729737740565,0.024134731410672933,0.06073949071369744
SLC39A12,-0.10352109776237338,-0.03737008198576938,-0.0011156613228339083,0.07701257743895824,-0.042687926815346305,-0.026065770714556576,-0.0001201026297384516,0.02853612972045142,0.0408673758336787,0.05908712915546121,-0.08687825373441044,0.046810290104776046,-7.344538446154e-05,0.02535002568976194,0.0008193885299116814,-0.004794778523358906,0.031448014236116324,0.0006318692769338312
MGAT4C,-0.12899690856151227,-0.04942922371521961,0.01982246979881256,-0.026805956835080493,0.04968515041724412,-0.06464472983399693,0.14789352631545596,-0.058153208106497364,0.0011812275454658667,-0.06736526144128194,-0.0448251709392222,0.12756842070679075,-0.07310194333381033,0.02884279544684174,-0.03612905916855694,-0.026887730530173588,0.0023779711698834935,0.0008852236451207314
CRYM,-0.06425855313361155,0.10882787176619206,0.08962039441811041,0.08496005323512341,-0.06252897059365013,0.024298764095176242,-0.035087569275842174,0.20074530279920055,-0.09353700160873485,0.10143094432466351,0.0011038736220860415,-0.010550175904977801,0.0007049461317246252,-0.07191220873578086,0.02446557370729721,-0.05148479385399317,0.03178065548960651,-0.03341052053049308
FOXD1,-9.114107807698528e-05,-0.13539274125229875,-0.04695963678935535,0.1105577033239517,-0.029395544648595586,-0.02420661115716455,-0.1035829121127777,0.029091535284172666,-0.038214484236094914,-0.019366496352211902,0.007194522345599018,-0.12297570841557018,0.05490567152566868,0.019749670219328677,-9.259769312724147e-05,-0.0001155368643542538,-0.026074399668460133,-0.052069104104364196
GPR158,-0.13585896591246052,-0.11798995076468842,0.021967783007525887,0.11520510046470474,-0.04591754577037312,0.03948159037084153,-0.000592699217436899,0.00030397569794607957,-0.036175783666607966,-0.009013598992248831,0.02705084370229775,0.06802320582318554,0.005989428902398588,-0.010202903861104385,-0.04038867298290504,-0.023019483783308724,-0.03893145155346391,0.016143500802034222
ANXA10,0.02893872288701922,0.0976888419277715,-0.016101142344315922,0.12491226460922591,-0.038740160275633095,0.000908901720726094,0.06784158173188111,-0.08191341358307094,-0.0007336007890977918,-0.028201746693951483,0.05495223316788212,0.000311501996095449,0.0002232584536038044,0.1735293561882147,0.067759496234127,0.10942398153222906,-0.0689294443399416,0.02350778883695245
TMPRSS3,0.15946118215750194,0.07308246536560821,0.12196674434761119,0.04269397949684813,-0.01661675923240366,-3.6039451712065564e-05,0.02739558857209084,-0.00039282319842749204,0.1611776426114693,0.00010743917783612926,-0.017025677795686686,-0.030707199605318758,0.08973847656744914,0.07118318470612957,-0.050144477907145095,0.11277352316878354,0.01819643160127263,0.020622363515793187
DLGAP1,-0.1715859961400158,-0.10378328364012006,0.12641780589209653,0.010769031401936142,-0.0003566788301497028,5.068208902677302e-05,0.010995890028479286,0.12364248400602804,-0.0011834454310789258,-0.00015502470243580738,-0.00018901524890132073,0.04513079892311154,0.04884628026396239,-0.08177500334455365,0.0006367179629606357,0.020937072662512705,-0.007111917732163189,-0.018891448009031732
DACT2,0.0006099076482717426,-7.142735876327956e-05,0.008005146763731034,0.06425091511587362,-0.036223703176113266,0.015059241445746203,-0.00033121900121297335,0.1262274350817876,-0.12240413604899915,0.0006392621886870697,0.08685152286496513,0.034875571970012356,0.19536980162679954,-0.1520671392761842,-0.00038982803152897365,0.0996298165857115,0.0022599327978118974,0.017200502191286094
F5,-0.0001423904458607245,0.13771411058976604,0.03815714088096201,0.11824356130715538,-0.0487471184675325,0.1333205372475721,0.08048504779279718,0.06569797717386203,-0.0809967202701773,-0.046794652068476224,-0.03151763625701239,-0.029228781205167864,0.04803491950720898,0.10509541090778618,-0.03481424145051601,-0.051032452391416856,-0.0365689814077421,0.048295550152920155
OMG,-0.1570075386338616,-0.11176960564742802,0.10947272040723324,0.1395947529437643,0.10543341679160018,-0.009251630740468914,0.05278468657656231,0.03390598127747301,0.03650117115230289,0.10868388200968888,-0.02503922945204756,-0.11680220179602477,0.01601501746710234,7.171903972196016e-05,0.04261215578809929,0.03970605822807644,0.04084600051853872,6.677788047007832e-05
HOXA11-AS,0.038312899085274174,0.000290678946812688,0.08346689558974368,0.01547896855179967,-0.18408599803780631,-0.03917236294519581,-0.09573120605677982,0.03543014411484466,-0.1572093692063499,-0.008872097395261826,-0.018994195813503072,-0.018984316213507872,0.08921208281542262,0.0305704063178757,0.03303188483443791,-0.08684275875966856,0.02301424333787734,-0.06089323762483852
TNRC18P3,-0.0038924763236451595,3.6678744001107186e-05,-0.030188252786093748,8.327667727904717e-05,0.00016828876257780212,0.02128669344870664,0.00041967037637959635,-0.00918308266361936,-0.020753021433732127,0.001492939100277303,-0.00033503446561952347,0.002991381707823484,5.471928208996177e-06,0.037373648780272106,-0.03495203968983753,1.8495089835006362e-05,0.05641764391856334,0.0019582951651468295
SLC26A9,0.07392910839358709,0.00039627439525670856,-0.006568074068579788,0.09765118456779537,0.09938436369413355,-0.0742156205986791,0.11575277449901408,0.07021546916205401,-0.007043949407912592,0.10894299246273864,0.06296113598207481,-0.053998685221258454,-0.056908813342231836,0.01994916645147968,-0.05321427778306378,0.1267743833956542,-0.018954400593641892,0.005302378093759315
IGHV1-46,0.17341658290596448,-0.03252043098374682,0.10224708657028615,0.0773770729269043,0.18711399152539998,0.062338716245188476,-0.03167100851385685,-0.028178280768947777,-0.024022749769078647,0.015407530589612842,-0.04862707825264516,0.017741732591034117,-0.013230149124232959,-6.492447327306855e-05,0.02659701879187744,0.037845693837858296,-0.11962785560195455,-0.009680265424460804
GPM6B,-0.17725760784297467,-0.21266152082900275,0.12377702011080345,0.08646098381615498,0.021425999362806904,-0.024501539937079066,-0.0002760702460958815,0.085955646589297,0.04368269321221576,0.012428836294071334,-0.06550364724100706,-0.08344565981153701,0.06554643863587234,-0.03576683785430007,-0.012750555362091064,0.0024220819586842114,-0.006441804052365742,-0.04684586078164204
LINC02893,0.06544844520781727,0.00012812377266551133,-0.1371268963927105,0.0006317867266377032,0.04050111606641522,-0.046199462160293865,-0.022387808337275415,0.06129635979743,-0.03608357207003335,-0.011476823695560785,0.05396500314055024,0.07287958032180915,0.07657226523432736,-0.06806287289266862,0.0903526016281666,0.0073747306006397804,-0.008930487451564145,0.03413408837809331
LHFPL3,-0.17799623704702797,-0.08235942313409089,0.012013158530745867,0.11092154007405544,0.026210066807691747,-0.0186028457198328,0.02487444700831208,0.0004202209491438118,0.03679078348087007,0.028008187683294453,-0.10030835964154436,0.0009983797110215138,1.709079550735755e-05,0.01922298032696641,-0.01071026891341156,-0.02229964006648064,-0.0003769553388471606,0.03887718889096218
F8A3,0.02557369968821835,0.0031077134700215115,0.0011079288281773561,0.007231977520944094,0.0008808088796586552,0.0007401454245175888,0.0008234970113992299,-0.0009803634807704746,0.03394479309491914,-0.012583685257010242,-0.019084357116618027,0.03399070320810833,0.014510363656962948,-0.013898325890906317,-0.0005842417346272086,0.00047236192721517684,0.0015769703723656234,0.0006332927330917141
CADM2,-0.209989432905939,-0.0935745296624434,0.06808071543463182,0.07874478224309413,-0.03750882168156206,0.03132597433875831,-0.021610904998054983,0.044370026637420484,4.160195331573834e-05,0.0005874694036231515,-0.015558104455728592,0.08682094061244827,-0.04953603489067206,-0.000724962769623648,-0.027222587765595156,-0.05311409774711867,-0.0006455359475477966,0.016823577825093652
ATP1B2,-0.2769645607878875,-0.07879595897965135,0.11917214880158788,0.06668424151144585,0.06515130895520309,-0.011145114272356989,0.04279492567284691,0.06309256491105476,0.0012570193983271367,-0.07728253010262139,-0.014654897891833442,-0.048728275882245715,0.0012236063968090974,0.025507948575057064,0.08457747287953961,0.014904307580022702,0.018283441417312463,-0.03361257554145628
SLC6A20,0.0608304521350112,0.11795837587547756,0.08176100943121775,0.08954849837259624,0.025348092139122983,-0.14243220730406186,0.05216916955729431,-0.00017331194780460435,0.05057224150444541,-0.03828663198309861,0.04211647998844585,-0.001486299887549363,0.03092635519849948,-0.04294836558059333,-0.05901883673265604,0.07618448691518567,-0.020249554164587277,0.02324512991332511
SST,-0.11212881013968419,5.644502026568592e-05,0.048288783770066936,0.10030229709049247,0.03238513853078448,-0.04197976620151022,-0.005881128220191754,0.04352342076071684,0.04518564278839064,-0.029643061807515088,0.13935828454422716,0.10468326732147773,0.0360804288459152,0.055751842019475174,-0.026933823595799124,0.05958290686991704,-0.0029539077114379662,-0.018132981197731712
GRB7,0.2761885576087975,0.0811491777351236,-7.409798234835579e-07,-0.031895736952099976,-0.03911347112332075,-0.04138291468417973,0.067685124208959,0.08699778210468585,0.0701220744696627,-0.016405143597576666,-0.02821755293441669,0.09370998246167526,0.09886484073491951,-0.02242226591062022,0.0002542713560534114,-0.055818628328754574,-0.04944129485733577,0.00017554389125498725
ADH1A,-0.07260168994008943,0.11626591802378712,-0.1266784097475372,0.07041288597740473,-0.03130696164768824,0.14027844869092046,0.06553898950011956,-0.055265828247001034,0.01090454823482285,-0.03668298118568924,-0.05238698926733566,0.03680891516305899,0.02111636158555026,0.0013368975004503809,-0.05507443910740255,-0.021051954623619893,-0.011302964738608633,3.5865611254491016e-05
MYH11,0.10375840966277453,0.03962618591631787,0.17232809698878437,-0.011324137538626732,-0.08311609374793046,0.013862307115640127,-0.05528983548963646,0.10583790194177521,-0.124731298797603,-0.13758316167408702,0.12247379617585924,-0.12526747181462455,-0.02813780525406639,0.02787801552305059,0.14373627927048876,-0.06852082115143233,0.001251473218749212,-0.04872868588863065
BTBD17,-0.16014019204256896,-0.07804531434430917,0.004558818340146079,0.06404571180529822,0.015038301470533307,-0.0004356950051458914,0.0005468669236400255,0.04956976886858995,0.031158398472980544,0.06681436056814548,-0.07417060135207218,0.03482083185437691,-0.04203696708253684,0.00034794918632401374,5.8110365042372975e-05,-0.07453936629903,0.0010556650110269015,0.001178020175034623
MKRN3,-0.0785420062814949,-0.11714792356398859,-0.04992896036072582,0.10905338346039742,9.414837868203107e-05,0.0050259639613455635,-0.0009765009924324584,0.00029904888888827126,0.043137047774266656,0.04433139964254789,-0.06198017214184594,0.01889902440267852,0.06456215945177814,-0.07720361845066027,0.031729478659537944,-0.00010437356675151437,-0.0332002714663145,-0.021978799858643074
CTXND1,-0.19024474915695933,0.024898957223793948,0.011826904181225202,0.03738198007571125,0.056663803692688745,0.006016799290286301,0.166649182649943,0.04280192162768917,0.000906266101936693,-0.06635795727141215,-0.09489678495531093,2.5072034079090773e-05,-0.00012417255477482767,0.05577665503623949,0.026379408680827193,-0.021160133066032906,-0.0007592948115823234,-0.0307126283984694
TBX1,0.1369103130427226,-0.15619476845282307,0.018869433702515363,-0.06085887138023396,-0.060047017715315884,0.09774301050775347,-0.008657660579882848,0.05161121402900667,-0.025481832936545525,0.0008958047174596669,0.03340503611042674,-0.0005694692504532796,0.10885368522501897,-0.04404756201211533,0.0963709153322604,-0.05369687511988331,-0.024004189340575327,0.047247723135205845
CFTR,0.011559364793784423,0.0717850931640636,0.13319520115966313,0.17602886034915388,-0.05206695909278006,-0.10804815825976598,0.039185993214893466,-2.4929203694307394e-05,-0.05314554713212759,0.02287659590331622,7.09275939797618e-05,-0.04383446398907675,-0.006498367199004139,-0.038108878007417656,2.470222058618713e-05,0.05641661580408829,-0.02690664165994796,-0.03596154689923126
NR1I2,0.038693025941440855,0.18381321124401745,0.0152434880432727,0.1755068420439462,-0.06102595372106908,-0.03787007735874107,0.037359908848384,-0.11636118204719456,0.00012389555928841298,-0.10967094176033414,-0.01743954221004782,-0.0002104166549356161,-0.0017588381653921184,-0.05137262997547613,0.001364613596461877,-0.0003661435425852694,0.01717730843714466,0.02940916191770718
IGLV4-69,0.18285067406514086,-0.027970857509460767,0.1025528925133378,0.061221951575283824,0.18831279225313957,0.0688640600186367,-0.029833600408337428,-0.016521023192721876,-0.02766876243223018,0.022673704296275,-0.0388671228188716,0.03453007705890155,5.228575769031109e-05,-6.923151467199415e-05,0.014571105423118942,0.029535446772451887,-0.07953336555983245,0.00021602187211045639
INSM2,-0.08169578056436888,0.015850063217843813,-0.014713084637348212,0.003416502572490928,8.902392059551515e-05,-0.007753072267327657,-0.0006820870170173648,-0.0024961501785637163,-0.0001186662672937162,-0.026548765727043934,0.04731752373421882,0.11907127076909456,-0.057177922193366294,-0.000354554614386543,-0.011739052299382798,-0.0007430218075243171,0.0030186516528444584,0.0025841284846239458
ELFN2,-0.15914862898678503,-0.011373083167044384,0.07094990114194008,0.06626237891349639,-0.005556952381936405,-0.008292836325806739,0.07241551696391407,0.12483509671653117,-0.07227029493605173,0.05126234043248632,0.0028728760093325594,6.609463321208472e-05,0.0003800896421520696,0.0019606988987282995,-0.10948515016706697,-0.01951512409403354,-0.10568691466754784,0.10642406940972027
FOXN1,0.03886639957453705,-0.17178879070738548,-0.14523671278364436,0.052401207757170956,-0.033121381923920175,0.05231347690841405,-0.017636546817025554,0.02143295910370675,-0.05036378855689542,-0.019675853988407568,-0.011522355760141725,0.03493966496982376,-0.06213616717143119,-0.0440544766714892,0.0703782391803156,0.07532103294524735,0.04916775214500339,0.08130219681698922
PCDH15,-0.17554885044758728,-0.03858446998378935,0.03675408623431121,0.061619054346546645,-0.01949967829148111,-0.0001904229258122682,-0.01553287790454255,0.02423346514434677,0.030779655136825734,0.04436493459527662,-0.0762941379535085,0.054605967826710074,-0.036895261751272744,0.006051634609787082,-0.04015448831547369,-0.0004026853845522882,-0.00023427517664959885,0.029526774083762163
GATA3-AS1,-0.03658882846777314,-8.238443590134048e-05,0.021372286120202918,-0.04198880281475971,-0.056655393206085265,0.04404804944675608,-0.05693288920266448,-0.01935457591458116,0.15959318303430328,0.03377005024659172,0.05676372286175528,0.16327241183054725,-0.10334538525210717,0.06320034738590248,0.10552272254539606,-0.049699230160810216,0.000235232048424791,-0.017237580944386894
ENSG00000280425,0.01658324726985763,0.0031426947843765465,-0.07672836458375551,-0.05626244116807138,-0.022253601554902212,0.0018574408950331126,0.04090212222429987,-0.034656968062794946,-0.03226151165041168,-0.015610955308854792,-0.023624707163183874,0.03631937104150981,-0.05080406846497806,0.023440427418571413,-0.058965543684292285,-0.005385646705103772,0.0006555918049508122,0.001935472677478444
ATMINP1,-0.02104362087340388,0.02650672080786091,-0.015998088275703693,-0.0010484407505297264,-0.0034873585264115323,0.029287736610693123,0.027718452587304182,-0.027055569381049884,-0.007092486385645887,0.014939343031247837,0.004166056185177868,0.00020496197776878958,0.0038208350678674776,0.028059228929689515,-0.013285621976209248,-0.02117027156530334,0.08240372466434595,0.000991813363930408
RXRG,-0.14839310272306477,-0.0523625175055089,0.05461212077069965,-0.047913738033619334,0.0882136498618046,-0.015882239741971373,0.1925549520365511,-0.037428519687637156,-0.020119137260429878,-0.11892685928212085,0.004681564502811918,-0.020364980503030806,0.011711441231688624,-0.01791502044390209,0.0035260729824294324,0.0033562826544473313,0.03493049038259876,-0.02294690833040391
SFRP4,0.09300696311949985,-0.04786003886621644,0.18066725870195957,-9.43333630608064e-05,0.021956399828186698,0.06216610594699517,-0.05145782895293794,0.056535379955816235,0.0748777337941874,-0.08724108091272754,0.06765210462435574,-0.23687621291576846,0.03657313819501127,-0.0006885794677964109,0.049886907835662506,-0.10046896553225856,0.029733093387124158,-2.4949522670431564e-05
RTP5,-0.16850518536623152,-0.07219089029348655,0.0002255906207698787,0.07114463449220346,-0.0012720708937194874,-0.03041809727043802,0.03055748706304207,-0.02688872861569174,0.02603120634331568,0.047096924155819016,-0.09497139488954141,0.021036503277059054,-0.0013148388019183488,-0.004754264388399041,0.026582312996248397,0.008712059239975636,-0.03641637411918862,0.08456108757979211
NR5A1,-0.022972891686825498,0.0237299604990477,-0.00016344304068005854,-0.0659193875938184,-0.00013243881815341272,-0.017859112366216484,-0.019543342985371238,-0.020803617503322668,-0.03530515204604504,-0.017788571090450723,0.05200717187648188,0.04095181372840518,-8.080068661356665e-05,-0.020352588595959672,0.009360504532250558,0.05406655481267362,-0.011435577857578642,-0.00019068578680648323
PCP4L1,0.04180917472871037,-0.1341033046533293,-0.0026088580664276645,0.07982022456779682,-0.00044415874090487635,0.09190081800541697,0.11329982870542057,0.06520837179602355,-0.0559917202218346,0.09075821043652761,0.008891896230633618,0.04833706137601246,0.008373464640977192,-0.017133822296958826,0.1573361741734446,-0.06247242897825336,0.04801240185993123,-1.0988957841789915e-05
G6PC1,0.0027747978308067436,0.13157307862043746,-0.10729689719125327,0.0014567523025281843,0.0018522048336308996,0.14351843111631915,0.04206084025785796,-0.00034104424603466517,0.02059894851292203,-0.025971196129797307,0.0015130567909332918,0.00803593741755567,-0.04952961996475013,-0.035831274836574244,-1.7362828831181023e-05,-0.007667184015406501,-0.0007338711858832364,0.0009449010917646058
VSTM2A,-0.14062191692062426,-0.05670193839835066,0.028393389100865904,0.019548129430806013,-9.239531156433045e-05,0.04374044641791177,0.003747662076291521,0.038052319253588054,0.005389505220204388,0.00016818957516178543,0.04770263646516154,0.1296863505097328,-0.09372775078213828,-0.031102305165406286,-0.08615305285012054,-0.022258841561269314,-0.024083594905193854,0.03487883965809066
ENSG00000280341,-0.05607507771688395,0.013924145866183594,-0.019992769996572207,-0.029911210164395963,6.254036277847442e-07,0.023455143567873725,-0.0008440429927426316,-0.02692831841579294,0.00021963501627243555,-0.0006897817725477611,-0.000291275941765464,-0.007777466551236865,-0.05011059462701152,0.06771133522152162,-0.08839490012427675,0.029698371718676297,0.04735623801808325,-0.017144757284818967
ADAMTS9-AS1,-0.036803360471249096,0.11846671473546456,0.029459827127061168,-0.0612327566928025,0.07007164964891083,-0.08817427372423875,-0.08797008449443085,0.2419745739606203,-0.025402328759434874,-0.06167451930671416,0.08380119010676479,-0.07416812581100804,2.0586656128151413e-05,0.030459657521060786,0.03676277376935868,-0.0039581907854466716,0.0011424114608836065,0.03137133822774994
ENSG00000280078,0.030766708978442903,0.026928125862830013,-0.05498675224100722,-0.0490896716940796,-0.0001328109051607875,0.023042390325780204,0.030814573926864652,-0.05216393546711553,-0.03350988602326136,0.00011425625253962509,-0.014454242269266386,0.014303543228540702,-0.03296361479147981,0.03030990375039625,-0.0429603888831474,-0.02670201737648567,0.052953510120438176,-0.0007590236884084222
NLGN1,-0.20732834199117478,-0.02269004540698156,0.02670770541718526,0.09235759728036003,0.059368454003067755,-0.054327316823152075,-0.07864712612993031,0.16038097089003256,-0.011875498433433392,-0.009096552617393379,0.0292670225345802,-0.0059701437318859995,0.0036298165108758444,-0.00020572261506775642,0.05410722246996179,-0.001659655409921632,-0.02616565345770847,0.02159551193849197
C6,-0.0003562638731611211,0.1709421758312644,-0.0776487716158261,0.06655583245485117,0.03187096556545937,0.08925715734065723,0.032616036539701486,0.08186000743658056,0.07184476539037768,-0.026473359361922154,0.05319948143694588,-0.038878505278457105,-0.002803265805133488,0.03573784766356914,0.0006536560698045559,0.08372692072371683,-0.02716836378725215,-0.002073161891075598
ENSG00000260714,0.0464479907839801,0.021825169316570355,-0.05455062113720383,-0.02150964186732629,-0.027392796906654696,0.006659783128653291,-6.188620753743388e-05,-0.05057407885744328,-0.00997849926801827,0.04517801798833937,-0.006183150757685797,0.021397924208165817,-0.020338869417067435,0.01818876877283796,-0.07880576701112338,-0.03038642585710275,0.03812112696003155,-0.014689694240150604
ROS1,0.0176987683634779,-1.6597757835424182e-05,-0.026982295027395062,-0.025846782621327054,0.09473840964166759,-0.00032375655245696887,0.07889047650027453,0.0006929863883262022,-0.034081742815801154,0.17336767132074013,0.1401514801357143,-0.006150305334722891,-0.05064908631840693,-0.07397466354583633,-0.0005022327173237679,0.016007412106949767,0.005312100563660414,0.055416820272506224
DUSP26,-0.2048935026181095,-0.12519352767506797,0.1132840698712097,0.10538411610394076,0.016672099756613743,0.020848195497718967,0.005304641959762799,0.01715958933810222,-0.06767779253226126,-0.07384656576132961,0.11122150264144262,0.06528608251912331,-0.02872880953364275,0.012962272595779393,-0.03420459066644947,0.016705133505276623,-0.013508358182433327,-0.0069459639502080965
CYP4A22,-0.064730672929093,0.1080906234146675,-0.10882799856288204,0.0297180112920023,0.00013445263904168114,0.08484304309300496,-0.02196063674155594,-0.0008254334754505013,-0.02517328138399986,-0.029643461053513495,-0.04425500354586953,-0.02074266096553975,-0.030032901471555018,-0.032440954231178445,-0.002884286527378334,-0.05739603936922745,-0.002909679233359995,0.0013788626572282994
C8B,-0.05837819163006936,0.1274222976349328,-0.09829290831378493,0.06347313915660802,-0.04593861020278158,0.13081135919398199,0.021463200650693095,0.00013719312004229026,-0.030684379046215193,0.0003828393867996284,-0.03813716888882885,-0.0002918038380600927,-0.0015504330021615124,-0.0004844703560610427,-0.004981388700169046,-0.01965015206908182,-0.000586128407431029,0.025220891733390736
LONRF2,-0.15210185517749716,-0.06926023322399476,0.1692526289440201,-0.08391199004014044,-0.007261668732996041,0.036658142737084405,0.13730639696824218,0.027467584347073255,0.04177883207470503,-0.09404489297745952,0.06323505532793744,0.03938000158908318,-0.07060308011412735,-0.00010813572386260261,-0.00026758351411500334,0.032542377740108534,-0.03729435625214238,-0.028415148440527456
ENSG00000225329,0.05091721647411921,0.1475752913271974,0.020073578107261514,0.08052930431390058,0.05389319300562593,-0.10199946673585573,-0.025292583262580125,0.07509189403542577,-0.00022423801369755213,0.05579920479663092,0.09984322526574775,0.02074057375494225,0.02811370752773537,-0.08095423184829845,0.03405127516231879,0.00537221591137859,-0.0017525581729786741,0.0006946703497087159
TCEAL5,-0.2193199517700561,-0.08626488553310438,0.0522639153639981,0.08815555592786475,-0.0004917462682474455,0.021233482731728627,3.174016780989538e-05,0.01622983043177733,2.7321649557996046e-05,-0.049422325344955685,0.05153955734635928,0.06960996595013853,0.039768338623363146,0.0003488578394904311,0.00033318081734578787,0.0005255665106227665,0.057157214858200404,0.030983716996431935
CDH10,-0.17203952625662333,-0.07459590261085502,0.020189004073462646,0.07836137633851657,-0.05033854480661808,0.0037863803956925675,0.00010581307177359375,0.035095102270590754,-0.03940109860200948,-3.870189792328247e-05,-0.09980697600358925,0.05795854643431021,-0.02787168795042525,0.03561505480352774,-0.05603798086804604,-0.035083184573755276,0.016104789770508922,0.02005781341996652
