,Factor1,Factor2,Factor3,Factor4,Factor5,Factor6,Factor7,Factor8,Factor9,Factor10,Factor11,Factor12,Factor13,Factor14,Factor15,Factor16,Factor17,Factor18
TP53,0.28207687271715676,4.278200320513155e-07,0.04532407233557676,-0.056225050740193065,0.00024028032711574424,-0.11054446663630958,0.03523958406592445,0.13203976599258865,-2.2026682359453615e-05,0.09227536735530718,2.602908235039791e-05,-0.10181313499274966,-0.05246647380108554,-0.03752006126155282,-1.126954728621874e-05,-0.012588204249952164,0.06327100496840794,0.0003909217846835921
TTN,0.1591315265111503,1.4846695250042174e-06,3.518771818082936e-06,2.4262542383229328e-06,-0.03217030916031851,-0.05182165102493981,0.027168565098296512,0.09051555667446697,6.188178329518319e-05,0.06654104128151037,1.1275767259928024e-05,-0.07331535102798996,-0.024096243300458967,-0.1556462653182224,-1.7484815738809175e-06,0.043835148745846056,-0.00025408315468572777,-7.877880305982967e-09
MUC16,0.08431370397024401,1.7203846971100987e-08,3.992705494748791e-06,5.870005973047584e-07,-4.614381481639901e-05,-0.00012392671740610884,0.026594706930453207,0.04376108561407541,2.3727741492476035e-06,0.027400561969021565,3.859856396034649e-05,-0.04137828879679014,-0.03701994425603194,-0.11338006256458592,-2.4989214664929046e-06,0.01966949899806143,-6.735580344161571e-05,-2.1647087156447286e-07
PIK3CA,0.042017571675009274,2.7077820730556984e-05,-8.522871550822561e-06,-0.014831919864631699,0.012037705705210814,0.00011948297515018486,0.04253880760661606,0.0299736160674437,-6.4091974640987425e-06,-5.915544535231426e-07,-2.7281585038328057e-06,-0.030685557855416892,-0.013207040069607944,0.02303816493866744,-0.13656086939102385,0.038148229646265984,-0.06934323859614436,-1.226499067089513e-07
CSMD3,0.09729190481087509,1.67335828748539e-05,9.582771517274717e-05,-4.439785165472543e-06,-1.4303248524397742e-06,-0.025086954215678515,0.0005291512480518639,0.01833488050308131,0.0014614941541376805,0.0005547919039031611,2.6436299422853854e-05,-0.028347034109105083,-0.018958383373441322,-0.10542611830671789,1.407579487662059e-07,0.009226042431469201,1.6816558233897547e-06,-5.899974123314167e-07
RYR2,0.06778615053813318,1.3024301072932607e-07,2.088280027904679e-05,-1.1950164548085682e-05,2.6848403569132527e-06,-0.01749285851733506,0.0022987697669315348,0.019080966967511236,4.610712976309344e-05,0.013876323330143223,1.4018679894435678e-05,-0.023462584723772776,-0.0270859258770475,-0.09992372336439334,-4.961132399496023e-08,0.015584145991244903,-0.00019780211597299153,5.072748266823044e-09
LRP1B,0.07091697499330112,6.40032511227073e-06,2.0691675763002605e-05,-1.1468357874312472e-06,-1.5537419848207535e-05,-0.0003926539487926001,0.0049260402509503825,0.02802476884723387,5.5130799738472436e-05,0.0006213807481352216,4.218677103525098e-06,-0.025509895984782333,-0.028226718634384706,-0.10553158671886376,-3.2397608186085665e-08,0.015923676260627167,-1.376945568986767e-05,-7.070700524246893e-07
SYNE1,0.06273419245466383,2.2388691336510787e-06,-2.6292130663359277e-07,-1.6911012761603095e-05,-0.0011118304708319258,-3.5152644721751184e-05,0.022135803988741393,0.04606353641603522,-3.6202423850815293e-07,0.034429306644878435,-1.1915958430602844e-05,-0.0266448523614527,-0.02701057377653292,-0.06870006382005163,-9.408975741977779e-07,0.024275909986864273,-0.0005069986149307025,-1.5232799733973176e-07
FLG,0.05294458900562862,5.119688804125245e-08,0.00012349677327829064,2.1045817732722906e-06,1.1599314469198345e-05,-0.004208527586424942,0.0005633422147424069,0.03116264197837681,3.113972418429987e-06,0.00011747023222961206,-6.148254500324436e-06,-0.029516360683254958,-0.026979601399632548,-0.06814682198864304,-1.1706183057469684e-06,0.01484677952594195,-7.674927537686371e-06,-8.036837145278528e-07
USH2A,0.06472000550922419,3.2431599760467746e-07,1.4802222815220682e-05,-4.4963033663287015e-06,2.8637047143202503e-07,-9.170855212996279e-05,0.0006461612830814122,0.012480167834878085,0.0022228555166856324,9.174384844402999e-05,1.1130128354841074e-05,-0.025246084709305734,-0.01711665510624893,-0.08496576627522143,1.0107077420018694e-06,0.013821153581749233,-8.769344917057635e-06,-2.548353818447295e-07
KMT2D,0.04952244184131187,8.529122597107456e-06,-1.127612039675512e-06,-6.731044494933292e-05,-1.4901828939494039e-05,3.771474316993835e-07,-0.0014374811533273157,0.033768781044576986,-1.2200328298970784e-07,0.001141736344214206,4.8717880783289815e-06,-0.019875581673077687,-0.016736825002632842,-0.05810809134074963,-6.92707177555687e-07,0.017644831827784545,-0.0002202672305607543,-1.193452236976516e-06
ZFHX4,0.05705030277348739,1.527891202878353e-06,6.550672808515528e-05,-5.210511497628212e-06,-2.2987972583573047e-06,-0.0021591204219792476,0.009793738618717344,0.00619974046898898,7.732754001360859e-05,0.002316157003428923,1.3522513248856295e-06,-0.025646520910453094,-0.028947642646640456,-0.08892005244633061,7.512197646708922e-08,0.015659799021708425,-4.0674949924451955e-05,-4.1417316708734774e-07
PCLO,0.04235455025204807,7.598703525548818e-07,2.3273418465019163e-06,1.2466814473804578e-06,-0.0035053673459974066,-4.781935334217391e-05,0.00011247931445831403,0.028031186003414317,5.64382475375785e-06,1.1492959134749121e-05,2.169189240272562e-05,-0.027496438563950225,-0.027751900344239105,-0.06447973946044387,-1.374419822957834e-06,0.009982539396403367,-0.0006642244464122671,-1.4530033930464874e-07
SPTA1,0.042551068304299465,2.5923526465364443e-07,2.6346578190831975e-05,2.7963469024020204e-06,3.533345972633529e-06,-1.5970684598350527e-05,0.023230902975321727,0.012152741395699164,7.729751115289056e-06,5.170622826191113e-05,2.6821396545489796e-06,-0.019149136195453817,-0.02260341590457458,-0.06316375486405824,1.88295312089866e-07,0.007597241348078481,-1.1187415233169637e-05,-6.558527148638232e-07
KMT2C,0.03604300138926763,4.786803554537711e-07,5.038678099203742e-07,-2.2845893120451146e-06,-2.0816157431544016e-06,1.4546564677786925e-05,0.00028404660270845187,0.015207384437909734,-2.3337657716079466e-07,-5.589919033920777e-07,-8.153577361619295e-07,-0.020855023284565375,-0.010854361879242757,-0.0431391101581415,-1.0881699891710562e-05,0.0248403980204984,-0.0002118043826403294,-4.6173163852017824e-08
OBSCN,0.02526274657726223,1.2424430863432684e-07,6.8755937807183e-06,3.4530356740357247e-06,-8.64907650419576e-05,-7.503729814144916e-07,0.0024944654279981044,0.03079029560442116,-1.0359284258091464e-06,5.187509654756208e-05,2.0818254225397175e-07,-0.026231546126135083,-0.028118128804093312,-0.06536330517509949,-3.1650892785767485e-05,0.012204024368494337,-0.00018328195864659397,2.0169038101213385e-08
HMCN1,0.0243487967513742,2.9416472443097045e-08,1.8595642122041226e-05,2.434143699026283e-06,-6.961923243651666e-06,-1.756924814383761e-05,0.0021236867639641104,0.024022453132932532,9.871147754991973e-07,1.1217874609098586e-05,-2.171636449957505e-06,-0.023127404079180524,-0.020729296270326613,-0.05419041586986451,-2.887799813447963e-06,0.01633178522725807,-3.4021943064122784e-05,-2.7947688263155845e-08
DNAH5,0.03745402664400336,1.5621136402168374e-06,9.52643671635533e-07,-2.4492181507792667e-06,-2.290550244489899e-05,-2.568918043030371e-05,7.285753189325386e-05,0.032702300426387707,4.5997480032953314e-07,0.00026786316564543966,1.9040802140473563e-07,-0.021900267468369837,-0.023323874592562733,-0.062125240308495415,-6.888697385111258e-06,0.010696252837813768,-9.010051994971037e-05,3.1603932354904715e-08
CSMD1,0.0288660651275379,4.1950953785491155e-05,1.7985161639191796e-05,1.402701944520671e-06,-3.788545731119813e-05,-5.0669706474095525e-05,0.002097209415564671,0.01875409131072447,9.71923730039266e-07,2.7802724749242677e-06,-8.571980593827327e-07,-0.020063074934023182,-0.025546092793568495,-0.07003861610873743,-1.665473775409477e-06,0.015540552591684005,-8.54288131990949e-06,-6.70923065870103e-08
FAT3,0.03812763053597941,2.8475232083263497e-08,6.1108965085201645e-06,7.119569330838923e-07,-4.328367685194773e-05,-0.00013849001425613334,0.004655867449673287,0.015288868592200132,3.805565086019159e-07,0.00029289640617169096,-6.026563641140315e-07,-0.017661387401368613,-0.032770279662772156,-0.06135205202546747,-5.309897578455642e-08,0.017188612437808434,-6.390471556798869e-06,-8.747218431259593e-07
XIRP2,0.04605069861032339,-2.5272957774398493e-08,1.1848670916521906e-06,1.1496920489409972e-06,-3.1545256036119663e-06,-3.436079820521874e-05,7.898774074901586e-05,0.015624533102506956,1.1461231316531987e-05,6.282361140295901e-05,5.116667907601051e-06,-0.01941114645142491,-0.021002033547757572,-0.06572688502463414,-2.5692177917710707e-07,0.016085813723128693,-3.351339088594028e-06,-4.908699169590422e-06
KRAS,-0.00249784887266029,1.4376343552514512e-08,0.03726788304782682,1.1574641329180036e-05,-0.0069116260303554965,-0.005484207568121914,0.07561212177470726,0.04312544208209861,-2.0462232534514412e-07,2.8957287257415684e-06,-0.05326892926993377,0.023878134252690985,-0.014739173109793719,-0.04007180061282514,-0.00033550733470312744,-0.018596115046416006,3.209694827413723e-06,-2.146219725041366e-07
FAT4,0.02740931216658369,1.073584893463935e-06,7.529629632133056e-06,-8.079986416045543e-07,-0.0008704442360107555,-4.82204935217719e-06,0.008578796745010863,0.032407598855702865,6.635188630000952e-07,8.235067067642992e-05,-1.0971349267732299e-05,-0.024203830543553045,-0.03620801804565529,-0.0643376708346367,-1.2137979166918493e-06,0.015015062955279901,-0.00044295939697428167,-3.6861949195681703e-07
RYR3,0.03891635016333343,4.044237011291145e-07,1.5213555146127878e-06,-2.132082477235208e-07,-1.2200051902407897e-05,-2.3045258501332895e-05,0.0018965932650208944,0.015573308567515187,1.6446912242456536e-06,0.00011948365528380028,3.030576954505359e-06,-0.020509069584615413,-0.023817212116131407,-0.05997705618012042,-1.2642014390562376e-06,0.011998617615520072,-2.3673113520101612e-05,-6.350017517335862e-07
MUC17,0.03850542860952668,1.1560037510794417e-07,1.2468482610789106e-06,-4.838767260220851e-06,2.419846394900894e-07,-1.714777471588685e-05,0.00010659864375529972,0.009486889005100816,9.920344823607595e-07,5.468400809838767e-05,2.5862569831976963e-06,-0.021389245031350822,-0.018301024211719953,-0.05771037816329829,-8.242183432811756e-09,0.009517085259708681,-1.000128282348873e-05,-7.476463868143045e-08
ARID1A,0.015562008088216393,4.738017529856794e-06,2.2235882883523713e-06,2.1728212999762745e-05,-0.00022929888189637855,-3.0661360152514757e-06,0.007458981691940204,0.030267243604725658,-1.1592462814117932e-06,3.4201781685074633e-06,-1.9109367805996027e-05,-0.019338431033939833,-0.024153946517807737,-0.03831076558628836,-1.0227807858977602e-05,0.01796448629957131,-0.00016398131657487035,-3.475404398783681e-07
RYR1,0.029106713939403922,-2.5478895315881257e-09,5.279581043251677e-06,1.181969749968758e-06,-9.69029214653609e-06,-2.3565739970882206e-06,0.0011311815958068275,0.017726974348256885,9.478838309054462e-07,1.0687963165943541e-05,-8.922820431938331e-07,-0.020439607690018582,-0.02726994089897849,-0.06264649488167973,-7.032719702803851e-07,0.00952127433985133,-1.4962119899029685e-05,-2.797399780367066e-07
PCDH15,0.03793698957280093,5.198589855701398e-07,2.1408606203534275e-05,-4.437171282504323e-06,-6.999860872130912e-05,-6.95527224544678e-06,0.0009453875187511771,0.016723867851225482,3.8287108059377955e-06,1.6320682368014296e-05,2.5366186175001993e-06,-0.01719406508477229,-0.01662180642766624,-0.06277324343427514,-4.146931072044773e-07,0.00870244077228074,-1.0270033554574292e-05,-2.0386652657191475e-07
APC,0.016388768414056534,-7.514522786547968e-08,0.0012551233746052942,3.4913693927036786e-05,-0.06775161817218896,2.201590563396647e-06,0.06505379049667676,0.04972655095986455,-3.231036632256965e-05,0.0312629014227852,-0.057154131474705425,-0.01643863557880336,-0.05454492237733966,-0.030174015215793507,-1.4955261363435477e-06,0.005302178359654074,-0.003548925756186693,-2.6918229356277026e-07
APOB,0.03502178317745294,-1.4630797362155697e-08,1.498618602127784e-06,2.741664701843081e-06,-1.4862219375730457e-06,-5.597856713855641e-05,0.00014393827382182153,0.01575865674925174,1.1425801997275222e-06,4.519860251500236e-06,1.909879860220131e-05,-0.02100057111288808,-0.024385535173892733,-0.05180506182970512,-4.5281349891828234e-08,0.011137515256473668,-4.815627025188355e-06,-3.4580265436658906e-07
DMD,0.03878212211649868,4.151680773771445e-07,2.5242399280956625e-06,-4.297713838530347e-07,-1.9930647747294944e-06,-2.4876889992018377e-06,0.0004163769209024064,0.01877357620789462,2.2194294009507058e-06,1.5172812635908321e-05,6.444337389439774e-07,-0.017318429305889973,-0.01679478521026905,-0.0456229317189994,-4.125641558930674e-06,0.009873453902315674,-2.1777260919451137e-05,-2.020755979759449e-07
GPR98,0.030838965659027336,3.573591452443137e-07,5.352451698221223e-07,-5.137605531793449e-07,-0.00012050681392326994,-1.2834706411225724e-06,0.00014132808601139348,0.023900334674202963,8.41698358572822e-07,5.1528501943964907e-05,3.2785454553196044e-06,-0.02056009483348612,-0.020481982734856664,-0.04377622012505878,-1.268544550961674e-06,0.012362258136542563,-3.7916177131986895e-05,-3.752363414601671e-07
NEB,0.02647446297066306,1.2447955996586296e-07,2.3284314008011805e-06,-1.1848572447049208e-07,-3.904612491556121e-06,-3.4335305762062193e-06,0.0002557900688592089,0.020219666925778024,5.314088566236195e-07,1.8648925583963222e-05,-1.7586430079580536e-06,-0.02262989113201809,-0.016276749072932445,-0.05292780223674227,-8.517733053418551e-06,0.015764087448243223,-0.0001344603688196957,-1.431550901168171e-07
FAT1,0.040467972978989325,5.643667675970347e-07,2.1750169183063018e-07,-0.00039359880809248816,-1.26923141706799e-05,1.2614659123901418e-06,-0.0026855173230957738,0.03136565483465985,1.0793573461038563e-06,9.408744941153095e-05,-2.878036151989118e-07,-0.01873699787311503,-0.003501442379087701,-0.04302036852491143,-1.0179611914306707e-06,0.01130229812178197,-6.187750931315128e-05,-3.1669806637244594e-07
ABCA13,0.030993991571449536,-1.6650052558282523e-08,2.9839002503977223e-05,1.9913696253472036e-05,-2.2812524906356016e-06,-5.3694641888505195e-06,0.0001653754086431897,0.016374973083615213,8.136441557755596e-07,2.8759225809898883e-05,4.186978737853963e-06,-0.021740478328485274,-0.02063294316238996,-0.05271061849084844,-1.5345451440125973e-07,0.009201364969660081,-1.021871467773182e-05,-1.8730404974019492e-07
LRP2,0.03295361938008557,5.042549532956324e-08,1.0796082101608767e-06,-5.981672483994465e-07,-7.674468620839997e-06,-1.7199249868158732e-05,5.0988681527060515e-05,0.014777025343743951,2.1224866885001048e-06,6.519363286632178e-05,-1.0873577980395136e-06,-0.026389275833987126,-0.015707019772904795,-0.04551981363552808,-8.41176166197388e-07,0.01299673316018221,-1.2893707827745964e-05,-1.3865648691325526e-07
DNAH9,0.03169952056438496,3.3022020838858447e-08,2.384432363173549e-07,6.637376127165249e-07,-5.16791121406868e-06,-3.567848878720899e-05,0.0007109348754837596,0.008020950881149718,5.804756213233945e-06,9.698171396842614e-06,-3.9537818045658607e-07,-0.02022304504603304,-0.02285863275497412,-0.05601711596917346,7.470737295037201e-08,0.010024025694166393,-1.4175240485783957e-05,-7.723351659825695e-07
PKHD1L1,0.04310905724106311,2.865344379422683e-07,1.0927861393789788e-06,-1.3050263323782854e-06,-1.7496480296890535e-06,-3.8611205529800385e-06,-4.719302567626017e-05,0.012409317555423544,9.96880794885566e-07,1.26540759537235e-05,1.8813825917093337e-05,-0.026068793497419647,-0.015225513412691651,-0.05142637012708886,-1.0083571053364488e-06,0.011651833860224593,4.529707120016929e-07,-3.442831382697504e-07
AHNAK2,0.024243266159503077,1.646723597883815e-07,3.5959868543570455e-06,-7.236212177777089e-08,-1.3128268230094454e-05,-1.1138457107609392e-05,0.0002822319000658947,0.016163668263130378,2.2551671929184196e-06,2.4630519405101912e-05,6.915154022078999e-07,-0.01973073577109092,-0.02191919684167335,-0.05415475668778469,-2.1648301408391925e-06,0.008373728044271077,-0.00023152494501632492,-2.333059307712739e-07
BRAF,-0.020011142534502115,5.353479553322234e-08,-2.2761511448274294e-06,-0.00018250886654254086,-2.3114791055593684e-06,0.002473876560243267,-0.0003837632780594086,-0.032494349364903495,1.2848453919553584e-05,-2.9856363511686725e-05,-0.08278876340820333,0.09738847431930281,-0.041778947608538494,-0.009846335641102398,5.071432384390744e-06,-0.04029661693994945,0.047091007248287346,4.015297573636833e-08
NAV3,0.04017195887965019,1.2596362070312655e-07,1.0257807820085152e-06,-4.5172403009810605e-06,-4.373138542223756e-06,-3.285758603363698e-05,0.00018813055533759506,0.007207255346669019,1.9566887345559226e-05,1.1930725044189578e-05,2.0406326104891847e-06,-0.017316773797533373,-0.016669884029462276,-0.058870425250498265,-2.1967612867874413e-07,0.005410956292299268,-2.8393079554690502e-06,-4.4005579687502234e-07
IDH1,-0.0594211026020401,1.248569895329053e-07,-4.490613686656565e-06,-0.04891613422142212,0.007108426333859208,-0.02934029901510252,0.034704251378733064,0.056213681044008264,-0.039205273694629776,0.0001563196136458546,0.06890676147278672,-0.10290198624041837,-0.0065760066334778905,0.03107566329054614,0.0003011142511996102,-0.038558373337322246,0.00043516978884387483,2.0649939305416826e-06
ATRX,-0.019637281746359963,1.6747638366118793e-07,1.0454416049432438e-08,-0.010590377617665916,0.00012335642976311477,-0.00010901896251665319,0.0004478892551771705,0.034158382097204835,-3.2335064936278314e-05,0.00010627769039352504,0.001805996580236238,-0.0711272074872143,-0.022958974111643743,-0.013577794732586622,4.784271772062607e-06,-0.011852008721508146,3.960696970593912e-06,1.639719920829669e-08
SYNE2,0.025697749382828955,6.540327322827659e-07,4.1634488265830025e-07,-1.4048866142222702e-06,-3.1319539965197754e-05,3.6430711266291845e-06,0.00035567320849757216,0.02131290329501715,6.01395119997602e-07,9.065258604221352e-05,-3.2475243463302677e-07,-0.018550428131030316,-0.014118531421767052,-0.04946776722225347,-3.2602749693724066e-06,0.013911474786327958,-9.303404521530145e-05,-7.113922446455979e-07
CUBN,0.03403677201681041,2.0184353566220459e-07,1.0790035054124084e-07,1.7055024732553076e-06,-3.7536232583442196e-06,-1.7434911918412134e-05,5.426712870468035e-05,0.017179135553942147,5.944225708010304e-07,5.125908875228702e-05,-8.35397062817131e-08,-0.017860016206456827,-0.013858192013732196,-0.04413085076749111,-5.262438750681954e-07,0.013061904867098588,-1.176487351696615e-05,-9.816546167270327e-07
DNAH8,0.03209156789699637,3.569377771455286e-07,-1.5404915018767772e-07,-1.7627737243897659e-06,-2.3562320122049283e-05,-1.5510744241501905e-05,6.284270281225791e-05,0.01734933911050568,3.513177384478422e-07,1.3883351041760841e-05,1.4311490832416282e-06,-0.015253281014371955,-0.013482512469842505,-0.043937434379684254,-7.724289919088298e-08,0.011727723190447403,-4.699876173174425e-05,-6.436660715076006e-07
COL11A1,0.035912874055265526,4.630682287648197e-08,4.244947195440089e-06,-1.3109790530017258e-06,-3.915507939291173e-06,-3.988432333736286e-05,1.347037030544101e-05,0.010342565308984458,1.1646110878524488e-06,3.6612043155525514e-05,9.526760404850243e-06,-0.01184459931034918,-0.010376662510464384,-0.059827549880265035,-1.9049588707744822e-07,0.007034347797388169,-1.3617798414837357e-05,1.8557804468864315e-09
MUC5B,0.023723317789946952,3.317541288063136e-07,1.4622473607830923e-06,-1.8919397124466188e-06,-4.016111429947747e-05,-8.929222361062343e-07,0.0003098395741155568,0.02165480610708827,-5.832039207732415e-08,9.39913556869363e-05,8.884399884773937e-07,-0.01786236717975731,-0.021146120337679285,-0.04979054095652903,-6.519567407972941e-06,0.009342334519103983,-3.903577468044401e-05,-2.407791547065963e-07
DNAH11,0.027548173216758027,2.2012237651248314e-08,4.3181127077021715e-06,-2.934871470628595e-06,-8.053280417295371e-05,-8.975406730760447e-07,0.0008996083343760349,0.02902859461074457,1.6922436728148307e-07,2.8996935769406646e-05,-7.4615486160741355e-06,-0.022641444184649525,-0.02265539638965856,-0.045712106288675995,-2.5007828263656447e-06,0.014263834970900963,-2.319847359649812e-05,-1.1548638446694184e-07
PKHD1,0.031178344597781495,1.044643187164461e-08,3.5945600043757326e-07,-4.258772708112892e-07,-6.1851856843923895e-06,-1.541892661529967e-05,5.4473691411840716e-05,0.009569076857236613,7.220165107065516e-07,2.598527143393033e-05,1.719991988605215e-06,-0.019640221617673488,-0.010111760669149972,-0.04442615329511436,-1.2832727285283532e-07,0.0058968505871441436,-6.159283832204474e-08,-1.199545424033919e-07
RELN,0.032890726368682156,2.809777547483826e-07,8.631328792279518e-07,-2.870321554870259e-06,-2.026139007214185e-06,-4.076843843110819e-06,0.0002607409678838548,0.013670463004748307,1.4398731018267847e-06,4.05065457272527e-05,6.041323543428508e-06,-0.017893086372141872,-0.013552114939226858,-0.058036802781824506,-1.168578566737465e-06,0.005220397443052539,-1.0933043371178743e-05,-9.803707198650787e-08
PTEN,0.0013652870259383775,2.4198049517651676e-06,-2.1613928734175056e-06,-6.218657626323373e-06,4.9139412742826296e-06,-2.7602784494739972e-06,0.0001111850713345384,0.005401308970374889,-1.1611132076389367e-05,4.454717549539092e-06,7.036241305527132e-06,-0.0261365963205421,0.0015732682783715709,-0.020530213222542185,-8.342279664659046e-06,0.004844582355814861,-0.0002286177641377366,-1.4265717653131744e-07
ANK2,0.03248967280132158,1.0740181223045878e-07,5.648027648979515e-07,-9.833606011031948e-07,-2.0655534097855613e-06,-8.20013877549512e-06,0.00018863491433651432,0.007110184630882823,2.5622365101518555e-06,4.4332244556994295e-06,8.833750737669184e-07,-0.017003733934564818,-0.017803741428798592,-0.05566129633763162,-9.042727819569444e-07,0.00922634722547451,-5.642744387296405e-06,-3.477570446064715e-07
AHNAK,0.030808841275448348,3.8965314377760305e-07,2.153677775697682e-07,-2.646419863429041e-06,-5.397524131771083e-06,-3.176479599588187e-06,6.565788203257817e-06,0.012049971425618276,7.122617545744106e-07,0.000175912220912714,2.026993433409059e-06,-0.015383861112947515,-0.012995019523432507,-0.04028592629458717,-9.250471071391747e-07,0.011275976219411099,-1.589977715380978e-05,-1.818641352834456e-07
DNAH7,0.029973802039945388,1.3609129557447213e-07,6.119391395763896e-07,1.0426383189538388e-06,-5.249711338883395e-06,-2.273463747559559e-06,7.894424844313357e-05,0.01917742759018033,1.2547499270013675e-06,6.565032493650578e-06,4.648293449638577e-06,-0.01622894182488025,-0.016197442954858355,-0.04044091500475157,1.4560840833874082e-07,0.007588954622874366,-5.280966468557565e-06,-3.138245443863044e-07
DST,0.0206335587275261,-1.3915478101146783e-08,6.883343011454897e-07,-8.098413431759679e-07,-3.20087563058e-05,-2.7073825843366702e-06,0.0001754372794692074,0.015634032640564004,7.919726020644479e-07,6.99313389190248e-06,-4.240507068169553e-06,-0.019073969194796654,-0.019205429001804882,-0.04568358042730099,-1.452340871060676e-06,0.012346093179506076,-1.7891600906455547e-05,-2.1304308289027572e-07
FAM135B,0.045705369459084065,5.353202734680103e-07,7.584778787445003e-08,-2.6614082329468275e-05,-1.438792236181077e-06,-7.852052195258061e-06,2.747757972041917e-05,0.009670310266089053,5.436190534768692e-06,7.557251759377965e-05,4.812795433266457e-06,-0.009859228020651633,-0.0075419423377188245,-0.04471953736470493,1.0922465178664569e-06,0.006199104701724667,-1.1440718801689145e-05,-3.8764029982877486e-08
CSMD2,0.033478217529592645,1.0504914072023075e-07,2.354696770263331e-06,7.02292108449931e-07,-2.216156189990679e-06,5.323625602748111e-07,0.001968997203679032,0.011406496502624066,9.815484587515417e-07,1.230630154286442e-05,-2.1735887525946617e-06,-0.015682414413088413,-0.02090458137503058,-0.04250006106503178,-3.43089992096453e-07,0.0086784152005478,-1.1046353904636784e-05,-3.992327871947502e-07
HERC2,0.02422633779760128,7.720547144574e-08,7.923947950718174e-07,-5.117140232135211e-07,-2.4125185200001887e-05,-2.268477971107356e-06,3.99626533186236e-05,0.017189841113632164,3.101879806500292e-07,4.893683278547294e-06,2.025547982805656e-06,-0.021448477102552477,-0.014156853336800288,-0.0492061502216634,-1.1093966765916573e-06,0.01480579519464119,-6.3144435511569435e-06,-9.648860194836648e-08
PAPPA2,0.03915144260083238,1.8404541683794135e-07,4.746562266812999e-07,-1.3785221557502856e-05,-1.8057293741671033e-06,-3.0198818796993784e-05,5.784353764308277e-05,0.006891459808944951,4.491090849503583e-06,2.0260103247139312e-05,2.4986971506042554e-06,-0.010878659577585261,-0.01454414773014193,-0.05028840381767177,-4.2306062382900344e-07,0.002947207905847716,-7.527363422197864e-06,-1.6258580239575692e-07
CACNA1E,0.019099350842883632,3.320503948242139e-08,4.576338614897637e-06,2.4921115560734287e-06,-6.015751444042814e-06,-4.021625896133791e-07,0.0009031247394151686,0.013759654029779871,9.974153402537312e-07,2.1895659498765455e-06,8.936470698997781e-06,-0.013222556056756938,-0.02094464482803136,-0.05161186558918627,-6.493089938929765e-07,0.00919736235543415,-1.2423821124432683e-05,-3.740509738944064e-07
SI,0.040201234003803495,1.2456605981032975e-07,9.11269021029141e-08,-6.491669923849384e-06,-1.64764322297844e-07,-1.4943796629053794e-05,-3.2884833076953185e-05,0.009310009409183528,6.062617213626265e-06,5.579821764924868e-06,1.444301585638044e-05,-0.012046076366578215,-0.012760632665642984,-0.045450468087720915,6.579133210366002e-07,0.0048788619017576754,-1.1920841935022775e-05,-1.0613250456866199e-07
NF1,0.008028904003246693,8.439646936006707e-08,7.685289106996669e-07,-3.805510664500543e-06,3.0721951699667536e-06,-1.7823706235650346e-05,7.416331124459317e-05,0.010173726473304744,1.2913434786937219e-06,1.573102561123362e-05,5.536951048420365e-06,-0.023428138158621215,-0.01628208697863149,-0.0336463666020976,-9.307783446250622e-07,0.00015173600608028463,-4.253004067879157e-06,-1.9460092307776387e-07
ZNF536,0.027903484763341257,2.5257463658563924e-07,4.4512619609342957e-07,5.082676805748762e-07,1.7544118200029443e-06,-8.93035389095542e-06,0.0008862524386368938,0.011342714096994243,9.769245162533287e-06,8.933442376934066e-06,1.0711553974476386e-06,-0.013630305474905907,-0.018784719708102072,-0.05577388872841075,-5.101589581783106e-07,0.007894204602036084,-6.55726300466284e-07,-1.4631089682027283e-07
HYDIN,0.021736200803282726,5.4768713881313704e-08,4.895889501931289e-07,1.0687338935204777e-06,-1.0018983139470077e-05,-7.101811498811553e-06,0.0008831744681379635,0.01592235776802124,5.47313639780019e-08,7.805370905995991e-06,-1.7759028368207206e-06,-0.016828391321604838,-0.020138742977263882,-0.04019607953885998,-1.062133334780713e-06,0.006883815066588618,-3.525740043328976e-05,-4.822377744856431e-07
TENM1,0.02738080969124313,2.1132013928086722e-07,4.821676988666339e-07,-2.5558428204971124e-07,1.176216747355263e-07,-3.8720969914353905e-06,0.0003273335327936024,0.015542625778072985,3.0717359608080116e-06,1.7129638693107254e-05,-2.4331745697240644e-07,-0.018895300680605458,-0.017130401881194503,-0.046673657793883445,-1.6577818970469425e-06,0.00831416871636252,-6.893410310049281e-06,-1.113905819539793e-07
ATM,0.012295533452049097,-5.4999063207057533e-08,1.3726571355538592e-05,1.5529036836050089e-06,-8.776599342607687e-06,3.183924114966293e-06,0.0005179299267512392,0.012686173449321431,-5.528633571842922e-07,2.0834440046342915e-05,-6.02592733294797e-06,-0.015340188222667335,-0.011567984747095784,-0.04193548447751998,-1.0704362947010073e-06,0.009305585820451582,-3.630206143300677e-05,-1.491129474679231e-07
HUWE1,0.01889863357433205,6.181333275870517e-07,3.7821307512064304e-07,-4.956059095430832e-06,-2.230282186348085e-06,4.805426967533207e-06,1.5403497836580457e-05,0.018267866467091536,1.3030698519868773e-06,2.1112069604820325e-06,2.1927535393753672e-07,-0.012262536188888451,-0.009828856432240837,-0.03487293549071325,-8.790693929069687e-07,0.012051409199283552,-3.126495002507967e-05,-7.242905353965508e-08
PLEC,0.021322380435636657,3.305889481871509e-06,1.1871452994450772e-06,-5.664192481670795e-06,-3.187120317111095e-05,4.3804438309944806e-07,0.00011193854139016478,0.02265256061680126,4.943530302337943e-07,8.162955831855924e-06,-4.156213234550462e-06,-0.01377980476799445,-0.018290625344469975,-0.04282349243864019,-8.754966278013305e-07,0.008342778092584668,-0.00011880013682324471,-1.225486538119465e-07
LAMA1,0.02083400101626025,5.422886616559456e-08,3.4686934610394216e-06,8.848990676321746e-07,-2.3455624758818964e-05,-1.5483062161580808e-05,0.0002725533872944252,0.01657198604493845,-2.670654761756956e-08,4.587942678729221e-06,-1.2797481575098241e-06,-0.017343869752936884,-0.025621184260349032,-0.03843605221374014,-2.643381948264497e-06,0.01282232335441558,-6.963879434036193e-06,-8.573747495390781e-08
COL6A3,0.020240762905258003,7.949090104810028e-08,2.4012109674901976e-07,-1.9621099602478426e-07,-5.397405005211971e-05,-6.052950207837239e-06,0.0003765925169454557,0.01471052004184648,-8.642335053064248e-08,1.37320219143566e-07,-3.3853119501703843e-07,-0.01866721821899135,-0.017998991294698556,-0.039244831644521035,-2.085869440678033e-06,0.008950135653275597,-9.231416446438218e-06,-1.0865622067740419e-07
DNAH3,0.020902433327649104,6.234420096782807e-08,2.6481933553179876e-07,-2.339589166390236e-06,-2.3929061272475785e-05,-2.566591481430566e-06,0.0006798338596152724,0.014178351954128357,3.5392085556632185e-07,1.366400897433987e-05,-5.298847390912732e-07,-0.018703613882325193,-0.015966135840606924,-0.04220110741380299,-6.903337645258777e-07,0.011896023657771307,-1.4817697960485898e-05,-2.902349494215433e-07
SACS,0.015903753640309347,2.1626245402779927e-06,2.7268286413388516e-06,-3.106250065078568e-08,-3.762793619830205e-05,-2.3948148787655394e-06,0.00043246600956362024,0.021120088196214654,2.4881691517768458e-08,3.0463538725825946e-05,-8.751265920905772e-06,-0.015114005984499615,-0.022227880392865208,-0.04152616870468806,-3.616748676862655e-07,0.014579216648248225,-1.786858282625001e-05,-1.9953532483771294e-07
MACF1,0.02171543335262178,1.6587602612269954e-07,1.6448203422634912e-06,-1.12828751369739e-06,-4.171148502579949e-06,2.130766880013697e-06,7.81915333924675e-05,0.010680616609072185,7.77874941941534e-08,7.97579785586458e-06,-9.679321578388834e-07,-0.02070664843003922,-0.012916574070758904,-0.04010225147999899,-6.686656924354091e-07,0.011826240092715342,-1.030301473749664e-05,-6.801626097548485e-07
FMN2,0.030258949299261047,1.4729050758125386e-07,4.199059475557917e-07,-7.704774743214864e-07,-2.2615529300064644e-06,-2.8964942471350297e-05,6.823915778172588e-05,0.010826065633511038,2.1076021991577218e-06,4.55452794664622e-05,2.615806932274239e-06,-0.010925937589781413,-0.015757331015119263,-0.03630081150294593,-4.6133744571828333e-07,0.013217111077175155,-2.8169445789297637e-06,-2.2390533317574352e-07
FBN2,0.018467659236779385,6.362447164364875e-08,1.7158205270204598e-06,1.8208693311188976e-06,-3.7502860890221124e-06,-5.2865317289627216e-06,0.00011628350027604766,0.009739176813908863,2.024061639421534e-06,4.567552541010124e-06,2.497795673553596e-06,-0.017755985690057652,-0.01564921989958671,-0.04396247024537459,5.675314373144027e-07,0.00982219272460291,-5.542516616670488e-05,-1.995843554776728e-07
KIAA1109,0.018566846686441093,6.27554083465702e-08,6.711246114707569e-07,9.522190215825976e-07,-1.6252379734730222e-05,1.0170247051585691e-06,0.00031231654337516727,0.01255844004007999,9.061015729752468e-07,1.1635823712158259e-05,-1.5425059607248712e-06,-0.01635663286532116,-0.011631036450436281,-0.04125540751420886,-2.131895376105673e-06,0.009120855597360233,-2.2367214498966797e-05,-5.372586015708624e-07
BIRC6,0.021089897398836432,5.101308660577244e-08,1.3388517932743567e-06,1.0220669095085345e-06,-8.245107379977013e-06,3.41567180046239e-06,2.6374741961609626e-05,0.015346265092264826,4.6608198420415034e-07,6.230029779262312e-05,2.6461358870654903e-06,-0.013116415241146647,-0.009610230356114606,-0.03686729615399345,-6.725743147185149e-07,0.008719875594244619,-1.5845773258177346e-05,-5.812420182526849e-07
DCHS2,0.024308731618935927,8.627635272408024e-08,2.0427820890394856e-06,-8.369770499918259e-07,-1.4044776176981148e-05,-1.74918692175405e-06,0.00032515529670863107,0.01562414064408965,3.483296517087612e-07,2.94956054968394e-05,1.2928894069174833e-06,-0.017455368941581676,-0.019206976730827826,-0.04225210399875588,-1.2258100655799118e-06,0.007917873491609008,-4.122377064186735e-05,-6.552345184997392e-07
GPR112,0.02307259673002344,-1.2716584177014261e-08,6.558489045648962e-07,-1.1993305110889824e-06,-1.9773179175136274e-06,-5.888276144836687e-06,0.00017178730826545202,0.007767007145431643,6.339264968409533e-06,2.9628500170147e-06,3.4801253502430546e-06,-0.015453105927088533,-0.01620576243319356,-0.044859156835838465,-3.6109103433385704e-07,0.007342557933695903,-7.645426221403344e-06,-8.629566172836126e-08
CNTNAP5,0.028196567745991438,5.715477336258375e-08,9.782921940979751e-07,-4.3199067703163643e-07,-2.69300190907126e-07,-4.831771779007152e-05,0.00023668181566536205,0.008399748164196655,1.136624581355975e-06,1.6548386380217332e-06,2.1568892111598983e-07,-0.01592888553456865,-0.014171177873405816,-0.04614594713349959,-1.3390955170683436e-07,0.007547704090911517,-1.9319463383023635e-06,-2.8541251517259623e-07
LAMA2,0.026812058951149412,4.07897518884123e-08,5.285664914535705e-08,-1.7420935713844103e-06,-1.8887117447183535e-06,-3.1999697931173482e-06,0.0002417697119953147,0.014370390236548859,8.434146886541873e-06,5.296707585193923e-06,1.1376481626150632e-06,-0.020272836501637484,-0.01624772285259011,-0.04288967410113241,-6.053709041099075e-07,0.009132891500092824,-5.6242256967422045e-06,-2.3536505712297117e-07
PCDH11X,0.032916269097931335,-1.0956368883653798e-09,6.249012830956798e-07,-7.863738816028761e-06,-1.1709713174232132e-05,-1.0018630717730948e-05,0.00017453425835424648,0.00898563652365775,2.0900957901009565e-06,1.337058654660386e-05,9.745572770528812e-07,-0.009128599065147576,-0.014759109943074101,-0.03838865408666404,5.289819282505872e-07,0.004452848044380888,-9.8690209580562e-06,-2.084131464287439e-07
FCGBP,0.025490824664072886,-8.43671733345099e-09,8.649270799517424e-07,5.395632096307322e-07,-1.0550078532724036e-05,-1.7750222660623837e-05,0.00041041855657285363,0.010960271417102012,-7.809974509851531e-08,7.915464556040877e-06,-1.8638058422956208e-07,-0.015022914916277972,-0.023604217914977185,-0.03889318611766394,-5.437812955938613e-07,0.007120439230687155,-3.6131710713810933e-05,-5.07629191531045e-07
VPS13B,0.02149669438261982,4.7464085026010013e-07,1.5965751367526137e-06,-1.5559564288234146e-06,-3.2319296116484836e-06,-4.243944613653003e-08,0.0001851906360774387,0.017024851697458904,2.4813443765688698e-06,1.0617032700260794e-05,-5.812840504126579e-07,-0.021020910980648483,-0.016981519659206183,-0.041156373012014955,-1.908541153766213e-06,0.009468929152628881,-1.562605046223623e-05,-4.956311346717163e-07
TG,0.01783667867426147,7.710531639215907e-08,2.3186208358331924e-06,3.013513775354454e-07,-6.791744171622325e-06,-1.534932978533928e-06,0.00022891599181103388,0.01158837743661466,7.53428985216519e-08,7.766357817314711e-07,-3.216039055008726e-06,-0.012209369598603954,-0.018080666445503116,-0.04360169799972414,-6.075174745770774e-07,0.008541194964748616,8.482418410082045e-07,-1.7719765103032923e-07
LRRK2,0.02480224801973329,8.449002598388702e-07,-3.7998403147394505e-10,-1.4303446005788343e-06,-9.236941051073128e-05,-2.351276996045971e-06,0.00033796269388251603,0.01945709771465494,1.0991292934815258e-06,2.595366811834434e-06,-1.9812744067955653e-07,-0.013803757757731839,-0.017600157081891797,-0.032824437559292374,-1.204700180952301e-06,0.01241749204461584,-4.4299201771273975e-06,-1.0250305584837186e-07
FAT2,0.017319509101692162,1.6721569115635524e-07,6.179067276732004e-07,-1.5255141604256846e-06,-5.324076699272261e-05,-1.728262001567948e-06,0.0003985540221807551,0.018774151685458085,-8.479279970731453e-07,4.893622961965936e-06,3.6676956256885126e-06,-0.012897918163227967,-0.014920492066544078,-0.035515047954586855,-2.7851028051626195e-06,0.007300690191480737,-2.3559694450482663e-05,1.31835778331498e-07
COL22A1,0.03155081346421064,7.668831709981779e-07,2.1778735763298975e-06,-2.8429377384103297e-06,-6.357945526602908e-06,-1.000454123405935e-05,4.7068456373601884e-05,0.008331373858523112,1.847718799600756e-06,1.0994301833258477e-05,3.3000211329350724e-06,-0.016332419751162557,-0.012333345301268433,-0.040246913546854904,-3.8470910796359695e-10,0.0053251185462792,-9.618605762010841e-06,-1.7174943065360957e-07
ANK3,0.014919754077754331,1.7042863631004923e-06,1.2687344692174336e-06,-6.520575282293467e-08,-7.130906814091774e-05,2.657418327160417e-06,0.0008819539816308317,0.01566647967638869,-4.3442817674025844e-08,5.079350499687782e-06,-2.443006543742388e-06,-0.021524970900008752,-0.018608942200631313,-0.04558045776014559,-3.509328154590285e-06,0.009362692900334136,-7.234098141709293e-05,-4.5181882324815307e-07
MDN1,0.01782094934412518,7.635756927961669e-08,1.3103030519086423e-07,-1.1627961975224681e-06,-9.294443412489703e-06,2.9550125320033367e-06,9.07244610066337e-05,0.022302165553395925,1.5937194541740634e-07,2.0911406565478444e-05,-8.016885525809355e-06,-0.019123697604876987,-0.017310281131249432,-0.04001440514856679,-3.792384455631332e-06,0.012787077304277169,-3.0158869983967657e-05,-6.474733447344819e-07
CDH10,0.03485591621060561,1.1188964383363463e-07,3.314919238390949e-07,-6.187223121743345e-06,2.857458521043017e-06,-9.65681126221606e-06,0.00020864241514296112,0.006978158398117434,2.5829948136069446e-05,8.386927061734819e-06,3.1902057504936706e-06,-0.013174017609939253,-0.011518956437564162,-0.05145769610414395,-5.428605590861e-07,0.004868605247612212,5.954316641750491e-07,-1.0680466928844636e-07
PEG3,0.02602377113113304,1.7413705124227333e-07,1.8956843928871658e-06,-1.5060237869580747e-06,-1.632891628748998e-06,-2.2255548437627867e-06,0.00029672665910798713,0.013691822187403894,1.7729092100622361e-06,9.054128346740357e-06,-1.4254394824886036e-06,-0.015794167484599955,-0.014036904070278338,-0.045459133921848034,-8.332232146549493e-07,0.006184893417104786,-7.388048932192512e-06,-2.2401119164693315e-07
PRKDC,0.01715624261796915,1.1361132768306588e-07,5.163012791876951e-06,2.1543588878900276e-06,-1.378283820930531e-05,1.2149875674141764e-06,0.00010098898836707298,0.014982695981069443,-3.0483837289441e-07,1.622455531803801e-05,9.126345784435369e-07,-0.01287172989026188,-0.016223363783156936,-0.035656170208604454,-4.832567143141601e-07,0.007415235807986985,-1.7007417423374734e-05,-1.5582578062312294e-07
ADAMTS12,0.03332791443080756,1.679869639059397e-08,3.176998380734065e-07,1.5752118132954602e-07,3.345592581117727e-06,-5.990530227304849e-06,9.614821618773034e-05,0.0064564157480572195,1.0931434755217728e-05,1.9516834299813758e-05,2.167164996821197e-06,-0.011497255395959142,-0.0073580295747768115,-0.0494579676418115,3.0511753868893476e-07,0.0006449126409731608,-1.365867718616218e-06,-5.59019399895574e-09
UNC13C,0.020143900156236353,1.287722349527797e-07,5.133664464858432e-07,-1.0499114636778583e-06,-1.7774764251139678e-05,-2.042573584775748e-05,0.0001239713422976524,0.017222808275334102,1.935278631877162e-07,4.470025419535354e-06,-8.287015820727119e-07,-0.013297044424571587,-0.018201949118453867,-0.04131167220686148,-1.4417275876391432e-06,0.008162089245687664,-0.0002116644654135127,-8.6761123903994e-08
RP1,0.021025063227853406,1.217905213848458e-07,1.7973672730157871e-06,-2.344362207853324e-06,-1.6370389050336334e-05,-6.863468649089089e-06,0.00015494093092039587,0.015561392587126712,1.12082547325454e-06,3.1299871294131703e-06,2.9271877640815614e-06,-0.012340259706469408,-0.011612378823965352,-0.030805001282647508,-2.475447429022441e-07,0.007379290508648267,-3.3186093602330656e-05,-5.648762679486011e-07
MXRA5,0.01766096925054992,7.94225331590717e-08,6.28792577325879e-07,1.942681805680339e-07,-1.3576609225034184e-06,1.0121261024812727e-06,0.0042416923646533536,0.006783122582187349,1.2119978544394335e-06,3.0898443024927267e-06,1.2009234299884334e-06,-0.015796570624290806,-0.01819932181484579,-0.04002371431467108,-3.043635445820357e-07,0.008100043129389438,-2.0045303082243e-05,-3.4752803196422625e-07
DNAH10,0.015535033641991316,1.0889063539643131e-09,8.908413025448197e-07,9.344088540141744e-07,-1.1757335658566218e-05,-8.500778961790936e-07,0.0001444518259841595,0.01746392904174916,6.032819959719273e-08,2.2721436621299057e-05,-4.903950627103735e-07,-0.01809018309973932,-0.023337196652052247,-0.040512208093413216,-1.0524021782549912e-06,0.010057001372994872,-2.4256188345492397e-05,-1.8477124586192193e-07
ASPM,0.02249098269944766,5.6473015201888384e-08,1.3773246093575216e-07,-2.3629534371750174e-06,-1.988286392295629e-06,-1.693166866801643e-05,0.0005015462584589546,0.012055641270029933,3.402565464429755e-07,3.6650818714601886e-06,-2.353617618510708e-07,-0.01489794178521402,-0.014716362232696713,-0.04297935858273379,-7.842166723794771e-07,0.006460197136759775,-2.7452173873399108e-05,-1.5387137041451964e-07
DNAH17,0.010816874513047222,2.745416176662604e-08,1.3620880667440799e-06,-5.354254442030447e-07,-4.50278289431365e-06,2.736948197869459e-07,0.00028860002141970246,0.015550436163071104,-1.347056429482215e-07,1.1737156856391365e-05,-1.4799571693916697e-06,-0.02309577260653455,-0.022367287687463194,-0.03652444049792874,-1.0867743066957991e-06,0.010856040820697764,-4.6887221777982365e-05,-1.6931153631635472e-07
COL12A1,0.01871154585596325,2.294959370457282e-07,9.600477597546143e-07,7.431815813876072e-07,-5.624797327278644e-06,-4.417323600827893e-06,0.0014912380696258491,0.012690260702009227,9.65651584585447e-07,1.655797255867676e-05,1.790901196823903e-06,-0.014341286799344169,-0.019923711308329463,-0.04063173573071341,-1.369060986776044e-06,0.008170942490492654,-4.829998207459549e-06,-1.7242631613540192e-06
C1orf173,0.03262481814637334,2.5326375188306433e-07,5.133729455772565e-07,-3.5272379137598047e-06,-7.983747468819902e-08,-6.97739167084196e-06,0.0002251806852942532,0.002784104430112543,7.142005039760723e-06,7.64998623768591e-06,5.187653161269782e-06,-0.012241641473847143,-0.01097294228731419,-0.043820254015217636,-1.6232848233335963e-07,0.005151118106273595,-1.6045701211099934e-06,-1.8502109449798313e-07
NRXN1,0.02294630938318955,1.584301804777037e-07,1.1955536548174387e-06,-5.460673427854554e-07,-6.484001228920961e-06,-1.2478250446963752e-05,0.0003231890586210753,0.0112379175501652,1.8604063791184986e-06,3.746281606970788e-06,-1.2315869625210776e-06,-0.013527537345146824,-0.015211636474242729,-0.0422111791745118,2.1474479618414558e-07,0.00792870880177993,-2.4229331062890938e-06,-2.3266977110522867e-07
NOTCH1,0.023378419558213147,4.189100161294434e-07,-4.912236369168812e-08,-0.0009934585092498491,-4.974021668226623e-06,1.0757420373895905e-06,-0.0004058292393209705,0.0303866167284011,1.3334998964139004e-06,1.2346573218948341e-05,6.85253297063101e-06,-0.013725786788945888,7.271185987777564e-06,-0.014293784414176745,-1.8179427075236936e-07,0.0019860490880400333,-3.1477554511623555e-06,2.8488200039132427e-08
BAI3,0.03111852444539874,5.398436071864092e-08,7.451799348513352e-07,-1.6893490399863286e-06,-4.013661576421587e-06,-1.503744955202426e-06,8.593246204442498e-05,0.008421772337213657,7.71258621916164e-07,8.168094272058825e-06,2.850976115444912e-07,-0.013855754677320035,-0.014996701710514447,-0.039025831112232866,2.831793539827008e-07,0.007013504590783474,-6.276458087549413e-06,-5.154411547165831e-07
LRP1,0.01379769086460139,1.6260130741130503e-07,1.1056473846326726e-06,3.094556340708839e-06,-8.216211834644028e-06,-6.413510276963673e-06,8.806252775403122e-05,0.014055362141024486,7.285434657667488e-07,3.197143243827531e-06,7.835952114453531e-07,-0.017776073202163973,-0.017270816568595925,-0.034245392527930935,-8.702299027809994e-07,0.009188220387183003,-1.1956889354552671e-05,-1.1464128838813718e-07
NALCN,0.01932290727656988,2.6476692288831353e-07,1.4102711063863087e-06,-1.3131865009527701e-06,-1.0082140474475493e-05,-3.165244115266088e-06,0.005373356237614733,0.00970838321373442,1.8928679961179744e-06,1.4580459444796924e-06,-2.002194139859072e-06,-0.0128363109184662,-0.012252667294386486,-0.03972887652308974,2.6907297882332303e-07,0.012285411617315665,-5.031550697878358e-06,1.495680135284626e-08
MYCBP2,0.017162894884871306,4.849520172995334e-07,5.97141814089884e-07,4.4388394331192807e-07,-1.0849129522437408e-05,2.261308693461307e-06,0.00018139318954654265,0.017926741559827517,-2.3950215397548784e-08,2.567380085459887e-05,-1.0585894830256164e-06,-0.017633403220953706,-0.01952997884439422,-0.0360273341473469,-5.6174878140836e-07,0.01562517987898424,-2.6013157042365836e-05,-4.4640107438425814e-07
PXDNL,0.02379921068233272,1.1147433717842946e-07,7.476382923242029e-06,1.3345154112730032e-07,-7.62343920234206e-06,-2.09400239091516e-06,0.0005528791871677384,0.00634046063148542,1.3316366615459572e-06,1.1474567354636954e-05,7.653249986173245e-07,-0.010855881052976909,-0.016498147945113666,-0.04051424424656447,3.1268214395815864e-08,0.005952263726299388,-1.0598423798083077e-05,-6.49561147185145e-07
FRAS1,0.017942827027884415,9.81912467280807e-08,8.880488685899215e-07,1.3476227583468106e-06,-1.0469473228030792e-05,1.1614099970182934e-05,8.029458612738842e-05,0.018718883097955958,5.338242892840754e-08,2.474483080439291e-06,1.9151274347680288e-06,-0.017011039630227612,-0.02247229420729579,-0.03414971127150089,-3.3960336969562135e-07,0.008819821670954629,-3.819648738858849e-05,-1.0149090356200795e-07
PTPRD,0.02223232279041682,5.308338885528764e-08,1.4828387742431557e-06,-9.797672497336665e-07,3.4282830042230323e-06,1.396384065847136e-07,0.00024977335520677015,0.005219329138802732,1.1699744622262202e-06,3.4614289968115657e-06,-1.067110256540558e-06,-0.01327007459215987,-0.014068190484131698,-0.04207439290473138,-7.007954041697491e-07,0.005536086057235791,-1.0101613172097051e-07,4.395412846522346e-08
VCAN,0.021386321377876046,-4.8243326875428495e-09,1.274321426979139e-06,-1.5205846198826345e-06,-8.708998827754598e-06,-4.32886881332793e-06,0.00012215871602440622,0.010055636811228902,7.558152714247911e-07,1.3242619587110138e-05,-2.1119930366335806e-06,-0.013595826600074974,-0.015580320370045149,-0.040987104108869264,-3.7218114547491233e-07,0.008662434647552474,-1.2064325399624736e-05,-1.0017111281686049e-06
RNF213,0.014535503654612569,4.5192614353017643e-07,1.7169221513479763e-07,-1.3487633206368475e-06,-3.8223100101639403e-05,1.9226078790119875e-06,0.00023200772293019984,0.021053522808192168,4.0369291958495125e-07,4.1158575144504205e-06,-7.65934197931965e-07,-0.01758630467935704,-0.018522889735279657,-0.041289259281465346,-3.463405828482633e-06,0.010274821490161942,-4.5346905198150746e-05,-2.2193602231643132e-07
THSD7B,0.020744169773709704,3.284036794498285e-09,1.328956517871879e-06,3.6056582183213824e-08,-2.6670424997788635e-06,-1.1737568782575234e-05,0.0002890287311760158,0.00903600667178237,9.295625692776224e-07,1.3943418507508017e-05,3.806493808930215e-07,-0.01589321089184143,-0.011747490275063768,-0.03546103028394986,-3.7997156941744537e-07,0.005725834351348769,-9.797709302790915e-06,6.606490079580415e-08
PBRM1,-0.006757276419642096,-6.180769430046629e-08,-6.045786821173246e-07,0.02789306267081544,-0.037962736165044954,-8.128222456941995e-07,-0.00022962422229171495,-0.00817672921847927,0.00021473642260330696,3.183439967016686e-06,-0.002194953788519546,-0.04943655085930021,0.030570337515887946,-0.020854578768673308,-7.204447390909505e-07,0.0136553797232466,-2.709193494017097e-05,-6.479812088818338e-08
PDE4DIP,0.022984554818229586,5.347785491322511e-08,2.6283030795725214e-07,-7.73756505386382e-07,-1.5581819181376253e-06,-5.822283846619094e-07,2.7140402157861318e-05,0.012692872367466143,7.723351940938141e-07,5.3316271708714754e-05,-2.1683623486763804e-06,-0.015853768088820806,-0.014815169885159019,-0.037287017407994304,-7.153217859783011e-07,0.009860830700012346,-2.3002019140000417e-05,-1.7160997224518808e-07
CDKN2A,0.04097376103114587,2.1172628174138818e-07,1.365803205850882e-07,-0.00018176051977458592,-1.9402526269949858e-05,-5.966734783555415e-05,-0.0020767559136283353,0.028449278164025545,5.822943567118417e-07,6.778402271080739e-06,7.68938948174306e-06,0.00737761089377767,0.011042318313052647,-0.012137408751263911,-7.205706283226073e-07,-0.0004760090604358368,1.1593133224774963e-05,3.954089134316604e-08
FBXW7,0.017216824575650328,5.043162236866119e-07,-2.689729998782931e-07,-3.0855194919968697e-06,-1.880151358307191e-05,1.6378052597083685e-06,4.425011171287744e-05,0.028964003751334007,-1.1728273483631267e-06,3.660669933556146e-05,-0.0001207939552117058,-0.007605216161302995,-0.01184546190123099,-0.022954848599246614,-4.020092070178227e-06,0.005541169473779459,-2.2635564592931173e-05,-1.7806673186368182e-06
FREM2,0.01699065927878063,9.140963618424645e-08,5.653609051468001e-07,1.1852565400956063e-06,-3.869212116847005e-05,-8.681557870222512e-07,0.0002505641305204022,0.01596355053523229,5.291199064123108e-07,8.760046393421835e-06,-6.60630301017839e-07,-0.014955051785690572,-0.018513572017537627,-0.03051863912740541,-2.367028906192586e-07,0.009271098607291825,-9.96539793617733e-05,-2.0994329357379898e-07
HRNR,0.018813415909429004,-2.0214765518222116e-08,2.1988216542801295e-06,6.168356446722148e-07,-6.551785818258543e-07,-2.8153381486767665e-06,0.00018357137130399582,0.011114748670101175,2.2199767240388575e-07,5.0069603076089004e-06,-1.5701511056575858e-06,-0.015223381091945362,-0.01980201936813515,-0.03920550364387427,-1.0373995376947592e-06,0.007043708551281648,-3.448937225826115e-06,-1.466074581688333e-07
PLXNA4,0.02097362508159051,1.913716127852878e-07,6.340330360358876e-07,3.603927440297982e-07,-1.3127517828869468e-05,-1.5637024634408387e-05,0.0001638927825805571,0.008881918493084945,5.078649203057659e-07,7.770134162909591e-06,9.60472246450877e-07,-0.01286979900811639,-0.016509095441367312,-0.039597479544373655,-1.3522985932246477e-07,0.008724866636757424,-1.2379737938081189e-05,-1.0723363366775813e-07
SDK1,0.013870661103948283,1.2234244847645027e-08,1.323450062631851e-06,1.056058388327489e-05,-2.2018687541115012e-05,-5.02074906506878e-06,0.0019375146986084335,0.01677377798449288,1.1528659686881044e-07,6.872496581868124e-06,-4.200111738489261e-06,-0.015900794652277454,-0.02358777996650501,-0.03387892477960687,-1.6468810333479533e-06,0.009570646167106272,-3.01144418461897e-05,-1.8606487384793772e-07
DNAH2,0.0125822503823708,3.4049150638043096e-08,3.1188962676620916e-07,2.3724570187779145e-06,-6.301146362546389e-06,3.2681284920420193e-06,8.973655180347345e-05,0.01578450501860669,1.6576290835288855e-07,7.710224083338842e-06,-1.9424651163732117e-06,-0.016657319098625136,-0.013380933051056794,-0.03565218715781042,-1.257919834975226e-06,0.005442286088601413,-7.541911182429119e-05,-3.2775272323968e-07
DOCK2,0.015075434899159502,1.8790907495818985e-09,4.4246480267140465e-06,3.1681208626244474e-06,-1.680826224037451e-05,-4.9028723613728225e-06,0.00031417334901530754,0.013898801117527268,9.118783911715038e-07,1.3809269969246886e-06,4.522815336551346e-06,-0.012666298483765055,-0.017060366399124085,-0.041269581364326846,-9.998529939149919e-07,0.005114388021596796,-8.747347026870188e-06,-7.842077533637554e-08
RB1,0.01814132082308558,9.54629798871403e-08,-4.0672200464711707e-07,1.179285919117776e-06,5.888288713835415e-05,2.7522044547578668e-05,-1.3914383075945278e-05,0.014853584228141389,7.367557538518323e-07,2.7179428094818648e-06,1.5381816531642676e-06,-0.011088678027172207,-0.013883967746273531,-0.011562890353059881,1.993516120707773e-06,0.008835462415332725,-2.0268660821620494e-05,-1.883147453019645e-07
ZNF804A,0.029131248694320523,4.692041735335909e-08,2.416349006964532e-07,-6.778326131194508e-07,1.6200763246833947e-06,-7.865301077032305e-06,7.468316031995267e-05,0.007270541080760036,6.423833636234877e-07,1.5855776593399027e-05,1.6820554076030318e-06,-0.010853867261552554,-0.012528223664392948,-0.0454191507021334,6.121615346068337e-07,0.004267982057879815,8.820760782945998e-07,-1.3151582893941855e-08
LRRC7,0.022070056854282462,8.486081389155659e-08,1.2445715163629228e-06,-3.2817110771566656e-06,-9.429922742445346e-07,-2.075426272720566e-05,0.00010290960313524288,0.008983878087443562,3.505813672349338e-06,1.3774691279757423e-05,2.5201821787126524e-06,-0.009082675523898992,-0.012918784747526035,-0.04270459537784787,-9.352964398954278e-08,0.00709336754452383,-7.3084965461971405e-06,-2.156777200540811e-07
TENM3,0.015110662104254421,5.6705877174851875e-08,1.399221536963352e-06,-2.9630142474058505e-07,-1.1813992629812055e-05,-8.07757938299951e-06,0.0001309845112318958,0.010939647386419362,-2.6320959829178343e-07,1.5955269187313484e-05,-1.8318111894712305e-06,-0.016856035584877103,-0.017160367295009183,-0.04315731079599795,-1.2338583424572507e-06,0.00526793092897217,-4.5025329989957936e-05,-2.759368367260376e-07
SPHKAP,0.024926087431550684,2.2932803167737763e-08,6.318870032657707e-08,-2.2016021711259757e-07,2.108030627380966e-07,-5.114163821056099e-06,-1.4666832086998258e-05,0.005610777547572668,1.3689746718071123e-06,2.3245135701915284e-06,1.687089988872682e-06,-0.011685209079081191,-0.0150152240425485,-0.029255853299457055,9.595377243893693e-07,0.0077294800217633935,-1.3195258938257304e-05,-2.1194573860210306e-07
MYH2,0.02172045608280067,5.016952359652667e-08,-1.5825518686416858e-07,-2.5649370612006527e-06,-1.1297708996641617e-06,-8.246977123381712e-06,9.064413993356533e-05,0.007966587889162824,1.0544354016588938e-06,9.289609411531072e-06,3.476034137966607e-06,-0.011370463311943562,-0.007625449185607452,-0.03740690937750586,4.3267132007565634e-07,0.002613729235159521,-6.895811840221197e-06,-2.2388380349800474e-08
PRDM9,0.02988602551170072,7.428180991591157e-08,2.0936410332988458e-07,-9.092976856935396e-06,-3.2807136118030093e-07,-1.4065447160917338e-05,1.3760787182039632e-05,0.004598844142381523,1.416771417375492e-06,2.5494609322919173e-06,5.2117159611289025e-06,-0.013386225751583575,-0.010198615528422135,-0.03663867412486715,8.782355328766234e-08,0.003619532353834972,-2.0183880991487632e-07,-2.9700748469864477e-08
TNR,0.025551249263691754,5.9039329009560255e-08,2.8276988942653416e-06,6.93738650086866e-08,3.6755599835900108e-06,-1.654678814844365e-05,0.00011428868050282446,0.0014982923274018758,3.199791710570171e-06,3.426722312005096e-05,1.2761059004541778e-06,-0.01193842778333234,-0.01189196931674377,-0.04535774511256727,1.5042986650497486e-07,0.004991445117208207,1.951169834865279e-08,-4.6183794312617764e-07
CNTNAP2,0.023264669364038475,3.475708141366833e-08,1.2972709770791098e-06,-1.0658725716287855e-06,-6.94078142931021e-07,-4.248646308500234e-06,0.00027653693543125624,0.013034350119788889,2.2229981570429976e-06,2.6582049745931046e-06,8.07843986665237e-07,-0.010463408460447146,-0.011041426531931863,-0.043511497062470435,5.605765983993976e-08,0.007040600227644304,3.801358265867379e-07,3.092763404023227e-08
RIMS2,0.01985447346119833,3.40838583487226e-08,2.3004623962131086e-06,-1.7290139234418688e-06,-7.024523762995851e-06,-6.455956514478386e-06,0.0003705013944389624,0.012268389452218975,1.1549942710984066e-06,7.939875283509361e-06,-1.4304424709387874e-06,-0.014549980322504964,-0.017677236760430752,-0.03931093820310652,-3.046161113828511e-07,0.006730839760223794,-3.7847562274209825e-06,-2.338329706266396e-07
ZNF804B,0.02962900815001635,4.2788079124069556e-08,-6.613141438556513e-07,-1.3690343663177516e-06,-4.434809612371758e-06,-6.615593480442401e-06,7.69764939233129e-05,0.007885841615215708,9.643084343866266e-07,3.985710611136934e-06,3.442312706301267e-06,-0.009710079617474648,-0.012384616617173872,-0.03415520412088298,-1.8723736053478575e-07,0.00749532345554265,-2.3279104724499588e-06,4.358450404312808e-08
TRRAP,0.021888091025420518,1.5422957133766736e-07,1.1125934468138236e-06,-3.4731430438570222e-06,-1.2405504919028065e-05,2.790354245211392e-07,0.00022240336563656202,0.014233161292451715,-2.1206698949013842e-07,1.0347959465016795e-05,-1.8693635813873306e-06,-0.017180839851809532,-0.018940745309242193,-0.033884482082639514,-1.5290927599510575e-06,0.007899663941789167,-1.300550659488791e-05,-2.3752296371605031e-07
WDFY3,0.017357347076863414,1.455823121112881e-07,2.649647350177714e-07,9.725050625574172e-10,-1.6676267934040376e-05,1.9590259986207512e-07,0.00023027275018841403,0.007984049129509651,3.3247761858033484e-07,1.2410973232734477e-05,-6.741521938977646e-07,-0.015714467636140754,-0.010922310539735913,-0.03074472294573917,-7.16385439507845e-07,0.009885601837981501,-7.447103731628877e-06,-2.4694333170269326e-07
EYS,0.01923981584678657,1.205366794305595e-07,2.282852336702863e-06,2.7148422289808494e-06,-1.1503464192848046e-05,-1.9067552043735335e-06,0.00011856314294222572,0.012846768431033904,2.2789058106340227e-07,1.489108783436411e-05,-4.0751357884305013e-07,-0.011212909928302801,-0.014915460927197128,-0.03463718283739401,-9.056417217227633e-07,0.007959375665223381,-2.079116741580811e-05,-9.091050882678309e-08
NBEA,0.013264731056774207,1.864892938989082e-07,4.893824382020854e-06,1.3666255721504195e-06,-0.00016723955423658633,-3.473954830894856e-06,0.0010095501198572766,0.021513503076851924,3.745562655007378e-07,5.757781530418545e-06,-3.918815593488301e-06,-0.01345420714648175,-0.0186433620038967,-0.033549590525033646,-9.355483836610814e-07,0.008907513121396298,-3.5774348573813016e-05,-9.597334174820061e-08
UBR4,0.014965099894313428,1.1497975031064231e-07,1.1677067680740275e-07,3.970013452088347e-07,-4.425173153350423e-06,-6.299800339840567e-07,7.55262206556733e-05,0.011542185263701302,2.2693459883555603e-07,1.2500898495215096e-05,-3.2150144807818204e-06,-0.01372923346670472,-0.009820528920825045,-0.03401468512746667,-1.1969757910893496e-06,0.010121170172144672,-6.005623443911598e-05,-1.9174051351957613e-07
CREBBP,0.018356565408076536,7.891748769185187e-07,-1.1942928663948016e-07,-2.3517063987329596e-06,-6.451644103059774e-06,2.787184782051558e-06,3.9340711710980465e-06,0.016415842662023353,1.3977874299095694e-07,1.4091866261859392e-05,-2.508259120790545e-06,-0.014135260157963202,-0.016975086424689482,-0.027922726117566653,-3.025635178576968e-07,0.010785183246257027,-6.20636445964024e-05,-1.268130610244499e-08
DSCAM,0.018578502017760557,2.4288282910189444e-08,1.235259179381447e-06,1.5809102099749636e-07,-2.4249101100210456e-05,-4.736673272188817e-06,0.00016215222334564397,0.012811909104219536,2.631277829363605e-07,1.0061039335125e-05,-2.3817569803454073e-06,-0.012485494782624323,-0.01663954923807816,-0.033548048226452624,-2.469725205849401e-07,0.005051618475490498,-6.535647167599514e-05,-1.0341837365285582e-07
MUC4,0.01872471982097175,2.9514826198412246e-07,-8.933923155529559e-07,8.283820309844089e-07,-3.868698656712569e-06,3.0887448204805384e-06,1.856496211482009e-05,0.015445220625282403,-7.427464648066289e-07,4.241000641311792e-06,-1.1209056059899378e-06,-0.012476001419639914,-0.016157684095776732,-0.02082818679957482,-2.4916590719635627e-06,0.01161754219202425,-9.547340655071777e-06,-2.8281611091954396e-07
SETD2,0.0027273187870618886,-1.3815749846788895e-09,-2.2094384063184063e-07,1.150533086873552e-05,-0.00012293819935447532,9.359282447153906e-07,9.884457070689647e-06,0.004432138328637413,1.8265843085036117e-06,5.549153304382758e-07,-4.65568143832742e-06,-0.024669919239020812,0.004539774557896399,-0.022941614650826947,-2.6731683921113165e-07,0.008471151781312894,-1.3985429145912231e-05,-1.459050545746475e-07
HERC1,0.015109337289694312,3.681290506722611e-07,2.2413969925146823e-08,-8.871993826295299e-07,-1.0078108111841478e-05,4.585407723252616e-07,5.459218540142877e-05,0.016209784491361297,-1.378702451228905e-07,3.703385028017231e-06,-9.971450306240542e-08,-0.015786269105695222,-0.009411700639600938,-0.03334368312704879,-1.6136952193407514e-06,0.007582291530571239,-1.8431044439487423e-05,-1.3518098835964784e-07
SCN1A,0.02593419054499655,5.0842815796663734e-08,1.894343227191858e-07,-1.8805813262872482e-06,-1.3255943621173396e-05,-1.6144034497912597e-05,2.2357742008332008e-05,0.009422361699279293,-2.5213861370292922e-08,4.684437868997911e-06,3.057459378420653e-06,-0.013008289505322004,-0.01270568282937561,-0.033191829669956756,-2.1641567509136493e-07,0.009003309688834001,-2.4756076437236848e-05,-9.526612801124697e-08
ZFHX3,0.011032020480976071,3.580558038467725e-07,2.8434907798378887e-07,-1.1590714590465023e-06,-3.310045486837158e-05,2.9992890639159235e-06,0.00023098036333129746,0.013400216664368962,-7.575670854308078e-07,2.22792925086401e-06,-1.7292980116438052e-06,-0.012905228100147112,-0.01742700938543509,-0.04006721175446371,-2.075520226514395e-06,0.004985434530282552,-3.429526952456156e-05,-1.4418185724726488e-07
DCC,0.02026751553519701,7.865297061339106e-07,4.448820330224977e-07,-1.2916336087653963e-06,-9.615139751986068e-06,-4.374617685925306e-07,8.464044438431326e-05,0.013414054221937081,3.557202634406074e-07,4.070691300595613e-06,1.051606181417847e-06,-0.0136158065866198,-0.01529859839102969,-0.032746107711216436,-9.73749199137487e-07,0.007834581208529683,-6.394610914701829e-06,-1.2400573176119143e-07
AKAP9,0.016944005156345435,8.990673915003395e-08,1.2955174974627574e-06,-4.6461410892060464e-06,-1.3789444713007494e-05,3.885835845122438e-07,9.673725568272821e-05,0.011982034302954133,3.0530886744746045e-07,1.328949711322211e-05,-6.501094447472656e-09,-0.015125491980108723,-0.009898560507783032,-0.031038122237013795,-1.872510302841974e-06,0.010965874406657581,-9.127752758429741e-06,-3.3832844604143244e-08
SVEP1,0.019019087726377525,9.417245382276122e-08,1.4959668204531244e-06,-1.723711221661945e-06,-1.030563602011346e-05,-2.609236079345586e-06,9.803058425220356e-05,0.0076961269085584795,5.518253821386909e-07,6.951660466099477e-06,2.1670451196885874e-06,-0.0139027647604021,-0.012773229982699207,-0.032724911432770766,-1.8326719229914118e-07,0.00697705064266814,-1.0088889218001416e-05,-3.165822777691909e-07
DYNC1H1,0.015366901511109669,3.7058114066253036e-07,1.050952149244775e-06,-5.540276257125214e-07,-1.0391136781159728e-05,1.8956527987060843e-06,0.00014709056537934867,0.011838869479833751,1.4580006190476367e-07,2.8215635480728856e-06,-1.5406423327572948e-06,-0.017177367633458042,-0.012625180411371664,-0.03396489581821962,-1.6489168262075631e-06,0.009153796922830906,-2.1094890791679842e-05,-1.0964333205772962e-07
NPAP1,0.022269071793095205,2.105520628601775e-08,1.06569603670543e-06,-4.62137360612468e-07,-2.3144409589887517e-06,-4.435159604698296e-05,9.161845695359782e-05,0.00755313490409191,7.939437138596074e-07,9.546206769194683e-06,7.014293421780634e-06,-0.010321574598472338,-0.014010739032293959,-0.03738129937590652,3.4137829621270254e-07,0.0015085723555760546,-6.863467711496744e-06,-7.225443900996665e-07
TAF1L,0.01732541431189685,-5.4198788630230794e-08,1.8229916125603913e-06,-1.0323021909104392e-06,-4.078998238944302e-06,5.07973523896991e-07,0.00018062046708656565,0.010518635759021582,9.957656633747995e-07,3.4194744754092117e-06,6.807622454663654e-07,-0.011937528827796012,-0.012586779158675437,-0.03252555640608685,1.5603192558629077e-07,0.00742594220377026,-1.9250299058323227e-06,1.5909716955746152e-08
ALMS1,0.02032309727554427,2.990994952096563e-08,1.6291976957694526e-08,-1.216337215439019e-06,-9.446999069269441e-06,-2.0349373290289977e-06,0.00011485476179466912,0.009683078503372439,-1.8016414836769293e-07,2.048324650326e-05,8.680371945338387e-07,-0.014262631226112958,-0.015105274623087053,-0.031295925540401004,-1.052917088936069e-07,0.008180365555301841,-8.530349094397395e-06,-1.1763582554637639e-07
PCDH10,0.022685691458008892,-2.054018835617657e-08,2.0161361998960674e-06,-1.6087761866985302e-06,-5.425155786346849e-06,-1.4455322015357267e-05,0.00019436310335748598,0.008203875900910396,1.0930881890039726e-06,1.3871329295310844e-05,-9.729414988278915e-07,-0.013603842858371996,-0.013196553642989623,-0.03972175267825836,-1.5640333246611888e-07,0.006872569100920733,8.234723141427506e-08,-2.2402364017373944e-08
COL6A6,0.019996439408786745,6.187883768259426e-08,1.067389805565735e-08,2.3917393246378334e-06,-1.240585675755095e-05,-2.622765048319211e-06,7.316443552790471e-05,0.007999523441428834,1.3747446164151463e-09,9.22041481885796e-06,1.7435791936445012e-06,-0.012417306335789875,-0.015163925248166817,-0.03153969431757455,-9.7856289999311e-07,0.007430378929528386,-7.001413782200174e-06,-1.5045385986674067e-07
FLG2,0.019787867313378893,1.5450091876129068e-09,7.030406298304224e-07,2.0556008584637357e-07,7.963315732813668e-06,-4.4278318315072424e-06,0.00016908863657690349,0.005000202238435906,6.403655332971464e-07,-8.378232537167434e-08,1.4532003147363966e-07,-0.014165891204150795,-0.015364107170704024,-0.03634794757312484,-1.5814699099363567e-07,0.007793226559424467,-4.647856133634815e-06,2.934000289439968e-10
FLNC,0.01591033840061796,9.840884678894628e-08,7.698522715084353e-07,-2.045629785207966e-06,-9.462204219539161e-06,5.98167808344074e-07,0.0006709544661646213,0.011872979007304232,5.630832187024429e-07,8.435038998719836e-06,-2.033040403651678e-07,-0.013185282874001905,-0.017346884821861735,-0.033971482999183816,-8.889388394260545e-07,0.007264451886148304,-1.4245849458454064e-05,-1.3307402520840568e-07
RP1L1,0.014522157311686611,4.1997215915357773e-07,1.486540742339067e-06,2.4900385987307576e-07,2.4057112325819783e-06,-8.247786416803415e-06,0.0006522722047630629,0.006907509731972377,1.2666438270235585e-06,3.7010423492937836e-06,-4.2443582977252435e-07,-0.011175774020045545,-0.016448229664284934,-0.04584737586551565,2.0517787082115348e-08,0.007228782732683635,-7.409241086841667e-06,-3.06790997010787e-08
MKI67,0.019702220032623376,4.356064781593258e-08,-1.6309739255176514e-07,-1.441617932370656e-06,-5.108488550107542e-06,1.5208355515159386e-06,8.557940871965502e-05,0.011762610097378489,8.698534372269463e-07,3.4450208023013315e-06,1.8793086160772302e-06,-0.013693614231513261,-0.01034581409126345,-0.030591460159308973,-1.3545015155986043e-06,0.008082906583259308,-7.5286041943006696e-06,-5.033644030138612e-08
PRUNE2,0.01701175865705773,4.1962970628686985e-08,3.706654273609744e-07,5.719347209658898e-07,-5.783835211852986e-06,7.881630516506558e-07,9.731807709690089e-05,0.006191921796309464,2.007258506920257e-06,5.8352301369010115e-06,6.04274763117184e-06,-0.01217654661992714,-0.015189315288085217,-0.038460328157087,-1.8923438084159353e-06,0.005203813036454858,-5.042977753859302e-06,-1.5953785188285497e-07
SRCAP,0.016192518050419793,2.0766801571837384e-07,2.4615934978034874e-07,1.0776840711375353e-06,-1.2795577148677583e-05,2.8303571570494756e-06,0.0013113996456189856,0.012557614336789263,4.67587286227585e-08,9.71226726483014e-07,-2.5117694018518544e-06,-0.015144564838708602,-0.01620704664480545,-0.03479149098504562,-1.3966055608984508e-06,0.008374094182653084,-2.0199302530425263e-05,-4.4598786899636564e-08
UNC79,0.017205791026089046,-7.682158874540026e-08,6.766572885472169e-07,-1.159133381500114e-06,-4.288167564857607e-06,-2.914141559931708e-06,0.0009618597141293569,0.009163267282966,7.408686238701967e-07,1.3199060794741056e-05,1.8097851901072817e-06,-0.013453621083955293,-0.017817054915646665,-0.03787338278362733,-5.026206066001514e-07,0.006892733567793303,-4.397717696772194e-06,-2.779992434619046e-07
TPTE,0.02514934241137365,2.98294597170087e-07,1.0019481797308415e-06,-1.0998205697627631e-06,-1.4560387194938595e-06,-2.5875350853867492e-06,5.224102562572476e-05,0.007206489084004863,3.4355097712566043e-07,5.067010308311824e-06,3.762472676134984e-06,-0.014337171509569547,-0.013724328806131055,-0.03708558756190551,-5.39277291952974e-08,0.004288794171012173,-9.909801067796798e-07,-5.767400752192087e-08
VPS13C,0.019201844917032716,1.9363144606975706e-08,2.597198040087446e-07,-1.0787458836799574e-06,-1.830716548495851e-06,1.2010246599931766e-06,6.820989071445537e-05,0.013997814419192551,-3.4293144620719477e-09,6.786929616434777e-06,3.0621008359839084e-07,-0.015934000088960065,-0.011083437533834917,-0.0319359333052203,-7.204670254519926e-07,0.007177081916504316,-1.0899646185439345e-05,-1.210472707213326e-07
HCN1,0.02706702872959602,7.025893048424162e-08,5.61768614972277e-07,-6.441275789002877e-06,-4.958688389887196e-07,-2.5231552813811176e-05,-4.713928193772684e-06,0.007943322859523455,6.929522151632524e-07,1.8416412065718533e-05,3.5474012139852287e-06,-0.006358537300940999,-0.006207529744294679,-0.03287078280797766,3.492778058896072e-07,0.00362625310785884,-1.567186271388182e-07,-7.140540129849523e-08
LYST,0.016523417030382643,1.4775344965241866e-07,3.283350625415552e-07,2.028792115604912e-07,1.0932797604507382e-06,-1.4715565885191303e-06,5.290830915818015e-05,0.008364108056694694,4.4148553121606747e-07,3.0873309451960987e-06,-2.5139364282719698e-06,-0.015434690248505103,-0.010646647451348645,-0.03256485533213526,-4.542218212690611e-07,0.009437517820470453,-1.2120548227641924e-05,-9.380800248549105e-08
MROH2B,0.023252002417334015,6.257333613063879e-08,3.036958930084662e-07,-6.583969802777461e-06,-3.4957234949418783e-06,2.152774022586023e-06,7.07675684918599e-05,0.009543883667486153,3.966408127025784e-07,1.1069238090122265e-06,1.2366562648329855e-05,-0.01644682253098315,-0.013533208446846075,-0.035010309502518065,-2.06291637301604e-07,0.004307211156984323,-5.124037199891313e-06,-3.522093040505869e-09
ABCA12,0.010140467142964151,5.384358978052809e-08,5.220966604899567e-07,1.6013302941324277e-06,-4.067926212947872e-05,-8.774255410403036e-07,0.0001821325365220232,0.017646622332726025,1.9041141118097458e-07,2.7622226451563562e-06,-4.3001852376674484e-07,-0.01301216149929,-0.01739357845964632,-0.03315589380988832,-1.4689282891494355e-06,0.011019314368814464,-6.161545764792163e-06,-2.2754535020507413e-07
BRCA2,0.01833009301809516,6.89364325137394e-08,6.966572759126407e-08,-1.6410849648532836e-07,-2.2577410918215263e-06,1.2608369803024847e-06,0.00024435199791490085,0.011117982534252837,5.202294600799008e-10,1.6725860815448436e-05,-3.1236090637317954e-06,-0.016234397342810288,-0.01166474590768458,-0.030993312715984732,-3.8042983606591876e-07,0.010715684244355173,-9.12863707771403e-06,-1.4302008174659043e-07
MYH7,0.017364793122312924,6.692271238601103e-08,1.3606173947346272e-06,5.041465491164891e-07,-1.6756624546917804e-06,-2.0968710639998385e-06,0.00017123591263741773,0.007368382905309917,1.4877022437232083e-06,3.967975604384495e-06,1.6637874396903337e-06,-0.012975140450264978,-0.01330043054624114,-0.03701697306370595,-3.901284200157647e-07,0.0046618169086381535,-1.8223368025642274e-05,-1.1290188927847985e-07
MYH8,0.018146990112113813,1.0190272976074592e-07,2.0931021297174213e-07,-2.101772595327398e-06,-2.1837772477990066e-08,-1.655414980953223e-06,0.00020350884576590867,0.009514514343323123,1.6796977113620018e-06,2.338659664635442e-05,6.355980022094666e-06,-0.013974014269533729,-0.009829416075086835,-0.036069696976178525,1.4737611168468644e-07,0.007924522213764804,-4.217684567154256e-06,-1.6791050258217098e-07
EP300,0.01835405053328159,1.2184360632109054e-07,7.35125796790873e-07,-6.4058340395764865e-06,-4.8141729381103196e-06,5.920711087384675e-06,-0.0007030635144033324,0.01865377904058989,1.9524261905474852e-07,1.0103401638844471e-05,-2.6858650293340855e-06,-0.010265697747057604,-0.007427568142734802,-0.021238775444669785,-8.306821441430492e-07,0.014651020674729716,-1.1959116264830205e-05,-2.2249713923661824e-07
ERBB4,0.016581890844113323,1.8819011717338427e-08,6.229106129223261e-07,1.7951897268381573e-06,-3.1281442226722134e-05,-4.655189926299259e-06,0.00034216364171869585,0.015329968770050354,6.973627436261299e-07,4.536657489722386e-06,-3.6686196081288234e-06,-0.015580170485225493,-0.015426254870526164,-0.035397100220089524,-1.1310945909432636e-06,0.006225210730337873,-7.342878058955605e-06,-2.8708876077835987e-07
LPHN3,0.023080567981089376,3.652008899513782e-08,9.068637841560962e-07,1.1214866731702836e-07,-2.4094006985506713e-06,-1.8468129007893083e-05,0.00012600025212427976,0.0035269569143695934,2.4506304498568735e-07,2.7733615279772082e-06,2.6946926904905593e-06,-0.010074557425650901,-0.014250977906895291,-0.035342844702140386,1.544051312667466e-07,0.005885827449391807,-2.4469571287040406e-06,-5.648826330268653e-08
SORCS1,0.02205419462756033,6.899102064670421e-08,4.5176916287944186e-07,-2.2969571165851232e-06,-2.7569100050835873e-06,-7.521229478762035e-06,0.00017856451589755306,0.007840286085296437,2.314772024718301e-06,9.553339484723495e-06,8.88313924349329e-07,-0.011482704161577128,-0.013417775585883017,-0.034128907029483645,-1.2839030872043697e-07,0.007816062379786213,-3.742691272641262e-06,-1.883264162269724e-07
USP34,0.020208194172619157,1.6726737485636568e-07,2.1289288184514464e-07,-2.4576836812525327e-07,-9.840098873479783e-06,6.183931113977213e-06,0.00010584506085173537,0.013541118998973565,2.6524106830040407e-07,2.3980941233238035e-07,-6.137915742841641e-08,-0.01627284059938461,-0.013136995183833771,-0.032215432137312934,-7.340064143976714e-07,0.009216713779292798,-1.1637959259184944e-05,-2.0925267453416336e-07
DYNC2H1,0.011567674988707359,3.151983539581676e-08,1.476189929164121e-06,4.624042746194714e-06,-2.798577355342353e-05,3.8841847629740524e-07,0.0002486536594917552,0.013597970792705489,1.0392175242919498e-08,4.152012221513871e-05,-2.5206744532507936e-06,-0.01640150432818865,-0.015440785541710647,-0.03365103820773532,-1.3534457581250996e-06,0.006996657983365627,-1.6123909538868376e-05,-7.709621715174183e-10
KMT2A,0.015041407562780402,6.562697645207664e-08,6.382947521505803e-07,-8.878614827319933e-07,-8.768604514076863e-06,8.23177952147268e-07,3.2164034240495455e-05,0.014203306059747916,4.934728902976533e-07,7.355819547138967e-06,-1.6780060935884967e-06,-0.00909421297023917,-0.014390044418275155,-0.028923598286112816,-7.449200120438262e-07,0.008350434791407709,-3.6490513717101374e-05,-1.3151416638093506e-07
NIPBL,0.010354040083295683,4.6391461461077236e-07,3.836392830099676e-07,-2.2385706346757417e-06,-1.928558316269324e-05,1.3709191490025629e-06,0.000334143628917905,0.017335688604475125,-1.855872917011866e-07,5.353203998647366e-06,-1.0422356590181742e-06,-0.015935308295998776,-0.010716492577659342,-0.03043254510876751,-1.5589494266380021e-06,0.00565467923112205,-1.7931419932360723e-05,-1.848025437299768e-07
ASXL3,0.020221917539605956,-6.596594601708107e-08,1.1291669299737905e-06,-3.3503901090779797e-06,-1.56766104837176e-06,-3.6361611371401894e-06,8.768815000235128e-05,0.0036909167522846775,1.5558613929253178e-06,4.400788041605254e-06,2.982801138340842e-06,-0.01244538256762785,-0.013165399041259613,-0.03657942167543963,-3.892990062667417e-07,0.009740466208574175,-4.664848530315329e-06,-6.423608415849676e-08
MYH1,0.02236113230770387,-8.650081500737633e-08,7.477612559983331e-07,-2.6483756618743985e-06,-1.7235491163429928e-06,-2.042664407707001e-06,4.381660739274557e-05,0.006362394212710185,8.489778884571078e-07,3.795273741723993e-07,6.160261571774012e-06,-0.014004367257597074,-0.010925527854614743,-0.03489738710446737,-4.387315231088544e-07,0.001499342962434322,-1.9919159457129884e-06,-8.400873110236335e-08
CMYA5,0.015570783985748954,6.205012377341926e-07,6.529780105956951e-07,-2.742748165321111e-06,-2.3333063514183433e-05,-6.147535732157018e-07,0.00021639623622516865,0.015462628572665716,4.188584249074502e-07,1.5657715896618263e-06,6.411622264448498e-09,-0.012609829246258497,-0.015715762701765803,-0.03142585484103726,-2.507139601052468e-06,0.00935625371584064,-1.332779556205614e-05,-1.5639317966499578e-07
BRINP3,0.026234487209319594,4.275098914627886e-08,7.818731907833379e-07,-1.1640673435202913e-06,-2.1094587931266376e-06,-4.1303883101237e-06,9.367175066895552e-05,0.00973524887938037,4.6313819950633515e-06,1.9848377506953602e-06,4.2728093929972536e-06,-0.009245106614865101,-0.005617832451859406,-0.03373845843493977,1.8660724902135825e-07,0.0046602698883962445,-1.1670953240075195e-07,-2.2758896146754588e-08
UTRN,0.01677589902013881,1.3777094303452056e-07,1.8600725812893312e-06,-3.1233917473311804e-06,-6.441506515096238e-06,-1.6014484300028492e-06,8.665494606550896e-05,0.011818339196340575,4.059839654178999e-07,2.4881826771374014e-06,5.527046567497284e-07,-0.015823937187676114,-0.012143477551373832,-0.028338576248894364,-1.7458344320880107e-07,0.00779741522926764,-1.683074164960683e-05,-7.036361222622004e-07
ANKRD30A,0.02246610798371026,2.296280573079535e-08,-1.6018381869882783e-07,-1.8308030334074641e-06,7.994800615392301e-07,-7.820407871404792e-06,0.00014002873612123387,0.004394238595434255,1.2613582248329226e-06,6.486974881628358e-06,7.776936789034179e-07,-0.011046597939699587,-0.009767162320331101,-0.03086562933782363,1.0592412798756982e-07,0.0032896563104989974,-7.327685982829812e-07,-9.128923354652861e-08
ASTN1,0.01942922404313646,-1.4124996734347523e-08,2.85862116126773e-06,-1.330159151061997e-06,2.7195311933935987e-07,-1.1388715073277358e-05,0.0006111206172115302,0.00441608405700483,8.781527004171295e-08,4.819517269452868e-06,2.0201405617808136e-06,-0.008423636921152248,-0.009480908522314169,-0.04046763576044968,-1.4404433234303416e-07,0.006796830020587289,4.661587713723636e-08,5.2853194121229916e-08
CTNNA2,0.024798862546282174,6.0932540767136195e-09,1.3534750501165174e-06,-1.2699349472163207e-06,-3.4923349018798675e-07,-1.501737705105022e-05,8.97867601870028e-06,0.004616236065423543,1.8049659136614237e-06,2.641102003695781e-05,3.786138444299082e-06,-0.008187321273222355,-0.010102448892856424,-0.037238323354082184,-1.9354949345262603e-07,0.0024551193549509297,-3.841597802274727e-06,-8.115426871051751e-08
FBN3,0.011525378965166195,1.3734391733697203e-07,1.9865057243375732e-07,9.937483374308022e-08,-7.95009896892781e-06,-1.934828481667167e-06,0.0005367358830096906,0.00933328859747679,-7.512135337468978e-07,1.0278124601340532e-05,-1.7733217469047391e-06,-0.012789003558601974,-0.015429029518714025,-0.0318908974695387,-5.0952934586823e-07,0.00676350267910195,-2.1805224813387065e-05,-1.609654926205484e-07
VPS13D,0.01889290050179038,3.259921120423705e-08,-1.730562183397725e-08,-1.2635452821474782e-06,-2.070329259805985e-06,-3.221990090289754e-06,7.188379876018797e-05,0.009430223443667568,-2.1009061851053163e-07,6.696093998262516e-06,-2.5704592628036255e-06,-0.013295538912931055,-0.010590523022254713,-0.029788616894387488,-3.4773819743119196e-07,0.011258338881971216,-7.1984085039557645e-06,-2.183227550955458e-07
ZNF208,0.02133735746909276,4.0022942276142444e-08,4.49988783765695e-07,-2.0591117055003804e-06,-4.69248003987749e-06,-2.5516142348756085e-06,8.487934328147928e-05,0.012395649596152658,1.8128923861310825e-06,1.3446015145574912e-06,4.1560880730171915e-06,-0.00946776706918545,-0.009655978963489126,-0.03192164752984814,-4.2797480382943604e-07,0.005232443001306942,-1.1881751943095985e-05,-2.2279728351167215e-08
KALRN,0.020141614191043426,2.5515985024663567e-07,4.5912272142066787e-07,-2.411315074058111e-06,-3.5327651046691098e-06,-3.433649286533964e-06,2.3214785451175456e-05,0.010201450458539624,1.9592048072797798e-07,3.7161570887422777e-06,-1.5072235006370203e-06,-0.01648598412799317,-0.01448130212598495,-0.033997065072901074,-1.8216584307168202e-07,0.008123085630350519,-4.304089282804853e-05,-4.894040799478443e-08
TMEM132D,0.01800325864017022,-1.7618671453382202e-08,3.953986780933335e-08,-1.2715437564790498e-06,-6.140342322505936e-06,-3.94481674221316e-06,5.7702900223143965e-05,0.01556902598730183,1.1669766233871036e-06,3.5800334297265654e-06,2.154319680540077e-06,-0.0072068580268466196,-0.011626056235607809,-0.03134548886358971,-5.831731088528653e-07,0.004418311484161425,-6.225947870808826e-06,-2.313155662971553e-07
CHD7,0.01627152280386341,3.9328862369549434e-07,4.0581874775180985e-07,-1.151705444462709e-06,-5.832206913509532e-06,9.663702506477626e-07,5.8030078257211304e-05,0.012845905963895966,-1.0721009948846612e-07,1.5765851564978898e-05,-4.6845594933941047e-07,-0.013537894809775035,-0.01048108791887375,-0.030648623104550767,-1.684482728955178e-06,0.009699966096593788,-7.995534569279364e-06,-3.0256349294997137e-07
MYO18B,0.01407933004949067,4.410618904245289e-10,8.057455199151408e-07,-1.4508516359639258e-06,-8.770802063255776e-06,-3.0875196477631977e-06,0.00016666264075006494,0.00931739900104758,3.756259303306299e-07,7.406359716965082e-06,1.058665778894104e-06,-0.013049841388845938,-0.015569437598219585,-0.034486070288458584,-3.105620302155202e-07,0.012132589118365776,-6.4739230014834185e-06,-8.759003244517539e-08
ADAMTS20,0.018356057641602974,3.3077453526952135e-08,-2.6702224963188327e-07,-4.1827111850963344e-07,-1.6959302009601743e-06,-5.63798416247974e-06,8.60731092803911e-05,0.006842341702276243,1.1549577452322644e-06,6.454653068563448e-06,1.9508277071904645e-06,-0.01017846068172424,-0.01004606507621245,-0.03233281737486871,-2.389194770252139e-07,0.0064039525030520515,-6.575752697738859e-06,-1.442594192324884e-07
EPHA5,0.021307245678856595,2.4658981612957682e-08,1.1542872664074126e-06,-5.2099935768481185e-06,-4.848740532589371e-06,-1.0935504041881585e-05,7.817984410256361e-05,0.007502291493354222,7.275364479700501e-07,1.254907685026748e-05,8.4207876745456e-07,-0.012960355575791364,-0.011621029237986052,-0.037674053406972635,-7.347138623021103e-07,0.005397549201553474,-6.368659408850607e-06,-4.0134291609465316e-08
PTPRT,0.0176197166503015,2.6121617088140754e-07,5.580725933148963e-07,6.353648275033636e-07,-2.6911958242702896e-05,2.7774610844328275e-07,0.0006250471428154397,0.013520667507224157,1.252518019664867e-06,3.7471099346806667e-06,-1.2922236127716311e-06,-0.011655446375846295,-0.014617864030125131,-0.03383958268088343,-7.672947688987497e-07,0.004959982266909171,-5.961920848141606e-06,-1.6602333873105543e-07
ZAN,0.011169282967309842,1.9295988582377823e-08,6.374881953059196e-07,-1.1832162192186343e-06,-4.612111329017337e-06,-6.1985152213058e-07,0.00022639706129774404,0.00507545571877393,8.717234606678811e-07,6.796232283685769e-06,1.4640574749522963e-06,-0.017584830009702863,-0.011266176503631766,-0.038614553868297846,-9.650587421077984e-07,0.004580910418927989,-1.2679254841701696e-05,-5.460989688199284e-08
FRY,0.016118274608149928,7.188798908974461e-08,2.611475392116317e-07,-1.9535794072233615e-06,-1.0201828126960175e-05,-2.9917251712151413e-06,0.00013469643619846503,0.014603660914027627,3.863648721164717e-07,5.877073367083846e-06,-3.5145372256259224e-06,-0.01590249434362817,-0.01338010414979892,-0.030511046536849804,-4.750455561199598e-08,0.01148226133386173,-1.1897812283108397e-05,-1.2156739170060674e-07
HSPG2,0.011037902294555483,7.633114737937895e-08,8.40455127697959e-07,-5.853873061989716e-07,-5.046116280427011e-06,2.7057814388924735e-06,9.430763895263568e-05,0.014899828071651335,2.944840791583125e-07,2.9038330633873514e-06,-2.7162772498959606e-07,-0.01634153073650508,-0.014974691909505435,-0.03189539051406057,-1.5760510163676356e-06,0.006448078331458253,-1.0314343436347362e-05,-2.0745769889482773e-07
DIDO1,0.015611756496130426,2.1740304561347386e-07,1.4163379389907095e-06,-2.6249596537670663e-07,-6.7440077284728166e-06,-1.97190612574555e-07,8.77542748533369e-05,0.012608281942959302,2.9053022150442575e-07,8.425675348772352e-07,2.6456248702511787e-07,-0.014013289494954175,-0.016109828966490623,-0.03578737288930088,-1.3080656270625245e-06,0.008271597541973019,-1.1854683176522683e-05,-2.394601293188246e-07
SMARCA4,0.008103882913424721,7.919038669753627e-08,7.405015374798297e-07,9.618229326071601e-08,-5.607097766904095e-06,-2.6853763146202375e-05,1.6555100231790024e-05,0.010340304808414908,-2.5646505395395616e-07,9.241129775069456e-06,-1.0334447864398487e-06,-0.01709448377230998,-0.006470793826111221,-0.02331988045669831,-3.424116449958106e-07,0.0038310860998008447,-1.564363461312855e-05,-8.629623628245959e-08
SPEN,0.012905153721047011,5.8504183859664823e-08,-3.7284100886053984e-07,-9.607767326173922e-07,-1.9920424188124658e-05,2.8894207499805868e-06,5.638029521329461e-05,0.011189358084843391,2.85548617827297e-07,1.9683028462963527e-07,-1.9772823994374657e-06,-0.018864753519446747,-0.015086003678097645,-0.025759139063250495,-3.905005860730698e-06,0.014509359629363157,-2.0132960580976506e-05,-2.6655259839917557e-07
THSD7A,0.02124013945131967,9.848131046109449e-08,2.1707288757462905e-07,-1.4438580400403413e-06,-1.470680411998773e-06,-4.967143652681809e-06,3.394759221259415e-05,0.01166812244077522,4.98593765157584e-07,1.5819981614688862e-06,4.2987028236802543e-07,-0.013524369924800111,-0.01165898272974241,-0.03490597886476008,-1.0744251635459963e-06,0.006827759330600932,-6.85064842198181e-06,-5.1508161522942705e-08
ADAMTS16,0.019235909465668537,-6.00449347963674e-08,6.590651915954959e-07,-7.495305468507378e-07,-5.1243673138570245e-06,-6.464279901225162e-06,0.0007194053754748994,0.012928632443057956,1.070231017624013e-06,9.277826971123526e-07,-2.8941322502454454e-06,-0.010581426921349493,-0.013920746078947062,-0.03338798361300356,2.473024174930364e-07,0.006421591106302065,-7.902364472745529e-07,-2.8824523711666162e-08
PREX2,0.01678950329489301,1.3381202606289299e-07,1.5110434550518215e-06,1.6348513729545053e-06,-1.3662586210560956e-05,-4.290994992531604e-06,0.0007450527178123067,0.016682333829502214,5.662237630729461e-07,6.596709051960163e-06,8.515092611201075e-07,-0.008529077239206656,-0.01888824532974543,-0.026348848071741288,-1.1806295943497856e-06,0.005870158163155392,-3.3644773612105296e-05,-1.0956164372253826e-07
BSN,0.010409597922768368,2.0341544615768273e-07,1.1177253590238354e-06,-1.7718981707073047e-08,-1.2487142911606786e-05,3.3949689567284413e-06,0.0003756746251734032,0.012589344735848072,-7.1409769452949e-07,3.690561460333372e-06,-8.457923709307231e-07,-0.013274245662850442,-0.018033994578676084,-0.03401959291094202,-2.6433999674830497e-06,0.009213287925635204,-1.2375508939354049e-05,-3.180551445426488e-07
FBN1,0.012608221214928555,-1.638723879502211e-08,1.8607897787510746e-07,4.0022591579697916e-07,-1.873786922242055e-05,-6.60819760412273e-06,0.00025097056441507765,0.013704665257002818,-2.749408325433707e-07,5.137109724095712e-06,2.280805797831738e-06,-0.009979284305110381,-0.01581181637121101,-0.032330817590826504,-1.302888276771212e-06,0.010464140537810473,-5.130071003206201e-06,-2.0505856838166919e-07
KMT2B,0.004946770071271447,7.353944159541389e-07,1.5212238614931921e-06,1.7507324873073708e-08,-0.00012280908972718107,3.872379851692466e-06,0.00015797958195228127,0.022198564163534426,-4.847769819752841e-07,5.145091192434323e-06,-8.659951302871254e-07,-0.014617259103239801,-0.01955318277126502,-0.03423428153381693,-5.472354057175478e-06,0.008586117130178348,-3.90348476144201e-05,-6.530823209371958e-07
MAGEC1,0.02058874236482729,5.490664712237888e-08,4.0770109378694763e-07,-4.094734771607752e-06,-1.338347425956032e-05,-1.064173072223193e-05,0.00015252688139103405,0.008778444261571594,1.8189502706084247e-06,1.1941785445965514e-05,-8.837490946210528e-07,-0.0065208330081493685,-0.012071838946860449,-0.03155789580559611,-3.531096023002971e-07,0.004503789545507164,-2.0002126017409753e-06,-6.785209855008296e-08
TENM2,0.012026690546349675,6.374931208475671e-08,1.8341370114163824e-06,-4.179975252427216e-07,-2.6503873090909973e-06,-1.2159400844013147e-07,0.0002383264944773556,0.006716760159647233,6.118507902820859e-07,8.007117563113283e-07,-5.204452655015081e-07,-0.015181866597525311,-0.018846781409119554,-0.03326039309858353,-1.454648865863581e-06,0.006783714752410137,-1.0709253502269396e-05,-4.272143169810639e-07
DYSF,0.017875849856154476,9.710127467616693e-08,2.4093745644893257e-06,-2.8310356029375887e-06,-2.4966354374842582e-05,-2.421104378908434e-06,0.0004142277428404046,0.01159594387917682,3.9507805624942696e-07,8.770052638772216e-06,6.218206304409179e-07,-0.013905977372246772,-0.01544895121390496,-0.036369349599870565,-1.110805217296073e-06,0.0037581172297394562,-5.657109250794669e-06,-7.860009323956003e-07
OTOGL,0.020209908955131205,1.5876065151969126e-08,3.712890474936003e-07,-6.808813306129584e-07,-3.404886154695673e-06,-4.4635374368473705e-06,6.643607378402568e-05,0.006352160396554532,2.079057040574079e-07,5.256088568734518e-07,3.1110372626074978e-06,-0.012325474248994526,-0.011086490758568763,-0.034455670106545135,-9.750550269326744e-07,0.004738099581104789,-4.628773697823562e-06,-1.6525229133161493e-07
DCDC1,0.01887773002757454,1.83646141360396e-07,1.8945001645939744e-06,-6.09138794490664e-07,-6.955285158452921e-06,-6.302091071202002e-06,0.00013723249636125824,0.010233306153820424,4.033982518065522e-08,1.202069609512677e-05,6.943009877450196e-07,-0.01031155099102839,-0.012586495240956836,-0.0330469907193229,-5.633292197489568e-07,0.005600783428238344,-6.080549886696206e-06,-4.2322755278732244e-08
NSD1,0.01673990534011206,3.090423982949076e-07,-1.837563192592861e-07,-2.6022786645679666e-05,-3.151536790234035e-05,-1.0365524517662338e-06,-0.0001602877427757325,0.019637741647034305,2.664277965116598e-07,3.142498462813133e-06,1.2067708778651096e-06,-0.009493204858558412,-0.003026255581966365,-0.028304497500244254,-1.3948948929742508e-06,0.009100862037707063,-1.3592006632157839e-05,-1.2674951500778824e-07
SPATA31D1,0.016159146405111544,1.1579288618054417e-07,7.921087183490988e-07,-2.3476282293842755e-06,2.268893223996881e-08,-2.547944858868162e-06,9.255853347118622e-05,0.008639343228881623,2.626971261792167e-06,1.0873167117844337e-06,1.4223684143245995e-06,-0.01524182112276912,-0.008955261124161087,-0.03153565032883126,-4.003889694458098e-08,0.005703037447702344,-6.551451398314645e-07,-1.4339727542376748e-08
CACNA1C,0.014433866061835348,1.6347787138629113e-07,5.316650516840523e-07,3.1016049292520853e-08,-2.009811607534348e-06,-3.276407292462723e-06,0.00011151305137711659,0.010179746644008931,1.349526081318454e-06,-1.02753871865419e-06,-1.4581665582181755e-06,-0.012562632240736058,-0.014837096658381807,-0.0361821005371786,-2.520462997769321e-06,0.007143060862846644,-8.564930614493972e-06,-6.655778151884523e-08
CTNND2,0.019724775700433225,3.753333130920312e-07,7.129009020267917e-07,-8.65902901972078e-07,-4.470800553379295e-06,-3.3933428356084075e-06,4.81195687423724e-05,0.006739822014809047,1.3652909286619302e-06,4.4536527759984915e-06,2.604777309843798e-06,-0.010935846679491299,-0.014470338000375524,-0.035392829323341125,-3.7029011470560783e-07,0.0040779159196775265,-9.9793257333958e-06,-1.461586803485537e-07
DCHS1,0.013136539687037114,8.078970632376346e-08,9.188774998211381e-07,1.96827573326433e-07,-0.00010430116259120377,-6.813534833267603e-07,0.00046524281115653635,0.010528785227813538,5.646594101176804e-07,1.863299010040734e-06,2.746908460032751e-06,-0.014982867026578842,-0.016966527243121945,-0.035621375618004845,-3.358402772962e-06,0.006165416634606137,-1.7983004633652766e-05,-3.115058728458353e-07
GRIN2A,0.015494847546946062,2.1396174571759056e-07,4.3463248648750604e-07,-1.9675305092629726e-06,-5.462355523331578e-06,-3.0037957426579967e-06,0.0002595992928708709,0.006160942688446015,3.808536386507772e-07,2.775689064714488e-06,2.0826361672608664e-06,-0.011333535619333025,-0.009215678439695077,-0.033311192891345286,-8.332235651610699e-07,0.005677263839980455,-1.2627458459223623e-06,-2.6743612123351062e-08
SPAG17,0.0160355712921275,-1.4598946644382844e-08,1.3454335103852459e-07,-3.8556891482452507e-07,-1.4217951997772706e-06,-6.941145888435264e-08,1.3658843127482724e-05,0.010587425429565799,-1.2838809781402098e-07,5.663773430803296e-06,2.5130370333302484e-07,-0.015480395586781182,-0.013313651547022052,-0.03195081920674757,-4.465402846164432e-06,0.004485081941982486,-1.3031316677418435e-05,-9.539912177744721e-08
TNN,0.023671021992188946,5.339831229986728e-08,9.641439492328505e-07,-1.9890162421194356e-06,7.770367844725077e-07,-9.600144590579262e-06,3.6335790561139654e-05,0.004613491530405566,3.734797317369925e-06,1.2019900171494265e-05,2.8447145618775154e-06,-0.008379309564347261,-0.011183879106871913,-0.03433871238325716,4.154787197478209e-07,0.0046596881108598226,-3.698687987962894e-06,-9.277014667229917e-08
DNAH1,0.0066554819666426335,1.4094237469120882e-07,8.676543544031264e-07,2.154036223976149e-06,-4.1342155508303125e-05,5.570167785913707e-07,0.0006572660669872054,0.013806351504421997,-4.1169217359244655e-07,1.3373724588206347e-07,-3.1235267965732525e-06,-0.013521527141460356,-0.015383176396530227,-0.02995166807987544,-1.8703909135185717e-06,0.0069542236882310276,-1.5005290282869974e-05,-4.0357011896186823e-07
HECTD4,0.014097276075147352,1.3858916104765518e-07,2.715692865778026e-07,1.0404780697866628e-06,-3.0214392250938198e-06,-6.747592615294538e-07,0.00015657356312504482,0.01218662969779231,2.706722060129374e-07,6.672059935340233e-06,7.124580306917129e-07,-0.014497066015837001,-0.013410976001968933,-0.03202313144990089,-4.645402266306724e-07,0.005259988162170991,-3.2234305894069945e-05,-3.0587846294220236e-07
RANBP2,0.010948721478678392,1.3758934131488403e-08,5.619582011312632e-07,5.655204051314513e-07,-4.54561763527382e-06,-2.1625572799772182e-07,0.0001240533954464343,0.010707270430814427,2.558828097325608e-07,1.4099040792819395e-06,-2.118195919884526e-06,-0.014324904944976706,-0.00832649783683062,-0.030518255460100507,-4.940554749475638e-07,0.0062244870971090195,-2.0514203051506785e-05,-3.547861263624291e-07
DSCAML1,0.014405360190499698,8.519719314659379e-08,7.65383475444377e-07,1.2781909998652602e-07,-1.8730241342951278e-05,-6.398956790600074e-07,0.0003434136381464504,0.012374089169161679,-8.206103521764152e-08,1.1325509210534132e-05,-7.145142073434321e-07,-0.01106129583322935,-0.012382819537954793,-0.03260470815847,-6.45278824248803e-07,0.005553393955946063,-1.0810755242240495e-05,-8.181879398933658e-08
KDM6A,0.018754683208128606,4.2643388307698606e-08,1.7284547676323515e-07,-3.78776311194732e-06,2.118530383352711e-07,-4.669415005362635e-07,-0.00015114418899818467,0.007849201748683981,-4.546345576452687e-06,1.836711839186713e-05,-5.00621136818867e-06,-0.0027590231604585477,-0.003486774805651597,-0.015986804482950596,-5.421787667287426e-07,0.00948570930097541,-6.110874266363178e-05,-1.0546206738055303e-07
CDH9,0.02317846449865166,-1.2731282269334986e-08,6.32968375693608e-07,-2.827412383165968e-07,-4.628368134348858e-06,-7.1314492989654294e-06,7.761118521032813e-05,0.00869667071475255,6.310006766802961e-07,1.2273307818958317e-05,2.2778076642725497e-06,-0.005698557588048702,-0.00936215872050488,-0.03099221769745023,-3.4315353642158636e-07,0.0015586529104828948,-1.4785043747409297e-06,-1.8684639076725093e-07
MYO15A,0.0047888010744438995,9.858754278889465e-08,3.7013981518610253e-07,-1.3091318844449908e-06,-1.3509979616746676e-05,-7.677492089524715e-08,0.00011046400577444018,0.01367974920480268,-6.912063043068902e-07,2.7283777634934373e-06,-1.0378658766524798e-06,-0.014868602696307668,-0.014548206547432383,-0.03185761704625813,-9.142327063426351e-07,0.009081869057841446,-1.3361355551896408e-05,-4.634326727525551e-08
SCN2A,0.017053937043586362,1.0108652441178661e-07,-6.053944871019544e-08,-5.0200989813643e-07,-1.6432567852519354e-06,-6.653134485765403e-06,6.458668369618567e-05,0.004980061366207674,3.690830246943844e-07,1.2382155411850756e-05,3.0976526384651362e-06,-0.015259844065452518,-0.015915146342756918,-0.03309507499186596,-3.982407504066431e-07,0.006982307668388692,-2.680957951801305e-05,-1.1920616549223625e-07
FAM47C,0.02188429146050706,1.514741362777365e-07,1.1456816099245301e-07,-1.0643357222348192e-06,1.7618864822470735e-06,-4.413038626757956e-06,0.0002214161110521517,0.002896633018812083,6.960141949871839e-07,4.556585076906221e-06,-7.216834362152362e-07,-0.011430071065379804,-0.010492264067135696,-0.03715750693552485,-3.862941336281307e-07,0.0027971263125571026,-2.6273462593731303e-06,-8.521554954513266e-08
HECW1,0.015333357485109967,6.686275168404962e-08,1.476188592688613e-06,7.400142835273157e-07,-7.855260462885831e-06,-1.216020166365121e-06,0.0028530957618106163,0.007985982511685275,2.749351425066605e-07,6.981686423966189e-06,-6.4490455085157684e-06,-0.012472992181481112,-0.01528068327238757,-0.03050478531171169,-4.254349719354534e-07,0.005786511599903251,-2.3063461339677166e-05,-1.0941869903698986e-07
PDZD2,0.013107153924622758,1.1911333803281861e-07,4.2469808549703716e-07,-8.595356481790506e-07,-2.9333315076586316e-06,-3.7381801099031842e-06,2.6235151047433315e-05,0.011366589041295675,1.1201529170219443e-07,2.70542605165226e-06,-6.845780504233973e-07,-0.009115710515459029,-0.009676869157484072,-0.02926991697384942,-2.396126723458319e-06,0.006509604185517493,-4.515678620132738e-05,-5.437930722549306e-08
TCHH,0.013001367025636722,1.0234926633919958e-07,1.8866061400687235e-06,-6.83028181720513e-07,-3.7009860222445436e-06,-1.899559924573439e-06,0.0003647986557201944,0.015235602096256526,1.220105781956852e-06,-1.4645201406537084e-07,-8.198392644314279e-07,-0.014290304190788531,-0.019858823539948212,-0.026615573848342063,-1.6164847770578446e-06,0.009517437787805755,-7.358687618995938e-06,-3.6157588135377816e-07
AFF2,0.012134196055605359,-1.7351994457946672e-08,3.139294805662529e-06,-2.0468656149627176e-06,-5.167432838850809e-06,-3.990438118873097e-06,0.00048058000786850726,0.00821103836500027,2.3654658286890114e-07,4.035385254683545e-06,-5.130701061576984e-07,-0.009716215597077653,-0.012969445029256585,-0.029833943013863853,-6.468752572464788e-07,0.006662061205888888,-1.8114824303923416e-06,-6.08579132566424e-08
CTNNB1,0.0012264146501585302,4.564377468846611e-08,3.5928072861257045e-05,0.03861148269290965,-0.0016621242028634336,2.341121736852277e-06,-6.170035990269996e-05,0.014411883859718115,-7.512441300448804e-07,1.038659898941052e-06,0.0397102771455274,0.008753920490980876,-0.02275045778519935,-0.011674942201434781,3.804191235149007e-07,0.003812563492760025,-4.0546344471859655e-06,-1.1098515853928886e-07
TRPS1,0.015485850768072209,6.665832394365313e-08,2.917956058991018e-06,6.651544927946061e-07,-9.01573292653081e-06,-1.5831295860951106e-05,0.0014402417619840046,0.01109231487710141,1.0623545578524387e-07,1.6714794945026724e-07,-3.907070891378692e-06,-0.008766378612895325,-0.015922088597811353,-0.033599801159365957,-1.479093659271451e-07,0.005583263458482875,-1.1670924754884735e-06,-5.2887536934878226e-08
CRB1,0.019592005883293503,2.9821262503585125e-08,3.9688628285909423e-07,-6.246881798685032e-07,2.7029644693683194e-07,-7.061098099237577e-06,8.075212989385731e-05,0.005631574174558617,2.2009606279781284e-06,3.3954439935601526e-06,1.250528877335444e-06,-0.009242438125609393,-0.009827021574617973,-0.030614072267191022,-2.902784083312164e-07,0.005648443546486829,-6.166726020213132e-06,-2.622743382889428e-07
LAMA5,0.010091756664789753,5.3130139049934804e-08,8.552469476752154e-07,1.2777490803485719e-06,-1.0792669529551305e-05,-1.8134665334188077e-06,0.00020092964418516468,0.014597741319280525,-4.4241133313794934e-08,1.0224339549681521e-05,-3.349153933268686e-06,-0.013149986546485784,-0.017267334381032708,-0.030965431169624948,-5.323241389987938e-07,0.005683322227217632,-5.072791230378752e-05,-3.4329195027845396e-07
PTPRZ1,0.014840846026366782,-6.542814909332912e-09,7.121691281949379e-07,8.799967769865113e-07,-4.592894191117893e-06,-4.214510880061538e-06,0.00014367907197849794,0.004252465920259687,2.2040545934691497e-06,1.7486518710726677e-06,-2.135138638232941e-06,-0.016961289457705808,-0.018616728616619966,-0.031075038142573265,-2.1567822695695467e-07,0.004993083631175278,-7.93433227325786e-06,-1.7458346129393721e-07
ZNF831,0.016604664761092142,1.4793915712330113e-07,1.3210844831708625e-06,7.936931593166326e-07,-2.0507600143645046e-07,-2.5788171989573803e-06,0.0001234481320790078,0.007303255234556227,2.3464834633520586e-07,9.017254577295483e-06,5.718397708646053e-07,-0.010546916817030691,-0.013301053001279877,-0.033089942611078435,-2.523880859373643e-07,0.0025040020848004245,1.1070976916212154e-06,-7.139597646908083e-08
GLI3,0.012191195327387836,1.5753898132663994e-07,5.914349044244222e-07,3.3243038073626593e-06,-1.4682220913940408e-05,-4.74234490896213e-06,0.0011757070278422934,0.012244897364115246,4.5033957833933574e-07,3.269624940201638e-06,-2.5844022068011275e-06,-0.012670738260833677,-0.020711077192004466,-0.03233318975206724,-1.6870685839179215e-06,0.006192790019626075,-9.306218884700758e-06,-5.669850465210844e-07
POLQ,0.019480014274343923,8.081832944351968e-08,2.967769490018711e-07,4.856275174425925e-07,-8.291026270623659e-06,2.5277162676150612e-08,3.336687129605136e-05,0.009345796579158964,-2.089722673766772e-07,9.04179877257403e-06,1.2530001449807883e-06,-0.012395893149772054,-0.014170206717492638,-0.033774778678621206,-9.695827115227162e-07,0.006061321395880099,-6.808125695990515e-06,-1.5075117818692755e-07
SRRM2,0.011420592585889422,3.4075626606556903e-07,-5.7029671053319056e-08,7.308586239086386e-08,-8.309224704885295e-06,-1.7111557279561036e-07,4.281611886785752e-05,0.008911361299609583,5.203681943237371e-07,5.629628698638421e-06,-2.980431250904726e-06,-0.016568263750434117,-0.011216127083570096,-0.0329179549509736,-8.24687286469283e-07,0.006823849007954699,-7.468048212730593e-05,-9.851355497755994e-08
LRRIQ1,0.018709123673962547,4.7063721873428424e-08,7.910668853262125e-07,4.806668370458577e-07,-1.8404291565218623e-05,-8.249096850257605e-07,0.00024372540053894137,0.007471867572849766,1.1227793238061428e-06,1.4718557464231927e-05,4.9432726291196894e-06,-0.010266563464287951,-0.016029929682744932,-0.030318311495979678,-1.741147672052048e-07,0.0051880491167760985,-8.115891624598956e-06,-9.022617854408072e-08
MGAM,0.019247642105147195,3.856572205051851e-08,1.795507730909288e-07,-1.5962013933249046e-06,-3.021510510490101e-06,-2.213234914801175e-06,1.5132495799339008e-05,0.005680478810194073,5.230202463174347e-07,1.0136812296143036e-06,1.1655419875387628e-06,-0.015762549118310612,-0.012878609685789619,-0.030185635739905622,-1.0391679454565576e-07,0.006311747051043362,-7.759830391054729e-06,-1.3574852195557963e-07
EGFR,-0.0013615705198308618,-9.747608768619125e-08,-1.3790494212112003e-09,-3.811289077152865e-06,2.4491604080581916e-05,-0.0004301389342354704,0.00021138355111832504,0.008969570185673986,-1.78479993889508e-07,-1.1025948606608151e-06,7.246932560028042e-06,-0.015187151142618606,-0.003821268983928413,-0.007472379460916385,6.898933701769243e-07,-0.004831177679257991,-5.093149952043685e-06,3.1636654804235935e-08
TENM4,0.01459194661652188,4.543626767105041e-08,9.702191007612673e-07,5.920245935381105e-07,-2.3522678038880876e-05,-5.742457614553617e-06,0.00024006874010172374,0.01258087525573331,-2.531129263189609e-07,6.956670789379721e-06,-2.9473125008616893e-06,-0.012790260737773904,-0.02071048699539903,-0.027832168914269116,-8.376876557581419e-07,0.008283934028169182,-1.75966063123804e-05,-3.890631412099536e-07
ACAN,0.013681883505565018,3.4267009139410357e-09,6.331894425489991e-07,-1.0509564839109456e-06,-1.693134531694646e-06,-1.3340742897465583e-05,0.00014631029083180653,0.007859202334707754,3.581465401653225e-07,3.730052838387559e-06,1.2695328831471415e-06,-0.013626292477500232,-0.010253923170175216,-0.031168387095779626,-1.3221722654435025e-07,0.0056379786368220075,-2.381117280292975e-06,-4.1234894920068956e-08
CACNA1A,0.014860098103247352,1.0155394075853458e-07,6.052767042529358e-07,-5.91968914432838e-07,-6.986649283277043e-06,1.8649742609836013e-06,0.00017829484414846007,0.004191057318971975,-8.015730706477945e-08,5.063061619929925e-06,-4.2999794027191467e-08,-0.013754773181899283,-0.013652750052316526,-0.027187474685520505,-4.0732633508634186e-07,0.009684703805695452,-1.0082704164301607e-05,-1.1828560252774098e-07
ITPR2,0.01467653807401845,8.542347297867563e-08,1.793211927644241e-07,-2.0514639878557757e-06,-7.2243030501726595e-06,7.920821746282262e-06,4.8335577632049604e-05,0.010925583873697142,3.642236938888924e-07,1.4302238416926039e-06,1.0135580387465598e-06,-0.012970956571117562,-0.009538571391376639,-0.03080374198723002,-4.494721338933128e-07,0.00737862474864996,-7.759642881327698e-06,-1.8949203871028026e-07
MAP2,0.01788006815995812,1.967236638414122e-07,1.5301956412299927e-06,-5.830422085041662e-07,-4.192328023819258e-06,-5.862477372600235e-06,0.0003393644281996845,0.012172017142005685,4.621749975379683e-07,1.0402411940263147e-06,2.762218056512712e-07,-0.009680404409122961,-0.013235227101447027,-0.03299364674844553,-1.3395734415431404e-06,0.004618897572071014,-2.4519528832035678e-05,-7.923506963438443e-08
PKD1L1,0.01449863393936376,4.5183069894147984e-08,1.4062928151122777e-06,-1.608418262770738e-07,-4.576419877627931e-06,-6.405422950680873e-07,8.954883783370988e-05,0.008994826883707847,-3.396782864857423e-07,9.762190051122347e-06,1.488957617154045e-07,-0.01389653338320447,-0.01196680349927674,-0.032527631787111974,-8.412956054830856e-07,0.004788785212677751,-5.0033578939372825e-06,-2.975606938748841e-07
CELSR1,0.006722138544004702,4.1662855053127894e-07,1.379107246487816e-07,-4.055413305857708e-07,-3.0959762959241994e-05,1.3260275137951556e-06,0.00011260927425058176,0.011759843762867239,4.1408343019912613e-07,3.004029617868378e-06,5.331904211835767e-08,-0.016786263125477128,-0.016005421132646157,-0.03090655739545612,-2.021296016337147e-06,0.006590082343645856,-3.230349059670652e-05,-3.0893655697483964e-07
RIMS1,0.013610904237830214,3.236007496442483e-07,1.462070822444684e-07,1.123836769787423e-06,-2.9611620978128553e-05,-7.087295927964837e-07,0.00033873017886168846,0.015667077056090856,2.1174182182892484e-07,5.328472170328345e-06,-2.4369761540632016e-06,-0.012093135776701116,-0.01644120356685958,-0.029656092546808496,-1.3749601514412224e-06,0.005870034853040151,-7.552338831124629e-06,-5.323736747119259e-08
ROS1,0.013743788143892963,3.1550427488033784e-08,-2.092376454828667e-07,-1.5318746239079988e-06,-7.343250816687297e-06,-3.303856531799918e-06,2.8289680512690327e-05,0.014016742990057833,1.0872131028311848e-07,5.308716210211245e-06,-1.8708666818906483e-06,-0.01548751468313249,-0.01044324048791736,-0.027332157416231163,-1.9886194970415315e-06,0.007328699464484526,-4.052305616400005e-06,-2.69393803395094e-08
STAB2,0.017826795407285018,7.548129682000136e-08,1.3133984346191205e-08,4.7771529203816725e-08,-2.4193479911130315e-06,3.272512397205806e-07,0.0001480146141101264,0.005906887528665377,1.0563955046078441e-06,2.793190954847175e-07,9.003935782148312e-07,-0.01124522894051556,-0.013587307090422234,-0.02794465844341397,-1.5681770046137077e-07,0.006366044342640599,-4.340286334339889e-06,-9.123397245770962e-08
AKAP6,0.013188843770053377,3.187889921102766e-08,1.5205736929466573e-06,-2.186776293858963e-06,-8.265898351689145e-06,3.0954381850353344e-07,0.00018781670136853667,0.01311815914954858,2.1573167794244934e-07,1.653442307857421e-05,-9.867788857433042e-07,-0.009984406299022789,-0.01175134779639651,-0.03026509153373403,-2.679934231900877e-07,0.00994962397646692,-8.339381371283641e-06,-1.39846959742947e-07
CIC,-0.010579806514942253,8.356826907640628e-08,-8.506734489448663e-07,-0.0003087944150774022,-6.255956732647593e-06,-5.987750384452332e-06,0.00572353965037818,0.026807087891126336,-1.0706034594572327e-06,1.2990267224330296e-05,8.874415599409037e-05,-0.03481953758854078,-0.013523744309051752,-0.006401327840620208,3.0122399044311005e-07,-0.011732045100167272,-4.235897670820394e-06,8.886460738743572e-09
MGA,0.009088548228652208,1.4604354276733378e-07,5.858807777537601e-07,7.401599342776738e-07,-3.208781619698017e-06,-7.88517538393986e-08,2.7407579210957432e-05,0.010100463598455237,3.501720421441687e-08,1.0132419389403853e-05,-1.3751103533504143e-06,-0.010986322935966677,-0.010223362808029282,-0.030933425241756116,-8.765179885860332e-07,0.007348894973284999,-1.896163535180373e-05,-2.047115634360145e-07
NCKAP5,0.01621920536438704,-2.096274622050417e-08,1.505866779628804e-06,-6.848830654069914e-07,-2.6880673646967476e-06,-2.630911154299288e-06,0.00012847996630860673,0.00782772966959417,1.0568534045722321e-06,7.286263663094043e-06,-6.757247886188134e-07,-0.011023484306768827,-0.010030988901348863,-0.03246602170791546,-3.6908134670502637e-07,0.005208773083847888,-5.146696338955861e-06,-1.2211028875205198e-07
NCOR1,0.013352831788752658,2.4890807620548843e-08,9.555620652022052e-09,1.8891579825208482e-07,-1.9210995563030852e-07,2.0776714331118004e-06,0.0002924733198320802,0.008390858108348609,1.5687895072822656e-07,1.35144612675795e-06,-2.086030384448295e-06,-0.012096187425903014,-0.01002196017012595,-0.016770728055547822,-3.520129080589449e-06,0.012163474192373297,-1.9208792116580437e-05,-1.0228649729833163e-07
TRPA1,0.014703672763895188,6.822764158115868e-08,1.5841517004967943e-06,-1.0398162882927373e-06,-1.00682547190178e-05,-3.929140221009845e-06,0.00017875195931459236,0.008951355554069382,2.208490292302773e-07,1.2113695550256664e-05,1.0782475333991158e-05,-0.00964453739530404,-0.01368633823006957,-0.032776925082673006,-3.356058995334587e-07,0.005166794367398768,3.702494744455323e-07,-5.658230409762214e-08
VWF,0.008705370351957502,3.897458013328754e-08,8.250049899252811e-08,-1.1396469662220507e-06,-1.3389420710876642e-05,-1.4212555594827243e-07,9.054627656147661e-05,0.009850775673996483,3.031401945003473e-07,3.4342712919409956e-06,3.0623836231721364e-07,-0.018033348234209882,-0.015276655538932028,-0.03124387109237992,-2.9799810933300267e-06,0.006865911649126059,-2.4041388669585005e-06,-4.656483286010278e-07
ADCY8,0.018417057558323197,1.3869266621971705e-07,1.2486955539404919e-06,3.1966598930046023e-07,-5.692839686287338e-06,-1.6852585300989276e-06,0.00010828870206574951,0.012276899424966854,6.979015776178532e-07,1.4745490331368483e-05,-6.364749766267323e-07,-0.009665701231701608,-0.010772422273015675,-0.025712199805154615,-3.944098451210282e-07,0.008034837912805622,-2.051810732031815e-06,-2.206425781399102e-07
COL7A1,0.009703620636484335,1.0758545297122144e-07,7.578504817082222e-07,1.0947420293856333e-06,-4.306685783734887e-06,-8.33846380113454e-07,0.0003118161765059705,0.013615740444628937,-5.891380973293881e-08,2.673315880848918e-06,-1.131279098895138e-06,-0.010714236071322807,-0.017730542795420266,-0.03465582428857939,-1.8523344020702384e-06,0.005424897111277195,-9.36421130303591e-06,-2.2411528868107537e-07
MYH13,0.01929723811061267,7.779749425462703e-08,-6.617422610869307e-08,-1.213043169557803e-06,-2.042544401607879e-06,-5.538623451714154e-06,0.00011575053114785994,0.0078041211012942376,2.592225396915602e-07,3.080593965073805e-06,-2.1591912106749114e-07,-0.010834528314138035,-0.009895564429884778,-0.029233177056945486,-1.5645093589214775e-07,0.004805183529311578,-5.139065829325032e-06,-1.6412580781101116e-07
MYH4,0.01722021585868695,5.05062022026693e-08,4.3927241687407253e-07,-2.2775444214877115e-07,-5.585781795813723e-07,-4.2065443154189774e-06,4.7161502297849396e-05,0.0038839106088318144,6.253423773990378e-07,2.1483947210436564e-06,2.749671036123338e-06,-0.013354557441773678,-0.006882974166003011,-0.02731825166567313,1.922873377541859e-07,0.0035701761883471833,-1.4142058464296956e-06,-7.014293630037776e-08
TEX15,0.013863010254829883,3.38216246311511e-07,2.781678592165219e-07,-7.411565223266874e-07,-2.6303266334663945e-06,-5.890400572148327e-07,0.0007310082163844953,0.008368698520012563,9.110458196922842e-07,6.132808260779819e-06,6.851363439856355e-07,-0.012280752260803324,-0.013407502000891537,-0.03367283894583313,-8.377169080405348e-07,0.005726106036955141,-1.881740878106017e-05,-4.2186821366405057e-07
LAMA3,0.010484162798910296,4.7424179110517275e-08,3.95807912916467e-07,1.4046561155621162e-07,-2.659820701407073e-06,2.369094745618664e-06,6.580550034082762e-05,0.011771824090750952,-1.7420031666644925e-07,4.334495894973488e-06,4.992325295450447e-07,-0.014381797983042904,-0.013800629828883818,-0.02844366225876711,-2.3723528990025344e-07,0.007502305013365037,-1.0819307126590508e-05,-4.640991865043158e-07
PCDH17,0.01510894725097245,1.1831727464071336e-07,1.5072620397329342e-06,-1.2218613043015348e-07,-2.4664994771142124e-05,-7.102918690167447e-09,0.0016607165629115705,0.01565887813515444,-8.411970393632652e-08,1.2539274486402984e-05,-6.360885034985301e-06,-0.010678477662139106,-0.018054069229202586,-0.03203064512824575,1.3902336178714277e-07,0.008293090941257396,-7.420635377818659e-06,-4.417152216664207e-07
PTPRB,0.017319752940210008,-1.6728828986879574e-08,4.603576418451561e-07,-2.3217444728097582e-07,-5.047778476056062e-07,-5.6887607930748125e-06,1.1635836842608738e-05,0.004658797472312119,9.232733333628352e-07,1.610072749079002e-05,5.5500318862100735e-06,-0.011182872731512354,-0.009345037584815639,-0.031748341429929314,-7.260292435230809e-07,0.004533549359468107,-7.593061776996653e-06,-1.0640110992241603e-07
TNXB,0.013340470791101573,1.0256115022709042e-07,4.725607307410341e-07,-9.107511514380443e-07,-6.447814697610084e-06,-8.739835851610635e-07,0.00026716420338709283,0.0133486205192283,-2.198679145941168e-07,5.7657678505655054e-06,-2.628062557963087e-06,-0.013746404346589155,-0.014679802470061051,-0.02655867805718767,-9.38022630294874e-07,0.005636078217505031,-1.033031180234082e-05,-1.940864162890245e-07
TSHZ3,0.015052653110706254,1.3135649416655973e-07,2.310257844238328e-06,9.114674653086475e-07,-3.461637898821909e-06,-5.4762146702893365e-06,0.0008991451851193264,0.00606868920576361,7.224895928781607e-07,4.043187217936292e-06,-2.9998794251542655e-06,-0.010391167340621234,-0.014519315745984812,-0.03589087848786444,-2.0812827276106842e-07,0.003156057924111766,-2.135130124413613e-05,-1.4702603683755458e-07
BOD1L1,0.01120770434887841,6.345829778034102e-08,5.796219621368919e-07,-3.086897837605852e-07,-1.0292913029128116e-05,-1.5547373502551586e-08,0.0001714016716322802,0.01013094117148822,4.47329759196055e-07,3.454686113057941e-06,-2.627067817402253e-06,-0.013641121518892988,-0.009255418253624305,-0.02678392109489652,-6.338403134297957e-07,0.010574855783730418,-4.0104124562369524e-06,-1.0030104312683638e-07
CPS1,0.020394448804814426,4.383906669454243e-08,4.323513084719683e-07,-9.20289466384109e-07,-5.23067170023054e-07,-8.348461452510076e-06,9.5218427367992e-05,0.0012685416180211633,2.748576747668637e-06,1.2176030405597836e-05,3.518138493545222e-06,-0.009823442042790637,-0.010475089893163536,-0.03157463070309939,-2.615432404080153e-07,0.005367614837886446,-3.1060866276583675e-06,-1.9559045634691484e-07
IGSF10,0.01638074329340143,1.0760880364055774e-07,8.15383637610032e-08,1.0853178981109877e-06,-7.606176609068473e-06,-6.64213635559776e-07,0.0007239692420267929,0.009806161251842204,2.084758228484455e-07,1.7086191506333372e-06,-1.589100278154147e-06,-0.017850423903799692,-0.014578535631843866,-0.029448518598662283,-8.95605206823505e-07,0.008828515155741444,-2.677107403836579e-06,-9.906296939488342e-08
MYO3A,0.013653736976317743,-9.013371000535581e-08,3.5302582335004766e-07,2.1328277704919016e-06,-2.6865472814820853e-06,-2.3510981300186987e-06,0.0004865188249246349,0.010276191946391887,3.26184207717358e-07,4.004806031185876e-06,2.138335013593752e-06,-0.012199665386002135,-0.012150102785689695,-0.03253510732828777,-1.4911133246208487e-06,0.004049004704677082,-7.14705578758118e-07,-7.330355377073279e-08
SCN10A,0.015741582614616847,4.0423351674538506e-08,1.177757070183132e-06,-6.36678575296351e-07,-2.1276146067185745e-06,-2.0300867747819244e-06,0.0005914982262368769,0.006531839252976781,7.187217211289438e-07,1.4021898138125197e-05,3.6016191073651215e-07,-0.013526889005746966,-0.014957477302036316,-0.03132244857427939,-7.480098955528495e-07,0.007239460714637157,-3.226022609364105e-07,-3.5940860387748515e-08
SCN3A,0.0138140546254357,4.721928584928611e-08,2.2766621684415167e-07,-1.00917509463097e-06,-2.525396839459798e-06,-3.518033779923971e-06,0.00025078723447888686,0.012215081612684383,7.230555175876428e-07,4.456974347721893e-06,-1.5185949608726674e-06,-0.01247376412645918,-0.014927906918058521,-0.03192214013466915,-4.836717197226839e-07,0.007767609050157623,-2.9062123344245285e-06,-1.9922553886995597e-08
TRIO,0.012705899010476349,1.393429280127886e-07,1.0252797036832423e-06,-5.994866920183335e-07,-1.5671804947079668e-06,5.789546619261289e-07,8.776727943010385e-05,0.009968594354097741,1.073393429700255e-07,8.161927115543776e-06,-2.3580625166703333e-06,-0.012131758132554201,-0.014936120235104879,-0.030723632635585404,-4.914091168648051e-07,0.0077060009871027756,-5.601091936183126e-06,-2.7684929653372285e-07
ATP10A,0.015954980897375005,1.1779789285289683e-06,2.1271686503243728e-07,-1.2215571276089588e-06,-2.2217416198281955e-05,-1.2422521412683531e-05,9.759698068775701e-05,0.013607580171214367,5.151312718902668e-07,1.1235387059104904e-05,-1.6092014533164359e-07,-0.010782099624552009,-0.01059996780670079,-0.02898430770008197,-5.524646578478887e-07,0.008092989803031699,-4.1535261108649995e-05,-1.4255328819920707e-07
CDH12,0.022113367075991885,9.946396797735379e-08,3.4382633691945577e-07,-2.1748673437912e-06,-1.0451749463024159e-06,-5.932390923010009e-06,0.00019614337752210518,0.002085156868697521,1.324815446756957e-06,-2.413383418277851e-06,1.2718031151682229e-06,-0.013634518273264853,-0.012221583141400068,-0.034751951323448084,1.9184419744901307e-07,0.0028585692477070767,-4.641234167674e-06,-1.6086844599082998e-08
GPR158,0.018095360578568996,5.954596896246749e-08,6.162384457495556e-07,3.5254877199425723e-07,-1.259864075951224e-06,-2.162060510665661e-06,0.00019857078086878217,0.004780056357071415,7.414279169508387e-07,6.632410184310367e-06,-1.9451170930159938e-08,-0.013003489483633604,-0.013874376680113374,-0.03562506120280052,4.9216818328420215e-08,0.005832630276558637,-1.2361317440907886e-05,-1.2821617523048623e-07
ROBO2,0.009004607458457435,2.2675994727286e-07,1.932815136546279e-06,1.2997252521559734e-06,-2.7603755459203125e-05,-1.0978945923650295e-06,0.0005483531485060036,0.01007915035272866,-6.206108111661673e-07,1.9021381264327126e-05,-5.312417714836917e-07,-0.008376211396566663,-0.014589908719878189,-0.03109883822005851,-1.45590196179782e-07,0.005222498214748184,-8.291371455070213e-06,-1.8665763095537382e-07
CDH23,0.010463134985449582,9.716062019898575e-08,5.726028840601978e-07,1.6149785405109618e-07,-1.5014667584718143e-05,-2.963569854095598e-07,0.0014253211685554563,0.011101558814191444,-3.201747870604161e-07,1.824611799588885e-06,-1.8921858556381094e-07,-0.016211806908824646,-0.012608832896777054,-0.031155237164700225,-9.192345423450104e-07,0.007016166628662557,-3.485670619648216e-06,-5.1442998851037447e-08
CHD4,0.008756703286875554,2.2373295706513153e-07,6.05510360281878e-07,-5.296602793501464e-07,-7.346765855687866e-06,5.923414354908392e-06,0.00025771323894621065,0.009088941959869009,-4.341308078068894e-07,9.766321222321399e-06,-4.191655445468772e-06,-0.01332719753124673,-0.009027911064604311,-0.025249371650934927,-1.4178079826187567e-06,0.00752943287515695,-4.495015363362256e-05,-6.176497031907557e-07
COL5A1,0.011301173991566322,8.855027143098624e-09,1.4611602106225687e-06,8.445215400392675e-08,-2.282197449112542e-05,2.458116541580278e-06,0.0005144685706675591,0.010917023837658956,-1.7019087291040486e-07,9.536307460084332e-06,-1.239578259985131e-06,-0.012191707166455656,-0.016534368685657663,-0.031246425662786348,-4.336703666523237e-07,0.00688052090303097,-3.007217351783994e-05,-1.0052254207623173e-07
ASH1L,0.009667395806986718,2.1686808458854744e-07,8.241471377056534e-07,-1.11384085609707e-06,-8.3527390079538e-06,-1.9765579716070198e-06,0.00013048545235352582,0.010293777833104914,-2.7606565284032968e-08,8.123852712901718e-06,-2.5402843020588526e-07,-0.01100524984405038,-0.013668341147156678,-0.03220022795420554,-2.1997146813854407e-06,0.010462638771792897,-1.0546046958708278e-05,-4.04920343251427e-07
F8,0.010218529472771541,-1.1769808126349207e-08,1.1739260930937039e-06,-1.8891446900009683e-06,-5.891897121622063e-07,-1.5255857494689887e-06,0.0007916783029611181,0.007255762446898693,3.7355244886920196e-07,9.548010773212616e-06,-2.2905145436811583e-06,-0.013542317348214003,-0.011691444276257257,-0.028412562933237646,-2.6089963115860216e-06,0.0074646482577398485,-2.7051322427963812e-06,-2.4616574631197215e-07
MYO16,0.015191442907898764,-3.016845434134053e-08,3.50871547218066e-07,-2.229231163474893e-06,-4.113272187858531e-06,-1.989486072880077e-06,0.00016207276606184731,0.00966269251230129,1.4106884489021364e-06,7.978235300756905e-06,-4.443643348628809e-07,-0.009578264478576343,-0.011719365248519843,-0.02682751923194038,-6.982031591679393e-07,0.011080095699290131,-2.358526822816981e-06,1.0865968301748785e-08
SLIT2,0.013770922896042013,1.0712035602504269e-07,1.0682897391542423e-06,-1.6765259820916962e-07,-7.613843794443872e-07,-3.6906833052104775e-06,4.402572599565001e-05,0.010635383156785893,5.093250165675529e-07,1.517120903226114e-05,6.695275695574699e-07,-0.010982406935593447,-0.011270491844378226,-0.03045779080346487,-2.141639209788193e-07,0.008473057764723707,-3.498791907123476e-06,-9.397425361824222e-08
ZDBF2,0.01459035202267453,-3.0071318235990255e-08,6.428287775313333e-07,-1.8065939916410606e-07,-2.1587742663912043e-07,-8.938168483154977e-07,6.98141028413255e-05,0.008768088168388144,8.059023119311629e-08,3.071625222975189e-06,-5.038089189460554e-07,-0.01295113649041318,-0.012248406969303115,-0.031794449096678716,-4.803146984838973e-07,0.006305671578549053,-4.688920310534504e-06,2.3661206179146332e-08
ARID2,0.008773227346840228,2.985117951505229e-09,1.4552570367000641e-06,-4.779227523638429e-09,-1.8387402379463644e-05,-2.157206310127939e-06,6.438801183336996e-05,0.00973228332753283,4.427584152326778e-07,2.5612362524676935e-07,2.1784858487360254e-06,-0.009795087410612706,-0.01443686412374262,-0.02045108101684956,-2.427785643839563e-07,0.008370016174056543,-4.9675000777221266e-06,-1.338048541777864e-07
CACNA1B,0.009453337485653971,-2.0124377775188443e-08,1.3392034005604723e-06,1.2113516506502118e-06,-6.507051520445888e-06,-2.019414525930162e-06,0.00020044492028041864,0.013166244728433871,-1.8113005055409717e-07,2.4091151817602356e-06,-1.8269866060715062e-07,-0.01182149691446543,-0.013393606244702098,-0.03024393818291003,-1.6659139740878577e-06,0.006924361334278793,-1.6056218426950502e-06,-2.842869802267338e-07
SPEG,0.011675193127560506,2.3816774671577293e-08,1.1204436185127916e-06,4.045134327436321e-07,-9.70360179912263e-06,-2.170007807826496e-06,0.00016227736116921775,0.009317924624101245,1.1366331309450737e-07,4.884445154321944e-06,1.5525720091680625e-06,-0.011038201821104392,-0.014321384698503841,-0.031232663445988174,-9.350795141028651e-07,0.005387249528116395,-9.621494879242547e-06,-8.84330037268877e-08
SCN5A,0.011370181162213578,1.0802551449343926e-08,6.596410738325565e-07,1.7310309830654417e-08,-6.105942442477128e-06,-4.164565662063068e-06,0.0007503369167557655,0.009360241268065152,-1.3630360744842732e-07,3.3713755679276214e-06,-1.2811365822782218e-06,-0.010798836889368975,-0.018383908880349745,-0.031118555135956467,-1.0060574183946298e-06,0.006346856859928456,-1.2022732403765232e-05,-1.0208802443026063e-07
ZNF521,0.019409345503995486,4.916056023834192e-08,8.829049029068247e-07,7.281511262345943e-07,-3.2838691395452995e-06,-4.283601008522377e-06,0.00023743795192371258,0.009229665162615521,5.853921169734459e-07,1.3620500640257407e-05,4.770306195883736e-07,-0.006630567040685162,-0.011221260732050237,-0.02854505178374225,2.7304940755582407e-07,0.004075963837216299,-5.3136267000416665e-06,-1.2214128154548e-07
