,Factor1,Factor2,Factor3,Factor4,Factor5,Factor6,Factor7,Factor8,Factor9,Factor10,Factor11,Factor12,Factor13,Factor14,Factor15,Factor16,Factor17,Factor18
CDKN2A,-0.047689546086385724,-0.0002898569496119263,0.006877154479197924,0.01426688210938465,-0.000620697397769622,0.19487192504839737,0.07191443151669445,-0.005223263880834613,0.01994536734395764,-0.007619774395862924,-0.0006772393055667606,0.00039352439157644577,-0.006459656922180573,0.0003836813596234699,0.023344611851377973,0.0013265980875844772,0.000275761302881185,-0.008867581272806267
CSMD1,-0.1460828841817875,0.19455863323744044,-0.024132816279358038,0.014626546920604592,4.5866581026935424e-05,0.00016040838086806442,0.01640717661399239,0.0014804091468648285,-0.0008368647239073533,-0.04255149234277465,-0.002228023996979245,-0.0005633042334181886,-0.0032686376621022433,-0.01384415884963546,0.0008258939485063328,0.006227672210942835,-0.000145615691836807,0.04818643148577631
C9orf53,-0.047664959485840645,-0.0003927056134633932,0.006596578005721559,0.014093934043471364,-0.0008087455541643622,0.19549116588660437,0.07178626280171624,-0.004876032161124001,0.020296083347964063,-0.007727999339476993,-0.0003236051696010567,0.00037805152612350323,-0.007227833175490361,0.0004635382504154635,0.024001307382689647,0.0023212644421478795,0.0002937279256636167,-0.008467097453797806
CDKN2B,-0.045916436994920914,-0.00019287647689215175,0.006407461667203353,0.013387572859257018,-0.0008823160431290579,0.1974924921853942,0.06897684722625959,-0.0010491859661658184,0.020290289196018375,-0.0068383038844610205,-0.00042549496258772096,0.0012254435280099865,-0.004280157959842153,0.0004930034616545481,0.022330469389895198,0.0013703277552193805,0.0003110262931503655,-0.007550483676905919
WHSC1L1,-0.012644188065924275,0.1664580578031996,4.0282578752372705e-05,-0.009262736095388625,0.00994792815599431,-0.00032789304220137336,0.015968051835438053,-0.0763694533543304,-0.04110530743104494,0.22553255006497455,0.010983443401258262,0.02719898383189137,0.024941729394744473,0.0005611424273815838,-0.0003281723705039336,0.009313521450523096,-0.023007930045248082,0.023618812846614635
MTAP,-0.04026960322310118,-0.0003076219890650204,0.0053966064802146285,0.009214773424687116,-0.0030963154429823263,0.20459636707727777,0.06348767630494108,0.005633595098491048,0.023989199044454797,-0.00383671304513257,0.0011147479092110538,0.0013652008473025033,-0.0020815085716044857,0.0004983575109032523,0.02089903068169585,0.0045838012185907455,0.0018085543470659662,-0.006808656093475398
FGFR1,-0.013627931110123595,0.16691493338058566,-9.351494583492587e-05,-0.00873133170387372,0.010772452435300443,-6.95033000085452e-05,0.01656127340222391,-0.07607044925057685,-0.039780949863559005,0.2258953729885084,0.010971975263297035,0.027283704584060844,0.025531054701944236,0.0008019377212323272,-0.00022225030767493857,0.007889718103393298,-0.023846682666107732,0.023455106847763557
LETM2,-0.012530705387969342,0.16689445290909383,-5.9302793303262005e-05,-0.009051205882210174,0.010343185843493643,-0.0004870423229388238,0.015757199424250374,-0.07577040172564886,-0.04082369339159991,0.2262286629662077,0.010864184119909779,0.02756510368710955,0.02563485884389506,0.0007756461072361035,-0.0002254427758937848,0.008640232128313448,-0.022179274311122946,0.023158008911793773
DDHD2,-0.01577227321641515,0.16745188835357222,-3.4223026693349267e-05,-0.009674664082383542,0.011268463323055335,-3.8898041929345005e-05,0.015793810742960053,-0.07710000334715851,-0.039743969426526284,0.22347533741714518,0.012964425327513525,0.02666990359030664,0.0258743890744097,0.0016326454777354843,-0.0008695387358232786,0.010023981199727137,-0.022938546347565477,0.022287061952993483
C8orf86,-0.013885422462671266,0.16754409498278755,-0.00013904429633729103,-0.008514395089565786,0.010973354608684881,-9.290622593304869e-05,0.017282567955008956,-0.07689192694098167,-0.03982627811062403,0.22489732463409481,0.011364776912866113,0.02748347540753692,0.024483855665539594,0.00031403636279011844,-0.00027833224258762247,0.007707463175789506,-0.023027711344860594,0.02328748031243296
PPAPDC1B,-0.01658869862575231,0.16781181171573,-5.209562719344519e-05,-0.009272511910426441,0.010938063468292434,-3.610458998603131e-05,0.01586482388487378,-0.07686637929289701,-0.04061032257931519,0.2227730357573215,0.012653106778139613,0.026500090395492233,0.02567281210545708,0.0003896173308038104,-0.0002482270580820466,0.010071869742237574,-0.022513457661519447,0.021301033008970478
RPS20P22,-0.013932415541558728,0.16728385136698184,-9.169443684567393e-05,-0.008778009368339907,0.010473011275789793,-0.00011839964842014493,0.016438606868756204,-0.0758645654396407,-0.03978278722110352,0.22625721238467347,0.011484906086531896,0.027731232600770428,0.02524762276823023,0.0010273684167880013,-0.00022916102278914194,0.008041333637087188,-0.02291085313617505,0.02286722525466654
BAG4,-0.018014986963580597,0.1678793759766293,0.00013326235257925918,-0.009075044180134441,0.010978827037786318,-2.6743480929651725e-05,0.01726252826129941,-0.07684204000235201,-0.04063596381196967,0.22197952430160134,0.012100326882917381,0.026052232608803697,0.025250671507986364,0.0038127972845815473,-0.002396772225057676,0.010589517052522524,-0.023838756396131824,0.019919771978803777
ASH2L,-0.019356421958221078,0.16892342683481748,3.3153700540378025e-05,-0.008027993078924009,0.012070228082930536,-3.9174145593048015e-05,0.018346434860943443,-0.07719476300329903,-0.03993761369431619,0.21863400124690704,0.012751539760516,0.02517700476324121,0.023692262002684213,0.004123587868013169,-0.0009798993530258891,0.012170787243307645,-0.023016622202335073,0.019179632381493127
GPR124,-0.025168211914528945,0.17139447594806692,-1.9281224170845536e-05,-0.009089434079640893,0.013643631305080702,-7.619467259494725e-05,0.017285888403124613,-0.07346577654847604,-0.038663478946138516,0.20318839986751197,0.013680405846896929,0.023640345857547214,0.023726979144261598,0.0051798219802241235,-0.003690359938509508,0.01475472019126875,-0.02302672450823336,0.014853319345287424
LSM1,-0.018730449449052153,0.16832278967463304,7.6988051717118e-05,-0.008689376244466916,0.011839997779870973,-3.119863840581739e-05,0.017429965906601622,-0.07745827754094196,-0.04053746304967001,0.2214460076264293,0.012785531199591799,0.025782321846200003,0.025192973140741426,0.003234683413555417,-0.002235733619316617,0.010725759035532356,-0.02333869387060993,0.019850574267869053
EIF4EBP1,-0.0203464437154697,0.16954917792893234,-1.3893268823148064e-05,-0.008400818862278277,0.011968909160669481,-4.637677075279644e-05,0.017770590780443834,-0.0772840883249544,-0.04075265109229436,0.21483088312242257,0.012747007119513595,0.024892569968707843,0.02328987748477557,0.003374765427066657,-0.0008111787034688282,0.01322631065926166,-0.023258589419665805,0.019107702387692754
STAR,-0.019582638007074174,0.16916536152975556,-4.449884251596909e-06,-0.008505503851256042,0.011480605009651852,-3.980410077309377e-05,0.017340084381639358,-0.07674551420210715,-0.04014099357620483,0.21941120051643245,0.012929914396723786,0.025641173543341347,0.025276867230932837,0.0030742959913793695,-0.001135597749760946,0.010970026984347816,-0.02261598488936483,0.019504578183219108
ERLIN2,-0.026646593877892383,0.1720089341316331,-1.2909941137432976e-05,-0.009233515668552081,0.013300819557330345,-0.0001260258149201201,0.017833590126133246,-0.0728939080761024,-0.0388967180152723,0.2013855492156242,0.01366219949799607,0.02366638761228728,0.022997926343870236,0.006578760489551708,-0.0048459078878418365,0.015775649211656348,-0.023326188775435328,0.014400413200595801
RAB11FIP1,-0.02388361262595292,0.17135168554763486,-8.097253083959568e-05,-0.00869281142364134,0.013547612153826024,-7.254452428359873e-05,0.017908640483734344,-0.07496950519483847,-0.03922762541246836,0.20629716298127884,0.01412696512557381,0.024535857470940732,0.02370130311756138,0.004154118881596137,-0.0030955517680058887,0.014302439801819136,-0.024386473640750545,0.016467488622724992
PROSC,-0.026773013820668913,0.17211634677024748,-3.077096372954864e-05,-0.009235406258467626,0.013500347264138636,-7.746045910695876e-05,0.017318605112649377,-0.07264775454530883,-0.038917664940207146,0.201346009915971,0.013671853584804574,0.023935581366473124,0.02341048580343867,0.005603611449742612,-0.002760443574890738,0.015501660636184895,-0.023065365083965263,0.014509715505227904
BRF2,-0.025004816215620215,0.17166034466687,-4.8470043195442735e-05,-0.008664447303232086,0.013095565300255995,-6.478777711796502e-05,0.017555965343396113,-0.0741112696268083,-0.039164529986378996,0.2054539861172908,0.014020706281915297,0.02450175227661544,0.02387359374283915,0.003649657206092649,-0.0019820713183174594,0.014006046475273539,-0.023732246856511225,0.016135116486608425
ADRB3,-0.0224138289399411,0.17068124114075087,-7.62110112524444e-05,-0.008443916198791089,0.013016867812239125,-9.125614489107244e-05,0.017542953686704155,-0.07506984222335675,-0.03971783324998839,0.21129274095002326,0.013679767718516688,0.02606500019621252,0.02504606132514288,0.004390821786223356,-0.000733492960779972,0.013649763220247415,-0.023320572569109858,0.018029874126211425
ZNF703,-0.027705418114209627,0.17164115134771785,-0.00013143585193199032,-0.008416266046210933,0.01335861655081721,-0.0001499558167550729,0.018770124226841278,-0.07252512803262419,-0.03953083310041875,0.19877464036969683,0.013533955584429764,0.023791882980734775,0.022149017235338284,0.0072607572320109795,-0.006077500524221391,0.015478144141862505,-0.02271074346002073,0.011982754642511688
GOT1L1,-0.023819597919842898,0.17078756799351452,-9.145415055444693e-05,-0.008847043767328738,0.012547380771386549,-4.4401668904081996e-05,0.017178081332549163,-0.07521477532665344,-0.039011433843592624,0.20967324278779903,0.014555662387376407,0.02590895136324424,0.024490024761210726,0.0035963426021386733,-0.0017150936031927987,0.013318993102998743,-0.023518271861635,0.017308849026296487
TACC1,-0.014328853759353884,0.16722043930818897,5.975724065550153e-05,-0.007489024554354216,0.011851233578019907,-0.00030310830864216766,0.01783327949442348,-0.07809574544868757,-0.03875314975284583,0.2282979122883307,0.010009446194250815,0.028806581481322903,0.025219442018550885,0.0033760336006861905,-0.0006223080178910779,0.007612208000670606,-0.022377759843305436,0.02597946979917089
RN7SL709P,-0.02486713165655196,0.1719739280777406,-0.00017897233305395928,-0.008635839298167606,0.013517835754457417,-5.580100106118255e-05,0.017746354049957763,-0.07462139892997804,-0.0388322090021005,0.20682381612260628,0.01437431209091402,0.02510708221742685,0.024197766878422584,0.0028289560897886952,-0.0014491510430336338,0.013758329691713962,-0.023555097479276067,0.01653759465427693
PLEKHA2,-0.01458094009510683,0.16840336268749656,5.310258105014083e-05,-0.006221660640498988,0.012113728107671433,-0.0003498171672639885,0.017218619788999637,-0.07734509523470195,-0.04020510306083569,0.2281573906949303,0.009505632802183417,0.029592665784289072,0.024419819439019413,0.0010407267337748337,0.0001146209954249764,0.005368717470716161,-0.022141304821461368,0.0259569614003124
ADAM9,-0.01576589075986823,0.16792305217013087,0.002364779444410318,-0.006545228142934204,0.011778178817727214,-0.002155582657490823,0.01748455828972156,-0.076920294335384,-0.0386974573164733,0.22889301729289419,0.008023946740129012,0.03019347985770207,0.02445102737808957,0.0005230480929049612,0.0002764420454669414,0.005081873848459501,-0.02084178056878524,0.028467080429753423
KCNU1,-0.04812853825000552,0.1815381993353731,-0.005609527232429969,-0.007669821264786911,0.008400512087121477,3.0064680136437223e-05,0.011357093839496624,-0.055698050620827555,-0.03376713536275995,0.1624307719851593,0.010858676669307971,0.020580449312216614,0.01916953198039862,0.0012569292101775936,0.0014465612963278148,0.012566049016997203,-0.01987096020116072,-0.00010948615696070221
ADAM32,-0.015834243885949582,0.1684814841711489,0.002183316388153561,-0.005887970655254464,0.011754151462091907,-0.0027253962562571706,0.016612461587120046,-0.07757163863608418,-0.039172271870890764,0.2281765142178336,0.008828970008143243,0.030415190794357498,0.02432964483507863,0.00048257275101064035,0.00038762842254907044,0.004784315940903905,-0.02032608947069248,0.027887622816640322
HTRA4,-0.015738387277408908,0.16920553720389034,0.0006180129840118,-0.006139711710102237,0.012265346517699569,-0.0008137100845670922,0.017079427720196747,-0.07672392175983625,-0.03943450802239596,0.2276619117372046,0.008749302282765358,0.030334176513580186,0.02495631573032627,0.000934746339801186,0.00036305938079454785,0.0049984221741517475,-0.0221821180389469,0.026046253755611887
TM2D2,-0.015953132546096486,0.1693055767541995,0.0011824699582287086,-0.006326789776583375,0.012278382543405705,-0.0006885954546709221,0.01711963942162955,-0.07647214867901592,-0.039237462191407356,0.22698633577769117,0.008990757618183671,0.030573963067543362,0.024817635173138154,0.0003579464558011871,0.000550687987354162,0.005090407107389954,-0.02215207549482993,0.02781863383057055
SNORD38|ENSG00000207199.1,-0.01581697761607793,0.16976192766158027,0.0013971481681699417,-0.006514478044609259,0.011703642334763618,-0.0016258515367692152,0.017188705772139115,-0.07607270170910965,-0.03866929315850098,0.2271990497944751,0.008859351237771311,0.031007859369742426,0.02520795469049388,0.0004359783322665374,0.0010550121620439116,0.004676662011399257,-0.022803958501655508,0.027104318944674393
ADAM5,-0.017906795608243087,0.16910539212825662,0.0037265522793821465,-0.002763558196395664,0.011212714304234164,-5.998026212330344e-05,0.016422434260583756,-0.0759950301560948,-0.03887591568203986,0.22733507010937837,0.010108880080156007,0.03100896749655461,0.02372013120192922,0.0028001138635292398,0.004925421608407102,0.00600157247847693,-0.02065106926521906,0.02611373537684305
ADAM18,-0.016391525414946602,0.1675741042593535,0.0029543131700244534,-0.0017801396344250878,0.009649800478315089,-2.468157772228934e-05,0.016742710591995173,-0.07666585254545326,-0.03945109575966861,0.22708095918451743,0.010199779951193373,0.030829296675556513,0.022424029787686713,0.0007128690173964677,0.00446163019910991,0.004175564724586484,-0.018430237306899584,0.025305131138006302
NAALADL2,0.217777025667924,0.0641050528126493,-0.1192983076882031,0.018400961453285406,0.008309827562007146,0.008935189709261113,6.903175824816242e-05,-0.029270342759937066,-0.015104604375090808,-0.016606794805430918,0.020193309705034874,-0.010864045483983712,0.026521032697723775,0.01210611317116323,0.03546543099556548,0.004769536910517486,-5.176462546758241e-05,-0.008577579221516678
ADAM3A,-0.018098021413825882,0.1698954201496409,0.0024079362091810187,-0.0033791824543844625,0.010876564337089195,-4.591809201947383e-05,0.016509535291533445,-0.07627802215888724,-0.039388088344533854,0.2266713860881673,0.010489824361492291,0.030676577508199715,0.0242196929047163,0.0005734638941575831,0.005503802062957115,0.005500900479849924,-0.017455623460972482,0.02563164518720951
RNA5SP264,-0.0530143841675043,0.18394867520428843,-0.0070408201617781566,-0.0072515197692523065,0.0069031481289749865,0.00015962226266517972,0.009599686003399808,-0.05184268913782537,-0.03304554199615712,0.1536752158202084,0.01018476495478548,0.018718371347054077,0.018934176056517087,0.0006694415339892845,0.001117220850128553,0.011748054176244175,-0.01863136379654615,-0.0035078395580329987
ADAM2,-0.015458950596635077,0.16821335281557312,0.0046299933411482795,-0.0033251919684771105,0.009565803781909339,-8.903726152967039e-05,0.016525604997930123,-0.07826572572697696,-0.03951144067792029,0.2271565469982222,0.007903764092096725,0.030151042259910443,0.021293126928014057,0.0008308292332120872,0.005800124464304375,0.0044520042157825575,-0.018600319755893466,0.024785483386732355
IDO2,-0.0163972966401451,0.16891345962753704,0.005796733230909952,-0.0017512728220547456,0.010161100313144095,-8.186609147657808e-05,0.015749778659308024,-0.07640120205948452,-0.03842022810512013,0.22369232509914538,0.007474978006205203,0.029841295777193983,0.02052028669215983,0.00316112344085452,0.006007453295250176,0.004801818847115007,-0.016509711727158552,0.022188974442798243
ZMAT4,-0.010713165953272197,0.16480216401742454,0.010771924258117592,-0.001317053358203408,0.012465092220612954,6.881089371377269e-05,0.016952336482409038,-0.07903532197322762,-0.03746580005823257,0.22318281860501998,0.002907526110390567,0.02766258268694362,0.014241403186250065,0.004486036776119389,0.007777271487800089,0.004967771076064133,-0.010651587341216705,0.023260605958800716
IDO1,-0.01670479639668994,0.16926206328110996,0.004304352954649651,-0.0024700725848708417,0.009838747590718032,-4.6531838118301024e-05,0.01625469039432012,-0.07649611884245762,-0.0379589652357928,0.22494494556535102,0.006914286438174109,0.02981254096715819,0.020289369316262892,0.0032746196418654222,0.006542005726625727,0.0044461363117400815,-0.01682680538813224,0.023690340214847606
WWOX,-0.021452646947670618,0.0005457995315954423,-0.024799189112217027,-0.008121369778514185,-0.03264749274088764,-0.0007487713636078868,-0.042062572155298655,0.0046829237797344605,0.023810409190612804,0.009544919470048398,-0.03751554268620994,-0.003423588367747817,0.05153625520345589,0.008888217164605531,0.05937492271911834,-0.018457625762198587,0.027389362960217958,0.001079946634081988
C8orf4,-0.017721497202280903,0.16849504808528232,0.007157183886874422,-0.0008042931705487017,0.009780573419371203,-3.211311867967146e-05,0.016698176108447142,-0.0744900552188538,-0.03744092962415605,0.22233238615486978,0.005435498055579243,0.029642063274842777,0.016507004655321726,0.005350890804190095,0.008381231670503192,0.006498397583922192,-0.015456685766469306,0.02161980481136416
PTPRD,-0.015069245922621169,-0.00016381677936497791,-0.00021526557444423016,-0.002860173466624355,6.017761566900238e-05,0.24940380396780767,0.05019549023922357,0.03800464386184503,0.03506412674375373,0.0186583148539988,0.01822328397086489,-0.007312805457843625,0.00039233158330735207,-0.00010446859736576726,0.0023731256964286376,-0.014294744085097899,0.012002835801765501,0.007099369342509685
ANK1,-8.723150823942282e-05,0.15827695251198962,0.019512336268006424,0.0005259318527521152,0.00747736105668253,0.0009039698680371994,0.019058507719480183,-0.0773661366464721,-0.03572580953129595,0.2214995108093987,-0.003376866532175791,0.02565838300613644,0.0033184019826837945,0.0001314508024843696,0.007988229798554103,-0.0035376189667840796,2.0270134852368977e-06,0.021165697920611598
UNC5D,-0.07893525929597627,0.19246841929558803,-0.010994857637580038,-0.00339452853204027,0.0051291448715510765,6.466706003117599e-06,0.007709289867558606,-0.032490716204019075,-0.022672599374902187,0.10755110103174062,0.00860348566666801,0.014016485169263064,0.016878544799980397,-0.00034759056788310057,0.010587004629403976,0.012419077325725312,-0.013064123630896042,-0.0239736445490416
RN7SKP201,-0.06802822235650569,0.1888376061959695,-0.009900854306912895,-0.005197907171890939,0.007918634531412732,0.0010710710116606016,0.008571706786939576,-0.040497394352853516,-0.02994906810903456,0.1316236196126453,0.006991442894567746,0.01679870186652399,0.016423804656962415,-0.0006443436553014386,0.010614261128809862,0.011993504123941845,-0.015156063836414983,-0.013455513710964082
RNA5SP251,-0.15169499868846947,0.20988507784889135,-0.028860879707626675,0.013607033822880357,0.0002488128410595993,4.462867055286732e-05,0.012855506715606969,0.0053424983450635006,-0.0007652077435680603,-0.04173552619384923,0.0006577693000601109,0.00044985263159499363,-9.633088416287844e-05,-0.014014534248482756,0.0005097665709405481,0.008720090930567515,2.825750660820278e-05,0.0452539661670583
KAT6A,0.00012003368960789502,0.15800766346966547,0.02129157792426909,0.0018331327272778986,0.007209910237062454,0.0016345705933074638,0.02021616774538168,-0.07607834415694051,-0.03568477615569958,0.22019640573059385,-0.003901553119192517,0.025590182085223408,0.0012511985901826552,0.0001213807582211901,0.008605976875435116,-0.003833607047309811,6.776810283893918e-05,0.02087709639377567
NRG1,-0.11631162574870603,0.20868885672659634,-0.02167551671520821,-0.0003352966264616402,0.00016375433210428939,0.00023883845722810784,-1.0205863931478118e-05,-0.009248645659767164,-0.007998304098707559,0.03091554899667008,0.00754312392698962,0.001554477235309322,0.011456990496958752,-0.010544801261086076,0.014876802220151704,0.0037332100548958876,-0.008008150892737665,-0.056324287810237364
AGPAT6,-0.005297627430117401,0.1615906068615314,0.018463565357973586,0.0004404208809669377,0.010053025565237036,0.0004202277921873142,0.019733197842831632,-0.07783390998424881,-0.03615238136114911,0.22335594103368303,-0.0008490544467079497,0.025789708707913295,0.00857015671513996,3.90570380909391e-05,0.007973183843646217,-0.0016783956861573602,-0.0006787680949206747,0.019579291874572545
SGCZ,-0.1452252538686573,0.222162475291544,-0.03185723163941056,0.010959460905196873,0.003531169378274069,-0.00016559073613267488,-0.004778272360094756,0.01986685091706251,0.014962222582507591,-0.03257315124148267,-0.0016230874448894123,-0.0024759078637101766,-0.000468414413890227,0.00015233897153346017,-0.016474996491762872,-0.0005540548285871863,1.2752827155613583e-05,-7.649822980367091e-05
RN7SL149P,-0.0014105588490543023,0.15958575766466399,0.019841118904651806,0.00045275590502704137,0.007787473791947654,0.000805371423349332,0.018991806709489262,-0.07612497817768758,-0.03688311758219967,0.2211728473479377,-0.0030994616595068996,0.026026747782863863,0.00410124733497773,1.3505152535059387e-05,0.007660225453663737,-0.0028611889842329007,-5.0847162912206514e-05,0.020785696561213932
GOLGA7,-0.006563231462235239,0.16363550733322113,0.016751869382133175,0.000237468001102736,0.011121990742712666,0.0002055527408050019,0.0199851754023506,-0.0777333905437847,-0.03556087646033159,0.223348309413967,-0.0008160208656474837,0.025704975206552412,0.010665548004245014,1.5673321204722116e-05,0.008353599690945358,-0.0004470017460865428,-0.004022682237031778,0.018722114554505814
MIR486,-0.004869095994792918,0.1617188807125624,0.018275732695707345,0.0007458175963011155,0.009702601589684329,0.0003245722832152808,0.01996496606803278,-0.07755558887028467,-0.03605789816044804,0.22331750747099974,-0.0008708760576938721,0.026281522665511398,0.007707753857109298,-4.9916949364487964e-05,0.007745416844614585,-0.002409915770314041,-0.00014368704357810172,0.021087518018305825
GINS4,-0.006589345238145207,0.16360128919890102,0.017451417246849774,0.00032192192317331977,0.010339752666445462,0.00020181463817908637,0.01993868119914185,-0.07745525120610826,-0.03625395812576422,0.2238899698217244,-0.0004959118845783709,0.026224298366795348,0.010549302651532937,0.00010672687843824445,0.008978254737536656,-0.0005705218030053349,-0.0033833232519322096,0.018633081665310514
SFRP1,-0.00813547936809402,0.1653669312693372,0.01524609416291873,-0.000701210146084686,0.0106296353828947,0.0021854496460198547,0.019163284951672455,-0.07718687002703781,-0.035346764652749496,0.22333930331726798,0.00027759893818687877,0.02644805242105168,0.011938163215360138,0.00017128316307706007,0.00890650501875023,0.00037831817905412547,-0.007702438763868705,0.019233398331600888
SNORD112|ENSG00000238966.1,-0.00014708485897419764,0.15829675290460268,0.021447720000835977,0.0021157772126226644,0.008322334794567043,0.0016047045695890554,0.02051049819588315,-0.07642256231734071,-0.035448689026741,0.22017743147465094,-0.004214555770624323,0.025470833291271755,0.001227064287723838,0.00011200326462832409,0.00848354424997141,-0.003896688235813972,4.1003628585818074e-05,0.019846743927583697
MIR548AO,-0.008538159340348047,0.16569096869272654,0.014842306972149414,-0.0006668364445276986,0.01060719790614091,0.001929047686940032,0.018819254608679878,-0.0769563257611052,-0.035675597501070626,0.2232223312053235,0.00040623451991340676,0.026696579488765804,0.012153591386065567,0.00014801303045346026,0.008497524915810871,0.00035845081052915845,-0.007395423987215316,0.019193703771348537
AP3M2,-4.956433558930108e-05,0.15861015715151625,0.023003457400159556,0.003537241747182643,0.0071367048882024905,0.001245189890185248,0.02102855480213718,-0.07755347763180867,-0.03604755663559815,0.21922951491490303,-0.0029274876786583876,0.025959850157363917,0.0008206123175067055,0.00012229308691576304,0.010033673443640147,-0.004071555408675191,0.00011907369460002629,0.020048125278339157
SNORD65|ENSG00000238936.1,-0.0072208356012900725,0.16478168674432636,0.01542349262991621,-6.513471790381442e-05,0.011261895160941693,0.0007755359711716759,0.019558094843306784,-0.0779565445114807,-0.03491846335886042,0.2234087937712112,-0.0003813103668865696,0.025442832530360775,0.010521652591080727,5.69603921316017e-05,0.00950898821043049,-0.0002289543036755769,-0.0036690014843515804,0.018725202088873127
PLAT,7.220833854685904e-05,0.15866328604247543,0.022560765078635612,0.0034169960811904,0.007611484327589832,0.0012569923478941798,0.02131139063440478,-0.07744911958331609,-0.035924855629179776,0.2183030449950838,-0.0027800088402091688,0.025820741047028913,0.0008613295633706944,0.00018525608785411666,0.010564517116630343,-0.0035596773235907963,0.00015161680337081026,0.020939936318633005
ERICH1,-0.1424592055603333,0.20985601083909325,-0.026204211508208272,0.006863129000218948,5.126652045368306e-06,0.0031208790131420625,0.0012534413868419937,0.01100799222092089,0.0004469145573973884,-0.035928455541911576,0.005791910240077807,0.0015779388236078237,0.007969513850162964,-0.015975790788518192,0.0009875759347886567,0.012352657595913655,0.00045941241091248684,0.04261233779546506
FBXO25,-0.14212640047941116,0.20989596470363656,-0.02586117218599008,0.00689657930042372,2.3826065424253074e-07,0.0038416347881217706,0.0012765200236964204,0.010567755776528175,0.0010672240391907865,-0.03611488145307717,0.006463426394989404,0.0015187012023468922,0.007372774257748014,-0.01563040711420875,0.0012753215890481675,0.01265111795958084,0.0005191692532712665,0.042029499082146586
OR4F21,-0.14212640047941116,0.20989596470363656,-0.02586117218599008,0.00689657930042372,2.3826065424253074e-07,0.0038416347881217706,0.0012765200236964204,0.010567755776528175,0.0010672240391907865,-0.03611488145307717,0.006463426394989404,0.0015187012023468922,0.007372774257748014,-0.01563040711420875,0.0012753215890481675,0.01265111795958084,0.0005191692532712665,0.042029499082146586
RPL23AP53,-0.14212640047941116,0.20989596470363656,-0.02586117218599008,0.00689657930042372,2.3826065424253074e-07,0.0038416347881217706,0.0012765200236964204,0.010567755776528175,0.0010672240391907865,-0.03611488145307717,0.006463426394989404,0.0015187012023468922,0.007372774257748014,-0.01563040711420875,0.0012753215890481675,0.01265111795958084,0.0005191692532712665,0.042029499082146586
TDRP,-0.14212640047941116,0.20989596470363656,-0.02586117218599008,0.00689657930042372,2.3826065424253074e-07,0.0038416347881217706,0.0012765200236964204,0.010567755776528175,0.0010672240391907865,-0.03611488145307717,0.006463426394989404,0.0015187012023468922,0.007372774257748014,-0.01563040711420875,0.0012753215890481675,0.01265111795958084,0.0005191692532712665,0.042029499082146586
ZNF596,-0.14212640047941116,0.20989596470363656,-0.02586117218599008,0.00689657930042372,2.3826065424253074e-07,0.0038416347881217706,0.0012765200236964204,0.010567755776528175,0.0010672240391907865,-0.03611488145307717,0.006463426394989404,0.0015187012023468922,0.007372774257748014,-0.01563040711420875,0.0012753215890481675,0.01265111795958084,0.0005191692532712665,0.042029499082146586
GATA4,-0.1456179280380158,0.22453262747512212,-0.029136866204826452,0.013558511194055363,-1.7973565684176793e-06,-0.00445683541452993,0.006961556592685886,0.023831427014185353,0.009338909835188225,-0.04175478239865683,-0.004632920911162566,0.001992435798723104,-0.005895506828352806,-0.003300108796563233,-0.008120197018300523,0.007309700078404255,0.006182675101410581,0.042988730388120726
IKBKB,-0.00011594673866200723,0.15960793641586044,0.023566222499697344,0.0016624861208022117,0.00719421174010574,0.0017417017978250003,0.020731561480959275,-0.07904532975306222,-0.035236631676623414,0.21572515022222907,-0.002115497554825633,0.024428842005683953,0.000539633190976121,0.0001247605386108414,0.010473445881472195,-0.0017530909857591348,5.4362298999413376e-05,0.02032792166335596
NEIL2,-0.14619018947703377,0.22381934176324383,-0.02926980352900215,0.013231831672955278,3.7596991804638917e-06,-0.004486714645759057,0.006594151728591859,0.023428356562571674,0.009191667410972208,-0.041793874599410974,-0.003863324946638307,0.0025734340158363694,-0.0051990150388002004,-0.003944421884570576,-0.007647245556906281,0.007358698959001691,0.0058376641172133165,0.04229653336369492
SLC20A2,0.00015898313379264194,0.15787745995832364,0.02536041186076479,0.0024705880586184544,0.006873761642218398,0.003134675152987148,0.02010442381419262,-0.07884926809531309,-0.03507622329418042,0.21418127954559626,-0.000484758049739649,0.02433819248780578,0.0005524437037013808,-3.810029321043189e-05,0.012198931900535868,-0.0017278357973919435,-0.0001997751716620734,0.02012760790034484
C8orf49,-0.14592595626699828,0.22397024586875655,-0.02901815453407493,0.013314617074895925,9.521374171928149e-07,-0.004240887812355894,0.006792051866022022,0.02343221738497287,0.009125901489086059,-0.04181980881100416,-0.003697392194150982,0.002598490078263493,-0.005235160910657434,-0.003519223696390461,-0.008030403175377152,0.007271141151363146,0.005938480854060476,0.04191390377927479
CTSB,-0.1472328246702072,0.22509932863632695,-0.029984911747726863,0.013440234940913953,1.8060116239571562e-06,-0.0033896293324376984,0.005036194478536426,0.02423170662785208,0.011056100353161487,-0.041870833993141954,-0.0036095376192888003,0.0018341051510099705,-0.0054736761892084105,-0.0006676487064855731,-0.011026759947252284,0.006153164654937302,0.007131007058657651,0.03865429768633589
DEFB130|ENSG00000232948.1,-0.1472328246702072,0.22509932863632695,-0.029984911747726863,0.013440234940913953,1.8060116239571562e-06,-0.0033896293324376984,0.005036194478536426,0.02423170662785208,0.011056100353161487,-0.041870833993141954,-0.0036095376192888003,0.0018341051510099705,-0.0054736761892084105,-0.0006676487064855731,-0.011026759947252284,0.006153164654937302,0.007131007058657651,0.03865429768633589
DEFB130|ENSG00000233050.1,-0.1472328246702072,0.22509932863632695,-0.029984911747726863,0.013440234940913953,1.8060116239571562e-06,-0.0033896293324376984,0.005036194478536426,0.02423170662785208,0.011056100353161487,-0.041870833993141954,-0.0036095376192888003,0.0018341051510099705,-0.0054736761892084105,-0.0006676487064855731,-0.011026759947252284,0.006153164654937302,0.007131007058657651,0.03865429768633589
DEFB134,-0.1472328246702072,0.22509932863632695,-0.029984911747726863,0.013440234940913953,1.8060116239571562e-06,-0.0033896293324376984,0.005036194478536426,0.02423170662785208,0.011056100353161487,-0.041870833993141954,-0.0036095376192888003,0.0018341051510099705,-0.0054736761892084105,-0.0006676487064855731,-0.011026759947252284,0.006153164654937302,0.007131007058657651,0.03865429768633589
DEFB135,-0.1472328246702072,0.22509932863632695,-0.029984911747726863,0.013440234940913953,1.8060116239571562e-06,-0.0033896293324376984,0.005036194478536426,0.02423170662785208,0.011056100353161487,-0.041870833993141954,-0.0036095376192888003,0.0018341051510099705,-0.0054736761892084105,-0.0006676487064855731,-0.011026759947252284,0.006153164654937302,0.007131007058657651,0.03865429768633589
DEFB136,-0.1472328246702072,0.22509932863632695,-0.029984911747726863,0.013440234940913953,1.8060116239571562e-06,-0.0033896293324376984,0.005036194478536426,0.02423170662785208,0.011056100353161487,-0.041870833993141954,-0.0036095376192888003,0.0018341051510099705,-0.0054736761892084105,-0.0006676487064855731,-0.011026759947252284,0.006153164654937302,0.007131007058657651,0.03865429768633589
FAM66A,-0.1472328246702072,0.22509932863632695,-0.029984911747726863,0.013440234940913953,1.8060116239571562e-06,-0.0033896293324376984,0.005036194478536426,0.02423170662785208,0.011056100353161487,-0.041870833993141954,-0.0036095376192888003,0.0018341051510099705,-0.0054736761892084105,-0.0006676487064855731,-0.011026759947252284,0.006153164654937302,0.007131007058657651,0.03865429768633589
FAM66D,-0.1472328246702072,0.22509932863632695,-0.029984911747726863,0.013440234940913953,1.8060116239571562e-06,-0.0033896293324376984,0.005036194478536426,0.02423170662785208,0.011056100353161487,-0.041870833993141954,-0.0036095376192888003,0.0018341051510099705,-0.0054736761892084105,-0.0006676487064855731,-0.011026759947252284,0.006153164654937302,0.007131007058657651,0.03865429768633589
FAM86B1,-0.1472328246702072,0.22509932863632687,-0.029984911747726866,0.013440234940913946,1.8060116239572902e-06,-0.0033896293324376984,0.005036194478536421,0.024231706627852092,0.011056100353161484,-0.04187083399314196,-0.0036095376192888124,0.001834105151009952,-0.0054736761892083974,-0.0006676487064855872,-0.011026759947252284,0.006153164654937285,0.00713100705865765,0.03865429768633589
FAM86B2,-0.1472328246702072,0.22509932863632695,-0.029984911747726863,0.013440234940913953,1.8060116239571562e-06,-0.0033896293324376984,0.005036194478536426,0.02423170662785208,0.011056100353161487,-0.041870833993141954,-0.0036095376192888003,0.0018341051510099705,-0.0054736761892084105,-0.0006676487064855731,-0.011026759947252284,0.006153164654937302,0.007131007058657651,0.03865429768633589
FDFT1,-0.1472328246702072,0.22509932863632695,-0.029984911747726863,0.013440234940913953,1.8060116239571562e-06,-0.0033896293324376984,0.005036194478536426,0.02423170662785208,0.011056100353161487,-0.041870833993141954,-0.0036095376192888003,0.0018341051510099705,-0.0054736761892084105,-0.0006676487064855731,-0.011026759947252284,0.006153164654937302,0.007131007058657651,0.03865429768633589
RNA5SP253,-0.1472328246702072,0.22509932863632695,-0.029984911747726863,0.013440234940913953,1.8060116239571562e-06,-0.0033896293324376984,0.005036194478536426,0.02423170662785208,0.011056100353161487,-0.041870833993141954,-0.0036095376192888003,0.0018341051510099705,-0.0054736761892084105,-0.0006676487064855731,-0.011026759947252284,0.006153164654937302,0.007131007058657651,0.03865429768633589
RNA5SP254,-0.1472328246702072,0.22509932863632695,-0.029984911747726863,0.013440234940913953,1.8060116239571562e-06,-0.0033896293324376984,0.005036194478536426,0.02423170662785208,0.011056100353161487,-0.041870833993141954,-0.0036095376192888003,0.0018341051510099705,-0.0054736761892084105,-0.0006676487064855731,-0.011026759947252284,0.006153164654937302,0.007131007058657651,0.03865429768633589
USP17L2,-0.1472328246702072,0.22509932863632695,-0.029984911747726863,0.013440234940913953,1.8060116239571562e-06,-0.0033896293324376984,0.005036194478536426,0.02423170662785208,0.011056100353161487,-0.041870833993141954,-0.0036095376192888003,0.0018341051510099705,-0.0054736761892084105,-0.0006676487064855731,-0.011026759947252284,0.006153164654937302,0.007131007058657651,0.03865429768633589
ZNF705D,-0.1472328246702072,0.22509932863632695,-0.029984911747726863,0.013440234940913953,1.8060116239571562e-06,-0.0033896293324376984,0.005036194478536426,0.02423170662785208,0.011056100353161487,-0.041870833993141954,-0.0036095376192888003,0.0018341051510099705,-0.0054736761892084105,-0.0006676487064855731,-0.011026759947252284,0.006153164654937302,0.007131007058657651,0.03865429768633589
BLK,-0.14712766592896284,0.22462736246840498,-0.03010034249864021,0.012596064281171614,-4.103109276973264e-06,-0.004206756739211991,0.0062007644030637864,0.02307592088351008,0.00963495051051403,-0.041748296785294826,-0.003493132162370405,0.0010416849435916809,-0.005058678144955134,-0.0045424972210456075,-0.008198655782445422,0.007252481573188182,0.007063565053095196,0.04324248243522812
FAM167A,-0.14758434296543665,0.22479728822272083,-0.02980731908924598,0.012763352219327246,1.981857664834078e-06,-0.004270860587529815,0.0055822557159204205,0.02258981258119521,0.00938410108275795,-0.041583735178951364,-0.0005750910049692665,0.002148824504878097,-0.005033462433619648,-0.005334827193077467,-0.0075054451307268654,0.007644558457000775,0.006239607333044769,0.04332716315162893
snoU13|ENSG00000238714.1,-8.821938013216277e-05,0.15967294317584454,0.023426264793173376,0.002883739132403547,0.00687008933624959,0.0010198676794595423,0.021585159825457185,-0.07781266704504905,-0.03537539385457598,0.21733959261916116,-0.002465960075609189,0.02555263565310609,0.0005749357656504563,0.00017897304741108298,0.011541803001106774,-0.002967405849798575,8.241965955242533e-05,0.020205778648930604
POLB,-0.0002978513319835621,0.1600450355754537,0.022917554969988766,0.001357804698545769,0.006981108202531773,0.004793364152458368,0.021193771369558814,-0.07845122323175281,-0.035712339506568054,0.21599675617927694,-0.0015154551363827414,0.024370884398593088,0.0003911484715001028,5.796190300975006e-06,0.010451370859010232,-0.0014732631996944748,6.110471491382806e-05,0.020158046409566744
DLGAP2,-0.14317057433110633,0.2112621366971157,-0.026534539141139575,0.007842895648110873,4.177358202467927e-05,0.0009348376064938544,0.0022349925390811264,0.010422274493543028,0.0005209232124123105,-0.03542897625586344,0.005123563899379735,0.0013349103925878085,0.008054171073841588,-0.01529905683917861,0.0007804894883095704,0.012321022826137989,0.0008896665536553683,0.04320169983773509
LINC00208,-0.14716086152659189,0.22501675929671455,-0.029924706377148717,0.01300371062034586,2.064226718328126e-06,-0.003840046002822396,0.006130556286091148,0.02369335944548153,0.009518590032226229,-0.04141164814475531,-0.0029006577905555508,0.0017237938837319283,-0.005118773203191332,-0.004088997924941745,-0.008479442860020498,0.007079419580524226,0.0067796023794360755,0.04221985291031727
DKK4,-0.00036491007071724844,0.16010029060275238,0.022584477205703852,0.0012080195939927058,0.006757942945361116,0.005122637293307448,0.021152653432811523,-0.07781929048477418,-0.035186847192335044,0.215190549155134,-0.001508522836354435,0.024751793801997768,0.0003829436382446798,-7.339285847789568e-05,0.011446556779582725,-0.0015046401037722042,1.7473022742730673e-05,0.02043425756608053
VDAC3,-0.00045396182193777464,0.15974423305366606,0.022874416847124924,0.0012452128584283563,0.006958333038797997,0.0051974886019187354,0.021121007490797105,-0.07786330769040782,-0.03500270507150084,0.21547968207852616,-0.001025648889946036,0.02486625691608617,0.0004318814140984232,-8.4338922110316e-05,0.011530612804200736,-0.0013797935766236235,2.285130065281911e-05,0.020111561358011915
XKR6,-0.14742506124170335,0.2255494496915591,-0.029993404288418502,0.013029593898928415,-9.682206018820401e-06,-0.003224297139221897,0.005068595921115208,0.022544076103644218,0.008536778629040077,-0.04249266150327289,-0.001386767365482464,0.0032091289621214445,-0.004758826490392208,-0.005261452308070488,-0.005368794045485254,0.009996580442642672,0.004251950713312674,0.04881555980233622
C8orf12,-0.1479777245095222,0.22512183939729008,-0.029973430912947817,0.012614340120285087,1.2192718903335652e-06,-0.0029893965086254686,0.004907449826549898,0.022437463814889008,0.009049982769031168,-0.041754631239131514,-0.0003314812920092186,0.001979291551643702,-0.005516612486513761,-0.006274253397429947,-0.007604764466039706,0.008023852908147826,0.005722480604979641,0.044026454177806484
MYOM2,-0.14546116627536038,0.2128831295013045,-0.02784604780172932,0.007651400958213286,1.885042151209182e-05,0.0010240523937276556,0.0007295765846599941,0.011116483560152893,0.0004326148953711125,-0.03734885935596631,0.0035416326086840115,0.0012970439995893196,0.007189760307944301,-0.015208743101312153,0.0003842033120237711,0.011388035575932905,0.0004156607752250695,0.04287184622622064
SMIM19,-0.0001359968787182847,0.15757228248190203,0.026365191783967155,0.002028335374343527,0.00532247718488037,0.004956558282572747,0.021029236097306662,-0.07817676801068275,-0.03508419446502411,0.21204305276308327,-0.0002967916352502574,0.02481768775998539,0.0002675768914350798,-0.0001050777812337349,0.0130487714298765,-0.0010378675057162198,-0.00019566507850438548,0.018703926669530368
ARHGEF10,-0.14541254393001204,0.21334607943119616,-0.027617982106479227,0.008015694264944882,4.1311682205640386e-05,0.0016036040442387702,0.0016199504850351013,0.010556050280194578,7.038779299967938e-05,-0.03685482907924173,0.004389385585882138,0.0007902089513810854,0.005154778244720142,-0.01553654276643761,0.0005618745617156363,0.01272562332450918,0.0007675811603864861,0.04496588207420597
TDH,-0.14788328370252588,0.2254391600559246,-0.029981295257068694,0.012760013666139323,-2.9692895548602552e-06,-0.0030746878422424234,0.004826404920395704,0.02211565941337475,0.008691780169499766,-0.04203456290278041,-0.000557163321045885,0.0018368652529368705,-0.004699560235969553,-0.006142908586628886,-0.006954886764767974,0.008418654711601942,0.005828405882839107,0.044661186673304286
RN7SL293P,-0.14795857104807839,0.22552373829587727,-0.029916578439995966,0.012790550901019998,-2.7982829602734684e-06,-0.0030971912466522928,0.004695619957191125,0.02224881421622345,0.008935536057638296,-0.041955133116380355,-0.0006234397114013249,0.0017446786927321262,-0.004794895757437897,-0.0061708447158314835,-0.00713475122807461,0.00809719854691793,0.005690278939701635,0.04420476339740059
FNTA,0.03864959008884925,0.12886417216322466,0.07108170715369005,6.782922423219812e-05,-1.884408618575538e-05,0.010911428290419523,0.0018699034400340806,-0.062004863688303165,-0.028193892002815375,0.1482612633004384,0.009867890356146538,0.01137892195521722,-0.007967568031912292,0.0019995293062068445,0.0038227870677190767,0.0034988872714331273,0.013122975251777289,0.01561868946213736
DLC1,-0.14631641213664232,0.22547099283380054,-0.029830583814395843,0.011010475104462847,0.0015762734825142842,-0.00017292036019717413,7.513928401316455e-05,0.01929938435912037,0.012883773335034336,-0.03852326971260019,-0.0045143314204169685,-0.0014654850559206842,-0.0018394331843055705,-0.00010264785343545864,-0.01328317485013524,0.003945882293148759,0.0036931539235811476,0.01521560632923436
MTMR9,-0.14784945929708668,0.22583422882288168,-0.030259901648378218,0.013095253054797674,-3.514460542339934e-06,-0.003058461490250228,0.00532484386844124,0.02200258392897885,0.008105414874680405,-0.042019466307098574,-0.000475326865231657,0.0021786990968755,-0.004490124014506587,-0.006451099127733391,-0.0054865815319953,0.00890025019295337,0.005807014442963717,0.04535392295603393
SLC35G5,-0.14784539075445316,0.22574478470462986,-0.030151363869867533,0.013019083968820728,-3.1382106452902264e-06,-0.0033469120776894977,0.005313997318663946,0.021855650110332036,0.008227284496177262,-0.04183332526602657,-0.00043788450841093134,0.0022020130018279896,-0.004551891405806383,-0.006393749330662554,-0.005913339990434478,0.008844286800797194,0.005783465654717417,0.045474894797396255
LINC00529,-0.1481397809549066,0.22616182891880432,-0.029824620816703895,0.012836065828549537,-4.501442775654612e-06,-0.0033578457531416315,0.00516738828894756,0.022314259209564417,0.008235242151584896,-0.042789157868190715,-0.0006351366236831267,0.0021050532807460943,-0.004639394921054973,-0.006580455180502738,-0.0057658384141167605,0.00943104504890263,0.005577242103210495,0.04742994294328016
CLN8,-0.14549879625735435,0.21306577191487497,-0.027318396121637858,0.0082064552148492,7.204724072043954e-05,0.00139141669029319,0.0018387007029422172,0.010590880060582914,0.00041688109759150467,-0.036555526481011326,0.004388309105521758,0.0009946043951480543,0.006071753576347747,-0.015846069637756362,0.0009092182497461808,0.012655532759934938,0.00044598223919252406,0.04487628790847832
MIR596,-0.14555686398857423,0.2129872434895894,-0.02726095316698844,0.008194574916985211,7.727856628529807e-05,0.0013208412005201596,0.0019608287727820297,0.010571760910930992,0.0003198512945890317,-0.036487064393369614,0.004369429010277974,0.0009267146095744567,0.006043196005427726,-0.016048967627749322,0.0009270821144267974,0.012601739642359978,0.0006805964070660097,0.04487310285229533
MCPH1,-0.14799013691412732,0.22389201887709584,-0.02871275438317604,0.008177285694000681,-8.514190469055816e-06,-6.4429447625171815e-06,0.0013801495504927503,0.014487710684630556,0.00013884808933329202,-0.047136045926485994,0.0010958298425811136,-7.006675839200222e-05,0.0001340686353801496,-0.020561517783326898,0.00023883455588612773,0.013600496925635508,0.0016664764179058554,0.06620882899920179
MIR598,-0.1489161931223212,0.22643158418843531,-0.03014268109351686,0.011730532452092391,-1.1081683335919475e-05,-0.00307769146072407,0.003923328873502109,0.022209880720515787,0.008045561961336345,-0.04285668707782529,-0.0016447950019290597,0.0025011728257153926,-0.004996238209337675,-0.005945392234994759,-0.005089135457018151,0.010686372694175036,0.004641385773005571,0.04899824859650581
SOX7,-0.14902475487204694,0.22702681631021635,-0.030243442562709878,0.011312522761481841,-1.881176619866777e-05,-0.0018580639388606458,0.002915269201673466,0.021599603350423213,0.008633374929634435,-0.04319732356913686,-0.000881985902575694,0.0031806451205981306,-0.0037332871395243947,-0.005567336175958134,-0.004160399415903617,0.011104549086482061,0.00035955540216015404,0.049236862284315515
MSRA,-0.14836288435730302,0.2273149517075083,-0.030234901395698316,0.01078322156364792,1.8811108709645752e-06,-0.00011605992109342154,0.003105448943996966,0.019689137484713338,0.008165210666423652,-0.04529389762345864,-0.00037066535319480164,0.00025934053042299285,-0.004022855459301363,-0.008013992389891474,-0.003068108721152142,0.011222815851942472,0.001255172160902249,0.047064518736857214
RN7SKP159,-0.14801259503761996,0.22403544304578546,-0.029238488197031592,0.009158034462423466,6.047821092959824e-07,8.733525072118314e-05,0.0005373452876013261,0.013741987104704709,5.4370021762748514e-05,-0.044803365031397556,0.0008311682946011966,0.00022790104510801192,3.363039679376143e-05,-0.01830733815948733,0.0004994644469287582,0.013211174520743987,0.0016944503979125524,0.05936564882129069
ALG1L13P,-0.1497232829949564,0.2296663329791162,-0.03034873787839901,0.00910273528212904,-5.923899689570793e-16,-0.001003261362234233,0.003398669666770053,0.01665179980295683,6.053080902719328e-13,-0.051083187298840836,-5.6562507105243496e-14,-3.207080859441647e-12,7.46505813578606e-13,-0.024524674089738036,-1.3929339200975324e-12,0.013591772352292591,-1.4352946782493525e-13,0.0791364870638632
DEFA1B,-0.1497232829949564,0.2296663329791162,-0.03034873787839901,0.00910273528212904,-5.923899689570793e-16,-0.001003261362234233,0.003398669666770053,0.01665179980295683,6.053080902719328e-13,-0.051083187298840836,-5.6562507105243496e-14,-3.207080859441647e-12,7.46505813578606e-13,-0.024524674089738036,-1.3929339200975324e-12,0.013591772352292591,-1.4352946782493525e-13,0.0791364870638632
DEFA1,-0.1497232829949564,0.2296663329791162,-0.03034873787839901,0.00910273528212904,-5.923899689570793e-16,-0.001003261362234233,0.003398669666770053,0.01665179980295683,6.053080902719328e-13,-0.051083187298840836,-5.6562507105243496e-14,-3.207080859441647e-12,7.46505813578606e-13,-0.024524674089738036,-1.3929339200975324e-12,0.013591772352292591,-1.4352946782493525e-13,0.0791364870638632
DEFA3,-0.1497232829949564,0.2296663329791162,-0.03034873787839901,0.00910273528212904,-5.923899689570793e-16,-0.001003261362234233,0.003398669666770053,0.01665179980295683,6.053080902719328e-13,-0.051083187298840836,-5.6562507105243496e-14,-3.207080859441647e-12,7.46505813578606e-13,-0.024524674089738036,-1.3929339200975324e-12,0.013591772352292591,-1.4352946782493525e-13,0.0791364870638632
DEFA5,-0.1497232829949564,0.2296663329791162,-0.03034873787839901,0.00910273528212904,-5.923899689570793e-16,-0.001003261362234233,0.003398669666770053,0.01665179980295683,6.053080902719328e-13,-0.051083187298840836,-5.6562507105243496e-14,-3.207080859441647e-12,7.46505813578606e-13,-0.024524674089738036,-1.3929339200975324e-12,0.013591772352292591,-1.4352946782493525e-13,0.0791364870638632
DEFB103A,-0.1497232829949564,0.2296663329791162,-0.03034873787839901,0.00910273528212904,-5.923899689570793e-16,-0.001003261362234233,0.003398669666770053,0.01665179980295683,6.053080902719328e-13,-0.051083187298840836,-5.6562507105243496e-14,-3.207080859441647e-12,7.46505813578606e-13,-0.024524674089738036,-1.3929339200975324e-12,0.013591772352292591,-1.4352946782493525e-13,0.0791364870638632
DEFB103B,-0.1497232829949564,0.2296663329791162,-0.03034873787839901,0.00910273528212904,-5.923899689570793e-16,-0.001003261362234233,0.003398669666770053,0.01665179980295683,6.053080902719328e-13,-0.051083187298840836,-5.6562507105243496e-14,-3.207080859441647e-12,7.46505813578606e-13,-0.024524674089738036,-1.3929339200975324e-12,0.013591772352292591,-1.4352946782493525e-13,0.0791364870638632
DEFB104A,-0.1497232829949564,0.2296663329791162,-0.03034873787839901,0.00910273528212904,-5.923899689570793e-16,-0.001003261362234233,0.003398669666770053,0.01665179980295683,6.053080902719328e-13,-0.051083187298840836,-5.6562507105243496e-14,-3.207080859441647e-12,7.46505813578606e-13,-0.024524674089738036,-1.3929339200975324e-12,0.013591772352292591,-1.4352946782493525e-13,0.0791364870638632
DEFB104B,-0.14972328299495632,0.22966633297911634,-0.030348737878399028,0.009102735282129048,-5.9238953210831e-16,-0.0010032613622342225,0.0033986696667700827,0.01665179980295684,6.053080942190033e-13,-0.05108318729884084,-5.6562506364126125e-14,-3.2070808681455887e-12,7.465058427157037e-13,-0.024524674089738043,-1.3929339286597217e-12,0.013591772352292475,-1.435294672754831e-13,0.07913648706386314
DEFB105A,-0.1497232829949564,0.2296663329791162,-0.03034873787839901,0.00910273528212904,-5.923899689570793e-16,-0.001003261362234233,0.003398669666770053,0.01665179980295683,6.053080902719328e-13,-0.051083187298840836,-5.6562507105243496e-14,-3.207080859441647e-12,7.46505813578606e-13,-0.024524674089738036,-1.3929339200975324e-12,0.013591772352292591,-1.4352946782493525e-13,0.0791364870638632
DEFB105B,-0.1497232829949564,0.2296663329791162,-0.03034873787839901,0.00910273528212904,-5.923899689570793e-16,-0.001003261362234233,0.003398669666770053,0.01665179980295683,6.053080902719328e-13,-0.051083187298840836,-5.6562507105243496e-14,-3.207080859441647e-12,7.46505813578606e-13,-0.024524674089738036,-1.3929339200975324e-12,0.013591772352292591,-1.4352946782493525e-13,0.0791364870638632
DEFB106A,-0.1497232829949564,0.2296663329791162,-0.03034873787839901,0.00910273528212904,-5.923899689570793e-16,-0.001003261362234233,0.003398669666770053,0.01665179980295683,6.053080902719328e-13,-0.051083187298840836,-5.6562507105243496e-14,-3.207080859441647e-12,7.46505813578606e-13,-0.024524674089738036,-1.3929339200975324e-12,0.013591772352292591,-1.4352946782493525e-13,0.0791364870638632
DEFB106B,-0.1497232829949564,0.2296663329791162,-0.03034873787839901,0.00910273528212904,-5.923899689570793e-16,-0.001003261362234233,0.003398669666770053,0.01665179980295683,6.053080902719328e-13,-0.051083187298840836,-5.6562507105243496e-14,-3.207080859441647e-12,7.46505813578606e-13,-0.024524674089738036,-1.3929339200975324e-12,0.013591772352292591,-1.4352946782493525e-13,0.0791364870638632
DEFB107A,-0.1497232829949564,0.2296663329791162,-0.03034873787839901,0.00910273528212904,-5.923899689570793e-16,-0.001003261362234233,0.003398669666770053,0.01665179980295683,6.053080902719328e-13,-0.051083187298840836,-5.6562507105243496e-14,-3.207080859441647e-12,7.46505813578606e-13,-0.024524674089738036,-1.3929339200975324e-12,0.013591772352292591,-1.4352946782493525e-13,0.0791364870638632
DEFB107B,-0.1497232829949564,0.2296663329791162,-0.03034873787839901,0.00910273528212904,-5.923899689570793e-16,-0.001003261362234233,0.003398669666770053,0.01665179980295683,6.053080902719328e-13,-0.051083187298840836,-5.6562507105243496e-14,-3.207080859441647e-12,7.46505813578606e-13,-0.024524674089738036,-1.3929339200975324e-12,0.013591772352292591,-1.4352946782493525e-13,0.0791364870638632
DEFB4A,-0.1497232829949564,0.2296663329791162,-0.03034873787839901,0.00910273528212904,-5.923899689570793e-16,-0.001003261362234233,0.003398669666770053,0.01665179980295683,6.053080902719328e-13,-0.051083187298840836,-5.6562507105243496e-14,-3.207080859441647e-12,7.46505813578606e-13,-0.024524674089738036,-1.3929339200975324e-12,0.013591772352292591,-1.4352946782493525e-13,0.0791364870638632
DEFB4B,-0.1497232829949564,0.2296663329791162,-0.03034873787839901,0.00910273528212904,-5.923899689570793e-16,-0.001003261362234233,0.003398669666770053,0.01665179980295683,6.053080902719328e-13,-0.051083187298840836,-5.6562507105243496e-14,-3.207080859441647e-12,7.46505813578606e-13,-0.024524674089738036,-1.3929339200975324e-12,0.013591772352292591,-1.4352946782493525e-13,0.0791364870638632
FAM66B,-0.1497232829949564,0.2296663329791162,-0.03034873787839901,0.00910273528212904,-5.923899689570793e-16,-0.001003261362234233,0.003398669666770053,0.01665179980295683,6.053080902719328e-13,-0.051083187298840836,-5.6562507105243496e-14,-3.207080859441647e-12,7.46505813578606e-13,-0.024524674089738036,-1.3929339200975324e-12,0.013591772352292591,-1.4352946782493525e-13,0.0791364870638632
FAM66E,-0.1497232829949564,0.2296663329791162,-0.03034873787839901,0.00910273528212904,-5.923899689570793e-16,-0.001003261362234233,0.003398669666770053,0.01665179980295683,6.053080902719328e-13,-0.051083187298840836,-5.6562507105243496e-14,-3.207080859441647e-12,7.46505813578606e-13,-0.024524674089738036,-1.3929339200975324e-12,0.013591772352292591,-1.4352946782493525e-13,0.0791364870638632
FAM85B,-0.1497232829949564,0.2296663329791162,-0.03034873787839901,0.00910273528212904,-5.923899689570793e-16,-0.001003261362234233,0.003398669666770053,0.01665179980295683,6.053080902719328e-13,-0.051083187298840836,-5.6562507105243496e-14,-3.207080859441647e-12,7.46505813578606e-13,-0.024524674089738036,-1.3929339200975324e-12,0.013591772352292591,-1.4352946782493525e-13,0.0791364870638632
FAM86B3P,-0.1497232829949564,0.2296663329791162,-0.03034873787839901,0.00910273528212904,-5.923899689570793e-16,-0.001003261362234233,0.003398669666770053,0.01665179980295683,6.053080902719328e-13,-0.051083187298840836,-5.6562507105243496e-14,-3.207080859441647e-12,7.46505813578606e-13,-0.024524674089738036,-1.3929339200975324e-12,0.013591772352292591,-1.4352946782493525e-13,0.0791364870638632
FAM90A24P,-0.1497232829949564,0.2296663329791162,-0.03034873787839901,0.00910273528212904,-5.923899689570793e-16,-0.001003261362234233,0.003398669666770053,0.01665179980295683,6.053080902719328e-13,-0.051083187298840836,-5.6562507105243496e-14,-3.207080859441647e-12,7.46505813578606e-13,-0.024524674089738036,-1.3929339200975324e-12,0.013591772352292591,-1.4352946782493525e-13,0.0791364870638632
LRLE1,-0.1497232829949564,0.2296663329791162,-0.03034873787839901,0.00910273528212904,-5.923899689570793e-16,-0.001003261362234233,0.003398669666770053,0.01665179980295683,6.053080902719328e-13,-0.051083187298840836,-5.6562507105243496e-14,-3.207080859441647e-12,7.46505813578606e-13,-0.024524674089738036,-1.3929339200975324e-12,0.013591772352292591,-1.4352946782493525e-13,0.0791364870638632
MIR548I3,-0.1497232829949564,0.2296663329791162,-0.03034873787839901,0.00910273528212904,-5.923899689570793e-16,-0.001003261362234233,0.003398669666770053,0.01665179980295683,6.053080902719328e-13,-0.051083187298840836,-5.6562507105243496e-14,-3.207080859441647e-12,7.46505813578606e-13,-0.024524674089738036,-1.3929339200975324e-12,0.013591772352292591,-1.4352946782493525e-13,0.0791364870638632
SGK223,-0.1497232829949564,0.2296663329791162,-0.03034873787839901,0.00910273528212904,-5.923899689570793e-16,-0.001003261362234233,0.003398669666770053,0.01665179980295683,6.053080902719328e-13,-0.051083187298840836,-5.6562507105243496e-14,-3.207080859441647e-12,7.46505813578606e-13,-0.024524674089738036,-1.3929339200975324e-12,0.013591772352292591,-1.4352946782493525e-13,0.0791364870638632
SPAG11A,-0.1497232829949564,0.2296663329791162,-0.03034873787839901,0.00910273528212904,-5.923899689570793e-16,-0.001003261362234233,0.003398669666770053,0.01665179980295683,6.053080902719328e-13,-0.051083187298840836,-5.6562507105243496e-14,-3.207080859441647e-12,7.46505813578606e-13,-0.024524674089738036,-1.3929339200975324e-12,0.013591772352292591,-1.4352946782493525e-13,0.0791364870638632
SPAG11B,-0.1497232829949564,0.2296663329791162,-0.03034873787839901,0.00910273528212904,-5.923899689570793e-16,-0.001003261362234233,0.003398669666770053,0.01665179980295683,6.053080902719328e-13,-0.051083187298840836,-5.6562507105243496e-14,-3.207080859441647e-12,7.46505813578606e-13,-0.024524674089738036,-1.3929339200975324e-12,0.013591772352292591,-1.4352946782493525e-13,0.0791364870638632
ZNF705B,-0.1497232829949564,0.2296663329791162,-0.03034873787839901,0.00910273528212904,-5.923899689570793e-16,-0.001003261362234233,0.003398669666770053,0.01665179980295683,6.053080902719328e-13,-0.051083187298840836,-5.6562507105243496e-14,-3.207080859441647e-12,7.46505813578606e-13,-0.024524674089738036,-1.3929339200975324e-12,0.013591772352292591,-1.4352946782493525e-13,0.0791364870638632
ZNF705G,-0.1497232829949564,0.2296663329791162,-0.03034873787839901,0.00910273528212904,-5.923899689570793e-16,-0.001003261362234233,0.003398669666770053,0.01665179980295683,6.053080902719328e-13,-0.051083187298840836,-5.6562507105243496e-14,-3.207080859441647e-12,7.46505813578606e-13,-0.024524674089738036,-1.3929339200975324e-12,0.013591772352292591,-1.4352946782493525e-13,0.0791364870638632
RN7SL872P,-0.1505781651995934,0.21791466930687747,-0.028692240624554968,0.009191263365320222,5.8776863113691224e-05,4.655704761891341e-05,0.005283937821495838,0.011885632161065933,0.00015968424467400412,-0.03994363028655351,0.0009469322593939481,0.0009319382472932655,0.0024916024826199218,-0.01583161756934314,0.000835999900620852,0.011703967516310929,0.0007323934410379604,0.0447984999235844
PINX1,-0.14909877668463756,0.22712146210086548,-0.030295091229331047,0.011451556626921093,-2.2944044871842735e-05,-0.0018090489273721185,0.003220066665668934,0.021623889526699882,0.00826434737407063,-0.04329855871523633,-0.0010791399420954318,0.003138863792259905,-0.003902893722326455,-0.005835551915449688,-0.0038287023655676996,0.011168594718133045,0.0002613582531354461,0.0491563120508425
KBTBD11,-0.14591306463373246,0.21366358998511592,-0.027893162959691263,0.007863404514504634,1.5324301120063482e-05,0.0018357044701230636,0.0012555551202580767,0.011594328306346892,0.0004240007840951333,-0.03743734105723867,0.005023987735368474,0.001085813098369807,0.005920590512407601,-0.015562967786088228,0.00048718335404119754,0.012514792636874186,0.00016506877920256644,0.04450686224426513
PRSS51,-0.14900974433448833,0.22696899132471265,-0.02982065778871549,0.01059930063034588,1.6154002467896002e-07,-0.00023097315493431832,0.003042194361394805,0.02006150591774519,0.008571071322143745,-0.04511600436609367,-0.000603036712928333,0.0003500313363892511,-0.004028527107146054,-0.007381535142978325,-0.0036315070208903996,0.011554150590652052,0.0011256064292294368,0.045461214458356894
RP1L1,-0.14957942934606253,0.22705075217303092,-0.03070258750100365,0.010971365746105004,-1.2271988121412238e-05,-0.0011491719381050444,0.0035058063495821737,0.020826821539581687,0.0077117670183569345,-0.04357029883723321,-0.0004243503204584565,0.0017362693103992477,-0.003525725802408531,-0.006120200566823438,-0.0040391252518145624,0.01130439940797867,0.003142348141843628,0.047033428005543096
MFHAS1,-0.1488094003242108,0.22863904950121908,-0.02929678598647014,0.008149478832654482,-1.0343772227682578e-06,-5.0482155752245386e-05,0.0021926002013352534,0.016930643400134764,0.005689461801529831,-0.04757194564147431,1.1219372754015536e-06,6.044936540964817e-05,-8.668341731054216e-05,-0.012332892498917399,-0.004406167663104461,0.01194530787211246,0.003553864085753574,0.05390019941185238
CHRNB3,1.6851526491126678e-05,0.15735428539231602,0.026933388458409622,0.0019353556919474762,0.001958354488859113,0.007012054349007386,0.021582772306171387,-0.07784698681280164,-0.03624705845089438,0.20810947795810192,1.3733663423143982e-05,0.024797708545228773,0.0003447487076650631,-0.00024995030587181944,0.015138849087501002,-0.0010118816467246958,-0.00020140764865812674,0.016175930545236233
SNORD112|ENSG00000252565.1,-0.14914504051639804,0.22725141109519217,-0.030364875573284263,0.011357942546373031,-1.7769011315057678e-05,-0.001362802771815958,0.0032536384742258414,0.021422868912636263,0.008050141763025424,-0.043121984348028886,-0.0008561473432015373,0.0031164845913994083,-0.003734215408503518,-0.005760569845138471,-0.0036541991447264087,0.011392050854760518,0.0004065631090974203,0.04831308748624915
MIR4286,-0.14984536406488078,0.2275107346336772,-0.030013703608456514,0.010726486597940703,-6.0207828171293934e-06,-0.0004014498002921326,0.002707482983544757,0.020631401259788126,0.0077294153925899335,-0.04432995878071582,-0.00033213510482698195,0.000988635353233727,-0.003778707844253375,-0.007506159501739487,-0.003412874190802234,0.012031597354493866,0.00175700337834325,0.046843592701167586
C8orf74,-0.14978890552280053,0.2273885800652661,-0.03027663285296895,0.010697244928822344,-1.5097707030206444e-05,-0.001205733776608941,0.002539818029844812,0.02098882463003694,0.007805325114891079,-0.043250359524300924,-0.00034202119643055896,0.001986600001044965,-0.003406757133032745,-0.006376616846451046,-0.003765812205740009,0.011642799830105093,0.0033640837458652354,0.04719360547866562
DEFB1,-0.14812305576442944,0.22549500636884143,-0.029405079984733976,0.008641713906523327,-5.6126831470749115e-05,-4.4666841519712016e-05,0.003525433347389129,0.015166012542133588,-0.00010181569591996337,-0.04723659869086976,0.00043869432932984627,0.0011694838846112302,9.59000786459063e-05,-0.020837925086572028,4.4956050193382736e-05,0.01300253534915245,0.0007437771978596367,0.06964626199009478
RNA5SP252,-0.1497718852720366,0.22733354296303931,-0.030036554090390983,0.010698976401072738,-1.1472357211634891e-05,-0.0011609442900620151,0.002715126860311552,0.020936891539846205,0.007910546851026153,-0.04348849487962832,-0.0003639258342715082,0.002172186926314458,-0.0033236616686829513,-0.006728110758063393,-0.0034546863845128415,0.011542922565552107,0.0036858747098303373,0.04759872096329116
PSD3,-0.1471189978920993,0.22887076136457987,-0.029755958504861853,0.007786552900352537,0.0025854114138869123,-0.00028263382049384736,-0.006206652549544914,0.01892442419154656,0.0158430693215395,-0.03202813948363928,-0.0007114264770920042,-0.007031276124926183,-0.003482483003247725,-1.2407279244704139e-05,-0.024915418660546244,-0.003390068494918188,0.007774876394585023,-0.029183367824946373
AGPAT5,-0.14844545466266795,0.22483310986495847,-0.029329720034096965,0.008225540573468235,-2.0060815496264732e-05,-4.368137832041133e-06,0.0031360628849569404,0.014825523709643356,0.00022079293665470856,-0.047037160464540345,0.00012513205415342355,0.0004390698888220891,0.00010398748083310622,-0.020311848345462305,0.00022984319332495666,0.013018558294939194,0.00015006172328598853,0.06808439974129625
PRSS55,-0.1499985529420859,0.22749769054212649,-0.030063797295258033,0.01014200181459969,-3.858848099011054e-06,-0.0003839463865464658,0.003017420915972545,0.02055842421027219,0.008591684881450111,-0.04475419833962417,-0.0003955690913714388,0.0006804019992068273,-0.003442240548798075,-0.00685270836416368,-0.0033933906175351463,0.011889012156293191,0.0020263681529543256,0.04492324060364604
ERI1,-0.1489522621574287,0.22883250750377188,-0.02939881090847764,0.00893257021206471,-5.698256776051757e-06,-0.0002679957427887298,0.001289260314629547,0.017900444658982842,0.007042462817942258,-0.047911167959497646,-8.214406505021249e-06,0.0001968552453056074,-0.0006733905885709429,-0.01045361851493303,-0.003301057907731218,0.012293112676640497,0.003974982071385752,0.052303461039630184
TNKS,-0.1486461462356918,0.2282425514307433,-0.029694228736610463,0.009459384011886155,6.38055208289142e-06,-0.0002115855803246366,0.001095841735680812,0.018570117904746435,0.008215866446956223,-0.04655805028130328,2.6486157067780955e-05,0.0004862015678976554,-0.0006192579288218109,-0.009771099583242501,-0.0022207156638513388,0.011046003632608969,0.004365774662345324,0.04622162888943228
XKR5,-0.14842202627851594,0.22597550125358887,-0.02935492790813605,0.008387445303394015,-5.7887790975984326e-05,-1.0314429042064563e-05,0.003267881262346219,0.015087727756742336,-0.0002688761939685564,-0.04728658836249746,0.0001149027589846857,0.0005209222367538359,2.6115902604909637e-05,-0.020673462118726848,0.00010589407086742228,0.013326070366229037,0.00019072400881170101,0.06979973027120208
DEFA4,-0.14896988162631164,0.22618425230774325,-0.02918378746124473,0.008478094222098316,-2.452650666304753e-05,-2.5512962033724725e-06,0.0036835534527381642,0.014937410620980448,-0.0001133184312626915,-0.047349739635641194,0.0008999504070828558,0.0011861933487866006,5.363866459637541e-05,-0.02158017313355669,0.0003468850869696948,0.013358018382860867,2.398187619326633e-05,0.0709877870703715
MSR1,-0.1467628971549715,0.22599175707904295,-0.03194839109774286,0.009056555467567742,0.0006483824712271679,-3.432589948733198e-05,-0.005763490925508892,0.019339875482468585,0.014093663422635025,-0.03180983345783996,-0.00010205143537673322,-0.002165258180070854,-0.0019409220545298892,-3.112629040732971e-05,-0.018201575735352204,-6.0728909566043074e-05,0.0040223274161709744,-0.010610165804102225
DEFA6,-0.14878791795732374,0.22627206186523777,-0.029259768755261824,0.008654449493714876,-3.2127482925224135e-05,-2.5463120562653794e-06,0.003935419711689554,0.01489515698425278,2.9043078424976506e-06,-0.0473484375338239,0.0006232610105416099,0.0011484579194503326,8.911676959410628e-05,-0.02114566193109372,0.00032013564379463494,0.013168263470271141,3.720223356801381e-05,0.07044940465008157
PPP1R3B,-0.14899705574057803,0.22880801260662767,-0.029087360302738223,0.008813688995061464,-8.145586344187954e-06,-0.00012420807496658478,0.0014114102691369006,0.018072060425895396,0.006932527922672003,-0.04814010556958814,-1.3526621709497256e-05,0.0001972348854724064,-0.0005931894950825543,-0.010481722246190147,-0.003674954854506796,0.012100177915214049,0.004008031433848584,0.05201011014613201
U3|ENSG00000252543.1,-0.14899705574057806,0.2288080126066277,-0.029087360302738223,0.008813688995061464,-8.145586344188296e-06,-0.00012420807496658584,0.0014114102691368921,0.018072060425895375,0.0069325279226719935,-0.04814010556958817,-1.3526621709494078e-05,0.0001972348854724095,-0.0005931894950825649,-0.010481722246190149,-0.003674954854506755,0.012100177915214056,0.004008031433848585,0.052010110146131994
CHRNA6,3.432490286449365e-05,0.15798239137725786,0.02717861064440523,0.0021747647346431363,0.0013721960646268818,0.0077068785503691005,0.02206564313792931,-0.07661348476749956,-0.03627901569362935,0.20646121173172374,8.434284530306448e-05,0.0253005586374025,0.0005060746850893285,-0.00034440869009726735,0.015032931977850612,-0.0014164205427004053,-0.00017467697756868165,0.01612911854745507
snoU13|ENSG00000239065.1,-0.14903549293589596,0.2276266310560413,-0.02996652848073945,0.009760117670796858,-4.524612004380996e-06,-0.0007030648327112025,0.0008496094884895935,0.018951586320516682,0.008152339569317053,-0.046102077276841145,9.294660374159071e-05,0.0007653352359376786,-0.0008621780760792482,-0.008970208286139644,-0.002239146676638889,0.011653252821230323,0.0023550626852176567,0.045888548627804025
MIR4659A,-0.1486762150324139,0.22573663705261746,-0.02943587473165948,0.008589194747595697,-1.4789254357587822e-05,-5.7193602226561276e-06,0.0029612844648880827,0.014819194823292513,0.0002049698883199632,-0.04704985401968992,0.000125957742378774,0.0004843826932665845,5.914455697117055e-05,-0.020420571600591277,0.00010679180303737516,0.01298569493323172,0.0003597581353834515,0.06802676056210015
ANGPT2,-0.14892224446989627,0.22495426106112187,-0.029044780637616858,0.008418457192710223,-4.518371925603957e-06,3.62913694735252e-06,0.00226440198541776,0.014484781630139628,4.8503957838118675e-05,-0.046756958226558676,0.00010309072487747634,0.00020645947940262785,6.423864908886614e-05,-0.020102864787615877,0.0001105990373520228,0.013023712322568257,0.000661921209065967,0.06539125738080662
SNORA70|ENSG00000207244.1,-0.1487407605773645,0.22912986561810464,-0.029274106769725156,0.009173866289101416,2.3351380077526487e-06,-0.00011420128971107772,0.0025717241235723443,0.01777358132659379,0.006344387892519755,-0.04796817786723998,-4.5698671274663055e-05,9.567104357292787e-05,-0.00019473723301144564,-0.011143160628886147,-0.0035884172459489205,0.012405283813277187,0.004331067425835016,0.05340186894987627
MIR4660,-0.148819033379655,0.22906899374489634,-0.02930127511238152,0.009165670372017163,-3.834985058420107e-07,-6.657147020224556e-05,0.0021080352633258705,0.01798988528713989,0.006569734127327967,-0.048124536884888255,-1.9497121024425046e-06,0.00014874184222715757,-0.00014302725189167267,-0.010787954765216287,-0.003788235823228538,0.012040618150520944,0.0042820154188170974,0.05193934538267188
LINC00599,-0.14930906848320033,0.22765890946139825,-0.03012709043091033,0.009848161358214546,-5.464418617660968e-06,-0.0004898145884293468,0.0005474185065294379,0.018931148624369936,0.00772789740508242,-0.0460492209051176,9.833329406101041e-05,0.001207615012669314,-0.001178384244887946,-0.009027277706660097,-0.0018861380004025203,0.011633122839218923,0.0019634594585359343,0.0450110720487403
TUSC3,-0.1479523685468624,0.22707145248496263,-0.032385143709927594,0.008824228038013202,0.0005931037225052361,-1.8862701303051024e-06,-0.005597149616874443,0.020389106202040368,0.013603550103537348,-0.03347034502862835,-0.00030550491417013055,-0.001284740780068624,-0.000785445909728188,2.210468498143826e-05,-0.017967677979003432,0.0013859255194594343,0.0025490945006706473,-0.0043068466418328235
C8orf48,-0.1484632348145011,0.22777039971861648,-0.030525963955256457,0.010683668436224411,0.002486033700174817,-0.00025623533124484563,-0.00028089489150012796,0.019227876889348634,0.012026240622715038,-0.03851756316304714,-0.0009131525711276724,-0.0005345145949420042,-0.0008268648830361704,-0.0006676568830132417,-0.014607460054468063,0.004920455863370757,0.0012126635863506782,0.014813770610615949
KIAA1456,-0.14871821040700708,0.22801382660411582,-0.03057371839080666,0.010554769494102053,0.0008465004799522979,-0.0006440988057872835,5.285508463430146e-05,0.02044958081082342,0.01205202339501391,-0.03974728895411243,-0.0006313236119777227,-0.00033281770389439726,-0.0006406873691507202,-0.001101131754444132,-0.014183908568062058,0.0049046972979063215,0.004568447358220893,0.017982366300336103
RNA5SP255,-0.14805707454301084,0.22781464602121146,-0.030330522966728456,0.010574544062325726,0.0029993956210323147,-6.443429359793328e-05,-0.00014667162697574622,0.01870521425653877,0.012008760604265287,-0.038749860221081914,-0.0005812599904347861,-0.0005839304802527173,-0.0006106842549131286,-0.0009426567609664003,-0.014188378447770919,0.004955904960821486,0.0005468327618355371,0.013791810968462655
LINC00681,-0.14788055902712471,0.22794110633446263,-0.029974804811038223,0.01068862401033026,0.0011770501929355827,-0.00011384399347931108,0.00011713381781356248,0.019973542855081423,0.01236012440203891,-0.04004857327796479,-0.00031692592753578263,-0.00018014480672655237,-0.0004686005028198952,-0.0026902859345938226,-0.011218771806843247,0.005266056699153038,0.0045499294745452125,0.02083204752830274
LONRF1,-0.1483727348349869,0.22812155842785928,-0.03031405630874383,0.010982602919734805,0.0012124827785462704,-0.00023569218305601543,0.0002830989745805639,0.020318173728413637,0.011877540829890407,-0.040236883184110415,-0.00035009553922819544,-0.00010724765105557506,-0.00040366934318326273,-0.0026322581182280725,-0.011494160201071437,0.005507787304188421,0.0035516715139618012,0.02111993538788578
snoU13|ENSG00000238496.1,-0.14904708632709637,0.2279258861685725,-0.030284560495966503,0.00996017961330656,-5.958917359537827e-06,-0.00023470094667182306,0.0004674392737052076,0.019465922683376755,0.0076825244182238735,-0.04593046135712078,9.563088331676021e-05,0.0011031121896185867,-0.00073868664142577,-0.008115562496143973,-0.0021029612119384746,0.011752888457312838,0.0012151697769269662,0.04481052680194166
MIR5692A2,-0.1481894925686152,0.22792809252983817,-0.030243160582462587,0.011172692580811818,0.0012791302417780358,-0.000608663367725076,0.0006032510544521491,0.02051841418031006,0.011922440637408922,-0.03944128981704912,-0.0005576617245326628,9.586948762088533e-05,-0.00044642627952719266,-0.0011128996882207665,-0.01175678136754233,0.005821056871322993,0.0049375144702775795,0.022809173488654192
MIR597,-0.1491658926618161,0.22814499621196443,-0.029624503405758687,0.009423404430471271,9.883353871324408e-06,-0.00029561380722215513,0.0012384648659179128,0.01817988689092491,0.007261739523891007,-0.047046669959379665,9.551878651645497e-05,0.000555201674663101,-0.0005304757930984398,-0.010518904132158786,-0.0019189807168238922,0.01181214745781497,0.004564461537619591,0.04688904159520624
PEBP4,-0.1510074634920224,0.2309790538731948,-0.031098035683513266,0.0046427481396695445,-2.7760637800658545e-05,-0.0016540484139892489,-0.009993053600195739,0.02252254336690853,0.016972259808253908,-0.024861865943001882,-0.006134216558985064,-0.006749882438932019,-0.004316013916617661,-0.0023936033366704955,-0.022340557185177287,-0.009001723397577713,0.004414075279141712,-0.057673595966651586
FUT10,-0.11292846530852994,0.2082974993043714,-0.021180044933075744,-0.0004918031296758434,0.00034877734660197004,6.815741414941938e-05,-8.052933123748898e-05,-0.012523239712964256,-0.012812329077744655,0.04967011477003103,0.008212010932698067,0.008765205413906765,0.016418309969948502,-0.011949675586959045,0.020432521182794858,0.006772800884049851,-0.009731587245171446,-0.04665403744279501
RN7SL318P,-0.1490628179904593,0.22433891523126967,-0.02951964999346154,0.008743410309145213,2.373467085400017e-05,9.369698905397553e-05,0.00032716345200815454,0.014177819806988616,-0.00020130610545180736,-0.04156079710694362,0.0025141175371124957,0.00055254416707026,0.0019283025101920126,-0.017555545922342486,0.0012038470065104689,0.012804563203965212,6.610492136407221e-05,0.05318099981902789
RN7SL178P,-0.1497049281245467,0.22931355792622196,-0.030329263224195425,0.008478036173681388,3.3457678173934407e-06,-8.997213596085867e-05,0.0023172604069005907,0.01633228158398514,0.0032367874268254744,-0.04947512159486501,7.052913501486129e-05,0.00012737560383408548,-8.643223195988643e-05,-0.015393457807733867,-0.0031050367682691946,0.01203147791959523,0.0014089854537148248,0.0571094350431675
LPP,0.2305412482349286,0.07255623709648665,-0.13165278037860267,0.02917616666730706,-0.0062311912698451,0.00979369746020159,0.004614627561860078,-0.016718605807218748,-0.022195915801157658,-0.020132822209101144,0.007324750592301435,0.0028633624177863875,-0.016725967466906744,0.019656947020662348,-0.004664841035461531,-0.012376647735745826,0.0035724204049492193,0.0007573714227105898
SNORA70|ENSG00000206661.1,-0.14906412467087002,0.22430380098058494,-0.02956233733814677,0.0087240238960033,2.2774883785831545e-05,7.680814866287253e-05,0.0002987118251627326,0.014062377966408112,-0.00023431883425067634,-0.041333702120780996,0.0025061160820828957,0.0005122608878777855,0.0018803518158200074,-0.017591016737308018,0.0011544348183716866,0.012905945271019228,8.590031474849865e-05,0.053224858023114066
CLDN23,-0.14950903120430925,0.22987075725261877,-0.030554862279108173,0.008690774143517129,1.0719763518924422e-05,-0.00017923105616175577,0.002485352083066602,0.016293502220676225,0.003649261499353976,-0.04872693316413593,4.213365942394898e-05,-5.983194692734653e-05,-5.792481017569346e-05,-0.014900311272563437,-0.003967688622108077,0.012124748377698244,0.0012545727006509908,0.05629447032224814
MTUS1,-0.14697648717659162,0.2293053776959207,-0.030546924867971382,0.008428633848785574,0.0016404512205016875,2.006977760475739e-06,-0.005064116135043447,0.020635283450314842,0.014871117945204149,-0.03252265216643941,-0.00025586707710291727,-0.005663947589905236,-0.0020433246138855943,0.0002714065528441862,-0.02184663347993825,-0.0019523710669867912,0.007278308638017989,-0.024645525585968622
CSGALNACT1,-0.14773271217664624,0.23024310836772996,-0.02977951545796743,0.005977925963914479,0.00010954593982468716,-9.079686172890453e-06,-0.010690032636306909,0.02135621880569072,0.01601555665747683,-0.028064728420842927,-0.0013509811357686062,-0.007034233727701368,-0.00040140039710360244,-4.026565574699009e-05,-0.0265523253889596,-0.00475737924846944,0.011813845563852043,-0.04100417876160765
HOOK3,0.0005341073488686807,0.1567557754840346,0.03163581879044271,0.0006160084133885386,0.0026184574876298643,0.007643838999785967,0.02312252410188067,-0.0778835893703908,-0.03557885853651979,0.20071281697867016,3.019536874625531e-05,0.02412378471543064,0.00023646602558871985,-0.0003583690396535356,0.015002418693595497,-0.00025006687377289753,-0.00037809634142719285,0.015322848175049263
THAP1,3.9665714205804795e-05,0.15807282593416547,0.02863338456972746,0.0013053324243826765,0.0013969148326178858,0.00816514322455981,0.022396391258866676,-0.07679919079991007,-0.03572149193896259,0.20509651962684047,0.00015771611064951507,0.02506135760618256,0.0003902918778825245,-0.0003840529936824468,0.015619876618559438,-0.00018140360778185307,-0.00016885396538823564,0.015266543338474388
DLG1,0.2296350375093211,0.07138545095033733,-0.1310435178901985,0.03161565876502673,-0.007302139231701357,0.007309941799717576,9.534805294189633e-05,-0.017516307033101083,-0.01478050716405743,-0.01565761625371917,0.0024265795205571155,0.008668350846791243,-0.030655015884493517,0.018928993437136582,-0.03197442199917539,-0.026109303468761075,3.6103969334874015e-05,0.005582171773171958
RNF170,0.00016485394791743225,0.15751519603386957,0.029704816567939257,0.000581726878964743,0.0010970903462331726,0.008686580604651637,0.02285929126638247,-0.07739357231095793,-0.03539212234927602,0.20414545344636453,0.00012100196280921674,0.024947649954376934,0.0003680967405416405,-0.00040437846616974256,0.015440238069129088,-0.000529460468766184,-0.0004179768381329437,0.015511398456052896
PIWIL2,-0.1492731514356931,0.2314805578845585,-0.031262955282528454,0.005878636448647032,-0.00010699536630319878,-0.0008571437639064795,-0.01002601464278162,0.021967338842436224,0.015625884468656332,-0.02457196568570116,-0.004632509532302859,-0.007123797724364341,-0.00518893227057955,-0.0008892250819873066,-0.026951708198103864,-0.008164930667369792,0.00674551323045849,-0.05700023834139435
RN7SL457P,-0.11076295406509883,0.20777541764280413,-0.02047707764730588,-0.0016478856264319714,6.783200329864476e-05,5.637704483448703e-05,4.742206200545375e-06,-0.012857593238635728,-0.013672894451072285,0.05453486261928525,0.008018692467366813,0.010258867609245464,0.016463639878422257,-0.010851759831938989,0.021582916314747826,0.0073488028515905955,-0.01305602375865357,-0.04669734703452522
RN7SL151P,-0.03111300815856932,-7.341819653159146e-05,0.0005456314236267307,0.0022697469655726006,-0.0020846299149510873,0.22257745681468744,0.05553516575928416,0.018849297308929817,0.02668929264592504,0.0036837538582909896,0.005345511640896553,1.8070603996343718e-05,-0.0006408475227582024,0.00031212217966298844,0.018477095550916447,0.003402474484897771,0.0022780389993865453,-0.0011514442493625234
PCM1,-0.14654760382757587,0.22972394828014503,-0.030442209290354696,0.008397910311114,0.0003300521851134287,1.7675901300307153e-06,-0.005345218434577828,0.01950592840901944,0.014723351839757197,-0.03256586837274123,-0.0003312192988016461,-0.006018787449603917,-0.0027561793051480796,6.0831018237194694e-05,-0.02359024536590607,-0.002626483163046165,0.008016285639851743,-0.02555199979682151
SLC7A2,-0.14702520238737585,0.22973966280186053,-0.03092514069083566,0.008614926563739024,0.00033435006900391263,-4.94022312097354e-06,-0.004624426753473604,0.020857958405170515,0.014867115305895183,-0.03431627681673184,-0.00020736467392267163,-0.004326850725704341,-0.000836611177671245,8.939673091868073e-06,-0.01972093162808775,-0.0013203253489447871,0.006887483676757404,-0.021736153604986205
TTI2,-0.1137090085538706,0.20798552178079083,-0.020609057896065472,-0.0009762210086569722,0.00032102071822386665,0.00010936632285216027,-0.00018107556402502945,-0.01173729205848941,-0.01300952839315239,0.050299283613304345,0.008274946817849304,0.009381273151140271,0.016364446186915654,-0.010803425625501873,0.019901446834073494,0.007742945726811321,-0.010939204350223547,-0.04678254361189568
DUSP26,-0.11167189042211141,0.20780341158588878,-0.020992620773589498,-0.0016635637310483623,5.610066163501351e-05,0.00038301060113375457,0.0002978672973112297,-0.011776743729429363,-0.012681470535887194,0.05300477922347968,0.007825100387332811,0.010211974239219494,0.01639315207568659,-0.010304406316215268,0.020383580644806266,0.006972454360990178,-0.012370003037412652,-0.046338054117310394
HGSNAT,0.04174515833287268,0.1276058816849045,0.0745687355985459,-3.121204654358542e-05,-2.2556894411678427e-05,0.012897088564982877,0.0015649932437738724,-0.06007153891842241,-0.02574519554729193,0.14092317618621378,0.010997963816275037,0.010117876319482544,-0.007704115922344513,0.0006865899971284366,0.005626089851433086,0.0034655013334574905,0.0133204919699944,0.01566314315399025
POTEA,0.04174515833287268,0.1276058816849045,0.0745687355985459,-3.121204654358542e-05,-2.2556894411678427e-05,0.012897088564982877,0.0015649932437738724,-0.06007153891842241,-0.02574519554729193,0.14092317618621378,0.010997963816275037,0.010117876319482544,-0.007704115922344513,0.0006865899971284366,0.005626089851433086,0.0034655013334574905,0.0133204919699944,0.01566314315399025
RN7SKP41,0.04174515833287268,0.1276058816849045,0.0745687355985459,-3.121204654358542e-05,-2.2556894411678427e-05,0.012897088564982877,0.0015649932437738724,-0.06007153891842241,-0.02574519554729193,0.14092317618621378,0.010997963816275037,0.010117876319482544,-0.007704115922344513,0.0006865899971284366,0.005626089851433086,0.0034655013334574905,0.0133204919699944,0.01566314315399025
SGK196,0.04174515833287268,0.1276058816849045,0.0745687355985459,-3.121204654358542e-05,-2.2556894411678427e-05,0.012897088564982877,0.0015649932437738724,-0.06007153891842241,-0.02574519554729193,0.14092317618621378,0.010997963816275037,0.010117876319482544,-0.007704115922344513,0.0006865899971284366,0.005626089851433086,0.0034655013334574905,0.0133204919699944,0.01566314315399025
U3|ENSG00000201329.1,0.041745158332872685,0.12760588168490455,0.07456873559854592,-3.1212046543582186e-05,-2.255689441167815e-05,0.012897088564982883,0.0015649932437738726,-0.060071538918422436,-0.02574519554729193,0.14092317618621378,0.010997963816275038,0.010117876319482548,-0.007704115922344508,0.0006865899971284389,0.005626089851433083,0.003465501333457491,0.013320491969994401,0.015663143153990245
MAK16,-0.11379122099910222,0.20815044027686153,-0.020709107076263413,-0.0009676190931120175,0.00022789067517224622,0.00011846008993763075,-0.00025079067862382177,-0.011428477839960934,-0.013037875027398678,0.04993299135672226,0.00830443366662015,0.009432704001657476,0.016356743582958206,-0.011175347472339852,0.02037514033087581,0.007473969020164025,-0.010636616509736584,-0.04692587909262891
SLC39A14,-0.14982519010559506,0.23181957746560009,-0.03131771574208865,0.006241494978060267,-2.369093112632724e-05,-0.0003423383554122827,-0.010281790169006865,0.02141513566096473,0.01620486596965943,-0.024052027684897205,-0.004589584406501173,-0.006933905810608156,-0.005597159744622592,-0.0017120841929535258,-0.025847071053688542,-0.008118666037487537,0.006869556392198909,-0.05661424087620457
RN7SL621P,-0.11209583858659014,0.20826608881248962,-0.020826324955541157,-0.0011195506423938163,0.00012956897788082256,0.0003143145094079843,5.377266053549182e-05,-0.011683130292002502,-0.01219990998101679,0.0520398422906563,0.008325721572601159,0.010128929912932174,0.016510676572562624,-0.01060501999024443,0.02036200109600687,0.006918155310492549,-0.01215426807041962,-0.04642960359196465
PPP3CC,-0.14984167762250897,0.23190321012262585,-0.03146978631918786,0.006280243831772292,-1.8670807934877328e-05,-0.00033525247780477314,-0.01047508654722563,0.021316864323764496,0.0162460820449651,-0.024316584001053927,-0.004602089563283594,-0.00696456269863759,-0.005832660064239565,-0.0017024443246573216,-0.02601253229229447,-0.008108562466941145,0.006896267763154361,-0.056567880448646635
RN7SL303P,-0.15170355419665638,0.2312435596093017,-0.03130576660630382,0.004609068415838071,-3.868676656082512e-05,-0.0029922224411615688,-0.009934666476176773,0.022471831205680116,0.017299102790199153,-0.025574441298855655,-0.006193765812983928,-0.0067019134552873715,-0.0045171511266636445,-0.002619153068782715,-0.02140816923539453,-0.00864077459723424,0.005107041142837207,-0.05783665008700094
LOXL2,-0.15176633826088692,0.23156878936726147,-0.031019957096349356,0.004648538054369517,-0.00014484119486649768,-0.002658069527412425,-0.01050291612358761,0.021367828301342172,0.0162871331712394,-0.024136640024653242,-0.004740204296997913,-0.005343711090421656,-0.003987387067337064,-0.003961444366379776,-0.020020350620997662,-0.00900199647281204,0.0062412835605893556,-0.06092808931115094
RN7SL806P,0.0001339626783620756,0.157327030617071,0.02977318338065013,0.0003870513603795009,0.0007203586663433694,0.0088323378908171,0.022688628760772864,-0.07722679149912268,-0.035334282243306044,0.2030093012770708,0.00029531143539005916,0.025369178582730283,0.0006254743401503186,-0.0006635639642071639,0.016813713921079394,-0.0006418549015893644,-0.0002763882150066125,0.015316508343280081
NOTCH2,0.07813618287367285,0.0044437375557623135,0.047292910340962016,0.14030601541254817,0.2198042735468677,0.005511907827908859,-0.0002917235135342522,0.026787258429171235,-0.0004096968274500974,-0.003944185272355973,-0.052315249518779375,0.003558691107234628,0.010198357639465298,0.0003877409728332929,0.0035839076178489047,0.008010091932284085,-0.0008609079162024469,-0.0006636277418143441
BIN3,-0.15098444813294007,0.23193392744375438,-0.031493055217608416,0.004624004187869333,-5.279453347954769e-05,-0.0008193441122710391,-0.0100633284715856,0.021608824178330193,0.017226410549756262,-0.024728349982815045,-0.005207907519054137,-0.00685742285875214,-0.004485805349087185,-0.002611617217565376,-0.023060828704805515,-0.00880452343371128,0.006398862314020716,-0.05779314739381918
PDGFRL,-0.14771349431893005,0.23017340596582228,-0.030660091106747358,0.008180901895698535,0.0003723046305564543,-2.8644627581357906e-05,-0.00516889613674787,0.020773749180735518,0.015320987233922423,-0.03408074271194703,-0.0004890798017688887,-0.004847490697743075,-0.001793083924712225,-4.960040706472809e-06,-0.021321202877259016,-0.002484574796766797,0.006752957827337266,-0.022945418740160935
FGL1,-0.14695007538375174,0.22981913296764647,-0.02984132513372508,0.008631521105448759,0.0005805599263529936,-8.294323425001033e-06,-0.004826821784810644,0.019897499019133024,0.01513296679221695,-0.0323870678762792,-0.0002320233054950767,-0.005468092370654396,-0.0022236908259593187,4.218497525669421e-05,-0.02371242819058784,-0.0031079568735407474,0.008212085577288506,-0.02496912539445729
TNFRSF10C,-0.15202743480962935,0.2311232381126306,-0.031388599500202,0.004723242628473688,-0.0002798813929107127,-0.0026353432233974725,-0.01068295151372815,0.022677897708831486,0.017912760607722036,-0.024735635511952712,-0.005794850565012227,-0.005882044797485424,-0.004404145334618583,-0.003400460030087345,-0.02033347595205758,-0.009093941467283106,0.00414706023188843,-0.05766478032289115
RNF122,-0.11204761292302226,0.20775140814197693,-0.020617796567256402,-0.0012476903810592428,0.00013606265698177432,0.0004935998192603322,-4.5895045702239634e-05,-0.011614750501706218,-0.012478172744414132,0.05236647002656065,0.00804490219982394,0.00969327171265041,0.016341962757396022,-0.010494519697997964,0.020045741316485618,0.0071475537800427475,-0.012416571928916844,-0.04623600119767958
TNFRSF10B,-0.1521512014032448,0.23114757801894512,-0.03156487379141368,0.004527187860186774,-0.00017328299452871532,-0.003309134397007052,-0.010280687342188448,0.02221404381469437,0.017774397352242274,-0.025305484830424607,-0.006006321590623707,-0.006692743528154669,-0.004827862117239304,-0.0028205212678436677,-0.021194033475488934,-0.008903563808052614,0.0052099210716903535,-0.05714437857693238
SNORD13,-0.11343637118357874,0.20802347906122778,-0.020741846485363206,-0.001066471210900187,0.0003236806942647956,0.00023249150431814834,-0.00022064377714228742,-0.01138094462437368,-0.013298916527490857,0.05075654470056486,0.00827667948379617,0.009637838440399265,0.01676122713912882,-0.01085315448293925,0.019692910858863107,0.007732645813138255,-0.010817683052940428,-0.04690608962570846
NAT1,-0.1468259333076841,0.2301712507744458,-0.030238250760287737,0.008291492189141575,0.0018601083853141342,-2.864225099972114e-05,-0.0072403066143385654,0.01842040515495358,0.015659351843271434,-0.032511169822282734,-0.00021928221192266117,-0.006569096418487265,-0.0008134245624666656,0.00027307347106198427,-0.025142012585511478,-0.002945376863350525,0.007991771017875085,-0.027769609418121267
RNA5SP256,-0.14719147562925414,0.2294272465226601,-0.030387476163197633,0.008692421311832165,0.0008334965099543835,-1.3292263169529249e-05,-0.0054118855002539355,0.020032840706031386,0.0156556188563296,-0.03212633036316064,-0.00029862383490430935,-0.0056910308009127655,-0.0020056251228284397,0.0001543126367374761,-0.022779723999727067,-0.002583047696862067,0.007581184651256856,-0.02652817323790697
RHOBTB2,-0.15194809864036,0.23130239953990137,-0.031338700773242543,0.004719749077445015,-2.6688299990414572e-05,-0.0027808287666153605,-0.009824878274796571,0.022345622911263532,0.017255829264326294,-0.02562385132051883,-0.006039781205157333,-0.006791280078589401,-0.004511260411951154,-0.0026381903445120247,-0.021299439911959588,-0.008711726271613977,0.005101597181038933,-0.05803807792156574
ASAH1,-0.1465754244266518,0.23030841488061277,-0.03095693588205527,0.008376653237856085,0.0016626774751941102,-1.2948106384994954e-05,-0.006279145178179961,0.019008082660932887,0.015346488979670843,-0.033414628783669645,-0.0003880871159017436,-0.006516868844315019,-0.002845449518333364,0.00022713483815882014,-0.02440462366138986,-0.002764431390558899,0.009022534460282122,-0.026564782466327843
ENTPD4,-0.15206730234552487,0.2314075165512981,-0.030969432977768257,0.004867896925974191,-0.00032538222932517065,-0.0027174770926492405,-0.010523033252787993,0.021835342560469206,0.016193423283308146,-0.023595015999364956,-0.004523863742711965,-0.005019812183543527,-0.0042809477923600675,-0.004369481864013962,-0.019757799640536505,-0.008729417920498054,0.005872123333816087,-0.06058726971373086
NAT2,-0.14750298351219174,0.23047449860137675,-0.03044176739227189,0.008275300639262573,0.001664528350684669,-2.9804324528290005e-05,-0.0072742460028980835,0.01882366438992751,0.01551448984587548,-0.03212818419484805,-7.735164562636254e-05,-0.005893602679212274,-0.0009364405649969956,0.0002160233612141475,-0.025491804271611306,-0.0026237851988387614,0.008060386633244479,-0.02779981581841477
SH2D4A,-0.1478442632119827,0.2305661498748954,-0.03038749024752701,0.006724925041871507,0.00024869257168675415,-8.863474553020096e-05,-0.009933225984313595,0.020417798953898888,0.015830136597433802,-0.027072123357076452,-0.00018139345297187232,-0.0065445754052958155,-0.0009448541051977924,1.730270689672839e-06,-0.02660407891478217,-0.0041979783908919046,0.011114339949533786,-0.03858656073037707
SLC25A37,-0.15152765354472256,0.23137939215300335,-0.03070315854857649,0.004529689120084854,-0.00013796505596167901,-0.003967116413726946,-0.011065654345779325,0.021137552351332894,0.015647980549638896,-0.0231410971703711,-0.005360555245322354,-0.005320156994993288,-0.0042638076426764,-0.004436685885077698,-0.01937346906398569,-0.00783939724954726,0.0063640408682654965,-0.06169714936995476
SORBS3,-0.1503326180594048,0.23208378653600997,-0.031022016561876458,0.005131921967819879,-3.0865371161946e-05,-7.990075844291987e-05,-0.01038673534471158,0.021130736883643062,0.016318247421514963,-0.023783291369849063,-0.004764674276800818,-0.007423346449908019,-0.005199992498882794,-0.0020403053258149385,-0.025084581105343364,-0.00850377343223736,0.00615805700252862,-0.057713583001577924
U3|ENSG00000251944.1,-0.14757976571806425,0.23076131887295165,-0.030774998220185066,0.005426599030775377,0.0002519965104162755,-3.371136264726019e-05,-0.010127421756382671,0.020972057305636484,0.016041594108537484,-0.027553583382073383,-0.0027337530299175435,-0.006890324228408892,-0.00012820290313357596,-0.001469697275707743,-0.02643839220404105,-0.0055673808729021015,0.011434212989778265,-0.043469065212712134
R3HCC1,-0.15191580935892063,0.23180509021021875,-0.03105892139641299,0.004219798073996675,-0.0001910731106720023,-0.0029383800917051257,-0.011000228486605517,0.021315754651479696,0.01648190867858842,-0.023850356964775898,-0.005415468184027016,-0.006061135436636741,-0.00419556185490175,-0.003871740521873329,-0.019845070836684037,-0.008725568285055028,0.00615774850766045,-0.06068678820840546
SNORA70|ENSG00000252505.1,-0.11232297321455972,0.20778348314279138,-0.020581074795211207,-0.0009894716721690622,0.00022568963454836204,0.00043939748704123336,-5.551319796882252e-06,-0.011347577062968097,-0.012559335684080065,0.0521646514392521,0.007635345211914542,0.009697941784512635,0.016335462693955423,-0.011071559025725514,0.021103071521949023,0.006950001019110138,-0.01155002629439329,-0.04659897243757426
RNA5SP262,-0.12238774447811632,0.21355597091591072,-0.023133176173696805,-4.76398606112723e-05,3.814698895522764e-05,0.0001503230775083508,-0.0003397367291190695,-0.006679289459646855,-0.010476901840402708,0.03093909947374421,0.005627173232961737,0.0057083738368353875,0.01268079663087114,-0.013955744981640735,0.021139564286484173,0.003702818675631665,-0.008134259617137648,-0.05538965677646874
FGF17,-0.1491850917051897,0.23183357269545096,-0.031467002255819616,0.0060965391653723605,1.0254892028393387e-06,-0.00018005808444866188,-0.009169986643743105,0.021519113490440445,0.016187336177234904,-0.02506233512179874,-0.005411652822438006,-0.007660714302354717,-0.004966762254463808,-8.863005690114429e-05,-0.026868476119034052,-0.006721833938021495,0.008528015588761201,-0.052309597127521326
POLR3D,-0.14965990959889258,0.2317347694295595,-0.03149958115934004,0.006227138600641524,-4.9379531158053314e-05,-0.001914891572500269,-0.009778515756739955,0.021637406715896854,0.016732987064222465,-0.024601040945552696,-0.004025658147552275,-0.006729566989361343,-0.005330602980472447,-0.00012303239918309722,-0.025869355041335872,-0.0073343476897052996,0.006927905014805217,-0.05499626803699504
KIAA1967,-0.1508874632174146,0.23184261538560944,-0.03142681750097417,0.00475749572181945,-2.119440146848738e-05,-0.00024673629312911945,-0.010225298036755157,0.021370975325487537,0.01712589777115767,-0.024661572542366714,-0.005130585351989936,-0.007213315759541631,-0.004613113169622483,-0.0027282884971050994,-0.023270817539484467,-0.008494199599793955,0.0060822853492168575,-0.05768796726778295
EGR3,-0.1512577378204441,0.23203496790660913,-0.03130987064914647,0.004212244856949145,-5.904845597023432e-05,-0.0010724787672718005,-0.010389419300777015,0.021753842717068907,0.01720583899679157,-0.024822319105367537,-0.005044750557312037,-0.007082863154238124,-0.004386666977642922,-0.0024973742345867985,-0.023288467793418487,-0.00796297977467259,0.00682926785265589,-0.05801057206287931
PDLIM2,-0.1508281516142051,0.2319989414647058,-0.031292998764428044,0.004828635843403666,-3.7227293239069285e-05,-0.00012035282301792942,-0.010265992649529645,0.021492282231074064,0.016731685598094546,-0.02408470314727292,-0.004920949734543856,-0.007288598958755607,-0.005102613942064643,-0.0022557390381127734,-0.024326480753917693,-0.008424734168820917,0.005631136179679152,-0.05711914868723213
TNFRSF10D,-0.15233183609013537,0.23131562354889104,-0.031375717367781095,0.004626347285064141,-0.00027468499649261203,-0.0024732874510004143,-0.010452098787639716,0.022526828948038712,0.017314114154771614,-0.024738685155952258,-0.006063736246449729,-0.005838107034340701,-0.004092424968144863,-0.0035429024791456022,-0.02062086500192319,-0.009645484158789335,0.004311798540979105,-0.058660522257250027
MIR383,-0.14873611622960534,0.22972575718415983,-0.033266034104187235,0.009225719919634605,0.0026049586694771075,-1.5580202628266396e-05,-0.004873862845482084,0.019533988671029776,0.012514155986410544,-0.03368112788621365,-0.00012004400247317538,-0.0012897645757417465,-0.0003659767476296045,-0.0011376723200845287,-0.015175073350403065,0.0032240868126158203,0.003567006646417561,7.335508552321509e-06
MIR4469,0.0001633310590373432,0.15770523123258862,0.030030718340069654,0.0005135398717530485,0.000793803192184875,0.008680703781057406,0.0229379271897655,-0.0773098242218536,-0.0356577137003082,0.20316524300665925,0.00020059995931326672,0.025373467809216777,0.00045544998253589517,-0.0006258523077545823,0.016886251363428677,-0.0005803631030413457,-0.0003135802904728707,0.015234805270750277
SLC18A1,-0.1480935901515168,0.23050490977682553,-0.030303004540232277,0.005615153469552864,0.0005009243333368729,-8.914427720722527e-05,-0.011050825283219223,0.020910678009719463,0.015178466843021,-0.027623484526388426,-0.0026702747329672297,-0.007305982820765472,-0.000375769689992559,-0.0024626211858736705,-0.02637991461697574,-0.005508069112794711,0.011126350396198855,-0.04198668221054907
CEP19,0.23104932335651387,0.07149376191613699,-0.1311282072119728,0.031762371130317615,-0.007556423933686907,0.008115861525518624,0.0002187416883407215,-0.018060265524581315,-0.015291196876048024,-0.016035379523812288,0.0027474762195653117,0.009379963490168132,-0.030669993963868686,0.018872624509128362,-0.030596872129058792,-0.02548811966996568,1.4498790189845108e-05,0.0061374532590927205
MFI2,0.23104932335651387,0.07149376191613699,-0.1311282072119728,0.031762371130317615,-0.007556423933686907,0.008115861525518624,0.0002187416883407215,-0.018060265524581315,-0.015291196876048024,-0.016035379523812288,0.0027474762195653117,0.009379963490168132,-0.030669993963868686,0.018872624509128362,-0.030596872129058792,-0.02548811966996568,1.4498790189845108e-05,0.0061374532590927205
NCBP2,0.23104932335651387,0.07149376191613699,-0.1311282072119728,0.031762371130317615,-0.007556423933686907,0.008115861525518624,0.0002187416883407215,-0.018060265524581315,-0.015291196876048024,-0.016035379523812288,0.0027474762195653117,0.009379963490168132,-0.030669993963868686,0.018872624509128362,-0.030596872129058792,-0.02548811966996568,1.4498790189845108e-05,0.0061374532590927205
PAK2,0.23104932335651387,0.07149376191613699,-0.1311282072119728,0.031762371130317615,-0.007556423933686907,0.008115861525518624,0.0002187416883407215,-0.018060265524581315,-0.015291196876048024,-0.016035379523812288,0.0027474762195653117,0.009379963490168132,-0.030669993963868686,0.018872624509128362,-0.030596872129058792,-0.02548811966996568,1.4498790189845108e-05,0.0061374532590927205
PIGZ,0.23104932335651382,0.07149376191613697,-0.13112820721197266,0.031762371130317595,-0.007556423933686921,0.00811586152551862,0.0002187416883407231,-0.0180602655245813,-0.015291196876048038,-0.01603537952381228,0.0027474762195652458,0.009379963490168154,-0.030669993963868675,0.018872624509128362,-0.030596872129058764,-0.02548811966996569,1.4498790189846226e-05,0.006137453259092725
SENP5,0.23104932335651387,0.07149376191613699,-0.1311282072119728,0.031762371130317615,-0.007556423933686907,0.008115861525518624,0.0002187416883407215,-0.018060265524581315,-0.015291196876048024,-0.016035379523812288,0.0027474762195653117,0.009379963490168132,-0.030669993963868686,0.018872624509128362,-0.030596872129058792,-0.02548811966996568,1.4498790189845108e-05,0.0061374532590927205
U4|ENSG00000272359.1,0.23104932335651387,0.07149376191613699,-0.1311282072119728,0.031762371130317615,-0.007556423933686907,0.008115861525518624,0.0002187416883407215,-0.018060265524581315,-0.015291196876048024,-0.016035379523812288,0.0027474762195653117,0.009379963490168132,-0.030669993963868686,0.018872624509128362,-0.030596872129058792,-0.02548811966996568,1.4498790189845108e-05,0.0061374532590927205
FP15737,-0.151637118585387,0.23153723070113522,-0.03093498656020308,0.0045387049367695215,-0.00025620543300251076,-0.003809711454710913,-0.011086056351786123,0.021095792235183916,0.015439450141238422,-0.022900938482219694,-0.005248564839200465,-0.005401130484641248,-0.004278325763395736,-0.004417288942349767,-0.019786425709414034,-0.007933356199031908,0.006295156692888554,-0.06167042200547764
CHMP7,-0.15195930236413036,0.2319190715820319,-0.03122277379140033,0.004265039194218147,-0.0001009593062735413,-0.002915058566659222,-0.011095231192130878,0.02150578726627845,0.016755746393764665,-0.0238533905033582,-0.005358286329247059,-0.006003843984690809,-0.004180703527957657,-0.0036927158235112775,-0.020015964403690488,-0.008655595811717366,0.006249336133348282,-0.060318185793922285
NRROS,0.23118701436298622,0.07151618804187296,-0.13114455779272735,0.031781996775516595,-0.007495432455636818,0.00799837450598799,0.00024753032336494575,-0.01817119626133614,-0.015307559955194549,-0.01636003146581131,0.002757175582357166,0.009106336465942177,-0.03092687997299952,0.01856543009917083,-0.03035732863104171,-0.025068092269449855,3.851192015335857e-05,0.006578512509875395
PIGX,0.23118701436298622,0.07151618804187296,-0.13114455779272735,0.031781996775516595,-0.007495432455636818,0.00799837450598799,0.00024753032336494575,-0.01817119626133614,-0.015307559955194549,-0.01636003146581131,0.002757175582357166,0.009106336465942177,-0.03092687997299952,0.01856543009917083,-0.03035732863104171,-0.025068092269449855,3.851192015335857e-05,0.006578512509875395
PHYHIP,-0.1496879982082993,0.2321301642988583,-0.03143675293098128,0.0059905122991548015,-3.3036344590994336e-05,-0.0023412771444636556,-0.009773602562803888,0.02139298482299221,0.016812855853549972,-0.02497285660770444,-0.00444056582145876,-0.006892109624324543,-0.0054062177963666545,-0.00014758880969224566,-0.025795892683132256,-0.0073820112311855585,0.007129711421915927,-0.05491448107523072
MIR320A,-0.14968151012112882,0.2318602305284938,-0.03148330132519552,0.005876131910289317,-4.6769572484573025e-05,-0.002003461986378013,-0.00967576033339399,0.02158302578163679,0.016686080886273626,-0.024650946419052723,-0.0044302910332441915,-0.006936148900932929,-0.005222470175550149,-0.0001350462637720794,-0.02585969423087982,-0.007390440955871233,0.006982545625436995,-0.055004055611269746
TNFRSF10A,-0.15214545225057208,0.23161724748314264,-0.0310345570220212,0.004626664732389459,-0.00011073284738042409,-0.0020752667300294224,-0.010333907016836884,0.02200853638502336,0.01760211474558079,-0.024668880162087896,-0.005861583941727858,-0.0059119223068338726,-0.0040813284984323114,-0.00321602260238413,-0.020356952275609984,-0.009526140357885906,0.004348004454711669,-0.060256111242059575
XPO7,-0.14922319687471353,0.23195123179161536,-0.03184867723447626,0.0058318724702174345,1.4132758498344335e-05,-2.2166415347970963e-05,-0.00992273570851548,0.020625547526219798,0.01586382024924015,-0.025184778435107358,-0.005385080543877662,-0.007941126838927516,-0.004440983652462184,-2.99180645906613e-05,-0.027123868435276918,-0.0067692763951915196,0.007358977058561606,-0.05239840566183028
SFTPC,-0.14938276109903606,0.23190874543853884,-0.0313854371128082,0.006109871687682148,-3.0529259916193488e-06,-0.0006639543896389485,-0.009521834866201003,0.02128371191807243,0.016457819042613585,-0.02493873575590121,-0.0051683666259934495,-0.007339445088461856,-0.005574644154623562,-4.564206061077231e-05,-0.027152664319751028,-0.007391268600873299,0.007625501012514448,-0.05254109636557896
BMP1,-0.1495978561288241,0.23204281312176567,-0.031400874050969835,0.005958767401421082,-8.455269537394248e-06,-0.0007375655899321923,-0.009567092619481183,0.021449807336441588,0.016751224428800046,-0.025130038547963234,-0.005044706462045221,-0.0074143984125993176,-0.005627982152030465,-6.370735211139614e-05,-0.02664851437762746,-0.007241161910557268,0.006855277131872343,-0.05319365911007772
RNA5SP263,-0.12151993808458465,0.2132905037687519,-0.02296542884103539,-0.00021354736328171322,5.363332156538798e-05,0.0002492971493251136,-0.0005866123836682709,-0.006340786686335337,-0.009510965047067357,0.03238769637798089,0.006035635351904833,0.006198733023496261,0.013669316081286754,-0.014110970252608318,0.021963849865337646,0.002629545229913681,-0.007721681906545942,-0.054418023768628324
snoU13|ENSG00000238466.1,-0.14939957620296454,0.23196644689196474,-0.03144507965976777,0.006151856799878996,1.8889779618189579e-06,-0.00026810810711620726,-0.009111689063032313,0.021233571734346625,0.016263361615597955,-0.025089838892168564,-0.005447057148277881,-0.007874482402109268,-0.005310002479161404,-7.864478423308239e-05,-0.026858852128986803,-0.006623187318843679,0.008610397430845986,-0.0522990575950018
GFRA2,-0.14928006987182976,0.23213278195890916,-0.03172919760311838,0.005875991040318953,6.967036852482496e-05,-5.573901170474881e-05,-0.009985150164263771,0.02032213048888465,0.01567722265941178,-0.02608981582235122,-0.005308057634877138,-0.0076008490276865065,-0.003785192940620386,-0.0002601734426006523,-0.025913945526027368,-0.006126822214731639,0.007875578011614235,-0.050326686243780845
NPM2,-0.1493971162439682,0.2321140667496885,-0.03144637959553361,0.005788839769400061,8.559907375238379e-07,-0.0002803337523897246,-0.009015771704884165,0.021045585139748926,0.01610270307770768,-0.025086201396066467,-0.00569899842798554,-0.007999112078183275,-0.005007823371676326,-0.00011679021977438925,-0.027227691290444257,-0.00684671138812355,0.008646554973058478,-0.05223044413672708
DMTN,-0.14927746017321514,0.23199801204449635,-0.03152233741740679,0.0062065953514791865,4.202927360062906e-06,-0.0001630470150791114,-0.009591709403717903,0.021619319538947232,0.016243846379993092,-0.02499428897288168,-0.005402484043424879,-0.007492720741523594,-0.0049539185156411494,-7.063688224064166e-05,-0.026817224026652167,-0.0069380657726498575,0.008564464357107667,-0.0519456677912372
FAM160B2,-0.14922154666018764,0.231978115512651,-0.031339283468962205,0.006088741043518834,-1.0946181122598513e-07,-0.00011159687140215363,-0.009922506892441429,0.021504916353796387,0.016494426666493152,-0.025190071481230328,-0.005064731075300342,-0.007551735930688047,-0.005232144805737017,-1.342007191647341e-05,-0.027173995789080918,-0.006933556519485324,0.007720324338899952,-0.05201949357062267
LGI3,-0.14946458804758925,0.2318672614826038,-0.031175020492977466,0.0060185445337060705,-1.6266978980206312e-06,-0.0008438389576171696,-0.009691368187831742,0.021323215458892035,0.016668411603211676,-0.025186373956568826,-0.005253420075108818,-0.0075587246584025245,-0.005464735805304325,-2.106572508183103e-05,-0.026942752330562262,-0.006976989663218722,0.007779261315971181,-0.05216112914528853
ZDHHC2,-0.14781472483369204,0.22954221408806705,-0.03147206251405851,0.008774555589201044,0.00034120119196409974,4.013735417491808e-06,-0.005818914501892475,0.020555639345654027,0.014435077202214298,-0.03490251471442549,1.5181830654734863e-07,-0.0034202060571413657,-0.0007293904215704988,-0.00027409522534970284,-0.017724054971756678,-0.0008455581168472345,0.006140236597277106,-0.017484329379076603
REEP4,-0.14946772439840764,0.23192410493070553,-0.03120772474757959,0.0061349971520046785,-1.1879172244337015e-06,-0.0007743405917119468,-0.009814548401843093,0.021284070787132563,0.01661827440730271,-0.025198092352465045,-0.005147503905097654,-0.007593608394908942,-0.005416188220180998,-2.7417223898936916e-05,-0.026896972076779928,-0.006921029457124439,0.007740676603688581,-0.05215595107322026
HR,-0.1494282638925737,0.2320039512517056,-0.031203937801437702,0.006175528401471514,-8.457601450407999e-07,-0.0007305163708233702,-0.009752204019835972,0.021309310689951087,0.016592126532041326,-0.025156803351095394,-0.005150860124683472,-0.007546141258714594,-0.005358244535631486,-2.9947327616124028e-05,-0.027000958167678755,-0.007049864935481725,0.007767800283893299,-0.052205673108208984
MTMR7,-0.14753437742679332,0.23023278910204692,-0.03175633379387647,0.009312438490604744,0.00013633335799485111,-2.273969947529966e-05,-0.004797084979273651,0.020570131165485252,0.014493438501319254,-0.0348246242675516,-8.141110436202855e-05,-0.0031939700204339574,-0.0006658172005689516,-6.761777800303042e-05,-0.019825943105316865,-0.0008643902593615905,0.005729710429189924,-0.018850923554360494
ATP6V1B2,-0.14816927594450355,0.23123320790693064,-0.030819767568684868,0.005701809145681561,0.0005680806340130994,-4.33696481596006e-05,-0.011025296334226846,0.02090291919070624,0.015447784983982695,-0.027583434917967102,-0.0026637913841286616,-0.007185423851541024,-0.00019017134619604952,-0.002317840557613643,-0.025962254465045926,-0.0053979746503384635,0.011236587491076547,-0.04215961958057659
C8orf58,-0.1511884957163957,0.2320535783025197,-0.03167559515962995,0.0046678185216247805,-2.1198415772300377e-05,-0.0005661038198286819,-0.01034964631914891,0.021360226346082537,0.017243795981025538,-0.024585065679248296,-0.005008691259223997,-0.007265584459813867,-0.004813706127440632,-0.002190237114831228,-0.02356828485254574,-0.00828154756043992,0.005773746304703073,-0.05716277258056345
FGF20,-0.14871808900896075,0.2289454634367225,-0.03225054409027731,0.00846671685039989,0.0012129321721071665,3.2556228146662462e-06,-0.0047158849287087705,0.01919322382439455,0.01328433712940816,-0.034260373841191,6.698070586344776e-05,-0.002183005798852805,-0.0002773944997148937,-0.00017123377471102801,-0.017497701702328353,9.512588044844859e-05,0.0035154180478015277,-0.014243448115648248
NUDT18,-0.14937019332078216,0.23208528404069098,-0.031243497091975894,0.006170573507476663,2.353648404661758e-07,-0.0001990203966981865,-0.009760765364149646,0.021255570291605918,0.016620981398002294,-0.025240397648453525,-0.0050753234941576676,-0.007599702071829445,-0.00533856631539602,-1.0049614158113432e-05,-0.027037159422326183,-0.007004527339276431,0.007795749390545889,-0.05205791779988526
DMRTA1,-0.03461815843234002,-0.0001576240249821258,0.0015216984639131574,0.0035578957529813398,-0.0004117390120907061,0.21833266228931958,0.05509991462599573,0.020178739972087453,0.022280760803389938,-0.0001664416653707908,0.0017242095265496348,-0.0007400390357114675,-0.0013261385998425048,0.001609103132401447,0.01944501967423131,0.004157623765190681,0.0015553031752027068,-0.0006926595828233744
MICU3,-0.14817890242349535,0.22964530239866748,-0.03193233248975112,0.00853588300478116,0.0002747618020799751,-5.195290404018627e-06,-0.005031017983628085,0.020523185617576198,0.013298855489734812,-0.03402885746184911,-6.87949600763075e-05,-0.00288530322747538,-0.0003581802324768427,-0.000522440728890767,-0.017428355214371482,-0.00040529336682310275,0.005885021363542701,-0.015926509224359994
LPL,-0.14800624841653684,0.23080701479906157,-0.029971674747923456,0.0061899517704022515,0.0004237959928937338,-3.0270559685438067e-05,-0.010384944938214336,0.021070713377984492,0.015725400938124398,-0.027525078459622335,-0.0020870017969421093,-0.006774901507026866,-0.00016543828320742432,-0.0013860962982274476,-0.02640875311549209,-0.005364499516181677,0.011229972289450283,-0.040399260949973405
LZTS1,-0.14839622772462607,0.2311936522257387,-0.030857915249032742,0.005664891600833341,0.0002822445195046372,-2.739865342848259e-05,-0.010911923721445334,0.021374504355226278,0.015356995096010708,-0.02747009609185361,-0.002954818815093348,-0.007137599020010827,-0.00022941315430257623,-0.0027612073054328573,-0.025604558019246434,-0.005547491382850816,0.01108071958438134,-0.04270415357291205
MIR548V,-0.14778842073026063,0.23038556669706592,-0.030845170246050182,0.008583024932060928,0.0011889700108481053,-5.251103693618797e-06,-0.005438522770277724,0.01955998683083305,0.015077012079400463,-0.03343903020204268,-0.0003622247264565309,-0.005731737666846791,-0.001767472326602688,3.8677894118488296e-05,-0.02218055871966865,-0.0022836552505590946,0.00775063832174744,-0.025523017153320532
DOK2,-0.14949947584642959,0.23173238779289884,-0.03158093444700259,0.005871115551776678,3.4899154046526646e-05,-1.5118857093742865e-05,-0.010168012923012459,0.020633900327440766,0.016044943034294604,-0.025836687301113447,-0.00551758370780353,-0.007834645462204975,-0.0042348922434238346,-7.65478527881734e-05,-0.026820495638023724,-0.006428716911484212,0.007660845780722464,-0.05134252251193138
RN7SL474P,-0.14882511698767412,0.22886238078284402,-0.032043588769476834,0.008747077611421497,0.002765487755072322,-5.165866086338961e-06,-0.004878939702782322,0.01935843611731427,0.0132489919058523,-0.03360298231069832,6.594410642189585e-05,-0.001851745352513609,-0.00014396807379781607,-0.00015471181472069112,-0.01690953387533294,0.00027666745726328743,0.0038201652583885045,-0.01259840162160903
SNORA67|ENSG00000207027.1,-0.1513279876485002,0.23175526448961278,-0.030994994979476255,0.0038426615321213112,-4.199092699723593e-05,-0.003858321396533115,-0.010071899078487148,0.020006535908285234,0.014857607582959965,-0.021027446628958266,-0.004763193795345619,-0.005177413465146261,-0.0037612307351119587,-0.004030538219829386,-0.018383572022315012,-0.0075100540189857725,0.007516293018774314,-0.0636425007464623
STC1,-0.15107485827720224,0.23198618498039456,-0.03096079038700467,0.0038593884222473747,-2.951900324013967e-05,-0.0039811086313076395,-0.010201098502377926,0.020149270471842073,0.014398351123906252,-0.021036814944347785,-0.004825035069216467,-0.0049616141509403995,-0.003652460405496042,-0.0042361000571855155,-0.017783897626838376,-0.007207590212893543,0.007295817587358023,-0.06318406488621688
TCTEX1D2,0.23173027524708767,0.07193605303400027,-0.1322065337614328,0.033274575621666795,-0.006685772707751402,0.008596522457708247,0.0003905411387872739,-0.017121746562863305,-0.017079712617635096,-0.018010778677546715,0.0019703873483204815,0.008600100221264673,-0.030746219358002102,0.01948884424619139,-0.028166856537919706,-0.023889202596689106,0.00014852150369856754,0.007215867817125229
PCYT1A,0.2320440905638392,0.07180896590197096,-0.13219401694620933,0.03306689769211246,-0.006901674741829559,0.009335143729136719,0.0005348872865831173,-0.0172155328012722,-0.016996621139915586,-0.018396944951030947,0.00296964164722913,0.007985086494618335,-0.030731026498029446,0.019443450352131884,-0.028714746382309753,-0.024138781387482846,0.00016598205971470734,0.007190024627896163
INTS10,-0.14792948011722423,0.2307917873185087,-0.03065032350888757,0.005951573418164766,0.0005040885568135469,-6.432652436245153e-06,-0.010806417292372405,0.020857597589410967,0.015944416925881055,-0.027656381151519117,-0.001271005015414358,-0.006522083950398131,-0.00014175668975600753,-0.0010894341887274228,-0.02676178939361109,-0.005163491020171095,0.011936094230576011,-0.041027340596471555
ACAP2,0.2332120731902765,0.07224738949623509,-0.1318948626916967,0.03138213920615715,-0.007604965519489643,0.010029366662387944,0.003187085123537317,-0.017746655044966548,-0.018108987532309745,-0.0194645278195302,0.00036413775351302867,0.006780278564135647,-0.030291068181901592,0.018949040499121012,-0.02716146758556125,-0.02359453939420504,0.0011170409620030284,0.007024917321734001
SLC51A,0.23208512059792533,0.07175715880041378,-0.13215726716715334,0.033118414899376815,-0.0068146339800827255,0.009309755799158048,0.0005264527626031669,-0.01717748403629962,-0.017254300147960314,-0.018225218320636137,0.0027929832636917106,0.008016729712568359,-0.030887342781635588,0.019592907288809774,-0.029016691350387546,-0.02416233360810016,0.00016351003202553122,0.007126186126639946
ZDHHC19,0.23228316420916623,0.07132789862494665,-0.13193262705932904,0.032150536678120095,-0.007136375741440533,0.008822827977742823,0.0011079435128133399,-0.017327767833381465,-0.017834291020760142,-0.018445504774653936,0.0012258437859808233,0.007635738037411412,-0.030739341363328256,0.019156980126931514,-0.028753873608534264,-0.024123972736824307,0.0002696076415192047,0.006846297395859336
MIR4797,0.2288904262144963,0.07125561336878135,-0.13146164337841587,0.030049148043435187,-0.007861262250089962,0.006766959760910555,1.562912955809177e-05,-0.017589698251238236,-0.01503733885471423,-0.015554984589029977,0.004497614813497416,0.009199027779255622,-0.028495334219810816,0.01722232382579813,-0.030991770718937682,-0.025867479014869757,-2.8248792486374583e-05,0.005201761821942162
ADAM28,-0.15104383808350663,0.23114888584470705,-0.030462862801986908,0.004286919483603394,-3.8793329217909405e-06,-0.00010678850429932032,-0.009715242569091368,0.020416640318831374,0.013490108447334498,-0.019367048297796265,-0.003835509461007113,-0.003902285156542348,-0.001795068160459414,-0.004461510279634531,-0.016712660303399823,-0.007373065168230908,0.006019639399071789,-0.06583321317460425
snoU13|ENSG00000238491.1,0.22901863465685407,0.0712944815423645,-0.13124013800912332,0.02990140405099961,-0.00835001843917833,0.007099316743120895,8.159952120514133e-05,-0.017518702974475598,-0.015135724292473654,-0.015408916425704947,0.004658192930660156,0.00933619562569221,-0.028105863082300103,0.017359126697733897,-0.03066343718103385,-0.025620897585913256,-2.5183525321414413e-05,0.00499174501488564
BNIP3L,-0.14940140951303998,0.22974505129238793,-0.030752057966277103,0.002788186790872719,-4.548078723315129e-06,-0.00017442363261271448,-0.008762930236014451,0.01697797809714216,0.01005550475323319,-0.016195442366017197,-0.0013658459088315917,-0.0014227749007762725,6.574768492716206e-05,-0.009819981567703294,-0.003930330322369468,-0.005757421317336227,0.0027827522766269174,-0.07037034549404696
ADAM7,-0.15122748274938322,0.23104955272027553,-0.031074723084328976,0.004106573374440597,-5.556959271124153e-07,-0.00014554378891096687,-0.010389054073733143,0.020558779308560926,0.013357958508625973,-0.020020878554001458,-0.0034979336395028838,-0.0038335270491145074,-0.0009988051735111934,-0.005357211245776709,-0.016094542707359463,-0.007426462689096506,0.005954731476097421,-0.06556703237951339
BDH1,0.22996761011075023,0.0714404380335986,-0.13096082390914285,0.029797527273163992,-0.0068246289377880895,0.006545958230535749,0.00027123708381768675,-0.017082490939931312,-0.015732265657915665,-0.0156582587606971,0.004173889899887949,0.009068436393626577,-0.026389296160036466,0.01765077011210395,-0.02904894157977705,-0.024444600125211362,1.2283032441742716e-06,0.005802568245294474
TFRC,0.23235539026514668,0.0718516418926597,-0.13220263222529272,0.032311207677694916,-0.007265933160375746,0.009087279849161436,0.0014798525903840342,-0.017285474367906558,-0.017801874521485572,-0.01866998405631135,0.0008374166841396683,0.007929681373231518,-0.03113305437758866,0.019263133564159988,-0.028160946060094734,-0.023970249057018313,0.000177402188851135,0.006763231203184775
ADAMDEC1,-0.15118913868423178,0.2311790720817266,-0.030576811698015575,0.004017188758148005,-4.7690067592186625e-06,-9.628251731130405e-05,-0.00974738923571307,0.020238118979834775,0.013287656881245788,-0.019598166472357903,-0.003590537743903958,-0.0037524647349392146,-0.0015706728063911708,-0.004915199753916573,-0.016038970096547443,-0.007244214256546536,0.005756284277339995,-0.06607659192853087
SNORA62|ENSG00000201157.1,-0.14883858397897815,0.23097631703699661,-0.030733683854252854,0.007190096904265395,0.00046138864177088933,-4.181991342937172e-05,-0.008799258378484382,0.02018219516825996,0.01588802331533032,-0.030547002279872115,-0.0004444000820529033,-0.005894655831711775,-0.0005752129561170829,-5.53588918066257e-05,-0.025164468749141203,-0.002472770035224949,0.009066213771794564,-0.033205375276101394
VPS37A,-0.14798295358961908,0.23016543121436112,-0.031599446024083586,0.009333173067503291,0.0013503084044626636,1.3085240020869066e-05,-0.004936044327781302,0.02050893767226028,0.014169975200064919,-0.03528942057720863,-7.012401653824759e-05,-0.0033222473980476412,-0.0006786854380143979,-0.00017945146303954154,-0.018859232949916576,-0.00045521217801299224,0.005396131722734174,-0.017559943557616673
TM4SF19,0.23192602198657464,0.07239593377503449,-0.13243620896631583,0.033019243068867804,-0.006888006720822248,0.008716885688416578,0.0002681674270763382,-0.01768079004714381,-0.016849596972852866,-0.01736442348822636,0.003189532369302404,0.008989889489504764,-0.030424460494186838,0.01996441000698786,-0.028546802526837566,-0.023702583924010496,0.0001306933916745464,0.006620179612793551
WDR53,0.23159171444233997,0.07272424833575829,-0.1316111293208967,0.032452915767225414,-0.007326564880098357,0.008630023442649163,0.00033128175024039927,-0.01737592381709061,-0.016746423645494925,-0.016946464321996885,0.0015600324529367322,0.008931663896214179,-0.030676980213254254,0.019998284080355255,-0.029437558273688345,-0.02419165075890774,0.0002538482803887761,0.006999513134530165
UBXN7,0.23188177875735447,0.07248517591590335,-0.13224063665376037,0.03305744688588727,-0.0073892860342621635,0.008571906312197763,0.00017988350722877803,-0.017398368511996252,-0.016575444562420563,-0.01716286754547129,0.003065074889813506,0.008749072973377209,-0.029975664264779992,0.019561867543336886,-0.028187315802448376,-0.024127569713155213,0.00020600249080108643,0.0066424638113184
CNOT7,-0.14827037198226597,0.2300774973846037,-0.03149918044174885,0.008756373358210124,0.0007995229122535024,-1.7038700139048866e-06,-0.0052409586527166,0.02082551903408731,0.014238280452996263,-0.03560431586226584,-0.00020476069078407557,-0.003529586936102239,-0.0007460099029828645,-0.0002543467083886624,-0.01812617756897576,-0.00024341054394353803,0.005293707646732578,-0.01760468020980315
RNF168,0.23166081381360987,0.07267917894569154,-0.13158678049936287,0.03290135372110787,-0.00706014333170133,0.009307688552727207,0.0003943928127869862,-0.01697092958739629,-0.017023891810735443,-0.017201974314639767,0.0022938490276872337,0.00903448206491242,-0.02974264111853275,0.019691381172156082,-0.02876525069536928,-0.024004551041655112,0.0002613251137364102,0.0067354669651646555
LINC00885,0.2324721249006329,0.07156050264983094,-0.1323886144168826,0.032157387354813556,-0.007172500557929503,0.008867773124853562,0.0017256328446422066,-0.01748659992142628,-0.018133719999733962,-0.01859456250774229,0.00136739869855261,0.007626807060102221,-0.030839014884494607,0.01916082336509793,-0.02828700236584792,-0.02395400879269512,0.0003416739271998214,0.006578866143717084
APOD,0.2333542790811006,0.07217565345708306,-0.1320220816548595,0.031220992048968818,-0.007219030203217854,0.009975168123281777,0.0031018526733050523,-0.017502955832243303,-0.017981288965770767,-0.01946045410183159,0.0004911355011736638,0.007042080469417908,-0.030097479572446902,0.01884734653857126,-0.027524585109528658,-0.02381352525355719,0.0010572511740252956,0.006841160620894355
LINC00969,0.2333542790811006,0.07217565345708306,-0.1320220816548595,0.031220992048968818,-0.007219030203217854,0.009975168123281777,0.0031018526733050523,-0.017502955832243303,-0.017981288965770767,-0.01946045410183159,0.0004911355011736638,0.007042080469417908,-0.030097479572446902,0.01884734653857126,-0.027524585109528658,-0.02381352525355719,0.0010572511740252956,0.006841160620894355
MIR570,0.2333542790811006,0.07217565345708306,-0.1320220816548595,0.031220992048968818,-0.007219030203217854,0.009975168123281777,0.0031018526733050523,-0.017502955832243303,-0.017981288965770767,-0.01946045410183159,0.0004911355011736638,0.007042080469417908,-0.030097479572446902,0.01884734653857126,-0.027524585109528658,-0.02381352525355719,0.0010572511740252956,0.006841160620894355
MUC20,0.2333542790811006,0.07217565345708306,-0.1320220816548595,0.031220992048968818,-0.007219030203217854,0.009975168123281777,0.0031018526733050523,-0.017502955832243303,-0.017981288965770767,-0.01946045410183159,0.0004911355011736638,0.007042080469417908,-0.030097479572446902,0.01884734653857126,-0.027524585109528658,-0.02381352525355719,0.0010572511740252956,0.006841160620894355
MUC4,0.23335427908110057,0.07217565345708303,-0.13202208165485949,0.031220992048968797,-0.007219030203217859,0.009975168123281777,0.003101852673305039,-0.017502955832243303,-0.017981288965770763,-0.019460454101831597,0.0004911355011736689,0.0070420804694178996,-0.030097479572446892,0.018847346538571258,-0.027524585109528633,-0.023813525253557188,0.001057251174025312,0.006841160620894359
PPP1R2,0.2333542790811006,0.07217565345708306,-0.1320220816548595,0.031220992048968818,-0.007219030203217854,0.009975168123281777,0.0031018526733050523,-0.017502955832243303,-0.017981288965770767,-0.01946045410183159,0.0004911355011736638,0.007042080469417908,-0.030097479572446902,0.01884734653857126,-0.027524585109528658,-0.02381352525355719,0.0010572511740252956,0.006841160620894355
RN7SL773P,0.2333542790811006,0.07217565345708306,-0.1320220816548595,0.031220992048968818,-0.007219030203217854,0.009975168123281777,0.0031018526733050523,-0.017502955832243303,-0.017981288965770767,-0.01946045410183159,0.0004911355011736638,0.007042080469417908,-0.030097479572446902,0.01884734653857126,-0.027524585109528658,-0.02381352525355719,0.0010572511740252956,0.006841160620894355
RNU6ATAC24P,0.2333542790811006,0.07217565345708306,-0.1320220816548595,0.031220992048968818,-0.007219030203217854,0.009975168123281777,0.0031018526733050523,-0.017502955832243303,-0.017981288965770767,-0.01946045410183159,0.0004911355011736638,0.007042080469417908,-0.030097479572446902,0.01884734653857126,-0.027524585109528658,-0.02381352525355719,0.0010572511740252956,0.006841160620894355
SDHAP1,0.2333542790811006,0.07217565345708306,-0.1320220816548595,0.031220992048968818,-0.007219030203217854,0.009975168123281777,0.0031018526733050523,-0.017502955832243303,-0.017981288965770767,-0.01946045410183159,0.0004911355011736638,0.007042080469417908,-0.030097479572446902,0.01884734653857126,-0.027524585109528658,-0.02381352525355719,0.0010572511740252956,0.006841160620894355
TNK2,0.2333542790811006,0.07217565345708306,-0.1320220816548595,0.031220992048968818,-0.007219030203217854,0.009975168123281777,0.0031018526733050523,-0.017502955832243303,-0.017981288965770767,-0.01946045410183159,0.0004911355011736638,0.007042080469417908,-0.030097479572446902,0.01884734653857126,-0.027524585109528658,-0.02381352525355719,0.0010572511740252956,0.006841160620894355
FBXO45,0.23165725623800856,0.0728641175394781,-0.13160833108991615,0.03243194035927111,-0.00737141071641578,0.008593650179383206,0.00040190776644255397,-0.017470246237063326,-0.016904640559656833,-0.01712474701344668,0.0019444119091130022,0.009039723796658064,-0.030400723806023672,0.019919702776790973,-0.029417127764706043,-0.024118467487503733,0.0003282063385003488,0.006852777462346301
SCARA5,-0.14636479063920607,0.2288231214622918,-0.02951112532137579,0.0007897350401194093,9.192824117125175e-06,0.00010621610702870853,-0.006871783631815258,0.013301184952436563,0.002459344393618584,-0.013287054539377915,-0.00031286633612032295,-0.00040556121554662994,0.00044521953101870227,-0.013146378552829662,0.011801458421632185,-0.0006690222370373737,4.940492458930235e-05,-0.0744789800300405
SMCO1,0.2317870136734006,0.0727140493138968,-0.13178312038699144,0.032671574128262854,-0.00713973405061234,0.009292197577359993,0.0005201391150916381,-0.016966120296079475,-0.017022441961821008,-0.017188730495386467,0.0028162489248476368,0.009318582839170366,-0.030033532997441926,0.019556312807024856,-0.02910951857981789,-0.02417358816160711,0.00016456555724692358,0.006698103617117192
KIF13B,-0.14198960212815426,0.22415767539063475,-0.026186076472269445,9.40100542850803e-05,-9.90446861483442e-06,3.887906060765152e-05,-0.0037913657110093452,0.010986062320521994,6.9496965429652306e-06,-0.007221235235733394,-0.00011435780937572871,0.00026014210232169896,0.005527705274451312,-0.016191730824430768,0.01748729243971068,-6.29620247416023e-05,9.054871298469738e-05,-0.07278119379993654
RNA5SP261,-0.12773946808405606,0.21721177656325838,-0.02416816362302417,-0.00039617197982372873,1.2053262506784105e-05,6.319210110517458e-05,2.0835616634487096e-05,-0.005105827069090127,-0.007628424553944708,0.01976177552928168,0.004748775334250067,0.0027001207044598506,0.01089022322907829,-0.01385996161666136,0.02261646610436337,0.003984501253972485,-0.003474189523934655,-0.06296925689292997
LINC00589,-0.13801112423451842,0.22143467165131542,-0.0256721038722374,9.098545518076494e-05,4.32079864507248e-06,2.9197590990820753e-05,-0.0006207105664682525,0.0066659674089738115,-0.0007304381526814597,-0.0007166464308021792,0.00035955911312919657,0.0005593665881713126,0.007925151058009767,-0.01527938721766276,0.017503078268372087,0.0008750491139837564,-8.229202481716827e-06,-0.07151657071878081
DUSP4,-0.140116916747182,0.22307770692212592,-0.026709476134927964,-0.00020065388284073112,-3.679119290493882e-05,5.205285980353502e-06,-0.004086374422191356,0.008631580379233204,-0.0006114541663127855,-0.0024664768451417344,0.00022636300250396683,0.0011071194279459416,0.007753433973066601,-0.016131154603776194,0.017248084949488724,1.595436288513794e-05,5.033874003145188e-05,-0.07116766504913993
RN7SL434P,0.23212204836478878,0.0725758176412747,-0.1324781225988609,0.032716520459312566,-0.0071520871227068504,0.00841469912769378,0.0002992150740828466,-0.017455105816423826,-0.016840114322482114,-0.01706501998135896,0.0031371165499005926,0.009055414351803322,-0.03014834154944869,0.01944270694639717,-0.02786508770910949,-0.024073117614950075,7.642237419277276e-05,0.006519253341374211
RN7SL738P,0.23212204836478878,0.0725758176412747,-0.1324781225988609,0.032716520459312566,-0.0071520871227068504,0.00841469912769378,0.0002992150740828466,-0.017455105816423826,-0.016840114322482114,-0.01706501998135896,0.0031371165499005926,0.009055414351803322,-0.03014834154944869,0.01944270694639717,-0.02786508770910949,-0.024073117614950075,7.642237419277276e-05,0.006519253341374211
PTK2B,-0.14795444549193473,0.22915403584661412,-0.030146524037530785,0.0026003751065907174,9.836899823003802e-05,1.538336470614868e-06,-0.008852747197789518,0.013571574648669673,0.0057512943549996925,-0.013240468402010682,-2.8584189755334292e-05,-0.0016089301113612563,0.0001645477866742196,-0.010674875100876254,0.0033923259168108172,-0.002377930188321393,0.00456362805167167,-0.07367899552086699
KIAA0226,0.22877121497292222,0.07184486020563809,-0.13089871035452658,0.029702941253683175,-0.0068299227083126425,0.007055988682406168,0.000255916956276482,-0.017402946664514463,-0.015574530185287936,-0.014560737418072529,0.004991070187315085,0.008445010508118599,-0.02558865646048695,0.01713302076063425,-0.02875579321577323,-0.024395144787638035,7.297383735825546e-05,0.005428852458744303
DOCK5,-0.15037331662225417,0.23131515136481048,-0.032054303298372465,0.0037765775037732524,7.91766823395257e-07,-0.0006009133988411848,-0.009178208452763658,0.01821870746680882,0.011404226580363082,-0.01819113357749339,-0.0017610398468197671,-0.001986568066698708,-8.86261774280752e-06,-0.006802197520200266,-0.007843308881101478,-0.006371497393319692,0.0048444556158740385,-0.06931967100249481
MECOM,0.22452686186769835,0.06565612211466454,-0.11226119671249367,0.023919523658409367,0.0017064461946230973,0.008286553676589554,0.005836600374601432,-0.01719631397863171,-0.017756978309098986,-0.01690455278412654,0.012444880256305605,-0.008082564816323265,0.030775474568521713,0.006744019077523311,0.043111424642692,0.00998271865057869,6.496183643515148e-05,-0.008482647849085588
MIR922,0.22937955852445277,0.0715719508354616,-0.1311966575992306,0.029632337976985907,-0.00681130998050449,0.006926736806002061,0.00021259428536623816,-0.017517823419885597,-0.0157577893454276,-0.014798588610018894,0.005004670397130603,0.008368738563816416,-0.0257044012030791,0.01720223719289797,-0.02879682188575082,-0.024333722693248377,7.07190463446666e-05,0.0054274674728098495
LRCH3,0.22819321161121012,0.0721174996726437,-0.13002589934350062,0.029308742285535167,-0.007243746346290166,0.007175903764690162,0.0012823219500568007,-0.017950839172556715,-0.016405038952131527,-0.013883348975092944,0.0063878696876431655,0.00895192238921657,-0.024389478481182128,0.017307667783562575,-0.027593701495288673,-0.024116982266017287,7.073020399170205e-05,0.005297252585300836
NUGGC,-0.14556580780276213,0.22911001134798148,-0.02986305315576184,0.0016126994671766149,2.5810986245828052e-05,5.988188092470152e-05,-0.0066172826237992826,0.013521842922265614,0.0016321076766249243,-0.012827920059347193,-0.00012459297867304555,-0.00012810100721901576,0.0017163679543929144,-0.0138631402349512,0.01217058573699426,-0.00067643805547663,5.8306326962208664e-05,-0.07315431228484999
DPYSL2,-0.14975459641925862,0.23019963108161012,-0.029783375709436864,0.003218978212572532,2.050615867340204e-05,-6.275268445148815e-05,-0.00883201641182179,0.016946345264200895,0.009344130514035045,-0.015603575695585358,-0.002187518504962944,-0.001831144502678265,3.642592664727897e-05,-0.009398989524684973,-0.0019859687666362877,-0.005740901338794526,0.004683374592694977,-0.07170279619869466
NEFL,-0.15130886677681496,0.23213148266399802,-0.032053442891497246,0.004029675372371906,3.821125796393033e-06,-0.0013911216654871258,-0.010106430895261758,0.019946368496902674,0.01230085987854925,-0.019775937407187145,-0.0021196097888555266,-0.002752133612769294,-0.00030247879496294255,-0.007495376184358645,-0.00936553394257524,-0.006292626919102963,0.0049273627143300676,-0.06640556218176748
CHRNA2,-0.14786701195709923,0.22906921906633196,-0.030140561521917002,0.003250682401269985,5.466114187141235e-05,3.4335406487740753e-06,-0.009081564300568936,0.013572499819084137,0.005382432700815856,-0.013477444361310036,0.0001291913286178442,-0.001337235331811549,0.00016487161597462802,-0.010585824251268944,0.00465641877243525,-0.002059381464270865,0.003095425687356782,-0.07432469859502462
RBPMS,-0.13576046821589824,0.22123552903639257,-0.023884966001645715,0.00017889947065071645,5.8946777276653815e-05,0.0023060137463602292,-0.000162165595957082,0.003710632329812373,-0.004664903511786027,0.0038110236223841184,0.0015516593276218222,0.0005073845886666746,0.008177238474622699,-0.013705032438263192,0.021459377135511007,0.004831759266118511,-0.0005489342214478373,-0.06755882953098018
FBXO16,-0.14505539336382914,0.22752773737628748,-0.028382830438139463,0.0007916303822051281,-4.175581726095547e-06,7.450598424789284e-05,-0.004521960820983122,0.013667483585660212,0.0004354795276851519,-0.013426493017840586,1.2139500702333558e-05,0.00021814474074765856,0.0039099586308955665,-0.013628047436394036,0.012710624731731162,-0.00034914365457548003,8.780419011911333e-05,-0.07378355136276543
EPHX2,-0.1475598879534332,0.2293773397148057,-0.02988392241204483,0.0030970762010775516,0.00015880743320558936,7.1649997229728475e-06,-0.008552363017771576,0.013361161934167056,0.005119944701385821,-0.01352801487012028,1.1278936614530035e-05,-0.0020227510544596657,0.0003466841688256736,-0.010193582761396711,0.005312300647742366,-0.0011486548506739,0.0027115139109955503,-0.0742282986414396
PPP2R2A,-0.150169627395394,0.23089333784009106,-0.031885095337290593,0.0036497325062994084,-7.849208945753893e-06,-0.0005160788813727188,-0.009949166905417306,0.018236957672871555,0.010693646849329472,-0.017849310577523286,-0.00034773011299193165,-0.0012037287674491184,-5.856588644451077e-05,-0.008732301347727737,-0.00674400013188703,-0.0062914992547965605,0.004861743764543075,-0.06835749006779956
RN7SL651P,-0.1500522361157679,0.2315044869714716,-0.03191903355940374,0.003992040458488269,9.88858108242997e-07,-0.0005885684416167992,-0.00874639033728132,0.018523286271346417,0.011597252178933313,-0.01816802735155609,-0.00226550527869682,-0.002426525662212864,-9.309674121206528e-05,-0.006133075919317995,-0.008997903858411678,-0.0061423989067156855,0.004993865312139174,-0.06881042930023903
NEFM,-0.15158642307693443,0.23225620718388118,-0.03224180147594398,0.00394918170438263,8.988749815994051e-07,-0.002392345747428581,-0.010432438983323456,0.0200177680334399,0.01208768025179157,-0.02002018144259818,-0.002624478513432485,-0.002910509575253265,-0.0007478576481625455,-0.007103268115257566,-0.010466246409365155,-0.00635578723064843,0.004904031940096879,-0.06578330627226443
ANKRD18DP,0.22788066730752757,0.07198869674120349,-0.12953253568695006,0.028768003053486924,-0.006584878125322194,0.007795270334843042,0.0008496583092382726,-0.017569307172564844,-0.015752617338899058,-0.013925311057436133,0.006802441880884057,0.009303703957584807,-0.02495347207514176,0.017399333954682294,-0.02710532751288695,-0.02394690839301788,-6.186403504321001e-06,0.0053544969587878705
FAM157A,0.22788066730752757,0.07198869674120349,-0.12953253568695006,0.028768003053486924,-0.006584878125322194,0.007795270334843042,0.0008496583092382726,-0.017569307172564844,-0.015752617338899058,-0.013925311057436133,0.006802441880884057,0.009303703957584807,-0.02495347207514176,0.017399333954682294,-0.02710532751288695,-0.02394690839301788,-6.186403504321001e-06,0.0053544969587878705
IQCG,0.22788066730752757,0.07198869674120349,-0.12953253568695006,0.028768003053486924,-0.006584878125322194,0.007795270334843042,0.0008496583092382726,-0.017569307172564844,-0.015752617338899058,-0.013925311057436133,0.006802441880884057,0.009303703957584807,-0.02495347207514176,0.017399333954682294,-0.02710532751288695,-0.02394690839301788,-6.186403504321001e-06,0.0053544969587878705
LMLN,0.22788066730752757,0.07198869674120349,-0.12953253568695006,0.028768003053486924,-0.006584878125322194,0.007795270334843042,0.0008496583092382726,-0.017569307172564844,-0.015752617338899058,-0.013925311057436133,0.006802441880884057,0.009303703957584807,-0.02495347207514176,0.017399333954682294,-0.02710532751288695,-0.02394690839301788,-6.186403504321001e-06,0.0053544969587878705
RPL35A,0.22788066730752757,0.07198869674120349,-0.12953253568695006,0.028768003053486924,-0.006584878125322194,0.007795270334843042,0.0008496583092382726,-0.017569307172564844,-0.015752617338899058,-0.013925311057436133,0.006802441880884057,0.009303703957584807,-0.02495347207514176,0.017399333954682294,-0.02710532751288695,-0.02394690839301788,-6.186403504321001e-06,0.0053544969587878705
ADRA1A,-0.1499653367567244,0.229662443955076,-0.02991697797721241,0.0024776490641318055,0.00016462581400239647,-9.110238481334416e-05,-0.008546158871172617,0.015597985767208113,0.008591815867592275,-0.01597789336167266,-0.00042402560685785235,-0.0018291018396949335,7.169858172159179e-05,-0.010144806917291223,-0.00011552921493611961,-0.0034958017625478137,0.003519300137971845,-0.0712637025181418
MIR31HG,-0.02749296515534923,9.804644191791088e-05,0.0014926759715902921,0.0011882341692064547,-0.0003947564275920887,0.22842898451546007,0.05511415094783692,0.023111852884954126,0.028333050126258624,0.004077215601261349,0.005871960487306695,0.00038379473644196906,0.0001874752223050623,-7.354284979353546e-05,0.01619567827861199,0.0025857007236663033,0.001663395374080676,-0.0003029938179782892
MIR3622B,-0.14668236035758922,0.22828177454676019,-0.030232221099047486,0.002939892859841122,3.168858844210933e-05,5.409441120425633e-06,-0.007445383938134398,0.013052843476037957,0.003990396010369871,-0.01290656372381997,0.00023013253785985913,-0.00015763683608451603,0.0002704776580809809,-0.01145500567206266,0.008615946153569682,-0.0014215029559120158,0.00157138681966182,-0.07481136801255175
HMBOX1,-0.14330210316629477,0.224979206073405,-0.025863971813986003,0.0002399301188158579,-5.6968460893486097e-05,0.00011253411300010765,-0.0029515210244824694,0.011423060519108116,-0.0003140586359844868,-0.00927057317347604,3.554594933308792e-05,0.0005243868462927321,0.005536472703473788,-0.016647996751839055,0.018750757231749907,-0.0011387429118302646,-9.422644832476775e-06,-0.07253457694774364
WRN,-0.13317615035800823,0.2190345277663208,-0.023082905022577607,0.0002447141170092506,-1.946879430537803e-06,5.520685854662654e-05,-0.0001735765074978086,0.001008630911691543,-0.006304575903259094,0.011273938795969858,0.0023615229764963716,0.003781221952069155,0.010420149112392875,-0.01408101549694835,0.023195107113407654,0.002699983759199117,-0.0014122157569880992,-0.06679330759498947
EXTL3,-0.14417522247525674,0.22636453319779434,-0.02809257788168111,0.0012433513119949535,-4.832960793457444e-05,1.6083402242222456e-05,-0.0035983400239822457,0.012847234804132282,0.0003814142704908719,-0.011740930079571199,0.00013983074235279997,0.0005413706089918275,0.003909153178962241,-0.015911591187462798,0.016301481552097614,-0.0012949274823410733,6.483935084466649e-05,-0.07385199109675507
FAM183CP,-0.13777092913220862,0.22181949753453029,-0.025584328427135258,0.00018907692388839996,1.0511448248833975e-05,4.74235698035053e-05,-0.0010824497579246877,0.006268592547757773,-0.0009542312913015477,0.0008126451548831658,0.000491719860321337,0.00034913626508311757,0.007658784494389261,-0.01432741960937656,0.019801926813342426,0.0027991283617182436,-3.0036031082092434e-05,-0.07004465690869119
FYTTD1,0.2289645400891398,0.07273116131627501,-0.13057673198866435,0.029435315039852934,-0.007486954437567042,0.007401250155536773,0.0006312166880348557,-0.018097662919189017,-0.01613490586667577,-0.014127842835257406,0.005582077949757223,0.009116234161462688,-0.024629919789529643,0.01725331838505025,-0.027233812083807044,-0.02408501074899978,6.824086738727435e-05,0.0052298236841299296
EBF2,-0.14960538698783823,0.2314735022042419,-0.03183405233876007,0.0035395441187419025,-5.597714036236923e-06,-0.00045507761100725685,-0.009762812679394786,0.01860827372165519,0.011309735638618534,-0.01796502283393659,-0.0022800749419259413,-0.0018984928183191706,-5.4954722682030303e-05,-0.007922535664540167,-0.006834942967765571,-0.00692025571322205,0.004780565151721843,-0.07022249880751429
MIR3148,-0.13785172857168618,0.22191632144234583,-0.025710007490376552,0.00016720900501274126,1.0575165139826916e-05,5.997100153053742e-05,-0.0012802742052168536,0.006106934878568006,-0.0009368327760039669,0.0008991837262206613,0.0005845608706086654,0.0003560439398221245,0.00744838562709942,-0.014356608755509228,0.01949318281344967,0.0026903105337104387,-2.879177028449687e-05,-0.06995533430739666
ESCO2,-0.14655480352000694,0.2292943859119969,-0.030345787834742056,0.0017903435669813523,7.767938980413443e-06,1.2618650086712916e-05,-0.007300199946161099,0.012662678145995173,0.0033825279093477258,-0.012981402880383802,-4.058723860401873e-05,-0.0006019574365279384,0.00043156539403373106,-0.012248808137094952,0.008799982863754583,-0.0010232778439655309,0.000459589737442958,-0.07471287781916433
SDAD1P1,-0.15024249008367263,0.23062123156351616,-0.031094469853245058,0.0033790035351496475,-9.081666795156924e-06,-5.713430262937401e-05,-0.009400570929061346,0.01786358516620022,0.01033225778516579,-0.016563373702578356,-0.0007971069607843021,-0.0020679020065208125,-0.000154361558395164,-0.009137946258129552,-0.0059471534125796885,-0.005910264332619102,0.004509830066962851,-0.0694970314145871
PBK,-0.14675059574979882,0.22925410514091565,-0.03030083960464096,0.0016431432415148811,6.46073669856845e-06,1.3922534321735032e-05,-0.007393152245379924,0.01263502744528538,0.0032947856220646625,-0.013343988072363668,-2.5039482584792967e-05,-0.0003987866094175848,0.0005771557410938629,-0.012908206810999663,0.009465702874537754,-0.0011788959976164587,0.00015302529198877118,-0.07467119717291416
CDCA2,-0.15033536630252678,0.23180166047640735,-0.03203993688606598,0.0035914408553268558,-4.0919874218225695e-07,-0.00042571770297638624,-0.00939302604343684,0.01846822361610115,0.011553362255659809,-0.01744491024496261,-0.0012341781910575327,-0.0019943144288067363,1.3122424093188627e-05,-0.007478039965545548,-0.00705585049387363,-0.006882762461732048,0.0053636698874989525,-0.06978283742660871
LEPROTL1,-0.13687583728397215,0.22117186471015768,-0.025020508600998814,0.00039315707735093305,4.462260536902008e-05,0.00036334812033932243,-0.00015847669055885191,0.003789081313298051,-0.0020983249172778218,0.001397491161663931,0.0011106580899805931,0.00034383176254319526,0.0070823472386749246,-0.013154665663446502,0.021040536260454986,0.0042939300937223845,-8.052028397595848e-05,-0.06768567659777268
MIR4287,-0.1461332912914521,0.229111827813359,-0.02990916089455918,0.0009158853933940312,3.7980074666702e-06,7.1906769752213e-05,-0.006967835322479833,0.012774199426039806,0.0024146953396945244,-0.013016267547423053,-6.296519583562067e-05,-0.0002620960609505869,0.0011474501103464407,-0.013367644076713621,0.011503748472343065,-0.0010447069729021346,4.234262196687909e-05,-0.07516405258444554
CCDC25,-0.14678930419174205,0.22916827538678142,-0.030436612331959767,0.0025202345035961935,2.7656321908372565e-05,5.834820113001617e-06,-0.007388081923806683,0.013124657427792803,0.0037780942375236055,-0.012774286927219197,-1.2190250043772078e-05,-0.00039197506794953795,0.0006978127720186114,-0.011778602716779763,0.008609297644978276,-0.0012924954806005353,0.0011118093626062068,-0.07482554299105838
RNA5SP258,-0.15051395968871262,0.23148159739445953,-0.032102795180583836,0.003928961288214938,-1.3452344129248209e-05,-0.0007210117047966617,-0.009969578943116886,0.019613631487144827,0.011607921214464228,-0.018196821120363776,-0.0006834617496426932,-0.0007739863746140371,-6.541113667428505e-05,-0.0077148501397637905,-0.006504553505808651,-0.0066095700425512,0.0051125393826457555,-0.07020720933434889
INTS9,-0.14354880367456088,0.2261492497874997,-0.027274757513654956,0.0006688171270652095,-9.405057467792528e-05,5.321118859205452e-05,-0.004019440258679162,0.01204944220592233,0.0002891568918772544,-0.01038880741749873,0.00039179188701925487,0.0003750545202951692,0.00476173690924008,-0.016497638156404048,0.0169273580630591,-0.001396928234464321,2.4277445285965332e-05,-0.07201671771535696
CLU,-0.14731957344557273,0.22943005577894254,-0.030220177666510542,0.002850066748164516,1.0918960120074458e-05,-1.2137706980943398e-05,-0.008573804573406906,0.013428946748134604,0.005184319184322626,-0.013738275824757482,6.241002476800786e-05,-0.0005463642680207283,0.00032843382685380633,-0.010551151745688034,0.006509326772362539,-0.0018740049014675483,0.003843618862084253,-0.07484824922038257
GNRH1,-0.15017879029226672,0.23198299201620812,-0.03211292015385944,0.003847813071720013,-3.715067661099856e-07,-0.0007550196822410333,-0.009286544009547114,0.018468875072789943,0.011759361190831367,-0.017432257677588683,-0.0016586439992203412,-0.0017090267952866239,3.059309574977472e-05,-0.007304958623064382,-0.0071938474897455485,-0.006981702415440452,0.0051472950127643535,-0.06949340272139981
FZD3,-0.14398544154473636,0.2268567490472008,-0.027647127257117314,0.0003600668650230053,-1.5131578028051838e-05,0.00010744006475616448,-0.0035131816154404536,0.012690761263751146,0.00014408265198462787,-0.011700827272261452,4.0772677650344294e-05,0.00040816479901212424,0.0042602414050557594,-0.01476667675606597,0.015919784641967073,-0.00020317200195829428,1.8826865459112503e-05,-0.07465566354651412
snoU13|ENSG00000238624.1,-0.1468905927829327,0.2291233226365985,-0.030499650329212202,0.00248983988252719,2.573890262619121e-05,3.560034307659141e-06,-0.00742891647290621,0.013130235382970121,0.0037683940888635727,-0.01274380044005637,-1.3087342645722426e-05,-0.0003764513241948796,0.0006835055333804052,-0.011891403381379386,0.008599408456892846,-0.0013605074097894252,0.0010622144066946134,-0.07485205637248285
SCARA3,-0.14705521423463888,0.22913282446846267,-0.030462172224899765,0.003061830609545252,1.1778742230786906e-05,-4.16321765924635e-06,-0.007825420571616708,0.012869211212671705,0.0043991107971826544,-0.013030759099574301,0.00016013090107410902,-0.0003010573745745921,0.0011752102933441373,-0.011319314122343131,0.008026392813736963,-0.0012972378461042647,0.0022055073464173815,-0.07452652133402136
KCTD9,-0.1502071368620171,0.2319993718853719,-0.0320667236414287,0.0038068465942634965,-3.0157681909623626e-07,-0.0006728244376589129,-0.009252173443972493,0.01843550322583232,0.011681324316730161,-0.017550657691268273,-0.0016078431753701874,-0.0017008789424440846,3.1820887252900914e-05,-0.007337503550982317,-0.007130785401697949,-0.006940660037762569,0.005133605810794871,-0.06955236957677095
XXYLT1,0.2339390255441362,0.07217422056795467,-0.1313787950307677,0.03066317726868718,-0.007910546296565884,0.010728656050583343,0.0038557860990668376,-0.01855299731955804,-0.017594974983639117,-0.018236977295514628,0.0013634525420812011,0.0073315915849167905,-0.02924887126607983,0.018843710301366657,-0.02586630342622433,-0.023454725300347666,0.0013968335769861467,0.006968478035476732
PNMA2,-0.14991665282729055,0.23068711383178975,-0.030579439837145707,0.003123398038352944,6.652655299472124e-06,-0.0001452924076827801,-0.009017896337359091,0.016931774337063065,0.00942130227333191,-0.01588724844468534,-0.0018065768279936399,-0.0023918313650163323,1.323122979221823e-05,-0.009836297264498237,-0.0033741927847028906,-0.005448166111823233,0.004362307133984859,-0.07071241698914989
MIR548H4,-0.14938805615091644,0.22967822453946773,-0.029721864427461116,0.002551560062116993,5.467492006097216e-06,-1.613801727027401e-05,-0.009094462308050328,0.01610775499119338,0.008139084783491225,-0.01609779275327939,-0.00017181916859893858,-0.0017240739832948193,2.5107092787780645e-05,-0.010675717856443874,9.122815354317587e-05,-0.003914561117766683,0.003732249852219422,-0.07335531270362732
TRIM35,-0.1481368007214343,0.22908644629767136,-0.02989050446229638,0.002181287062850202,8.733250711136851e-06,-9.381990113178628e-06,-0.008993790647900603,0.01391454743963882,0.006564855256644589,-0.013517647604281289,-1.2319575990257475e-05,-0.0012059671218141758,0.00015287473949760692,-0.010370974321909119,0.0011790949425698213,-0.0029540936561466826,0.004186097471704188,-0.07491623352285794
FGF12,0.23200749413033325,0.07283951916980665,-0.13272672117747478,0.03094555055355683,-0.006701581367200108,0.010011345081022197,0.004569641739419848,-0.018638832452839652,-0.017795129956843913,-0.0201901190074631,0.00640574347421107,0.0062547734591855055,-0.02727711063488815,0.019962681807476512,-0.019708104228877848,-0.019170291673823434,0.0002462103579290044,0.00606085130959303
ELP3,-0.14691167443072273,0.22932579151917187,-0.029794446869216843,0.0015462095288757529,2.805668530748901e-05,7.676850758870077e-05,-0.006665851370197135,0.013444624445296566,0.0015178565767162947,-0.013835754418710643,-1.2290532691986784e-06,-0.0002017736558565654,0.0026764512649710206,-0.014375237583834364,0.01167441137245073,-0.0005494381594680019,8.315852954925393e-05,-0.07287131793388174
MIR4288,-0.14458642002757166,0.22743826286604898,-0.028075420640296087,0.0003615594467301695,-2.5853456027890835e-05,0.00010580504567148406,-0.0040718272776861615,0.013286056858575297,0.00039502181816120384,-0.012560615023800417,5.004169653463492e-05,0.0007177219419223553,0.004084735607300344,-0.014261234355223742,0.015738263864681242,-0.00022739852669831503,1.9463741747193797e-05,-0.074030760676642
TPRG1,0.23559830647515473,0.0731269246210851,-0.1324531656021242,0.028769929615929765,-0.006970574294505017,0.009803076317256748,0.003635759818310592,-0.016792419066273795,-0.02008750502789834,-0.019973691403474575,0.006155081775558356,0.003076263333058959,-0.019138456847995377,0.019539282224586563,-0.0073678852806321905,-0.013532844812581199,0.00011395924971092313,0.002208681124473741
PURG,-0.13387698764933953,0.21958266965166828,-0.023328911754991306,0.0002481796704794827,2.56630078519174e-06,0.0002265222058318008,-0.00024510056623806197,0.0011211641499621707,-0.0058157451124782765,0.010469615484620411,0.003189636437585919,0.0031985490453057806,0.010151163808083048,-0.014412177164027174,0.02317056374605896,0.0029461740987969916,-0.0011056052405695584,-0.06704711591401977
TEX15,-0.13455253727409483,0.21896970111004088,-0.02292691388139286,-0.00020589195989354603,3.546309072583293e-06,0.000363528781923537,-7.35327458188777e-05,0.0017348212121072997,-0.004889034068327594,0.00862415844994814,0.0005436213018634898,0.0014236614229266008,0.009160898126377458,-0.013642815860946157,0.02235546578979314,0.003010053754958319,-0.00211748152475827,-0.06794503047129669
TMEM66,-0.13784450097243894,0.22171006929436488,-0.025011240224776396,0.00038403253238520246,2.1394112825592523e-05,0.00013446616238162024,-0.0003295629189780171,0.00489167244085569,-0.002181917053401158,0.0007059560441597179,0.0011164358863952322,0.00038340713998532866,0.007250406285466457,-0.013689372123187745,0.020333540179255503,0.004114891550671526,-5.998589743845724e-05,-0.06810813934760634
STMN4,-0.1487082440861868,0.22938464340102147,-0.029549693523257092,0.002606589106639669,2.4136053482983505e-05,-1.1893849845875916e-05,-0.009011055839555396,0.014425477807863093,0.00685537651679521,-0.014679926596015223,-0.00010427059706987255,-0.002021753255250566,0.0002290861536149946,-0.011022005485281528,0.0008293882430045138,-0.003365816509508969,0.0036401476533666835,-0.07388751253584937
RNA5SP259,-0.1448085836377871,0.22715535301349102,-0.027839846306145544,0.00038077273902800365,-2.6290027365385024e-05,0.00024164005882926242,-0.0036484898560366712,0.012850395057168904,0.00010670527988613368,-0.011440492498707345,8.280795152449694e-05,0.0005448226407349834,0.004109447272425311,-0.015142550238884675,0.015990959481674286,-0.00036430379544321543,5.380752191348333e-06,-0.07425511686172176
GTF2E2,-0.1360568859529447,0.22134427832437184,-0.024150257123993338,0.00016873831970016351,2.2677737222901297e-05,0.0011312342858842115,-0.00010700894982121898,0.003820151093638039,-0.005019809428008458,0.005056446022454554,0.000788120193207095,0.0011825705806483208,0.008078771852183614,-0.014941526607191816,0.021833143328326473,0.0034561200800934783,-0.0013428570258603636,-0.06673362467855841
EIF2B5,0.2375607597328865,0.0718721129386414,-0.1352131593243155,0.02826733474588984,-0.00024141391765083897,0.005877990049296366,0.010396328466026474,-0.016149034724708217,-0.02557438500452917,-0.01845534408989903,0.013449269375670501,-0.008415696876027078,0.0034211177352730096,0.0182783278340404,0.020395102218345857,-0.003975784038652535,-0.0010711164106987135,-0.0028484447679250264
PNOC,-0.1463377337191559,0.2281973696143366,-0.02868996211038792,0.0007551977685340128,-4.253061100260235e-06,0.000256417360654126,-0.005240821996845199,0.013254832278944492,0.0005693470883557652,-0.013527379181882213,0.0001671300267297289,0.00013083506799487806,0.0041385633395095685,-0.01471353695397038,0.012710427634331178,-0.0005422241373836949,0.00024268806215306288,-0.07221884822376176
ZNF395,-0.14615555126691554,0.22832477641306262,-0.028829088108652774,0.0007387552629729417,-1.0217213301418865e-06,0.0001886685176842455,-0.005315686575337352,0.013316634933499535,0.0005207489151670291,-0.013789020581854538,0.0001585840801710175,0.0001956541122862172,0.00440854180056855,-0.014545787683863613,0.012920478148547259,-0.0003908736874797141,0.00023311343822467876,-0.07261199745707696
PPP2CB,-0.13561731247669323,0.22065905586192888,-0.02434631808368369,3.943515032692664e-05,1.6117298487384933e-05,0.0008077177755490194,-0.00021899553863049344,0.002639968709632368,-0.005602529148948326,0.006090373848619322,0.0017730679576298978,0.001741421844945535,0.009854143110619574,-0.014400926601453805,0.021393059914130624,0.0030419017701034537,-0.003120116807555334,-0.06697844111219033
TP63,0.23621413768438504,0.07346942869944333,-0.13350299118162262,0.028012575863465623,-0.005865326802349967,0.010488387694280978,0.002998643160369613,-0.015597332152991928,-0.019654428271562274,-0.018296207911544137,0.006767360088725949,0.003586907017387239,-0.01836251021125739,0.018218644195586636,-0.007478295486403844,-0.01420159012999926,0.0004731683116021946,0.003813959045492391
DCTN6,-0.13742429233155987,0.2213541657435882,-0.0255560369717439,0.00017335090141341503,2.8993899179751316e-05,0.001382420339646097,-0.000230305639490125,0.003293820162384822,-0.0033359472689295433,0.0020486665725529775,0.002288696696694484,0.0005712821427767344,0.007645382071317631,-0.013638128308864341,0.021257826997713055,0.004498567789104991,-0.0001396026413334551,-0.0673465709128581
RNA5SP260,-0.14383293543646772,0.2250260559490261,-0.026616683451972715,0.00023416707246785593,-1.4168167753148089e-05,3.577196630669561e-05,-0.003225386025592974,0.011407084422739173,-0.00013191688676072801,-0.008367077342236589,-0.00019563162450330536,0.00039993824061585647,0.005463191647876522,-0.01710343451489061,0.01926783742471638,-0.0004878907563814393,-6.660495399908275e-06,-0.07280408611171248
UBXN8,-0.1360270093229527,0.22063084228575897,-0.024723806446435913,0.00011531251536518993,3.771976720424101e-05,0.0006946259638402167,-0.0002346889624020777,0.0029800396083219027,-0.005285105014150063,0.006451037162026551,0.0017231995398218824,0.0015028049114121673,0.009788889205598025,-0.014687487929119709,0.02153310252441824,0.0036001953572851538,-0.0013021102466626168,-0.06594139892112198
HES1,0.23431701721499476,0.07303374177833656,-0.13201110152279183,0.03125988042982419,-0.006976835600733144,0.009238693524675476,0.004123086563005356,-0.018160936145660566,-0.019090375874533404,-0.018928334551809135,0.0009462327442884953,0.006254053815430638,-0.027402688538586274,0.020041454140164162,-0.02458203255360025,-0.0228802913976791,0.0009948864286778204,0.006375476202917639
RN7SL215P,0.23431701721499476,0.07303374177833656,-0.1320111015227918,0.031259880429824215,-0.0069768356007331505,0.009238693524675483,0.004123086563005347,-0.018160936145660563,-0.019090375874533414,-0.018928334551809166,0.0009462327442885091,0.0062540538154306335,-0.027402688538586288,0.020041454140164155,-0.024582032553600273,-0.02288029139767911,0.0009948864286778308,0.0063754762029176425
RN7SL781P,-0.14228026085819293,0.22516478896874306,-0.026752551050957928,0.0005197166474901411,3.748935737520281e-06,1.5070803041874766e-05,-0.004100649560881867,0.010782812022818023,7.371968759695244e-05,-0.007166214769734939,-0.00020075796695774283,0.0003884649111085762,0.006366045262314609,-0.01668113246786649,0.01830042480643914,-0.0009228342151326015,2.0185478137681795e-05,-0.07250828135189785
SMIM18,-0.13655567302679647,0.22141453271649417,-0.02474940475403093,0.00017106210776517467,2.711376247701309e-05,0.0008279230398097393,-0.0001317167148042662,0.00416594210074856,-0.005046590076291872,0.004304065631512005,0.0006466493736259582,0.0013043084822848714,0.008494838355667753,-0.014334387136249346,0.021839733359378614,0.0035892195596550487,-0.001372586191908914,-0.06691730414987589
GSR,-0.13652636950281022,0.22100366173942607,-0.024445407340674147,6.83183186065541e-05,7.10727639866102e-05,0.0009241528788269764,-6.46339460304705e-05,0.0036527173222259657,-0.005537298538468961,0.004872586125465496,0.000994941028252786,0.0020354144955924895,0.009812869068598904,-0.014768753927924552,0.02189201577841719,0.0031946633881699085,-0.0016939670387230714,-0.06605729378420411
RN7SL36P,0.23408922428818127,0.07257435179537554,-0.1321245833026327,0.030431074719993855,-0.007860938565432872,0.010663503405600017,0.003958929687317636,-0.018942654777343606,-0.017821001659100253,-0.017879123241220055,0.0015613228136397476,0.007457316804485742,-0.028801051634778942,0.01878262205292797,-0.025716980679503506,-0.023731599197992594,0.0018080056777890984,0.007105475180006474
MIR3137,0.23413496415764018,0.0724203699885972,-0.1319209112287511,0.030394464929734966,-0.00795496775457213,0.010528044134401325,0.0039691869982960626,-0.018716974044415177,-0.01777643300897415,-0.017925113732628433,0.0012084707615386172,0.007425886902991318,-0.028911886736574702,0.018905540068179797,-0.02566954842974752,-0.023602198332674056,0.0016132625021133414,0.007104717049209369
TUBBP1,-0.13755055093301335,0.22220795278814917,-0.024513917058071984,0.00016704210145115258,5.486551547899921e-05,0.0021193699044165745,-7.878962467161918e-05,0.0032209866580030382,-0.0046573008327085415,0.0027026679510030512,0.002443597893081238,0.0005351355712234366,0.008441995445105877,-0.014347031806787836,0.021415095981606944,0.004834989872706415,-0.00019060088202310706,-0.06746281948461466
TMEM44,0.23347363620064443,0.07238312843272585,-0.13158418752968654,0.031514898202798784,-0.006891054785318031,0.010659769102137838,0.0030628380332040303,-0.018180188162462568,-0.01819216010571968,-0.017981904426862344,0.003957720286497757,0.007234686248813649,-0.02810779790609927,0.018855529165276393,-0.025201199988130106,-0.023388904248182008,0.0022071452923432587,0.006559058093147961
OPA1,0.23453420660679652,0.07358668623983637,-0.13239196764923405,0.031473916634486315,-0.006786554437089576,0.010069723374566323,0.0041228276764445244,-0.01779776458450421,-0.01853548013738055,-0.01864403791224647,0.0038700623936270893,0.006271633683697229,-0.026001201744729155,0.020159047289114634,-0.020997369559569316,-0.021982387738690802,0.0002139045452813779,0.006764374965498681
ATP13A3,0.2339724467668145,0.0725939911508129,-0.13144857132017138,0.030865457526837475,-0.006863035953139122,0.010172793437396292,0.00287270699840291,-0.018332247120531595,-0.01827502866530683,-0.017991313831405634,0.0015635405832809838,0.006296424951486986,-0.028277557000083945,0.01946079868327966,-0.02529854601116826,-0.023334736183763742,0.001796252677199525,0.006458868919051473
MBOAT4,-0.13823988067498227,0.2223165150663286,-0.02542250716021112,0.00011712491821549439,1.3303679603316042e-05,0.0007042489705075098,-0.0003609726262147948,0.00438709249734003,-0.002921220827222808,0.0013189170004416766,0.0023341044022201257,0.0006386096599313519,0.008126098811510043,-0.013575092505350677,0.02074944942995463,0.004482330107183044,-6.725360806326787e-05,-0.06873373394014307
KCNMB2,0.23528156658455715,0.06962908770129406,-0.12620375035837395,0.025342678268043765,0.0002530451004614463,0.0075592919576322505,0.007508165381365166,-0.01564371936091269,-0.021259640638598348,-0.017695166744389007,0.013273663040479356,-0.01141242516639586,0.018616890269875185,0.014254071429352467,0.03378043761025402,0.003343289229178024,-0.0028577510385471064,-0.005130491869551064
LINC00578,0.23544886289753975,0.0706643265810085,-0.12474733181002552,0.025985212888061052,4.803579730672478e-05,0.008145144872024971,0.008436310035234418,-0.01588065211267649,-0.021184225085367495,-0.016631368752148882,0.012861577267775313,-0.009141313375972293,0.019332109662601335,0.013868884247761759,0.033098440176133045,0.0046407388270291155,-0.0011241433937469226,-0.006768850193032867
ATP13A4,0.2347707833422221,0.07339642746533714,-0.13295657225353277,0.031157296383397984,-0.007251344182075067,0.00955577627204014,0.0041328702475029394,-0.01810322032581968,-0.01855243429698456,-0.018706596743144375,0.00404629261848114,0.006329140714626393,-0.026185930747704488,0.020133645963475045,-0.020332563329168902,-0.021421424162151717,0.00022415843562004814,0.006664432355572459
RN7SL447P,0.2347818889380656,0.07298318055783118,-0.13235482517154928,0.031369656809142596,-0.006223112799370887,0.010323490649798959,0.004244228238593997,-0.017534441746086732,-0.018487870320882713,-0.018286839017155176,0.0037543478640100717,0.0062749763979688886,-0.025743631392438227,0.020351702495121297,-0.021534489929926848,-0.02213705698826242,0.00028933878377248863,0.006338215416032243
LINC00887,0.23399055887067002,0.07287024864477983,-0.13210211020131274,0.031078592832640337,-0.00668260113708333,0.009528796773919221,0.0036571095819907203,-0.018257262480855,-0.018692973794727393,-0.018240497812961522,0.0019191052718132067,0.006678222737942021,-0.027372826599096647,0.01948724511648043,-0.024882673404914273,-0.023008881259413184,0.0012639005427613837,0.0069063333049488905
MCF2L2,0.23829057178397914,0.07216241078007204,-0.13539075365614175,0.027274332796682847,-6.427031451390535e-05,0.005634822227070786,0.00969481257774116,-0.017100466682111293,-0.02482401926675387,-0.01837823967673092,0.014870802411178748,-0.008206683010154567,0.006228724399800117,0.017227811391088216,0.02225575090125424,-0.0032859581728384747,-0.00138946497879387,-0.0033731106357700272
CPN2,0.2339388007884939,0.07284546246125456,-0.13239498501714464,0.031180216599935213,-0.006614379402585861,0.00962585668493074,0.003896110629089603,-0.018399762026396867,-0.01855303919906594,-0.01816644121166629,0.002929168050361896,0.006887793143727093,-0.027250766750053966,0.01931038631351905,-0.024935196769135918,-0.022917399246712686,0.001053059440645363,0.005940923081347894
LSG1,0.23387243712530462,0.07256763224306308,-0.13178061942013236,0.030894248490028503,-0.006511253953633065,0.010816462294533414,0.00283967144963346,-0.018002461287473563,-0.018053437795260363,-0.017584174450425386,0.0027744486676322083,0.00673455963005556,-0.02797316889206222,0.018766615670526347,-0.025152612442710876,-0.023758556587733837,0.0025348649928895353,0.006804665404981982
LINC00884,0.23370147066819932,0.07256292310601102,-0.13118569508286362,0.030834252163402163,-0.0071189794882517655,0.010449978997960838,0.003131815566982024,-0.01913866751945429,-0.01889756611830861,-0.017884386242502867,0.0015446550731716099,0.006663730548464374,-0.02857993142457926,0.01896571092906218,-0.02542677787029662,-0.023801710138308545,0.0027684715646567096,0.0062875927370409515
LRRC15,0.23395016699177104,0.07259295918552823,-0.13237238331598516,0.03133806422142015,-0.0067104013393571695,0.009524146477799793,0.003609666208106858,-0.018450593997595528,-0.01855531042603352,-0.01822286505060704,0.0031172855507975534,0.006995167614290693,-0.027449686079344324,0.019135225632263598,-0.025068394841754448,-0.022915168236122746,0.0008973983145586946,0.005912337083758788
GP5,0.2340982807953515,0.07268522509940123,-0.13236687371745104,0.030960301811336476,-0.006590814542405756,0.009619335234861139,0.003566659519819567,-0.018475085163137516,-0.018795498578102896,-0.018228160323338148,0.002442293765323,0.006699093144546257,-0.027441887111059854,0.019147875089053985,-0.024859023321147134,-0.02301310559047564,0.001084714232741048,0.005985386211376947
TBL1XR1,0.23462912812926676,0.07134883804813286,-0.12600304740672988,0.025499634566697092,1.6211948639682898e-05,0.007960296354887476,0.007241678318962103,-0.01606820257918998,-0.02112869359928256,-0.016819081194933142,0.012403531126417372,-0.009612741340171722,0.019129206395442532,0.01468393879217534,0.032181335414691314,0.004541393695748991,-0.004136057099244698,-0.0069231550736466585
LEPREL1,0.23665673219302386,0.0738195315786953,-0.1336790676711894,0.028594271813759984,-0.006078471739633083,0.010890855114436746,0.003254974404796684,-0.015385352587081224,-0.01992277500803123,-0.01870299195600879,0.006544362350958637,0.0047555106623158264,-0.0194976733740043,0.018700964237090747,-0.00853681980825503,-0.015244510700909262,0.0010910754090935522,0.00386962905920931
ATP11B,0.2385898998712763,0.07175798472438959,-0.1347892092426286,0.0262538399795575,-1.1755319817007997e-05,0.005756961354143581,0.009704974740730225,-0.016376215458859773,-0.024063553049547014,-0.018589010570327753,0.014323611131221098,-0.009249619785815903,0.007032082885767259,0.01754598403224331,0.02208093413832378,-0.00248712845717958,-5.7223538559257646e-05,-0.003536854257608984
SNORD39|ENSG00000264379.1,-0.02807913106863432,-8.92376068818182e-06,0.0011319326085112676,0.0007889197398326196,-0.00032170056987642373,0.22937981710980576,0.0547223227470192,0.023834020691202173,0.028840174154417274,0.00398008054779042,0.0062294497709661336,-6.60076144174073e-05,-1.5778992488929817e-05,-5.586653597972973e-05,0.015817055249030373,0.0021659208584690432,0.0022839361258089608,-0.00025415378649104576
PEX5L,0.2377555517402502,0.07066354543339337,-0.13012989482117085,0.02619857771404658,3.809341978159996e-05,0.006701162595734215,0.008873384211719472,-0.017050495827812512,-0.02305036875311216,-0.01909004621568345,0.013277497933052603,-0.010883975866639422,0.014724953801117959,0.016120894591567732,0.030715168432459583,0.003302393722277159,-0.0009549660188248097,-0.0054562815616106194
FAM43A,0.2341159910192745,0.07255499934135032,-0.13180877346233463,0.030497571209949764,-0.00659297014219685,0.01099259179075752,0.003137882337103066,-0.0184611743349556,-0.018010412450723354,-0.017959596526480714,0.002842631657641654,0.006296665015604541,-0.028238079774477298,0.01840936670366068,-0.024700148140883706,-0.02359607192426913,0.002952322404725801,0.006686820923212165
DCUN1D1,0.23878529481813918,0.07192838302264333,-0.13529376272648247,0.026490686671106968,-8.69283698197185e-06,0.005978639238785493,0.009372285260197236,-0.016893606444173714,-0.02414404919913185,-0.018719178006415038,0.014154462297827783,-0.009239488429008508,0.006336157053957768,0.01737945799350263,0.021733178960154843,-0.003164928889649139,-7.162551405587158e-05,-0.0038088832408215206
MCCC1,0.23872374379667655,0.07168256571558831,-0.1353969727181863,0.026482482503000226,-2.659166578291609e-05,0.005120339955646377,0.009399788951091564,-0.01744203073589221,-0.02447607841785174,-0.01875835694223706,0.014425709472996248,-0.0091571764849425,0.006431209051436923,0.017118626494588937,0.022069710390346848,-0.00315841522581,-0.00018101606260204176,-0.004013790648776425
PIK3CA,0.23632069136063505,0.07004898457770553,-0.12806776374444515,0.02581471765578629,0.0001232220236868547,0.006570255475240105,0.008312899811878742,-0.016978664302841482,-0.02243897880262709,-0.016789540174181102,0.013457646147172628,-0.01106025337066793,0.018032163430243144,0.014566617660969236,0.03246987204014607,0.004143624169366268,-0.004949390585683472,-0.005546005180541804
MIR4789,0.23363299300712054,0.06939108917820638,-0.12584898642065506,0.023813608838354747,4.3191762794703684e-05,0.00810378543930195,0.006400216578655633,-0.019417762146382557,-0.021607440901489694,-0.016502117689237122,0.01376452562322325,-0.008099202900033981,0.020937659155252683,0.01281780329639533,0.03478885073236737,0.005307465712879894,-0.004424322672231958,-0.007240095531359181
snoU13|ENSG00000271842.1,0.23363299300712054,0.06939108917820638,-0.12584898642065506,0.023813608838354747,4.3191762794703684e-05,0.00810378543930195,0.006400216578655633,-0.019417762146382557,-0.021607440901489694,-0.016502117689237122,0.01376452562322325,-0.008099202900033981,0.020937659155252683,0.01281780329639533,0.03478885073236737,0.005307465712879894,-0.004424322672231958,-0.007240095531359181
ZMAT3,0.23689617419621356,0.07040748438951361,-0.12781584770754129,0.025511551094894724,6.877651475411815e-05,0.007284644926223802,0.007967866788864209,-0.016514085508078674,-0.022075568220173866,-0.018206633387874628,0.01325010979884352,-0.010663054562726332,0.017729871550915106,0.014817477785854634,0.03354825978336016,0.004926129032230317,-0.004222645919373967,-0.005837682999352736
FNDC3B,0.2296691227996978,0.06847470207672994,-0.1185469526694312,0.025669322634747586,0.000102407059058975,0.008481590216386505,0.0057400143586793,-0.015072145006688452,-0.018996838941919895,-0.017915275469371692,0.01544156673135758,-0.007148312004787865,0.026741453473294693,0.009437239778918315,0.04275170783268689,0.010690481424096152,9.196111475614189e-06,-0.008853631153774343
B3GNT5,0.23887847405058238,0.07250637015346685,-0.13591621224163988,0.027190566834905738,-4.554625471184653e-05,0.005412474039587671,0.010098402014782055,-0.017632349562365195,-0.024651890449374235,-0.018515699597167676,0.01448405849465892,-0.008615108111692093,0.005916260445176695,0.01718024668330543,0.02170887653398353,-0.0032322866980863054,-0.0024445714733605517,-0.00412920653414458
RN7SL703P,0.23786425592893792,0.07253238253465727,-0.1345217158031643,0.026140767800099027,-9.639062051614759e-06,0.005810954396326213,0.008403700426604542,-0.015208811586500838,-0.02289810207125189,-0.018705028727951562,0.01419086594875223,-0.009432238007175457,0.00964723212572482,0.017317778913831395,0.024346847140469544,-0.0024964461226546783,-0.0014246374132422972,-0.004704382113356292
RNA5SP150,0.23786425592893792,0.07253238253465727,-0.1345217158031643,0.026140767800099027,-9.639062051614759e-06,0.005810954396326213,0.008403700426604542,-0.015208811586500838,-0.02289810207125189,-0.018705028727951562,0.01419086594875223,-0.009432238007175457,0.00964723212572482,0.017317778913831395,0.024346847140469544,-0.0024964461226546783,-0.0014246374132422972,-0.004704382113356292
FXR1,0.23702230818578887,0.07166109801272372,-0.13211613495532717,0.025248003855315882,-1.1734341622606329e-05,0.00664055069822678,0.008455018374068526,-0.016842788823973578,-0.02391021983839849,-0.019191823044139186,0.013054321929284147,-0.010247272596164916,0.011830129226647128,0.01678820962223455,0.028376196347330213,0.0004681132064056475,-0.0020661413765617007,-0.004756551356044754
NLGN1,0.23167424933746616,0.0694208844987999,-0.12191307633159817,0.024932719145658228,4.913425413106585e-06,0.008351259570598532,0.00732852302982125,-0.01720496781640492,-0.02114361678667797,-0.016483439071114606,0.013823015975714857,-0.009206538416721557,0.023878504327490488,0.011370769699676434,0.03804980548480001,0.008489344671484003,-1.2847185707920173e-05,-0.007914546734724593
LINC00501,0.23557322374461093,0.07161680895535817,-0.1258905562984792,0.025305456862426527,5.07297688474088e-06,0.007207062987236111,0.007723819352444955,-0.01610326613985721,-0.02145279674959658,-0.015756652976827212,0.012960265839573853,-0.009304305396936476,0.019967582436919068,0.014193919528900534,0.03257371968263686,0.00432955775284409,-0.0026770328966458207,-0.007009841193844335
MIR944,0.23659871051406234,0.07376150087988376,-0.13432238198680668,0.028648924711964063,-0.006530647284121706,0.01100579505822324,0.0037447705809009295,-0.015336822074343656,-0.01983917443240797,-0.01903915267332529,0.006918394647729477,0.003170586326267172,-0.01923908046724969,0.018329275480709718,-0.007618497842238901,-0.01450828536142293,0.0016586161290665044,0.0036102581869371154
MIR28,0.23357115053467226,0.07346900294086572,-0.1336495496319355,0.02932827466551147,-0.0057980281271165345,0.009040709191701296,0.005753745583251767,-0.018002975264412243,-0.02000698905064345,-0.020784037272254877,0.0062817733667028695,0.00298235409086809,-0.018196654375269433,0.020204203016705728,-0.0041036243335790205,-0.01322867960885791,0.000714661184339268,0.002601236960236895
SOX2,0.23803970290561036,0.0725311272457562,-0.13443120902224648,0.026330915478971192,-2.3168628809608244e-05,0.0056428914829420454,0.008957914387758446,-0.016020598604250452,-0.022709219866817572,-0.019095693086610764,0.014267394331589677,-0.009458691488184526,0.009420789666719725,0.01742896238787075,0.024847417498625766,-0.002587417005044429,-0.0028291653977300397,-0.004701307710804752
LAMP3,0.2386283133668482,0.07200804991454449,-0.13607461843268426,0.026688783477033986,-0.00018019760630081738,0.005474052589177657,0.009331765631097617,-0.01768999105952682,-0.0242568654787978,-0.01875277508388841,0.014853195283498185,-0.008862439443279791,0.006036770203977525,0.016712131675459457,0.02178210233413568,-0.003400222984054268,-0.0023302688892790253,-0.0040086359672913486
MB21D2,0.23426479895778615,0.07327383193183955,-0.13363225519276686,0.031053279632592086,-0.0061983528740416575,0.00999568513977106,0.003945602671054038,-0.01833813764404505,-0.01857901809587097,-0.019442096271084234,0.005408107916951003,0.006470239369780041,-0.025422662504469996,0.019652710542496604,-0.01854236237514379,-0.020743565857929067,3.564430891390204e-05,0.006411725353594959
RNA5SP151,0.23885260978258996,0.07256977688046667,-0.13591731439239757,0.027261713663664897,-4.2453475932559376e-05,0.005445678434462897,0.01019444068419731,-0.017581503241919285,-0.02445216970559825,-0.018443139126173676,0.01449402305889674,-0.0086245220083658,0.005953299355242943,0.017305724102629868,0.02200197422694387,-0.003100603099389814,-0.0016510089973684478,-0.004152600688919934
ATP13A5,0.23493397326021198,0.07328289778337284,-0.1338229386874615,0.031024248211192776,-0.007184031729636759,0.010074107215122079,0.003891237626896396,-0.01868271246570386,-0.0187711570720786,-0.019360079619205238,0.005365495119847227,0.00613123841280831,-0.02619863631076665,0.019655601053534453,-0.01857322375934132,-0.020512992045480564,9.837308500244806e-05,0.006109643972628561
AP2M1,0.23842094224506746,0.07284522230950065,-0.1362466339191916,0.027816310120680997,-0.00029480102818965143,0.006184431320823053,0.010571581982652742,-0.0168135205583344,-0.025661755927373995,-0.018536789581594982,0.014585201516368058,-0.008614939786331167,0.005015226856969258,0.017321527620905736,0.022269079420745328,-0.0033305436999956474,-0.000105700335975304,-0.0036721303376033923
RN7SKP265,0.2382854765401663,0.0725373513760615,-0.1345286686606851,0.026242427252525086,-1.0383318773665263e-05,0.005862199200932704,0.008440057837187168,-0.015894255846998946,-0.022941275167113483,-0.01854337077786746,0.014166970229583787,-0.009046993059010473,0.008589345926477985,0.01741928454001203,0.02400136740915157,-0.0021200480139780937,-0.0007083854409657347,-0.0043837211268157785
GNB4,0.23706808885273092,0.0703633962954227,-0.12928133538690093,0.026116769724591815,7.62125369829074e-05,0.007612137710115032,0.008658401559287703,-0.01699134649470549,-0.022732258968902585,-0.018628623722870954,0.013584624478357994,-0.011156603844233526,0.016282671442890157,0.01521471212475507,0.03157215338006591,0.0036559805931579543,-0.004499293091133055,-0.005319485461250509
RN7SKP52,0.2362169991398357,0.0709299271687875,-0.12617055367383723,0.025565158571614257,2.9718316552356907e-05,0.0074899714822976166,0.00791326276461462,-0.016294076231975926,-0.021693055329389265,-0.016603647444315722,0.012531672276880183,-0.009748274005473666,0.019697851124515588,0.014468939137923062,0.03279149297324152,0.004662728038433675,-0.0021396325891067727,-0.007296220673006844
MFN1,0.23700715174548861,0.07016379217300302,-0.12904179986800945,0.026253406739558387,0.00010568591221900627,0.007077726318769758,0.008533028154087043,-0.01693740180313713,-0.02295908361008854,-0.01842795060654341,0.013165731912026826,-0.011142797940870313,0.01645472106663613,0.015467321570719767,0.031825647107629244,0.0037437643563613546,-0.0042749336331618995,-0.005244648638135391
KCNMB3,0.23699937072274016,0.06997493572396721,-0.12854304459799146,0.025722991687802472,4.3204480693726856e-05,0.007137275165166629,0.008427732960952079,-0.01720496454035729,-0.022631695328722473,-0.01754988579075558,0.013416729289563337,-0.011265287940018808,0.017066429098650346,0.015414928009132096,0.03219191290722759,0.00419146148618819,-0.004764794688720553,-0.005986179637929117
ABCC5,0.23849027766776434,0.07292008145948344,-0.1363121813515732,0.027739796890730768,-0.00032178506301630577,0.006201265083361947,0.010706987443388407,-0.01682078790256374,-0.025730187532025908,-0.018717220507221046,0.014758220468646008,-0.008473306823424334,0.005265683194482313,0.01726670156587429,0.022338618262969418,-0.0032046774341591027,-0.0001141582351586775,-0.0037211653885702006
CYP2AB1P,0.23849027766776434,0.07292008145948344,-0.1363121813515732,0.027739796890730768,-0.00032178506301630577,0.006201265083361947,0.010706987443388407,-0.01682078790256374,-0.025730187532025908,-0.018717220507221046,0.014758220468646008,-0.008473306823424334,0.005265683194482313,0.01726670156587429,0.022338618262969418,-0.0032046774341591027,-0.0001141582351586775,-0.0037211653885702006
DVL3,0.23849027766776434,0.07292008145948344,-0.1363121813515732,0.027739796890730768,-0.00032178506301630577,0.006201265083361947,0.010706987443388407,-0.01682078790256374,-0.025730187532025908,-0.018717220507221046,0.014758220468646008,-0.008473306823424334,0.005265683194482313,0.01726670156587429,0.022338618262969418,-0.0032046774341591027,-0.0001141582351586775,-0.0037211653885702006
HTR3C,0.23849027766776434,0.07292008145948344,-0.1363121813515732,0.027739796890730768,-0.00032178506301630577,0.006201265083361947,0.010706987443388407,-0.01682078790256374,-0.025730187532025908,-0.018717220507221046,0.014758220468646008,-0.008473306823424334,0.005265683194482313,0.01726670156587429,0.022338618262969418,-0.0032046774341591027,-0.0001141582351586775,-0.0037211653885702006
HTR3D,0.23849027766776434,0.07292008145948344,-0.1363121813515732,0.027739796890730768,-0.00032178506301630577,0.006201265083361947,0.010706987443388407,-0.01682078790256374,-0.025730187532025908,-0.018717220507221046,0.014758220468646008,-0.008473306823424334,0.005265683194482313,0.01726670156587429,0.022338618262969418,-0.0032046774341591027,-0.0001141582351586775,-0.0037211653885702006
HTR3E,0.23849027766776434,0.07292008145948344,-0.1363121813515732,0.027739796890730768,-0.00032178506301630577,0.006201265083361947,0.010706987443388407,-0.01682078790256374,-0.025730187532025908,-0.018717220507221046,0.014758220468646008,-0.008473306823424334,0.005265683194482313,0.01726670156587429,0.022338618262969418,-0.0032046774341591027,-0.0001141582351586775,-0.0037211653885702006
KLHL24,0.23849027766776434,0.07292008145948344,-0.1363121813515732,0.027739796890730768,-0.00032178506301630577,0.006201265083361947,0.010706987443388407,-0.01682078790256374,-0.025730187532025908,-0.018717220507221046,0.014758220468646008,-0.008473306823424334,0.005265683194482313,0.01726670156587429,0.022338618262969418,-0.0032046774341591027,-0.0001141582351586775,-0.0037211653885702006
KLHL6,0.23849027766776434,0.07292008145948344,-0.1363121813515732,0.027739796890730768,-0.00032178506301630577,0.006201265083361947,0.010706987443388407,-0.01682078790256374,-0.025730187532025908,-0.018717220507221046,0.014758220468646008,-0.008473306823424334,0.005265683194482313,0.01726670156587429,0.022338618262969418,-0.0032046774341591027,-0.0001141582351586775,-0.0037211653885702006
LINC00888,0.23849027766776434,0.07292008145948344,-0.1363121813515732,0.027739796890730768,-0.00032178506301630577,0.006201265083361947,0.010706987443388407,-0.01682078790256374,-0.025730187532025908,-0.018717220507221046,0.014758220468646008,-0.008473306823424334,0.005265683194482313,0.01726670156587429,0.022338618262969418,-0.0032046774341591027,-0.0001141582351586775,-0.0037211653885702006
MAP6D1,0.23849027766776434,0.07292008145948344,-0.1363121813515732,0.02773979689073078,-0.00032178506301628484,0.006201265083361952,0.010706987443388388,-0.016820787902563753,-0.02573018753202591,-0.018717220507221063,0.014758220468646008,-0.008473306823424363,0.005265683194482299,0.017266701565874298,0.02233861826296939,-0.0032046774341590776,-0.00011415823515867918,-0.0037211653885702023
MIR4448,0.23849027766776434,0.07292008145948344,-0.1363121813515732,0.027739796890730768,-0.00032178506301630577,0.006201265083361947,0.010706987443388407,-0.01682078790256374,-0.025730187532025908,-0.018717220507221046,0.014758220468646008,-0.008473306823424334,0.005265683194482313,0.01726670156587429,0.022338618262969418,-0.0032046774341591027,-0.0001141582351586775,-0.0037211653885702006
PARL,0.23849027766776434,0.07292008145948344,-0.1363121813515732,0.027739796890730768,-0.00032178506301630577,0.006201265083361947,0.010706987443388407,-0.01682078790256374,-0.025730187532025908,-0.018717220507221046,0.014758220468646008,-0.008473306823424334,0.005265683194482313,0.01726670156587429,0.022338618262969418,-0.0032046774341591027,-0.0001141582351586775,-0.0037211653885702006
SNORA4|ENSG00000251730.1,0.23849027766776434,0.07292008145948344,-0.1363121813515732,0.027739796890730768,-0.00032178506301630577,0.006201265083361947,0.010706987443388407,-0.01682078790256374,-0.025730187532025908,-0.018717220507221046,0.014758220468646008,-0.008473306823424334,0.005265683194482313,0.01726670156587429,0.022338618262969418,-0.0032046774341591027,-0.0001141582351586775,-0.0037211653885702006
SNORA63|ENSG00000199363.1,0.23849027766776434,0.07292008145948344,-0.1363121813515732,0.027739796890730768,-0.00032178506301630577,0.006201265083361947,0.010706987443388407,-0.01682078790256374,-0.025730187532025908,-0.018717220507221046,0.014758220468646008,-0.008473306823424334,0.005265683194482313,0.01726670156587429,0.022338618262969418,-0.0032046774341591027,-0.0001141582351586775,-0.0037211653885702006
SNORA63|ENSG00000201229.1,0.23849027766776434,0.07292008145948344,-0.1363121813515732,0.027739796890730768,-0.00032178506301630577,0.006201265083361947,0.010706987443388407,-0.01682078790256374,-0.025730187532025908,-0.018717220507221046,0.014758220468646008,-0.008473306823424334,0.005265683194482313,0.01726670156587429,0.022338618262969418,-0.0032046774341591027,-0.0001141582351586775,-0.0037211653885702006
SNORA81|ENSG00000253092.1,0.23849027766776434,0.07292008145948344,-0.1363121813515732,0.027739796890730768,-0.00032178506301630577,0.006201265083361947,0.010706987443388407,-0.01682078790256374,-0.025730187532025908,-0.018717220507221046,0.014758220468646008,-0.008473306823424334,0.005265683194482313,0.01726670156587429,0.022338618262969418,-0.0032046774341591027,-0.0001141582351586775,-0.0037211653885702006
YEATS2,0.23849027766776434,0.07292008145948344,-0.1363121813515732,0.027739796890730768,-0.00032178506301630577,0.006201265083361947,0.010706987443388407,-0.01682078790256374,-0.025730187532025908,-0.018717220507221046,0.014758220468646008,-0.008473306823424334,0.005265683194482313,0.01726670156587429,0.022338618262969418,-0.0032046774341591027,-0.0001141582351586775,-0.0037211653885702006
HRASLS,0.2350403947981665,0.07343459790350129,-0.13404926269811118,0.030851939258436684,-0.006885872917109052,0.010159963181604177,0.004085643539327292,-0.018689925898640276,-0.018675034530359402,-0.019344927998926897,0.005218008022880103,0.0060928919119231,-0.02610388763027311,0.019807747854322627,-0.018254260530952165,-0.02015544736721272,7.210157915402146e-05,0.00619200587269522
MIR31,-0.027806845962011197,2.0118950316633735e-05,0.001430755768803385,0.0005331057422927441,-0.0003289863938766455,0.22997652962192439,0.054132496658947475,0.024004065190632726,0.028959139632520944,0.004435679246915719,0.006466184453587947,2.6284994989386202e-05,0.00011210913092404495,-2.6024749512553283e-06,0.01534417098913021,0.0024331727540459185,0.002411931651143539,-0.00026811601665461957
SNORA18|ENSG00000200288.1,0.23633000036096746,0.0707765690942745,-0.1258278480380416,0.02509991072883315,8.935918644127997e-05,0.007343356515023738,0.007856431928602576,-0.016407702461151995,-0.02124463817357718,-0.01721440777344213,0.013044566613502917,-0.009935124348109843,0.019732757893842833,0.013665988775630794,0.032942901800511945,0.004278843248097227,-0.001563927458242354,-0.006767767051946821
ZNF639,0.23714663278099032,0.07005782273841366,-0.12914542811252255,0.025971702379764816,6.282516677458445e-05,0.007251064772914993,0.008568128526956856,-0.01720183634591964,-0.02255824408859504,-0.017603488336090132,0.013687680551035168,-0.010969129653516676,0.01683946479902197,0.01578099968966808,0.031332041627835046,0.0036620054564641667,-0.004806297699078634,-0.005688209734919471
CCDC39,0.23783683689728838,0.07169624855541114,-0.1322314214948257,0.02569024223687482,-7.74795147611915e-05,0.006306150979200671,0.009305723045668752,-0.01744732555584777,-0.023700019675615802,-0.019868656236985072,0.013871042087142488,-0.010483831080656912,0.01166521498501433,0.0166188070934295,0.028540847662942962,0.0005113760585634864,-0.0006842414840814053,-0.005606344667143841
RN7SKP222,0.23417532069592162,0.07298702352162877,-0.13391301058490054,0.03045533940954899,-0.0062303020965915334,0.009763048315385955,0.004120464848336248,-0.019471074306054575,-0.019533977340488198,-0.019766388092719446,0.006269212683381818,0.00545000135768856,-0.02584801009055518,0.020317321162547072,-0.016736920124733063,-0.01876108414321624,0.00021062274715110047,0.005523000349549254
RN7SKP40,0.23089085412958735,0.06926224674357691,-0.1225692932150142,0.02426584750193853,6.723126933284962e-05,0.009200090015598976,0.0063019752906369585,-0.01679902622721834,-0.02043466819201045,-0.02017557091289093,0.014114698144555266,-0.00851439222898221,0.023733720759207193,0.011415430828127624,0.038858489835130676,0.005919826873095365,-0.00010828643813608641,-0.00763641048800129
RNA5SP148,0.23596017742028536,0.07046096493751212,-0.12710238261321544,0.025328860875921774,0.00013153413551295832,0.007780972979080431,0.007428113701725909,-0.016071326475075483,-0.021600616487207708,-0.017805834723464108,0.013422596365402014,-0.011640003619721997,0.0181966930493683,0.013863329845361176,0.03306091707733184,0.004034577285233279,-0.004925749752197391,-0.005325869534856247
USP13,0.23736300393292376,0.07115392762252387,-0.1305143563015533,0.025857122674580266,2.5402000837423445e-05,0.007750436610181974,0.009163930547555927,-0.01635528468988101,-0.023178503975890934,-0.019259844234688267,0.014299422763170512,-0.010800406313493565,0.015534475648766232,0.015888652028221997,0.03172626222415908,0.003797099554914536,-0.0010119728105404343,-0.006399797417270261
SNORA25|ENSG00000201957.1,0.23699724006989462,0.07033984992570746,-0.1282521074584492,0.02576431612636909,0.0001920554594545703,0.007016088086783927,0.008138066010684892,-0.01679691202918241,-0.022391327298684954,-0.017275967114141165,0.013181069963499296,-0.011025370760093184,0.01762379281052564,0.014987227419596192,0.03321408925550499,0.004162483573258101,-0.005168958450902078,-0.006202280519097974
CLDN11,0.2295265354224385,0.06815831566749328,-0.11652468548259083,0.025605630069822,2.118990823436814e-05,0.007654004017698476,0.007478947246277816,-0.014850700274411566,-0.018700772775912696,-0.017109485928105583,0.015013613394586718,-0.006623142316462436,0.027069846727972975,0.007028358455783865,0.04206745614404118,0.008606465693452848,-4.583449347826721e-05,-0.007442760541302983
ACTL6A,0.23770418313976988,0.07061517938534125,-0.12979466659276048,0.026099240384929126,0.0001711861907090647,0.007750265613044554,0.008971809526290401,-0.016650419268421642,-0.02364092984775568,-0.01878863505386208,0.01378707565685779,-0.010748253872385911,0.015834104090760488,0.015145933741315638,0.03172488545471476,0.003558695484650085,-0.0030312653767623817,-0.005550962274167189
TNIK,0.23045918231919355,0.0681700836739887,-0.11808099833415867,0.02577655296534565,2.5076001924313016e-05,0.006454409911211011,0.007198817076996763,-0.015140513844113353,-0.019857154557844463,-0.017722637130943346,0.014749088067249136,-0.007087019889662502,0.026226918269367076,0.009714932868114687,0.04271396457696221,0.011428369776906453,4.522250484685591e-05,-0.009269947427114348
MRPL47,0.2377557491938265,0.0706122422802779,-0.12976071474196546,0.026153751085344932,0.0001631434521411479,0.007805041252300425,0.009056999648660982,-0.016706532364821114,-0.023605515713929083,-0.018777544875964967,0.013749026674021104,-0.01075388370014471,0.015679984706760876,0.015166216718030682,0.03171020774943314,0.003526350843852795,-0.0029452574345512073,-0.005525095926904005
NDUFB5,0.23763805750172234,0.07069318123746161,-0.12982965634755453,0.025997152935075894,0.00011277772837930427,0.00774204401561736,0.008990626963339141,-0.016586630662261972,-0.023655761291003552,-0.018915045251644055,0.013958593660817042,-0.010808937463541887,0.01589024834832018,0.015178093321080886,0.03195963252329493,0.0035858932820095842,-0.0011068842128564742,-0.0056086460548043
snoU13|ENSG00000239096.1,0.23770027750825692,0.07069237103515788,-0.12978997910065734,0.026012605938318452,0.00010559009115399441,0.007814386021856438,0.008979413932420162,-0.01660687666881982,-0.023607999202328502,-0.018910247995857634,0.01391995354664026,-0.010710227571935422,0.015856523347697805,0.015133366743915229,0.03186047432827463,0.003555076710697702,-0.0010483833830324204,-0.005597436697456927
DNAJC19,0.2377063262654166,0.07185924754341573,-0.13250690079609187,0.025504998200529747,-4.768979942493931e-05,0.006226747039729583,0.00912689469316304,-0.017328006744554616,-0.023458799584152458,-0.01974899140421839,0.013730784956636984,-0.010298055849799637,0.01142207486738986,0.016514667243857504,0.02863194339028272,0.00018804486004163508,-0.001242866789036676,-0.005022075520047895
CLDN16,0.2358207576138632,0.07385355445625731,-0.13612098469637646,0.03034917050494572,-0.00708405500204666,0.010751851912669419,0.00469457004696862,-0.017510433494507035,-0.019818751225354425,-0.01842214572520651,0.006052198434563498,0.00427074212852975,-0.022904131664152325,0.020361446186455485,-0.011351578417662137,-0.015857890672030563,4.039494961298938e-05,0.0039019648487066713
IL1RAP,0.23553154982666888,0.07388539722291106,-0.1360139697055345,0.030907942478383885,-0.007169931446490795,0.01076874032449947,0.004752863167229739,-0.01794100817396274,-0.019133586072545224,-0.019678465220185758,0.006491930218376411,0.004526501158822727,-0.024061012735651,0.020152936449256798,-0.01379598814204961,-0.01724046797754839,0.0001546861364040401,0.004638390395802173
TMEM207,0.23566655404977324,0.07395875094882061,-0.13614519727256424,0.030556595698133487,-0.007304802873321598,0.01090797396441047,0.004840511694452707,-0.01781404836999865,-0.019692551392790397,-0.019288746187316887,0.006108792395536929,0.004133087958660738,-0.02321466136200384,0.020172185200535722,-0.011695508088204645,-0.01613624281010686,4.773028309172635e-05,0.0037413877284763995
EGFEM1P,0.22599191033753496,0.06933674659493025,-0.11687232368433613,0.02460810522183019,0.0005003176427373026,0.00647028669100127,0.005741727175038834,-0.01592478155887334,-0.019606148475602058,-0.01690568488929279,0.012702940011523169,-0.007389397173388702,0.028064905996386214,0.007852956146829296,0.04288179346658688,0.009416192856452637,-5.737968831430634e-05,-0.0087662083734055
TNFSF10,0.23239927866931265,0.06936531444158368,-0.1193007755555025,0.026729491522814553,1.7068272285156194e-05,0.009146482710010942,0.005846044114449858,-0.015389201619348786,-0.019897365258495545,-0.01797032030757785,0.016126521331022034,-0.007471132551144905,0.02510482310334845,0.010351752402797964,0.040139274857645776,0.00925667366943152,1.1027376494954024e-05,-0.00873534025969234
MAP3K13,0.2378493708937282,0.07261505558411618,-0.13746979405536638,0.029176014697296818,-0.0035209468755265103,0.006545654053411765,0.00762711613000608,-0.017030308447161822,-0.023730084640615053,-0.019301900389520128,0.011874501445006617,-0.0043814581146204845,-0.004826095450160681,0.01973416647086736,0.010564795191615546,-0.007730903553777254,-8.277937679862025e-05,-0.0004680515320857858
DGKG,0.23699247559442493,0.07314741935744613,-0.1381795847425163,0.030247304420708936,-0.003836149121714522,0.0073782011071409385,0.008307997598761475,-0.016969094800697648,-0.02397476964457265,-0.019883432529082205,0.010653504178484095,-0.0020888337375999854,-0.011925090416550377,0.02170026919496109,0.0037210632995765933,-0.009703072476567076,7.958396704589718e-05,-2.6124973939403036e-05
CCDC50,0.23516395685114902,0.07332250671297619,-0.13487878341122414,0.03021879566032808,-0.007245414022216868,0.010858300065836386,0.0047638736329323455,-0.018632637425991846,-0.018741789310148572,-0.01959280408336968,0.005957054321957241,0.005037921383157815,-0.02460448307230208,0.020490614932659593,-0.01496712156984014,-0.018925435531853007,2.0341232736186264e-05,0.005087900555761424
snoU13|ENSG00000238902.1,0.23467273489825116,0.07347663181499312,-0.1344072849361427,0.03058183491655501,-0.006906562022137174,0.010737255663382668,0.004100390558792007,-0.01918861000439253,-0.01878859475508535,-0.01960300108201109,0.006312454040874591,0.005687103293516825,-0.02587967809552184,0.01955896377474836,-0.019048300119025138,-0.01945729744142226,0.00011970521373922316,0.006033132361334206
RN7SKP296,0.23519893242871914,0.07396250192925648,-0.13599167035114626,0.030710635900313192,-0.007734616798392839,0.01034698519246972,0.004516956677322185,-0.017950758916997496,-0.018980431615617535,-0.019773817665366056,0.006393434349017841,0.0054124625913397105,-0.023978412327200032,0.020224977927933575,-0.013156923329672112,-0.017380546453663347,1.6512061090270745e-05,0.005025878473424068
GMNC,0.235420451516232,0.0737617275048686,-0.13569140163351637,0.03077852499683186,-0.007131138213046052,0.010081122179790711,0.004812862836870391,-0.018858332811170532,-0.018679449671430464,-0.019920014204207644,0.00629395177737388,0.004731574445056465,-0.024356194929064157,0.020032643790014227,-0.013480654203979934,-0.01764201159587206,2.223494196748251e-05,0.005137030552451612
UTS2B,0.2354385457874233,0.07344348275816301,-0.1351366544253866,0.030375368421992097,-0.006840844903473081,0.010870719917513217,0.0049700053311878736,-0.018914805724597375,-0.018623291485803193,-0.019840402514982484,0.0061414757562598616,0.00422104606212681,-0.02448335666046873,0.02013450803449354,-0.013908364744220183,-0.0188070127505308,2.6127517571483422e-05,0.004733778552437168
OSTN,0.23553683233732822,0.07352132832714353,-0.13502902653952903,0.030067382775948056,-0.00728206365705588,0.010820482914746176,0.00503157066372925,-0.018655774259308516,-0.018714208060108893,-0.02015590042366005,0.005638757403386532,0.0047321706428153434,-0.024054859481369425,0.02004225568437989,-0.01263567931389021,-0.01840344431414539,3.816434039543153e-06,0.004696173729003056
ST6GAL1,0.23590450346269554,0.07361048764317236,-0.13735607020119964,0.030219294715317264,-0.006205132165109516,0.00842046249184382,0.008476621505486249,-0.01669374107399983,-0.023199675207174933,-0.02087149327310465,0.011228576272933695,0.00040958922507792556,-0.013853358454323221,0.020609100920658673,0.0009117189895209492,-0.01049669121965119,3.9650660878353915e-05,6.920341199166605e-05
RN7SL486P,0.2369014681484057,0.0740258718923096,-0.13512961938363063,0.030174914276161126,-0.006806697102666573,0.010645329451628587,0.005118982543633342,-0.01759261879971661,-0.019888255490653442,-0.019227043959304024,0.006173937169629314,0.004148176945050315,-0.022441469533607337,0.019854565374648154,-0.010088044961123735,-0.01614135523647255,5.157921843758775e-05,0.0038724013708507305
RNA5SP147,0.23539280572718554,0.07157366681706967,-0.12629817546827227,0.025417956237942955,3.773813891595056e-05,0.007534029652227781,0.00826745389604695,-0.017258274063696073,-0.0211757599471378,-0.01784160247693843,0.014009226894620273,-0.008941022729021258,0.019371060398058967,0.013296431049720238,0.034052450423657954,0.004604941402428551,-0.005886078661383037,-0.007079934281223721
LIPH,0.23779572686938744,0.07305963698515683,-0.13772981276596433,0.02906450286518382,-0.0039552302650370024,0.006003457286680164,0.00805102389848171,-0.01700949380687431,-0.023923449425280116,-0.020135045640077138,0.011236729451454139,-0.004311144435616621,-0.0060159005129972664,0.019979001959187503,0.008889741836159927,-0.008583187027344731,-1.612554450094685e-05,-0.0001784828956005643
IFNE,-0.02791244517059928,6.009633696903423e-05,0.001499475751002638,0.0003311603787995723,-0.0002468991965033821,0.23090201522268858,0.054440586818464795,0.023849953623986724,0.028604593969737007,0.004674929108801062,0.006814474459473877,0.00029595061335138803,0.00020623658378271092,8.557621336213784e-06,0.016274919077530398,0.002630253998854147,0.0019876636171511394,-0.00026586130096262276
NCEH1,0.23244468727034007,0.06952918633461293,-0.12037361213349287,0.02561880306699296,1.5643573750846315e-05,0.008216497022536365,0.005434102348350922,-0.016385596828778444,-0.020184134849084948,-0.017755813566399666,0.016017834574157133,-0.0076472181816163685,0.02549138162612888,0.009945686597720032,0.039831900555601193,0.008172599017590652,-9.242256155599518e-05,-0.007956495217754224
RNA5SP149,0.23815297353419224,0.07163545188209004,-0.13147145516255287,0.026243692271051337,1.396255890769394e-06,0.006341408643309743,0.009478685013399291,-0.017339198609365426,-0.0231717416371084,-0.01945658719195451,0.01330595317940919,-0.010537714529346716,0.013713569043581153,0.016323789104422642,0.030386864844254305,0.002116830361680836,-0.0004244760129073504,-0.005621154469667542
PYDC2,0.23492871412431984,0.07343196731465983,-0.13493055132955586,0.03024557524521738,-0.007660171669736014,0.010892677320390724,0.004569677482288287,-0.018764910938294414,-0.019145055277041606,-0.019241189439207804,0.006433132157783878,0.005720775555338074,-0.024575935229443936,0.020024732755437563,-0.01577162999747997,-0.019198662063479196,-2.110576830169177e-06,0.005173312233624009
RN7SL229P,0.23809435198240247,0.0722077036645758,-0.1323270125300452,0.025674466288651342,-2.116627978284171e-05,0.007547005164072719,0.009172866577094723,-0.017200979448655552,-0.02330279483567719,-0.019760514817827812,0.013567218544270282,-0.010455055541981109,0.011938560138557654,0.016159396866161344,0.028812627924455266,0.0003512865575068713,-0.003566362219719447,-0.00507650177335208
RN7SL637P,0.23767547315685345,0.07308956261253699,-0.13780434595050456,0.029539285415020936,-0.0021801361535283615,0.007502913011291454,0.0077747876888965865,-0.01698158071107234,-0.023806731672569314,-0.01884041608106703,0.009669074725643283,-0.002677326289500135,-0.009642512579667776,0.02163977392805367,0.005744449577797133,-0.009289619850427127,3.683452584234872e-05,-3.555085549611913e-05
IGF2BP2,0.2380819053793531,0.07358974412185784,-0.13796344937918184,0.029664257847862054,-0.0035436100636648104,0.00767178458726685,0.00825190279220359,-0.017107462310599127,-0.02373854152606136,-0.020235502662459166,0.01020593880271663,-0.0028665485306153407,-0.009117402477496527,0.02049419145779381,0.007575602609231443,-0.008833322518326062,-3.4051443438264698e-06,-3.1670277741600904e-05
CLDN1,0.23624100789676705,0.07387639641300449,-0.13579800551146198,0.030453893271880802,-0.0067638736862918394,0.010663333325152615,0.005011892710596251,-0.017430554299277527,-0.020137235582598344,-0.019039890483554797,0.006297125432414232,0.004543507825857473,-0.022741156369052894,0.02029161746295114,-0.010969737238221892,-0.01610735129478689,4.242169981104416e-05,0.003679431935784914
LRRC31,0.2290097086816629,0.06723506401541883,-0.11522603459371478,0.023748181930856222,0.00020206209070663253,0.006230661345241641,0.00816481178317948,-0.01570812997605682,-0.01996318832988402,-0.018526833698561826,0.013852342507369943,-0.006797363892720413,0.03009643768242814,0.006355396543075612,0.04360550771645973,0.010104463304961767,7.608935485929756e-05,-0.008912741962874395
TRA2B,0.23763685528248846,0.07352959171026059,-0.13822904404540654,0.029803938944508605,-0.0030226462323671363,0.007741622310685549,0.007884041907055448,-0.0170145609319518,-0.023669392404704222,-0.019653691181071485,0.009825069393837912,-0.002004102363655192,-0.010095776639689674,0.020608886818273033,0.0056891149871615065,-0.00998175105756284,1.4539774526978926e-05,-5.872959458995159e-06
TMEM41A,0.2379334816106472,0.07258331070301174,-0.13742906104382363,0.028765443878188048,-0.00346440622274587,0.006353199529581226,0.007660278061268843,-0.017113682614847844,-0.02370853878021335,-0.01952369640272635,0.01159265214603974,-0.004624799512393495,-0.005040338295945648,0.01954175875655608,0.010288527726137154,-0.008045612256085246,-6.210117487841766e-05,-0.0003449884972158502
GPR160,0.22898635289280497,0.06802347351523916,-0.11534021868073382,0.023783310277978652,0.0001282083371236235,0.007138007327426112,0.008823951140554476,-0.01581634632421195,-0.019618649297131602,-0.01764679354643578,0.014296502402051442,-0.007180451575413805,0.030400118577772552,0.006419576859920994,0.04367369729563235,0.009831188536648256,8.430797444562536e-05,-0.008669399261793484
SEC62,0.22912760067495078,0.0676863428007955,-0.11518528368324835,0.023919133321283568,0.00016460251048993274,0.0066105426515922746,0.008540625237486001,-0.01587486900019028,-0.01992397320743364,-0.01763502526281908,0.014061033296279548,-0.007142172270746494,0.030567697500620532,0.0062662426403905245,0.043528837694847604,0.00982355709490227,5.151145563366751e-05,-0.008654595139063121
SENP2,0.23779191997834445,0.07322176015193049,-0.13793707941101988,0.02944613646891804,-0.003567972360651277,0.00662139697402759,0.008381632851262484,-0.017222190947714492,-0.024240940495491543,-0.020157757917674185,0.01049963609062894,-0.004168907719332889,-0.00769855653174181,0.020305503615573407,0.008230376429082285,-0.00873044554975795,-2.675203959673455e-06,-8.01819966066924e-05
U8|ENSG00000201810.1,0.23809233974477625,0.07218997678837354,-0.1323276362197054,0.026194845227027766,-8.779810266461752e-06,0.0070888888461906364,0.009430044450563673,-0.017468165203663524,-0.023562879816671923,-0.01961644205040877,0.013919719628841134,-0.01067449172434859,0.012329266884321897,0.01596707503158307,0.029411155751751485,0.0012747730773057058,-0.0035556736610341186,-0.005377169535956771
PHC3,0.22908295205426035,0.06795044898811034,-0.11561042892440913,0.023911227439038334,0.00015660300060017925,0.007657812659762161,0.008107898955958566,-0.016249621038792333,-0.019439509196763616,-0.01744654489364088,0.014531030373352499,-0.007345607819326251,0.030331014360672048,0.00665989207110502,0.04389221939920674,0.009994544831571125,0.00011458586898695683,-0.009294032116253627
VPS8,0.2386400226150344,0.07257056968020802,-0.13612734362175144,0.02894707160587012,-0.002738868119731356,0.005678283967232284,0.008937212156438154,-0.01645583903701229,-0.0258540992926425,-0.018388768011599166,0.011628139874096312,-0.005462551612867174,-0.00089805566690364,0.018609726408523666,0.015423345727076654,-0.007670242734819364,-0.0001374324474314191,-0.00021256421836711632
MYNN,0.22914631534004432,0.06713195556774136,-0.11438144537617849,0.023858528452785938,0.00023733982666306204,0.0069655305458373685,0.007392181975758398,-0.01633157954492781,-0.01979768076785839,-0.018301464388292832,0.013508305154310155,-0.00667284870939076,0.030491991400305778,0.00649295870235498,0.04428123664062663,0.010506050383400868,8.349816379258993e-05,-0.008812983415314569
MIR548AQ,0.23772801942027139,0.07367202410706958,-0.13826952871604414,0.029725629662915972,-0.0031111960242728902,0.00778141650400491,0.00829606583653874,-0.016915972449825827,-0.024101745691007134,-0.020033422415122955,0.010493614456898174,-0.002670950590416646,-0.009274767093916798,0.02088578945162305,0.007101634746720634,-0.00913825419179862,-2.1032653247392953e-06,-1.7014607495067546e-05
PRKCI,0.22988713945309172,0.06793496642687354,-0.1162157756856457,0.024364347535667075,0.0001614966782168263,0.008142980996306929,0.008993321487229469,-0.01577133859523418,-0.01939766442639361,-0.017806791200949617,0.014312151012206452,-0.007164607329183091,0.0299373628681896,0.007106272096715785,0.04453474397732158,0.010195184665462646,7.245154804437636e-05,-0.00923985014031974
ACTRT3,0.22878694250030435,0.06753606671286741,-0.11430019695941156,0.02383931988494866,0.0003077412075440313,0.006786612233852552,0.007212454069863877,-0.01618893030333112,-0.01995800675502687,-0.018575860705790686,0.013213151404217633,-0.006651256092842331,0.03032587214292838,0.006406932873989754,0.044680563877614835,0.010436851491286148,2.3026220773147664e-05,-0.008904278615967948
ETV5,0.23773585983168255,0.07318823248198952,-0.13834310928900012,0.029478396952257187,-0.003193605853453193,0.007423642746317653,0.00796371152051685,-0.016701746516757123,-0.02431909053825906,-0.0196716191806894,0.009571425306944674,-0.0023839011048096357,-0.010443980961169844,0.021356569823090123,0.0047245507968353565,-0.009582222473251122,2.245845222401142e-05,-4.750512905219119e-06
EPHB3,0.237723216338406,0.07229243742054332,-0.13642552965027696,0.028483984242157978,-0.00023918229276753198,0.005269769255233084,0.009736850246158878,-0.016391349569734863,-0.02721301876808599,-0.019174872200051027,0.012210965262661126,-0.006746753237338984,3.4495650280383036e-05,0.017995434514005773,0.018756623167291483,-0.00541356538026564,-0.003260541764430637,-4.687957836438017e-05
TTC14,0.23805869573471614,0.0723737120685162,-0.13241186852439382,0.026213033741841533,-1.89981808943058e-05,0.0072006782401417314,0.009337065983323425,-0.017433526238092866,-0.023591149739327976,-0.02008562635248376,0.013978448234860155,-0.010600804073423589,0.012017583012855507,0.015814897076848335,0.02907956433818642,0.0007718442576607403,-0.003652785047903539,-0.0051717227271437655
SAMD7,0.22945960959825873,0.06729100435765267,-0.1157243480235167,0.024014140814696546,0.0001602897992181928,0.00671166273209791,0.008815845121467006,-0.015668297182709595,-0.01997759953822083,-0.01795122667607437,0.013840541398242846,-0.006735923907314158,0.030799083389522176,0.006471155470162256,0.04341469279310799,0.009702737967388759,7.568439191751893e-05,-0.008844049863485907
LRRC34,0.22926905843872022,0.06722120178001026,-0.11466611011957979,0.023983342185138225,0.0001978155020074461,0.006817874732224539,0.007612105341389339,-0.016494659532892017,-0.019837964044854644,-0.018392857168264436,0.013578842920462042,-0.006593970050540407,0.030488083861773305,0.006580845642471313,0.04401534859662862,0.010433066673848919,9.026622989880321e-05,-0.008877073806149148
LRRIQ4,0.22910909126979864,0.06730062158807691,-0.11494742478166074,0.023950896589093395,0.00015203218495813743,0.006560823558439865,0.00825421013575245,-0.01572302173007755,-0.019657875181739528,-0.018645063024265395,0.013355661828076433,-0.006654236463352713,0.03050763854573826,0.006304812694722053,0.043638938075275094,0.010270956736927355,7.614515015417429e-05,-0.008714863782508747
EHHADH,0.23861927621453705,0.07290036693241088,-0.13679061062769277,0.029485078240249325,-0.002681321726195774,0.006723283352629965,0.007836427097533839,-0.017050561491054,-0.02480314966822312,-0.01920368192982633,0.011880144295980031,-0.004120687364224501,-0.003909390834919471,0.02038167398047487,0.011673384361975101,-0.007089839864383464,-0.0005805420083870547,-0.000250902776968153
snoU13|ENSG00000239146.1,0.238332229467936,0.07269742466762236,-0.1371562513961108,0.028985169310452478,-0.0034747844573481887,0.006451258976996787,0.007514782793020986,-0.017063684168784198,-0.02366939499408684,-0.019526123089877823,0.011595565148575111,-0.00434931637566415,-0.004720902530360201,0.019700161146122715,0.01079656343682222,-0.007931774529586553,-0.00015681493331151785,-0.00028707322780208985
C3orf65,0.23771332373297036,0.07375588841009341,-0.13827185481895107,0.02974270042976376,-0.0029898903545172843,0.007609693334244582,0.008361891804454121,-0.01702664311320777,-0.0240209820375972,-0.020040368660070463,0.010670805411518014,-0.002752416065517148,-0.008981451611948592,0.020640022086742513,0.007190436467850635,-0.009203592134011746,2.9869910670526915e-07,-2.244011656154746e-05
BCL6,0.23654011979487855,0.07327031198430846,-0.136277408512538,0.030374902089972417,-0.00617307249208288,0.010012141288362638,0.005263455183074767,-0.016032265035385452,-0.020936947606743785,-0.02089325809880066,0.008307233798496017,0.0010323904056558045,-0.019557498863216637,0.0199967387504086,-0.004591444954625179,-0.012237840338861453,0.0017319364327073334,0.0019115686439440916
C3orf70,0.23799303673189873,0.07231994812953338,-0.13658613490022678,0.02877028080855711,-0.0014968100549372894,0.00667753676199626,0.008481061776623,-0.015626008790991148,-0.02564742942561661,-0.018572726458456697,0.012219257428561378,-0.005321399855991352,-0.0024926824167524854,0.019097061318397186,0.013503328233020643,-0.007191091561027034,-0.003293139120394383,-0.00019217971204280957
GHSR,0.23237442027377084,0.06947429803900908,-0.11993084320208572,0.025840085667173527,2.3284143551999023e-05,0.00827634905998592,0.005386082171455551,-0.01612836261645032,-0.020318879012798545,-0.017373139994619993,0.014958677836701169,-0.007852922249085749,0.025928796163872614,0.009731455786830948,0.04055408309744566,0.0091755528033126,2.9833127708457245e-06,-0.008966436606267319
TERC,0.2287581166759869,0.06753074934129263,-0.11421983968665564,0.02382646726354063,0.0003474675033414804,0.006932361377947882,0.007131859326382597,-0.01633803199713694,-0.019908436470678047,-0.01833505691308568,0.013320134776606637,-0.0067173379370231035,0.03041810562073409,0.006272629843362712,0.044634051461330246,0.010380392140179115,2.3170832344904223e-05,-0.009286051876028045
KNG1,0.23699357460661089,0.07314805355617256,-0.13766745953059153,0.03138350684147838,-0.005822032128522705,0.007101468486042146,0.007079295640693244,-0.016757315133958388,-0.022952068339648152,-0.02125291319260118,0.01201712257222734,0.0004051313795586275,-0.014068336313801891,0.020600197844620673,0.00030336440844257683,-0.010466795798669163,0.0005903032415580017,3.163670673734865e-05
SKIL,0.22989790485863862,0.0677657827312121,-0.11664994902250289,0.02438690648164498,0.00013584074521188726,0.00843668913935108,0.00851688906401051,-0.015554336648119133,-0.01889692942928532,-0.01752071213024698,0.014259946378812735,-0.007170141337629859,0.029527272652601654,0.006873563910686611,0.044807236539557815,0.009925695498781596,5.364408422362753e-05,-0.008732017069472867
MASP1,0.23680208720599843,0.07417649196523957,-0.13716026781950277,0.029775489697366157,-0.005777261303049184,0.009332825809239956,0.008004018564890868,-0.01687422855422363,-0.022281460662107632,-0.02093610730654437,0.00927562487557831,0.0004310651300886297,-0.015281236605653465,0.01997332680990516,-0.00011749983707427899,-0.010853706915804798,0.001390610906601018,0.0002976790929166357
MAGEF1,0.2382405905515484,0.0722856618449775,-0.13593102664820553,0.028626467731991182,-0.00032164287297462333,0.00621868641576736,0.009860156512146754,-0.016450344051872845,-0.02647922401356398,-0.019120254197613002,0.012337928777401449,-0.007101958764596158,-6.108496305602473e-06,0.01777996139354902,0.017660226169427178,-0.005998606439707271,-0.0034024616357140832,-8.31480608246876e-05
SLC7A14,0.2301659945904177,0.06856993061995507,-0.11737546069641111,0.024741003928338768,3.221551078345101e-05,0.008205629420775577,0.00791549797990035,-0.015218455996484453,-0.019187632287393588,-0.016957394158362584,0.014564337746451165,-0.007051779814811187,0.02817802451709452,0.006740686749871736,0.04271921275266855,0.008865238909685975,-2.5647303501975478e-05,-0.0073392612670642576
RTP4,0.23651163508472645,0.07409357497662539,-0.13657273711311269,0.029809775785345206,-0.00584664380562774,0.009449190191078621,0.006973706626619599,-0.01659395932953376,-0.021595409276494386,-0.021273318335491762,0.0087630750479677,0.0014433628411487916,-0.016091107796989797,0.02072444162073754,-0.0004795568326543465,-0.011115342475234435,0.001041326242976631,0.0016358313141123003
EIF4A2,0.23708997882561897,0.07361577267594228,-0.13767936125486901,0.03057845299242461,-0.006124512139217641,0.007564912660055048,0.007299407251075078,-0.016905385105513555,-0.02285087511523519,-0.02093894347596884,0.010662970428790306,0.0003817768688031877,-0.014363500121978644,0.020655742365846472,0.0003520334259929109,-0.01046126315585383,0.0016880283636891691,3.6452572250882554e-05
PLD1,0.23219553982572302,0.06859169921914626,-0.11963407976476828,0.02561768789276772,2.6012275015990694e-05,0.007317335244171395,0.006942105910011933,-0.015367663761545983,-0.019297017579942205,-0.017954876698298688,0.015486372583278198,-0.006589289760544847,0.026412686162687066,0.009483145725264541,0.04375237781053683,0.0109326800229005,2.4691335902095057e-05,-0.008876371203405389
RPL39L,0.23663512412038554,0.07429714651572196,-0.1377193559814745,0.029608763226052184,-0.00569860509081275,0.009431700484547246,0.007862227486582704,-0.016808679297154013,-0.02280710563435607,-0.02046908874957953,0.00962842646667544,0.00020574533457908112,-0.015367309842140922,0.02030253771969789,2.1800852482177712e-05,-0.010771185092563536,0.0016385736800417455,0.0004500172670625177
RFC4,0.23715289786602378,0.07377073505505469,-0.137919434113123,0.030940432672152417,-0.006131542821197673,0.007780658104255018,0.007190167106489629,-0.01673422827527275,-0.023050800733039136,-0.020864931155939674,0.010903031590066592,0.00035183331212852134,-0.014424418880055422,0.020686222876529638,0.0002990129759824613,-0.01033817199216599,0.001467574121833361,3.4565292309873415e-05
snoU13|ENSG00000239093.1,0.23644888025946123,0.07412566475997437,-0.13683995335484242,0.02996965406767844,-0.005896344082821849,0.009515824478899247,0.0067007593956697736,-0.015918395125947827,-0.0214964602127943,-0.021631262332741014,0.008577804570462807,0.0010726027450260038,-0.016513067930130968,0.020197141220759406,-0.0006775677294259738,-0.011770616069053934,0.0007279159983847079,0.0016597900147224507
RTP1,0.23695651045705457,0.07415140692930688,-0.1375150848472861,0.02966631380499138,-0.005732500349314955,0.009208588584230012,0.007906460566377902,-0.016933743071345857,-0.022490685120338964,-0.020721694347143254,0.009371785450731633,0.0001798271915722363,-0.015521415077618837,0.020091633805714885,2.6240261931627026e-05,-0.010503417505123291,0.0014234777793286015,0.0003382150544909679
SNORA4|ENSG00000263776.1,0.23721045749224218,0.07368632232807391,-0.1379670056842993,0.030770640414135606,-0.00610516175046288,0.0076889446467386675,0.0072420512333687785,-0.01680322546528721,-0.023030741030756068,-0.020908575082772246,0.010718136355564397,0.00029137498578727733,-0.014405729156896405,0.020663914012686243,0.00029539404746500804,-0.010353950588982783,0.001441747635431821,3.44761865391768e-05
SNORA63|ENSG00000200320.1,0.23721045749224218,0.07368632232807391,-0.1379670056842993,0.030770640414135606,-0.00610516175046288,0.0076889446467386675,0.0072420512333687785,-0.01680322546528721,-0.023030741030756068,-0.020908575082772246,0.010718136355564397,0.00029137498578727733,-0.014405729156896405,0.020663914012686243,0.00029539404746500804,-0.010353950588982783,0.001441747635431821,3.44761865391768e-05
SNORA63|ENSG00000200418.1,0.23721045749224218,0.07368632232807391,-0.1379670056842993,0.030770640414135606,-0.00610516175046288,0.0076889446467386675,0.0072420512333687785,-0.01680322546528721,-0.023030741030756068,-0.020908575082772246,0.010718136355564397,0.00029137498578727733,-0.014405729156896405,0.020663914012686243,0.00029539404746500804,-0.010353950588982783,0.001441747635431821,3.44761865391768e-05
SNORA81|ENSG00000221420.2,0.23721045749224218,0.07368632232807391,-0.1379670056842993,0.030770640414135606,-0.00610516175046288,0.0076889446467386675,0.0072420512333687785,-0.01680322546528721,-0.023030741030756068,-0.020908575082772246,0.010718136355564397,0.00029137498578727733,-0.014405729156896405,0.020663914012686243,0.00029539404746500804,-0.010353950588982783,0.001441747635431821,3.44761865391768e-05
ADIPOQ,0.2372367473593761,0.07359014418566667,-0.13766398793685136,0.03113253707853076,-0.006236033456225468,0.008119358603497917,0.00742638651202455,-0.01623456535914784,-0.02320414537900017,-0.02087353497147269,0.010968491670648098,0.00025441993571052537,-0.014175822549613457,0.020736155243756126,0.0005183229254059096,-0.010204515728176666,0.000833354733109856,2.924615306313084e-05
SST,0.23684718460466334,0.07357909404974276,-0.13607068332060707,0.02987234857375149,-0.005596181274860807,0.009834731629009854,0.006025561574498512,-0.015957895552630212,-0.021382906288154934,-0.02168329065846382,0.008322612345730803,0.0006289672012486654,-0.01806497698449042,0.019980872094886075,-0.0038014516427199332,-0.011913623844653644,0.0034209565771934503,0.0018179588776450009
ECT2,0.2327604092479743,0.0701026909018096,-0.12047559638589549,0.02523797843866831,1.7201461193938728e-05,0.008302559014173995,0.005814799352573428,-0.01591075871853587,-0.020253147116587884,-0.017986272776061265,0.014648934943999974,-0.007709411307604645,0.025726757418687175,0.010091360339181127,0.04108518563904969,0.008074859035118986,-9.712638825968177e-05,-0.007653546669737436
SNORD2|ENSG00000238942.1,0.237101397800529,0.07368902895889039,-0.1381443922410374,0.030610515991991848,-0.006141641563422295,0.0076946700809067,0.007374730195791373,-0.016608318805933404,-0.023165819148082852,-0.020830223219851958,0.010908403380184924,0.00013792381197193254,-0.014433283111395549,0.020817620533036495,0.00045770980138596615,-0.010337536315372197,0.0017612827712598694,3.541646774611443e-05
CHRD,0.23875950843751487,0.07254262615900106,-0.13686195515492525,0.028193799491790635,-0.0006134929323723575,0.006386843457158786,0.009730730367858553,-0.017163557845729493,-0.026756041346947566,-0.018977651651115535,0.01274362155007838,-0.007321796000960761,0.0009516789235029291,0.018050945860871335,0.020398968279032065,-0.004931299357804648,-0.00030439926644350117,-0.0006554609871900513
DNAJB11,0.2376057065956524,0.07309300352001101,-0.13817888510859747,0.03025915996352081,-0.0050623485110085666,0.007270918399608114,0.006987137121421035,-0.01729419968240458,-0.023123042899311327,-0.020715976868042912,0.010990782559222928,-0.00010514318533824889,-0.013556838078643803,0.02047516820347391,0.002602177533069845,-0.010143518495328054,0.00023690770216696396,1.6623653299302764e-05
HRG,0.2369987481923122,0.0735125201505729,-0.1381282434016216,0.030666553678653737,-0.0055041527833008105,0.006988188944041531,0.007329329503732681,-0.01695424219792002,-0.022983341012131193,-0.021751870990198326,0.011281765071067871,3.670432159689973e-05,-0.013937365600821067,0.020539419711235823,0.0008360881989828606,-0.010121584320060734,0.0005238149732723486,1.6966454481034366e-05
RTP2,0.23671551240731142,0.0736823091311643,-0.13678358075441927,0.03009478065175163,-0.005892680557128119,0.010174694520354691,0.0060991381958122775,-0.01599601254249558,-0.021539281883515605,-0.02124928658615715,0.008524973940657906,0.0007262878419449672,-0.018432718005038196,0.01986619402370497,-0.004280465054500616,-0.01217931879957582,0.0033182428671167485,0.0014379298490832095
PP13439,0.23234254238834592,0.06860315289252082,-0.1199941392428954,0.02544702013382875,2.776030919340206e-05,0.0074466362562347795,0.006995583055899317,-0.015412270994792848,-0.019274454147328986,-0.01791590216960957,0.015440481919307286,-0.0066543172098498,0.02649209885575948,0.009416110044996939,0.04362727220251821,0.010762112600414538,1.884131159236577e-05,-0.008964185501302496
TMEM212,0.23234254238834592,0.06860315289252082,-0.1199941392428954,0.02544702013382875,2.776030919340206e-05,0.0074466362562347795,0.006995583055899317,-0.015412270994792848,-0.019274454147328986,-0.01791590216960957,0.015440481919307286,-0.0066543172098498,0.02649209885575948,0.009416110044996939,0.04362727220251821,0.010762112600414538,1.884131159236577e-05,-0.008964185501302496
snoU13|ENSG00000238359.1,0.23234254238834592,0.06860315289252082,-0.1199941392428954,0.02544702013382875,2.776030919340206e-05,0.0074466362562347795,0.006995583055899317,-0.015412270994792848,-0.019274454147328986,-0.01791590216960957,0.015440481919307286,-0.0066543172098498,0.02649209885575948,0.009416110044996939,0.04362727220251821,0.010762112600414538,1.884131159236577e-05,-0.008964185501302496
THPO,0.23860532794738953,0.07276271040874029,-0.1372476398161632,0.027996309342658066,-0.0017105600484170643,0.006511199767644928,0.009871824718263809,-0.01691661368214443,-0.02654386685647246,-0.019086432425589415,0.012790647046927927,-0.007275343217101719,0.0006747715608590868,0.017856465668411682,0.020561236345982323,-0.005046742398309101,-0.0005195512563697174,-0.000736290383845459
ABCF3,0.23905392980333248,0.07289593712621265,-0.1368643067534327,0.02797599109554031,-0.0002646565710585465,0.0065008471706811555,0.009933798797115671,-0.016624927934885576,-0.026330963783726683,-0.019019655518068352,0.013443864190782707,-0.0077629986193084,0.0030618642700568403,0.016732355236617456,0.021718766993930303,-0.005155485335526153,-0.0001507624987636886,-0.0020444632326949317
RN7SL141P,0.23243929755436385,0.06910735255167061,-0.11965024595141406,0.025640172624013025,7.985113702466198e-05,0.008118283906525282,0.006233434476125107,-0.015445707048594746,-0.018702431568224213,-0.018441419021753367,0.015349340648554203,-0.008104343084932724,0.026294669874377785,0.009410334721087227,0.042333848141329775,0.010025224046324202,6.857559892833495e-07,-0.008211789724582646
SPATA16,0.2326465265143663,0.07002799948091219,-0.12167823210590895,0.025630556302501623,1.7685431306475446e-05,0.008008922806491695,0.006199297112139554,-0.015895648259533237,-0.020932184492551513,-0.017683395914275608,0.014627549464558076,-0.008026765704128722,0.02444247012513505,0.009950589402464544,0.04023597660515123,0.008717573729699717,-3.258346288754174e-05,-0.007391872346332565
POLR2H,0.23865385167324168,0.07290734244161744,-0.13720275533192142,0.028005631783111846,-0.001402282779289246,0.00640341602038438,0.009852337852074964,-0.017072592960515713,-0.0264282282117345,-0.01918447876907997,0.012840845495334355,-0.007395351691349947,0.0012682076723270251,0.01767833174655413,0.020681398191766905,-0.005061862551765936,-0.0005083346103480424,-0.0009286400826683424
IFNA1,-0.027201300903050053,0.00017899147801218805,0.0010090215177829915,0.0006251720388327526,-0.00018455033707115125,0.2316931403366948,0.05498195934269122,0.02460629310189576,0.029050883774217842,0.004822297212080356,0.0068734088544412835,0.0006100920575504025,0.00031870856126370105,-1.952703003651261e-05,0.015637307341782983,0.002274472413873829,0.001486339886110468,-0.000261459975633283
SLC2A2,0.2312041043740126,0.06831333830426689,-0.11847353777742368,0.024616010364680654,1.8968933296831533e-05,0.006874067681911021,0.007100763852954166,-0.015288893503520605,-0.01903788989085616,-0.017580943747829876,0.013855373730662389,-0.007008016427815855,0.026866213264773186,0.008502606661418366,0.04368574341272253,0.010229572761217425,-2.1100069971750278e-05,-0.008697204937460939
SNORA72|ENSG00000200355.1,0.23278752735978533,0.06999443185775,-0.12080492511933548,0.025074628070291084,1.748613874481546e-05,0.008130397103018615,0.005498716275132489,-0.016216022949818894,-0.020277839270688543,-0.017890278728697202,0.014889932012561308,-0.007658320312845768,0.02599616678892368,0.009924439705839538,0.04111208048447933,0.00800591392217277,-9.730580303384027e-05,-0.0076248418010771216
AHSG,0.23742262566385702,0.0732007290613246,-0.13846010411764303,0.030340160600085906,-0.005318127211725248,0.0073322980015050315,0.007006273836262117,-0.017074533239745428,-0.023191682540266306,-0.02132647105578316,0.011064257229822077,-2.105641693265793e-05,-0.014207087289839559,0.02062402721001802,0.000553467497870941,-0.0105051824342299,0.0007780925703028462,3.3040158571081594e-05
CLCN2,0.2386641053231496,0.07290633443513048,-0.13721897438962022,0.027999055367712775,-0.0009386908999786457,0.006466115176739388,0.009786262066824775,-0.017076910606638584,-0.02634913848563758,-0.01918079463055582,0.012930042150326558,-0.007421667769535935,0.001500229113688295,0.017672162714865405,0.020720164119309156,-0.00507496002687285,-0.00045160074194550403,-0.0007015388592741799
RNY5P3,0.23118793995698758,0.06874183011313324,-0.11850621496804406,0.02467749932800668,2.8236351419999348e-05,0.007376947820812379,0.007562760923234522,-0.015308784894341652,-0.019180966044146604,-0.017742936134228587,0.013729093536917945,-0.006961837812555201,0.026927176040094352,0.007805087471994562,0.043296144131809426,0.00956150780222611,-2.8441569724978926e-05,-0.00843645195898879
EIF4G1,0.23872183024733257,0.07295719119393317,-0.1371285935753452,0.028049968976721636,-0.0008905836147687761,0.006644386971706193,0.009892183615393834,-0.01692887469058463,-0.026519032529416172,-0.01923296847657841,0.012784888521116743,-0.007484235606001535,0.0015263245513359972,0.01754215154596261,0.020578525265091952,-0.005246362339007342,-0.00041641549887110746,-0.0007746606252209662
FAM131A,0.23872183024733257,0.07295719119393317,-0.1371285935753452,0.028049968976721636,-0.0008905836147687761,0.006644386971706193,0.009892183615393834,-0.01692887469058463,-0.026519032529416172,-0.01923296847657841,0.012784888521116743,-0.007484235606001535,0.0015263245513359972,0.01754215154596261,0.020578525265091952,-0.005246362339007342,-0.00041641549887110746,-0.0007746606252209662
TBCCD1,0.23753181383555308,0.07320321019244357,-0.13833335611981515,0.029487266077434363,-0.004851444229509485,0.007306191487013603,0.006901423748207713,-0.017066079430403842,-0.023327033229116893,-0.02066030707447822,0.010666851478361194,-0.00045305637716040547,-0.013344221932021047,0.02061167897834471,0.002454072046365866,-0.010679346228912064,9.25854120692569e-05,3.2727383287217015e-05
FETUB,0.23749577635058022,0.0734078937303139,-0.1383926894209623,0.030412665815612305,-0.0051989789316358994,0.007382216812396549,0.007077649580028107,-0.016904209282891935,-0.023235070890606332,-0.021183817169774348,0.010457459123323406,-2.6636106498456437e-05,-0.014255837117247499,0.02067621381839249,0.00042977905828040706,-0.010759888246380196,0.0010541372317483474,1.8796460844256105e-05
CRYGS,0.2374965625812003,0.0732033862151253,-0.13836737715418224,0.02945831824371277,-0.004818703435425436,0.007300111387785723,0.006911827900462112,-0.017008813874844566,-0.023349304762296266,-0.020640074417829276,0.010704564231328054,-0.0005185357345395013,-0.013293679362565699,0.020648631555308165,0.002592048056173036,-0.010676252288672729,9.155968982409583e-05,3.276123445420778e-05
MIR569,0.23108322600097958,0.06841074745862805,-0.11876115291876152,0.02513674993007846,2.658249319319019e-05,0.006772701262563514,0.006685472929241205,-0.01528547280734681,-0.01933566251210978,-0.017681352472088584,0.014659123043350698,-0.0070005402512826435,0.026595370065353306,0.008648352885079714,0.04434860741711525,0.010751561120240413,-1.18024598279138e-05,-0.009069703614096807
RPL22L1,0.23116377834468466,0.06880050664295446,-0.11858677107526319,0.024631710451675788,2.587884128055951e-05,0.0074522257033566765,0.007748665965199124,-0.015497953031209124,-0.019139991925734227,-0.017748989249013768,0.013952160650732754,-0.006973196081213017,0.027003202479787165,0.007737935339733007,0.04335821440613145,0.00965007483576744,-3.215564092801129e-05,-0.008502049480689661
ECE2,0.2388826419846218,0.07301784431697476,-0.13698932251629126,0.028237226025247524,-0.000754531127098904,0.006631595079345348,0.009882396450513918,-0.016792852807155933,-0.026434071033677068,-0.019143267708564768,0.013101152427730365,-0.007791935429482157,0.0019424474003040435,0.017427096141605425,0.021072570288977355,-0.005054427502805753,-0.0005423061918873939,-0.0011019001306975997
EIF5A2,0.23137807450196599,0.0687171665777402,-0.11852468196626212,0.024603287805405816,2.0348040803455526e-05,0.007361236437936452,0.008119894771499738,-0.015283788071633518,-0.019059642421414863,-0.017986155858686834,0.013781534478971985,-0.00695887754006013,0.02702381746449615,0.008163931270165712,0.043562849445328254,0.009860385898534368,-1.904268616056997e-05,-0.008736125837279568
VWA5B2,0.23887244349181258,0.07306457677233923,-0.13704473782488227,0.02828345287654972,-0.0007814989615394618,0.006610145470729778,0.009821609620096214,-0.01674601411749416,-0.026495498726227966,-0.01904174749295129,0.013084080287889483,-0.007725989747652505,0.0019844786327522196,0.01735803359775627,0.021100738122373522,-0.005141727189938107,-0.0004916926713215149,-0.0010623004029479799
ALG3,0.23887244349181258,0.07306457677233923,-0.13704473782488227,0.02828345287654972,-0.0007814989615394618,0.006610145470729778,0.009821609620096214,-0.01674601411749416,-0.026495498726227966,-0.01904174749295129,0.013084080287889483,-0.007725989747652505,0.0019844786327522196,0.01735803359775627,0.021100738122373522,-0.005141727189938107,-0.0004916926713215149,-0.0010623004029479799
MIR1224,0.23887244349181258,0.07306457677233923,-0.13704473782488227,0.02828345287654972,-0.0007814989615394618,0.006610145470729778,0.009821609620096214,-0.01674601411749416,-0.026495498726227966,-0.01904174749295129,0.013084080287889483,-0.007725989747652505,0.0019844786327522196,0.01735803359775627,0.021100738122373522,-0.005141727189938107,-0.0004916926713215149,-0.0010623004029479799
RN7SKP234,0.23351208240460739,0.07042987296476406,-0.12358604414955497,0.024390991664446537,-5.238397534323526e-06,0.009039816053299109,0.0066056561370953885,-0.016691169894647275,-0.021813162488891175,-0.017491518920694726,0.013281624709192138,-0.00881718889689738,0.022792319508654228,0.010575752077345235,0.03828217807031978,0.006659617797764192,-0.00019614383781901075,-0.006675297245581633
CAMK2N2,0.23890464802680858,0.07308355340811394,-0.13705857375252103,0.02826973453170428,-0.0010580886395595598,0.006570346201797174,0.00988440780968364,-0.016783148039976027,-0.02651216478541251,-0.01912580848370811,0.01312735085155624,-0.00767756477542721,0.0021649961823182735,0.017384570045006393,0.020803721540776327,-0.005212141633290795,-0.0004279345256878428,-0.0009262962878939513
SNORD66|ENSG00000212158.1,0.2388772024958426,0.07304157094404276,-0.137080015572503,0.028213590567573214,-0.0010144467894596958,0.00662686250240632,0.009893399774294591,-0.016833269435299513,-0.026484881522970325,-0.019233392357639992,0.01314933192807553,-0.007717863652031616,0.0018506257901814874,0.0174779164272635,0.02068853514266217,-0.005158899966238893,-0.000493346231614089,-0.0009028858832456578
PSMD2,0.23890557554577874,0.07304170477959152,-0.13704000578365055,0.02820155273889348,-0.0009919540505041685,0.006532900416085404,0.009892783270695493,-0.01684394076313951,-0.026476558231377425,-0.019236378151076424,0.013131164966554068,-0.007724334128628467,0.002071919998332027,0.0174734456966321,0.02075365211692526,-0.005117490042572362,-0.0004940045250579295,-0.0009497622102325669
snoU13|ENSG00000239141.1,0.23276756386687508,0.07015938285915227,-0.1219149407630998,0.024936452434394032,8.606833081028863e-06,0.008292196423003472,0.006280755857844928,-0.016032729561172486,-0.02101867887687785,-0.017984223777809734,0.014675753999413793,-0.008052467531521813,0.024805163786608703,0.009440462897318539,0.04061784688548351,0.0082895307559856,-5.46680690677104e-05,-0.0072723657237952185
MACROD2,0.030969160880806274,0.024227376973576707,9.229306751550475e-05,0.001316411416045631,0.0006243043883277535,5.129724996283716e-05,-0.0030958577746662374,0.005135975527885226,0.00670050694325599,0.0042327317162741095,-5.5092899890840495e-05,-0.009161265863293539,0.01465771736993027,0.01632954482027995,-0.0016686930389748483,0.0144736100494686,-0.0004400201571167328,-0.0018091102248241676
IFNA8,-0.027772035707814537,0.0001523623437210303,0.0013715691935944699,0.0009206302224130048,-0.00023157315659242802,0.23221650658087056,0.05459907280617929,0.025335073644556897,0.029274541118537833,0.0050160662175015285,0.007616131165398667,0.0004503727575350056,0.00014128160306723552,-0.00011966775821216795,0.015790817997390866,0.0020426264624817158,0.0013797239879843653,-0.0002624832299998657
IFNA2,-0.027281274716874845,0.00012852268199447294,0.00127930933062984,0.0006852708263533698,-0.00017505136144754812,0.2325856812859879,0.05441850889043377,0.025365334869321167,0.028777321721624394,0.006010574245816765,0.007676816462105727,0.0005437235629755616,0.00022627405309290564,-1.7224110898248043e-05,0.014806573833751835,0.0022800669366227246,0.001243994041776906,-0.0002597285568285752
LINC00393,0.0007158187192038653,0.0016519492057852686,0.0011770181820973385,0.00919079338502427,-0.07061164283664693,-0.00947643865259064,0.05824452862343484,0.10926149345319641,-0.009106413140579181,0.028633608636192447,-0.14560927667915688,0.035136052025762525,-0.06101809747831153,0.09680660440765053,0.13232924802248677,0.08483451426234426,0.00046680441437290315,-0.00039242820834353123
TRAPPC9,0.13194200565488348,0.09532751597618477,0.20021197133479254,-0.007917485115576009,-0.023346909115478345,0.004671369667045118,-0.006809771597981832,-0.01624884248275008,-0.016846733405906585,-0.022932981367871256,0.01489915039559544,-0.016065483632819295,0.00014924243307210872,0.008020987748641623,0.02213318612990331,-0.00755635590510414,0.019242566032275026,-0.004584220501286126
MIR551B,0.22798992657841943,0.06949797090316154,-0.11871857889322832,0.024380401889375864,0.0001595220056448509,0.007186040980773646,0.005691870532693625,-0.015011105456654525,-0.019198455336228222,-0.017916758633143664,0.013960959704122866,-0.006743943596614978,0.02820518625370243,0.007958292463293545,0.04405400202956126,0.010288629304651638,-0.00023662744847231275,-0.009259477211383567
IFNA13,-0.02729131334233064,0.00013178359111815332,0.0014256296604382326,0.0006509230756121368,-0.000163800873797702,0.23262896772968705,0.05425041730874153,0.02534657863112977,0.02886611498314329,0.005770176185914612,0.007674784921840181,0.0005620011634969432,0.00036820080230578003,-1.3320369863066787e-06,0.014722432342800074,0.002044926289411527,0.0013440747326948607,-0.0002621349107476918
PVT1,0.14684874202767167,0.08584316683643697,0.18360547353884538,-0.004745944213294768,-0.016080929257939997,9.497695268523713e-05,-0.013048629373816139,-0.014885167336862265,-0.02910833672365528,-0.013897244304200146,0.01459823656027906,-0.03061231018893308,-0.010982477461077784,0.03573472448461451,-0.0105866777804179,0.028561728300472933,0.12104962413367702,0.002047177126644005
CASC8,0.1486417497965844,0.08658156507098577,0.1840257758624983,-0.005439127018985932,-0.016924388726353025,2.3602398772211184e-05,-0.014869124584991737,-0.010954325938079008,-0.027174843585053336,-0.013220876578823109,0.015763029583991145,-0.028960081430573974,-0.010182260170539637,0.03742292808131095,-0.011072928344884726,0.028998577675508327,0.11982347673184501,0.0023613537772153503
KLHL9,-0.027395283501060023,0.0002412554238179272,0.001355078607891601,0.0007524953133076563,-0.00016731040636976783,0.23294464079286356,0.05377240359749723,0.02591644798711171,0.028157742322255163,0.006060639341691285,0.008055362199857623,0.0008251310941043455,0.0004580842538422046,-4.2532598617963005e-05,0.014757440299993535,0.0025654840821756173,0.0008658586570396451,-0.0002822110768795815
IFNA6,-0.02716433717816494,0.00019235447421615722,0.0013906837098391306,0.0007425696043062745,-0.0001887827527859308,0.23281070360305425,0.054046402951461694,0.02547543107127028,0.028544006329645655,0.005812903905451489,0.00807577291301033,0.0005570726263490816,0.0004330474248289141,3.0107216879836046e-05,0.014762445893442288,0.002222135760148093,0.0011235143812930793,-0.000260591920747891
IFNA5,-0.027104137305077856,0.00022969256498751718,0.001325752943528959,0.0008174806499890342,-0.00012502840270787487,0.23361964895943776,0.05359956107433582,0.026513213602958028,0.028077482374744767,0.005507404622703859,0.007807762916437231,0.0005080491229508526,0.0003530535483858608,-1.1824210926334555e-05,0.015112764772244049,0.0025194745495833565,0.0012219077149181342,-0.0002869231871641467
GOLIM4,0.22746942500947243,0.06937339925455024,-0.1187307124810828,0.02421844338720553,0.0001148232073573711,0.006200097029837614,0.004970473314670115,-0.014640848127263866,-0.018374678017429025,-0.018201553618870586,0.014815430149815616,-0.005892257077821469,0.02848425632395649,0.007699783455934062,0.043147772135192775,0.010629097436258528,-6.823565560032564e-05,-0.008536482113843004
WDR49,0.2265917099043941,0.0690033259170532,-0.11770733693810741,0.02450915744676491,0.00016191349795357805,0.0076243943494856475,0.004439557945543717,-0.014449378861899717,-0.01836152344449992,-0.016988962621704438,0.014869725207057219,-0.0063569737264308574,0.02781858601869382,0.007893440650502896,0.042479109815662545,0.010859578930958468,-7.585159840606717e-05,-0.00775282708940259
RB1,-0.03377762280529347,0.006832076499479243,0.00019937243604299703,0.013724941947430408,-0.0813064278392691,-0.013381732341853586,0.07338952014015036,0.08861874429943822,0.0028356011757974526,0.020035863749867964,-0.15248621595080034,0.028351688794791947,-0.05627325382914821,0.08777496176212052,0.0914726669343473,0.039793764715898836,0.00035058520789618436,-0.0008073011639386356
PDE4D,-0.08967364580047141,-0.009608331772817016,-0.00040158224976003415,0.0286374489584062,-0.007772752792040331,0.027624284920466577,-0.013768054781425702,-0.024078296284157648,0.01346285869657074,-0.01909147139264121,0.020075643516074857,-0.009112460476846124,0.0012660909678410906,0.01890494977726039,-0.015229090311544301,0.0031704608846935814,-0.0028940439315815903,-0.0017583441597652742
SERPINI1,0.22724345552148545,0.06964107661449946,-0.118772596950279,0.024572497660711314,9.476154758070435e-05,0.006383769961653809,0.004608621344107142,-0.014473575070447973,-0.018059491341024605,-0.017936799916924245,0.01468840911909966,-0.005560628770531772,0.027877815028726362,0.007505762386650476,0.043235167470110344,0.010767352737048512,-0.00024361669456908095,-0.007809211398569691
ZBBX,0.2270566789117089,0.06939752483643527,-0.1184297174669077,0.02468338754646642,8.100767193233813e-05,0.006783777796973673,0.0051377993314362,-0.01393511707176566,-0.01747814679177277,-0.017441359514182422,0.014430312585524121,-0.006258982924007656,0.027552351955538592,0.008714632586581554,0.04148094953699838,0.011452750169868943,-4.542820164891382e-05,-0.008285599410548844
MYC,0.14911710958058672,0.08603113691201515,0.18360273749899453,-0.0046868685299491135,-0.016196968347460386,3.2834599247840807e-05,-0.01207691603415586,-0.013373267523402356,-0.027320656576998205,-0.013972159454874133,0.01422240059168993,-0.029752327874715847,-0.011930207602464384,0.03692741905334412,-0.011379536747578287,0.028765402614410164,0.11919934565415735,0.0023049982109497385
CCND1,0.06912222367563561,0.0002268776122426933,0.015833229875893463,-0.019696915281064174,0.011062513380918588,-0.011762093766574331,-0.014208504924582763,0.0009433633271394092,-0.017463324486553283,0.014596127279433319,0.01004851083856379,-0.020307898957363096,0.018342342629199045,0.028601717664411313,-0.08810613405396026,0.04915775051346508,-0.02539284568997094,0.006701582705306075
IFNA14,-0.026989510473144802,0.0007220279020579175,0.000838571603514311,0.0006679398032147666,-0.00018087971163451683,0.23414572431352412,0.05533526240043637,0.026692486607851368,0.02840455486994535,0.006112829016914189,0.00807493742195512,0.0003256304031854737,0.00034560427843277554,0.00012864738725941406,0.015496995390069816,0.001242988756248646,0.0012594231655293426,-0.0003315401722253437
SERPINI2,0.22697542609525395,0.06952902520463652,-0.11865211708484916,0.024622394733108333,9.974271765011992e-05,0.007352249958531913,0.004988418197206065,-0.0140773194412571,-0.0180641293183544,-0.017599597042152495,0.014633995858339277,-0.005784934358413984,0.027335438254669758,0.007669397520355949,0.04275805543636502,0.01097481535729956,-6.069932213426062e-05,-0.007792585499921633
ORAOV1,0.0691363418986299,0.00019178071672637875,0.015813066326417,-0.019809827686617838,0.011191606110067252,-0.011719878015659133,-0.014009335590835264,0.001002437994042114,-0.017541791049872357,0.0145613576312926,0.01007924069906043,-0.020256339232262076,0.018476105754170306,0.028534254324934158,-0.08828312003812118,0.049307417825565136,-0.025649461758692944,0.006863913021456684
PDCD10,0.22737870760866824,0.0695732757810769,-0.1188294775081263,0.024335324430644303,0.00014858369672764266,0.006950356308121941,0.004561881613203083,-0.01412017839008051,-0.01816059062485271,-0.01714985660140404,0.015111566184430197,-0.005904658006932358,0.028202213729150927,0.008304540956874036,0.042978176070805105,0.011125061775709703,-0.00013898975597170362,-0.007524481770425168
SHANK2,0.06516960351673914,0.0002507700249533019,0.00986911809094842,-0.02497072694858723,0.003884598261810554,-0.011447357936460555,-0.014210383007859219,0.0053727005660033425,-0.015591367703433326,0.012203348456052645,0.0014923314058213396,-0.021316870919288532,0.020529675460247185,0.02634301406512102,-0.07800999738467049,0.04266279258524636,-0.019540858842368915,0.004653901380540011
IFNA17,-0.02627462732740471,0.0007206342979480078,0.0010014991465059156,0.00038446346227448733,-0.00020552583602300407,0.23499298865116103,0.055040023553859944,0.02697713190746473,0.028683855600153588,0.005682562971811355,0.008238487333924169,-2.655276663227895e-05,0.0002315544189747177,9.149578553323262e-05,0.014639433647808307,0.0016299414154174058,0.001093291972976404,-0.00036590041121916175
FGF19,0.06886924492735108,0.000185033530637402,0.015909161277928963,-0.020678042587306423,0.01115095391605928,-0.011301451881289734,-0.01402789302591904,0.001747078529985721,-0.01699874216406738,0.015390452906965285,0.008832041682682614,-0.020498696517192876,0.019296718415847344,0.028206388369090642,-0.08714730356007702,0.04869479764980792,-0.025901076065670634,0.007377478881815345
IFNA4,-0.025714531484517016,0.001499678981934276,0.0013230522922018728,0.0005438684872839536,-0.00036476989715096276,0.23484234668807183,0.055819085834407395,0.027303268615536072,0.028737497669894953,0.0053076114609833976,0.008183938699508281,9.435116476733441e-05,0.00021646816704440502,0.00011877391508749978,0.014373033010265261,0.0010993729608192448,0.0013106592295248243,-0.0002872418901063475
CCAT1,0.14785854366901957,0.08805087697024973,0.1853534895830315,-0.0053823589674964175,-0.01890799394531543,-3.4794194089537805e-06,-0.015652002156480823,-0.011807039166286623,-0.02827479916216393,-0.012060144346479769,0.01667087924398494,-0.028802080212686952,-0.01093263099178779,0.03903632974969418,-0.011818196910179412,0.02898628931720655,0.1227542164922149,0.002244235771124709
TMEM75,0.14588935762280922,0.08832782627481896,0.1864904309472336,-0.005040257946545209,-0.017484752158832943,7.611516894459816e-05,-0.013855594774813004,-0.014205777139178016,-0.028392003992953368,-0.01441654272606828,0.015809159628892913,-0.0293464552967585,-0.01010680596247987,0.03722089736667607,-0.008942771873171421,0.027756656705175277,0.12206990662091846,0.0025880808045719668
POU5F1B,0.14897252923188112,0.08694978631314884,0.18594815274135812,-0.005871463747721722,-0.017310524703331234,4.0184679661938885e-05,-0.014603867400341832,-0.01172800708789476,-0.027342231218661042,-0.014057582825695148,0.015970211637145022,-0.029167167620021972,-0.010270779291286343,0.03769440845070178,-0.01022999249789356,0.029018462143418022,0.12142570939460204,0.0006152501992007668
RNY1P8,-0.00011754744641275227,0.0013044615686611536,0.0026734317897424164,0.009374814456098788,-0.07307560636279993,-0.008872007531563754,0.06047342453253757,0.10952680064380411,-0.009403299744632358,0.027590301882470816,-0.1484213789088286,0.0350971313462989,-0.06323039201259878,0.09829955645677158,0.1338115389332923,0.08553655340233157,0.00018049325992963193,-0.0006233957471022685
IFNA10,-0.026170384732661825,0.0010079865662714603,0.0009274660884416227,0.00034558696165455535,-0.0003716976321297416,0.23490819611724048,0.05551251268870878,0.02713473774377158,0.02855019970941866,0.005238194126353416,0.00810274301117567,-7.442340568908462e-05,0.00010315713342028422,0.00012723426656005769,0.014377168119997761,0.0016293682423066697,0.0009270410678492729,-0.00035420872228676215
IFNA16,-0.026170384732661825,0.0010079865662714603,0.0009274660884416227,0.00034558696165455535,-0.0003716976321297416,0.23490819611724048,0.05551251268870878,0.02713473774377158,0.02855019970941866,0.005238194126353416,0.00810274301117567,-7.442340568908462e-05,0.00010315713342028422,0.00012723426656005769,0.014377168119997761,0.0016293682423066697,0.0009270410678492729,-0.00035420872228676215
IFNA7,-0.026170384732661825,0.0010079865662714603,0.0009274660884416227,0.00034558696165455535,-0.0003716976321297416,0.23490819611724048,0.05551251268870878,0.02713473774377158,0.02855019970941866,0.005238194126353416,0.00810274301117567,-7.442340568908462e-05,0.00010315713342028422,0.00012723426656005769,0.014377168119997761,0.0016293682423066697,0.0009270410678492729,-0.00035420872228676215
RN7SKP298,0.22639844499540399,0.06812948379794968,-0.11770618916777685,0.02449121608703133,7.813032671071054e-05,0.00830628405211535,0.005101271164398042,-0.012982383320460823,-0.017652389245960992,-0.016621572736462042,0.013403334116833428,-0.006820951638931007,0.02719599472852862,0.008157772976621598,0.041598539041405244,0.009966801551839431,-0.0001600230762049953,-0.008380946975625969
AGO2,0.13552282474987518,0.09878155655899941,0.20311045242566342,-0.007654923902649922,-0.023801738114475085,0.005576678820649824,-0.005386133603456246,-0.01872215450736935,-0.016147102614403094,-0.025647918628185634,0.016469017303830075,-0.015557412930722386,0.00045026917376730447,0.005210582795690953,0.023275577570617746,-0.012621983966139077,0.007604128657262232,-0.0052082485849463045
SPATC1,0.13598754812360409,0.10119744448798046,0.2057799555709499,-0.00558136052324932,-0.0242497066394632,0.007780257547046076,-0.01135119475812854,-0.01931592417762873,-0.0070865250990417225,-0.02947136816164573,0.010209308014387231,-0.00582574481440898,0.0016183051916802658,0.01605614122785084,0.027653269911994845,-0.020998088725112093,-0.054086072567508296,-0.0005668582171655579
OPLAH,0.13606788722839064,0.10100258376858381,0.20606052033772496,-0.005781214518928116,-0.0240391816245065,0.00823952462052604,-0.011942754898725056,-0.01921052808795588,-0.006106190257221542,-0.029474266287516565,0.009747319684644186,-0.005967881982771453,0.0020382778004575095,0.016909244515467884,0.02727804237681226,-0.021319979205975007,-0.05536921394969683,-0.0003850425756599061
MIR1205,0.1468584568466181,0.08806958312712607,0.18722614910248742,-0.0051774228234359515,-0.017093460440930207,0.000468520645043118,-0.013732149937475938,-0.014123745437499743,-0.028820184809158763,-0.01486106030891864,0.015712701554599594,-0.02933456546535001,-0.010322328982067041,0.03756296650967623,-0.00839229005758293,0.028185159229149877,0.12234902544005448,0.0026449247010168187
MROH1,0.13645673761328106,0.10207732934408127,0.20581258665579621,-0.005712712628382354,-0.023674907282353105,0.010533278014908047,-0.015422126229166545,-0.01811503206404761,-0.002139555197955174,-0.030773346359495853,0.0077401447759284,-0.0041701257863266845,7.054828216203831e-05,0.02274375801589625,0.026169531391199874,-0.021153146080136853,-0.06343021160868245,-8.088088786093938e-06
PARP10,0.13599261619987804,0.1010926917165066,0.20584773952192897,-0.005826979144159231,-0.02415321967110887,0.007982334786472606,-0.010814177543975626,-0.019489091362862313,-0.007898845527399927,-0.02943927497856002,0.010251525195599156,-0.006415759147044004,0.0010768128878493846,0.014984366849798304,0.028347365030231674,-0.020458343243732222,-0.052295963231898446,-0.0008746184550568837
EXOSC4,0.13595338586793168,0.10111041852593304,0.20630296129751624,-0.0063183101725811834,-0.023785019888801134,0.00869904962770685,-0.0124315393686618,-0.01909485595750506,-0.005704586788587482,-0.02992667208634006,0.009306109743840848,-0.006378727722239263,0.0018636204779312667,0.017156316247432732,0.027061215740643046,-0.02123586221629248,-0.05610959422514121,-0.00024509045529251853
GPAA1,0.1363543090358373,0.10125975180847038,0.20615157407239024,-0.005910827697131941,-0.023749182895585783,0.009000261093810127,-0.012845488876407324,-0.019075225670504705,-0.004776838165151046,-0.0301258733719544,0.009206569536674971,-0.00578562821381148,0.0007664591195438849,0.017982012657788822,0.027020085180447614,-0.021224537496659503,-0.05798385438278177,-0.00010349425199166611
FAM203A,0.1363258537966319,0.10192215202554078,0.20592345896685452,-0.005780429989849042,-0.02389989840634799,0.00990613235549271,-0.0145918305241237,-0.018507052749684567,-0.0032045184086201698,-0.030579716956474202,0.008446963299835356,-0.004569408179803198,0.00010576024145756697,0.021013866512924497,0.026385658167528175,-0.021286821433999997,-0.061654232717970915,-2.609563511593456e-05
SHARPIN,0.13631032650707378,0.1014794177916372,0.20598684104594298,-0.0058692188878448305,-0.023692830150379623,0.009622973861664132,-0.013697976277823053,-0.018836570177125363,-0.0044017096971011175,-0.030360540955053396,0.009015987472014356,-0.004887484861531749,0.0003408373620223202,0.018701214115419442,0.026940308698852448,-0.021705826034803755,-0.05977811373436042,-8.330836794439534e-05
CYC1,0.1363290252776637,0.1015546852363016,0.2059514116979902,-0.005866294464004208,-0.023783889877267,0.0096835640751104,-0.013694102687551108,-0.018803087058220806,-0.004541739261156649,-0.030292215285719758,0.009059138317576891,-0.0049917214076790565,0.00040214979010908414,0.018748705879869036,0.02699113128425619,-0.021547995320596192,-0.059523148681702616,-8.602002411458683e-05
MAF1,0.136309747312077,0.10154093283148713,0.2060097166409001,-0.006044759228783894,-0.023682689222218865,0.009685956668324438,-0.013672818039001383,-0.018844529939593974,-0.0043434094003278285,-0.0303129211385668,0.008828359025312205,-0.004944549730215398,0.0003345781535123186,0.01874388385773152,0.026961906448245258,-0.021699941422050135,-0.05973728853070913,-7.121354138466022e-05
ADCK5,0.1359132376440269,0.1026724688612112,0.2053990965543094,-0.00516549932769334,-0.023632661981050258,0.012298446277832897,-0.01802149769731692,-0.01720615481602114,0.0002578670275938069,-0.030493784707216046,0.006781555513918449,-0.0033029034729877465,-3.196666255153533e-12,0.026685739643603375,0.025506778082206697,-0.02166688007858065,-0.06939176676073308,1.5454119928241752e-12
ARHGAP39,0.1359132376440269,0.1026724688612112,0.2053990965543094,-0.00516549932769334,-0.023632661981050258,0.012298446277832897,-0.01802149769731692,-0.01720615481602114,0.0002578670275938069,-0.030493784707216046,0.006781555513918449,-0.0033029034729877465,-3.196666255153533e-12,0.026685739643603375,0.025506778082206697,-0.02166688007858065,-0.06939176676073308,1.5454119928241752e-12
BOP1,0.1359132376440269,0.1026724688612112,0.2053990965543094,-0.00516549932769334,-0.023632661981050258,0.012298446277832897,-0.01802149769731692,-0.01720615481602114,0.0002578670275938069,-0.030493784707216046,0.006781555513918449,-0.0033029034729877465,-3.196666255153533e-12,0.026685739643603375,0.025506778082206697,-0.02166688007858065,-0.06939176676073308,1.5454119928241752e-12
C8orf33,0.1359132376440269,0.1026724688612112,0.2053990965543094,-0.00516549932769334,-0.023632661981050258,0.012298446277832897,-0.01802149769731692,-0.01720615481602114,0.0002578670275938069,-0.030493784707216046,0.006781555513918449,-0.0033029034729877465,-3.196666255153533e-12,0.026685739643603375,0.025506778082206697,-0.02166688007858065,-0.06939176676073308,1.5454119928241752e-12
C8orf82,0.1359132376440269,0.1026724688612112,0.2053990965543094,-0.00516549932769334,-0.023632661981050258,0.012298446277832897,-0.01802149769731692,-0.01720615481602114,0.0002578670275938069,-0.030493784707216046,0.006781555513918449,-0.0033029034729877465,-3.196666255153533e-12,0.026685739643603375,0.025506778082206697,-0.02166688007858065,-0.06939176676073308,1.5454119928241752e-12
COMMD5,0.1359132376440269,0.1026724688612112,0.2053990965543094,-0.00516549932769334,-0.023632661981050258,0.012298446277832897,-0.01802149769731692,-0.01720615481602114,0.0002578670275938069,-0.030493784707216046,0.006781555513918449,-0.0033029034729877465,-3.196666255153533e-12,0.026685739643603375,0.025506778082206697,-0.02166688007858065,-0.06939176676073308,1.5454119928241752e-12
CPSF1,0.1359132376440269,0.1026724688612112,0.2053990965543094,-0.00516549932769334,-0.023632661981050258,0.012298446277832897,-0.01802149769731692,-0.01720615481602114,0.0002578670275938069,-0.030493784707216046,0.006781555513918449,-0.0033029034729877465,-3.196666255153533e-12,0.026685739643603375,0.025506778082206697,-0.02166688007858065,-0.06939176676073308,1.5454119928241752e-12
CYHR1,0.1359132376440269,0.1026724688612112,0.2053990965543094,-0.00516549932769334,-0.023632661981050258,0.012298446277832897,-0.01802149769731692,-0.01720615481602114,0.0002578670275938069,-0.030493784707216046,0.006781555513918449,-0.0033029034729877465,-3.196666255153533e-12,0.026685739643603375,0.025506778082206697,-0.02166688007858065,-0.06939176676073308,1.5454119928241752e-12
DGAT1,0.1359132376440269,0.1026724688612112,0.2053990965543094,-0.00516549932769334,-0.023632661981050258,0.012298446277832897,-0.01802149769731692,-0.01720615481602114,0.0002578670275938069,-0.030493784707216046,0.006781555513918449,-0.0033029034729877465,-3.196666255153533e-12,0.026685739643603375,0.025506778082206697,-0.02166688007858065,-0.06939176676073308,1.5454119928241752e-12
FAM203B,0.1359132376440269,0.1026724688612112,0.2053990965543094,-0.00516549932769334,-0.023632661981050258,0.012298446277832897,-0.01802149769731692,-0.01720615481602114,0.0002578670275938069,-0.030493784707216046,0.006781555513918449,-0.0033029034729877465,-3.196666255153533e-12,0.026685739643603375,0.025506778082206697,-0.02166688007858065,-0.06939176676073308,1.5454119928241752e-12
FBXL6,0.1359132376440269,0.10267246886121123,0.20539909655430938,-0.00516549932769332,-0.023632661981050258,0.012298446277832912,-0.018021497697316972,-0.017206154816021165,0.0002578670275938509,-0.03049378470721608,0.006781555513918439,-0.0033029034729876714,-3.1966662171336224e-12,0.026685739643603462,0.025506778082206936,-0.021666880078580638,-0.06939176676073301,1.5454119948947547e-12
FOXH1,0.1359132376440269,0.1026724688612112,0.2053990965543094,-0.00516549932769334,-0.023632661981050258,0.012298446277832897,-0.01802149769731692,-0.01720615481602114,0.0002578670275938069,-0.030493784707216046,0.006781555513918449,-0.0033029034729877465,-3.196666255153533e-12,0.026685739643603375,0.025506778082206697,-0.02166688007858065,-0.06939176676073308,1.5454119928241752e-12
GPT,0.1359132376440269,0.1026724688612112,0.2053990965543094,-0.00516549932769334,-0.023632661981050258,0.012298446277832897,-0.01802149769731692,-0.01720615481602114,0.0002578670275938069,-0.030493784707216046,0.006781555513918449,-0.0033029034729877465,-3.196666255153533e-12,0.026685739643603375,0.025506778082206697,-0.02166688007858065,-0.06939176676073308,1.5454119928241752e-12
HSF1,0.1359132376440269,0.1026724688612112,0.2053990965543094,-0.00516549932769334,-0.023632661981050258,0.012298446277832897,-0.01802149769731692,-0.01720615481602114,0.0002578670275938069,-0.030493784707216046,0.006781555513918449,-0.0033029034729877465,-3.196666255153533e-12,0.026685739643603375,0.025506778082206697,-0.02166688007858065,-0.06939176676073308,1.5454119928241752e-12
KIFC2,0.1359132376440269,0.1026724688612112,0.2053990965543094,-0.00516549932769334,-0.023632661981050258,0.012298446277832897,-0.01802149769731692,-0.01720615481602114,0.0002578670275938069,-0.030493784707216046,0.006781555513918449,-0.0033029034729877465,-3.196666255153533e-12,0.026685739643603375,0.025506778082206697,-0.02166688007858065,-0.06939176676073308,1.5454119928241752e-12
LRRC14,0.1359132376440269,0.1026724688612112,0.2053990965543094,-0.00516549932769334,-0.023632661981050258,0.012298446277832897,-0.01802149769731692,-0.01720615481602114,0.0002578670275938069,-0.030493784707216046,0.006781555513918449,-0.0033029034729877465,-3.196666255153533e-12,0.026685739643603375,0.025506778082206697,-0.02166688007858065,-0.06939176676073308,1.5454119928241752e-12
LRRC24,0.1359132376440269,0.1026724688612112,0.2053990965543094,-0.00516549932769334,-0.023632661981050258,0.012298446277832897,-0.01802149769731692,-0.01720615481602114,0.0002578670275938069,-0.030493784707216046,0.006781555513918449,-0.0033029034729877465,-3.196666255153533e-12,0.026685739643603375,0.025506778082206697,-0.02166688007858065,-0.06939176676073308,1.5454119928241752e-12
MFSD3,0.1359132376440269,0.1026724688612112,0.2053990965543094,-0.00516549932769334,-0.023632661981050258,0.012298446277832897,-0.01802149769731692,-0.01720615481602114,0.0002578670275938069,-0.030493784707216046,0.006781555513918449,-0.0033029034729877465,-3.196666255153533e-12,0.026685739643603375,0.025506778082206697,-0.02166688007858065,-0.06939176676073308,1.5454119928241752e-12
MIR1234,0.1359132376440269,0.1026724688612112,0.2053990965543094,-0.00516549932769334,-0.023632661981050258,0.012298446277832897,-0.01802149769731692,-0.01720615481602114,0.0002578670275938069,-0.030493784707216046,0.006781555513918449,-0.0033029034729877465,-3.196666255153533e-12,0.026685739643603375,0.025506778082206697,-0.02166688007858065,-0.06939176676073308,1.5454119928241752e-12
MIR939,0.1359132376440269,0.1026724688612112,0.2053990965543094,-0.00516549932769334,-0.023632661981050258,0.012298446277832897,-0.01802149769731692,-0.01720615481602114,0.0002578670275938069,-0.030493784707216046,0.006781555513918449,-0.0033029034729877465,-3.196666255153533e-12,0.026685739643603375,0.025506778082206697,-0.02166688007858065,-0.06939176676073308,1.5454119928241752e-12
PPP1R16A,0.1359132376440269,0.1026724688612112,0.2053990965543094,-0.00516549932769334,-0.023632661981050258,0.012298446277832897,-0.01802149769731692,-0.01720615481602114,0.0002578670275938069,-0.030493784707216046,0.006781555513918449,-0.0033029034729877465,-3.196666255153533e-12,0.026685739643603375,0.025506778082206697,-0.02166688007858065,-0.06939176676073308,1.5454119928241752e-12
RECQL4,0.1359132376440269,0.1026724688612112,0.2053990965543094,-0.00516549932769334,-0.023632661981050258,0.012298446277832897,-0.01802149769731692,-0.01720615481602114,0.0002578670275938069,-0.030493784707216046,0.006781555513918449,-0.0033029034729877465,-3.196666255153533e-12,0.026685739643603375,0.025506778082206697,-0.02166688007858065,-0.06939176676073308,1.5454119928241752e-12
RN7SL395P,0.1359132376440269,0.1026724688612112,0.2053990965543094,-0.00516549932769334,-0.023632661981050258,0.012298446277832897,-0.01802149769731692,-0.01720615481602114,0.0002578670275938069,-0.030493784707216046,0.006781555513918449,-0.0033029034729877465,-3.196666255153533e-12,0.026685739643603375,0.025506778082206697,-0.02166688007858065,-0.06939176676073308,1.5454119928241752e-12
RPL8,0.1359132376440269,0.1026724688612112,0.2053990965543094,-0.00516549932769334,-0.023632661981050258,0.012298446277832897,-0.01802149769731692,-0.01720615481602114,0.0002578670275938069,-0.030493784707216046,0.006781555513918449,-0.0033029034729877465,-3.196666255153533e-12,0.026685739643603375,0.025506778082206697,-0.02166688007858065,-0.06939176676073308,1.5454119928241752e-12
SCRT1,0.1359132376440269,0.1026724688612112,0.2053990965543094,-0.00516549932769334,-0.023632661981050258,0.012298446277832897,-0.01802149769731692,-0.01720615481602114,0.0002578670275938069,-0.030493784707216046,0.006781555513918449,-0.0033029034729877465,-3.196666255153533e-12,0.026685739643603375,0.025506778082206697,-0.02166688007858065,-0.06939176676073308,1.5454119928241752e-12
SCXA,0.1359132376440269,0.1026724688612112,0.2053990965543094,-0.00516549932769334,-0.023632661981050258,0.012298446277832897,-0.01802149769731692,-0.01720615481602114,0.0002578670275938069,-0.030493784707216046,0.006781555513918449,-0.0033029034729877465,-3.196666255153533e-12,0.026685739643603375,0.025506778082206697,-0.02166688007858065,-0.06939176676073308,1.5454119928241752e-12
SCXB,0.1359132376440269,0.1026724688612112,0.2053990965543094,-0.00516549932769334,-0.023632661981050258,0.012298446277832897,-0.01802149769731692,-0.01720615481602114,0.0002578670275938069,-0.030493784707216046,0.006781555513918449,-0.0033029034729877465,-3.196666255153533e-12,0.026685739643603375,0.025506778082206697,-0.02166688007858065,-0.06939176676073308,1.5454119928241752e-12
SLC39A4,0.1359132376440269,0.1026724688612112,0.2053990965543094,-0.00516549932769334,-0.023632661981050258,0.012298446277832897,-0.01802149769731692,-0.01720615481602114,0.0002578670275938069,-0.030493784707216046,0.006781555513918449,-0.0033029034729877465,-3.196666255153533e-12,0.026685739643603375,0.025506778082206697,-0.02166688007858065,-0.06939176676073308,1.5454119928241752e-12
SLC52A2,0.1359132376440269,0.1026724688612112,0.2053990965543094,-0.00516549932769334,-0.023632661981050258,0.012298446277832897,-0.01802149769731692,-0.01720615481602114,0.0002578670275938069,-0.030493784707216046,0.006781555513918449,-0.0033029034729877465,-3.196666255153533e-12,0.026685739643603375,0.025506778082206697,-0.02166688007858065,-0.06939176676073308,1.5454119928241752e-12
TMEM249,0.1359132376440269,0.1026724688612112,0.2053990965543094,-0.00516549932769334,-0.023632661981050258,0.012298446277832897,-0.01802149769731692,-0.01720615481602114,0.0002578670275938069,-0.030493784707216046,0.006781555513918449,-0.0033029034729877465,-3.196666255153533e-12,0.026685739643603375,0.025506778082206697,-0.02166688007858065,-0.06939176676073308,1.5454119928241752e-12
TONSL,0.1359132376440269,0.1026724688612112,0.2053990965543094,-0.00516549932769334,-0.023632661981050258,0.012298446277832897,-0.01802149769731692,-0.01720615481602114,0.0002578670275938069,-0.030493784707216046,0.006781555513918449,-0.0033029034729877465,-3.196666255153533e-12,0.026685739643603375,0.025506778082206697,-0.02166688007858065,-0.06939176676073308,1.5454119928241752e-12
VPS28,0.1359132376440269,0.10267246886121123,0.20539909655430938,-0.00516549932769332,-0.023632661981050258,0.012298446277832912,-0.018021497697316972,-0.017206154816021165,0.0002578670275938509,-0.03049378470721608,0.006781555513918439,-0.0033029034729876714,-3.1966662171336224e-12,0.026685739643603462,0.025506778082206936,-0.021666880078580638,-0.06939176676073301,1.5454119948947547e-12
ZNF16,0.1359132376440269,0.1026724688612112,0.2053990965543094,-0.00516549932769334,-0.023632661981050258,0.012298446277832897,-0.01802149769731692,-0.01720615481602114,0.0002578670275938069,-0.030493784707216046,0.006781555513918449,-0.0033029034729877465,-3.196666255153533e-12,0.026685739643603375,0.025506778082206697,-0.02166688007858065,-0.06939176676073308,1.5454119928241752e-12
ZNF250,0.1359132376440269,0.1026724688612112,0.2053990965543094,-0.00516549932769334,-0.023632661981050258,0.012298446277832897,-0.01802149769731692,-0.01720615481602114,0.0002578670275938069,-0.030493784707216046,0.006781555513918449,-0.0033029034729877465,-3.196666255153533e-12,0.026685739643603375,0.025506778082206697,-0.02166688007858065,-0.06939176676073308,1.5454119928241752e-12
ZNF251,0.1359132376440269,0.1026724688612112,0.2053990965543094,-0.00516549932769334,-0.023632661981050258,0.012298446277832897,-0.01802149769731692,-0.01720615481602114,0.0002578670275938069,-0.030493784707216046,0.006781555513918449,-0.0033029034729877465,-3.196666255153533e-12,0.026685739643603375,0.025506778082206697,-0.02166688007858065,-0.06939176676073308,1.5454119928241752e-12
ZNF252P,0.1359132376440269,0.1026724688612112,0.2053990965543094,-0.00516549932769334,-0.023632661981050258,0.012298446277832897,-0.01802149769731692,-0.01720615481602114,0.0002578670275938069,-0.030493784707216046,0.006781555513918449,-0.0033029034729877465,-3.196666255153533e-12,0.026685739643603375,0.025506778082206697,-0.02166688007858065,-0.06939176676073308,1.5454119928241752e-12
ZNF34,0.1359132376440269,0.1026724688612112,0.2053990965543094,-0.00516549932769334,-0.023632661981050258,0.012298446277832897,-0.01802149769731692,-0.01720615481602114,0.0002578670275938069,-0.030493784707216046,0.006781555513918449,-0.0033029034729877465,-3.196666255153533e-12,0.026685739643603375,0.025506778082206697,-0.02166688007858065,-0.06939176676073308,1.5454119928241752e-12
ZNF517,0.1359132376440269,0.1026724688612112,0.2053990965543094,-0.00516549932769334,-0.023632661981050258,0.012298446277832897,-0.01802149769731692,-0.01720615481602114,0.0002578670275938069,-0.030493784707216046,0.006781555513918449,-0.0033029034729877465,-3.196666255153533e-12,0.026685739643603375,0.025506778082206697,-0.02166688007858065,-0.06939176676073308,1.5454119928241752e-12
ZNF7,0.1359132376440269,0.1026724688612112,0.2053990965543094,-0.00516549932769334,-0.023632661981050258,0.012298446277832897,-0.01802149769731692,-0.01720615481602114,0.0002578670275938069,-0.030493784707216046,0.006781555513918449,-0.0033029034729877465,-3.196666255153533e-12,0.026685739643603375,0.025506778082206697,-0.02166688007858065,-0.06939176676073308,1.5454119928241752e-12
FGF4,0.0688917424901905,0.00021829283291057358,0.015503406288860953,-0.02199034752284113,0.01059807713347305,-0.011900789315338303,-0.014562807290801576,0.0024979354185502615,-0.017273516673905535,0.013835643364010657,0.007067160587921926,-0.020999447255445527,0.019109848848752175,0.028085420799880016,-0.08798135946459483,0.04816930641908109,-0.02611889496723892,0.005098940211473904
KIAA1875,0.13648994944166112,0.10156110020882009,0.20597602372257737,-0.006005069266274974,-0.023542145468387392,0.009830576804768572,-0.013992680350385272,-0.018755963768506335,-0.003961196466013824,-0.030269394275396724,0.008733419741332337,-0.0049750319198475995,0.0002608747121490753,0.019556140323767846,0.026813337591970538,-0.0214563023349234,-0.05993022995217624,-4.118869071043513e-05
PLEC,0.13625262473674307,0.10109981386285154,0.20585594293835763,-0.006304657633035244,-0.0241699871427804,0.008127241693742463,-0.010111858161378396,-0.020208696550830907,-0.008676259704520963,-0.029406012331709575,0.010272573395082389,-0.007053754923813616,0.00044407110954741653,0.013499249596921736,0.02867480164496217,-0.020636905439287964,-0.05018512659988343,-0.0024660403671441945
ANO1,0.06899167751101047,0.0006156074234895828,0.012735125172655485,-0.026646527155135106,0.010175922987973943,-0.010089722626220916,-0.013118859416133269,0.0037417325806926257,-0.016598035062226305,0.012845860476878268,0.0024615760687474006,-0.022970279733869114,0.020971130157708805,0.0266438174244639,-0.0846180250498509,0.04684840233383477,-0.024615056029004434,0.005713507359345298
FGF3,0.06901634519080029,0.0004178856083903675,0.014793052039006282,-0.023186914364731737,0.011232009663180005,-0.011045680783100163,-0.014144755174661728,0.0027459649842723343,-0.01625175342292957,0.013162321904097572,0.006342145538123725,-0.02143247552770538,0.019402873748221423,0.02767849112467192,-0.08821945409149075,0.047682943823939075,-0.026287548507251908,0.004834587585617891
DENND3,0.13586136367362903,0.09974161697537813,0.20399980585262706,-0.006809267552925027,-0.023746101125752577,0.005049369116497395,-0.00449993667534282,-0.018576904377034496,-0.016699581577151006,-0.02529197886476622,0.01589692276853172,-0.015822188444418687,0.0003701764531308693,0.005123499131872392,0.023820676593488035,-0.012820223860606493,0.006720349101624809,-0.0062474498748196616
GRINA,0.1360682256885917,0.10129166251693955,0.20594235493856036,-0.0063412056884226044,-0.024333081300674228,0.008162080922942195,-0.010214940291116182,-0.020210862907311614,-0.00858700326383907,-0.029209317163856077,0.010488526780727644,-0.0069238306324758735,0.0006089498818341698,0.013648171777698991,0.02848627928203407,-0.020645130455473996,-0.050581595422643746,-0.002389144027529442
PPFIA1,0.0682318427783781,0.0012375605546466337,0.011093253998287568,-0.02750773782001722,0.005314703967531591,-0.010680054331976746,-0.013512124448747075,0.0036764082118224484,-0.016532040294125198,0.013639354216566351,0.001972612123105204,-0.022798093057857814,0.02150699491229723,0.02631413012706905,-0.0850558054406105,0.046174997056937936,-0.023821498020785856,0.0070547832467704125
MIR1207,0.14704149765914834,0.08865992544116694,0.18791474606812633,-0.00576024029715929,-0.01712253748652226,9.232224928418299e-05,-0.014058885429943406,-0.015115669755466401,-0.028400067851959483,-0.014360016823635966,0.016812223144200295,-0.029034281002145806,-0.008841083574480385,0.03622784687404534,-0.00832400202786759,0.02712848502279494,0.1206941865827449,0.0013600203399683714
CASC7,0.13474540104857816,0.09962940454230096,0.20186597078883964,-0.007461618676626638,-0.024517190742548822,0.006449399049157543,-0.006407452004403987,-0.018366970813646438,-0.016991655633862773,-0.02435741796771277,0.017423180160244436,-0.01488870054623075,0.00022929643161577966,0.006524513308343941,0.02177154676405016,-0.010830962655649494,0.01072536172599711,-0.004338261039098734
RN7SL5P,-0.01698060185659691,-2.17385444602383e-05,-0.0007112310939102324,-0.0051936623758741364,0.0005443224933371861,0.2657813813329171,0.05500148491430728,0.04363718728964085,0.03774689965301519,0.02204614586605733,0.020533164187630026,-0.007758355539873591,0.00017495782003509845,-0.00030461132840239733,0.0019831568703093743,-0.012207529362050612,0.014634122347306787,0.004633204786110205
MIR661,0.1362116979110394,0.10102547824428684,0.20607763454726957,-0.0063419867201607505,-0.02406033007121247,0.008055592282058452,-0.010201957922045821,-0.020232493817931956,-0.00924487274613921,-0.02941396579840744,0.010516342831324528,-0.007069273056485961,0.000964996128364747,0.01243578874989974,0.0291386430488693,-0.02071423265540006,-0.04909201483803328,-0.0025823007923583678
IFNA21,-0.025768413448524236,0.0016984780437480772,0.0015736977089416079,0.0003107114016975244,-0.0002979685257519528,0.23536832885120385,0.055983149197729856,0.028438288623541932,0.02866920665293411,0.0049366955419795555,0.008177578330254056,4.104649062191246e-05,0.00025804720412368244,8.327239052663509e-05,0.013954145606768886,0.0011993505137554501,0.001545099425910284,-0.00022332078156204208
BCHE,0.2262338272806476,0.06794436682349758,-0.11823704695743904,0.02392836303404016,3.833329865150539e-05,0.008384354074677497,0.004473537500792974,-0.014649814121784626,-0.0172885624239765,-0.017772828510036656,0.013464440575012256,-0.00710720958755352,0.023994862340160367,0.008277872359249297,0.03897034020704148,0.009988125393574973,-0.0001525793807821093,-0.008517164490647084
KLF5,-0.00282444321355535,0.0011162163366923866,0.001536897252710957,0.009712606795193611,-0.07632038382167894,-0.009565431033591998,0.0629545686268015,0.10872771635607476,-0.009505774101811566,0.026400316613351533,-0.148122093345746,0.03551100881099473,-0.0656560738714442,0.10008644278629777,0.1326264569569751,0.0860577026758886,5.190770830817045e-05,-0.000576606114325615
CHRAC1,0.13476860766256132,0.09974180068387854,0.20195252282496742,-0.007622585609318316,-0.02462224105038293,0.006272758598731524,-0.006719497385587485,-0.018119869414091286,-0.01728072071547335,-0.02449155256143494,0.0173914778647003,-0.01478521864496415,0.00029315937037015217,0.006486959954131345,0.02159859648609576,-0.01066934494835278,0.01101154593740436,-0.004395923227009146
TOP1MT,0.13608256072861105,0.10087827957931321,0.20515496627460575,-0.006647944933174604,-0.024509210396449366,0.008613412998517608,-0.005494135111342263,-0.01960387415239021,-0.015670386270147694,-0.028709097357689596,0.012695697187500724,-0.010388620414531025,0.00018125475794177312,0.005123316749772897,0.03048612083490335,-0.016292735275712938,-0.02172037387329493,-0.0034742552049229426
PCAT1,0.1474113651971388,0.08858203201418366,0.18640591541871462,-0.004924275172746461,-0.018324397221676846,5.657914714097561e-05,-0.01658784200887913,-0.01419865598584272,-0.02815251716402706,-0.011362293565567106,0.017499371380115817,-0.030245979264004873,-0.012087752772918122,0.03920381777023227,-0.008532392975738061,0.03035102877037907,0.1258595638524167,0.00020569191128501577
ZC3H3,0.13680876514953266,0.1004512060775807,0.20514736690066984,-0.006563948883579127,-0.024054011962969017,0.008792482082480855,-0.006187085887591404,-0.020166127403791687,-0.013392871538333235,-0.029113200022890823,0.011497579429525704,-0.009443158050240402,5.704236462389595e-05,0.00746288049874024,0.03044468084576386,-0.01747002741513462,-0.03161782486235905,-0.003651727794898541
LINC00392,-0.00026143682567460576,0.0016752772368826632,0.0019974537345081047,0.010693750594669487,-0.07068700102390138,-0.006628172753839118,0.06136649360381608,0.10759932249878669,-0.007768546215417656,0.02876473632877536,-0.1474936866739741,0.03498307087580872,-0.06350543827543069,0.10004584655426232,0.1368837923546531,0.0865363763345541,0.00011730832481765306,-0.00017736091210542187
MIR1208,0.147652550493634,0.08792111379221892,0.18885253946913513,-0.005995595357761351,-0.016063674363959297,0.003081229028389683,-0.01314519211043894,-0.01652040805964392,-0.0274516103724123,-0.013239484384865233,0.017271291751779234,-0.029143023283086832,-0.009089161003917727,0.03548466612532428,-0.007422121947397979,0.02803568626595065,0.11762715192446213,0.00422206393319849
EPPK1,0.13618776240714114,0.10062020426770382,0.20624961883284337,-0.0065222245847252275,-0.023903860459483776,0.008603979758077729,-0.009283203814317456,-0.02013434465004194,-0.010117155021232175,-0.029399367927842597,0.010243840901321027,-0.007592955804640437,0.000195635536681811,0.01077649115133413,0.029565942753987405,-0.020511248318598692,-0.045534740309781094,-0.002823930986428513
ZNF623,0.13623689573697412,0.10100758687575438,0.20589489669637215,-0.006732470210103163,-0.024607555784996227,0.009335812991685032,-0.0069344733028180415,-0.019746377818351833,-0.011247780509060274,-0.029476327191194373,0.010596265770860166,-0.007918110772119845,8.384894741842088e-05,0.009627700060784637,0.030387185209961504,-0.019135123301630957,-0.04043600655799261,-0.0029275288225435524
7SK|ENSG00000254144.2,0.13676089139050135,0.10051212678734593,0.20568067536513512,-0.00672308558547863,-0.024247376941104744,0.009451963296649699,-0.00656762326962876,-0.019918523408821862,-0.012047106308242312,-0.02973199355780741,0.01021042014944404,-0.008475162467841467,6.58019726202589e-05,0.00895168167844988,0.029918072959858107,-0.01809138033468545,-0.03668633903505393,-0.0033487480463224597
GSDMD,0.13676089139050135,0.10051212678734593,0.20568067536513512,-0.00672308558547863,-0.024247376941104744,0.009451963296649699,-0.00656762326962876,-0.019918523408821862,-0.012047106308242312,-0.02973199355780741,0.01021042014944404,-0.008475162467841467,6.58019726202589e-05,0.00895168167844988,0.029918072959858107,-0.01809138033468545,-0.03668633903505393,-0.0033487480463224597
PCAT2,0.1477913599052729,0.08851120720431696,0.1865223438932555,-0.005498087061052864,-0.0193306368449295,6.380685198515733e-05,-0.016667633686812632,-0.013506380520207173,-0.02855504597685454,-0.01202858887206481,0.017515226098804255,-0.02955089047734095,-0.011269045875952085,0.03989274764642556,-0.010508564728354399,0.030174058994012244,0.1256723173773146,0.0010049763986089211
MIR151A,0.13556786600239454,0.09984174625834225,0.2042271744516274,-0.007187227642713152,-0.024277057185215334,0.004867071283720663,-0.005170904408359887,-0.01861465342279534,-0.016957430753574483,-0.0251484962367154,0.016123824347755736,-0.015345247235525964,0.00041615073787825655,0.004988023543840351,0.023324198845652143,-0.01249928500828236,0.007232216439661306,-0.00569702090138472
PTK2,0.13556786600239454,0.09984174625834225,0.2042271744516274,-0.007187227642713152,-0.024277057185215334,0.004867071283720663,-0.005170904408359887,-0.01861465342279534,-0.016957430753574483,-0.0251484962367154,0.016123824347755736,-0.015345247235525964,0.00041615073787825655,0.004988023543840351,0.023324198845652143,-0.01249928500828236,0.007232216439661306,-0.00569702090138472
RNA5SP278,0.13556786600239454,0.09984174625834225,0.2042271744516274,-0.007187227642713152,-0.024277057185215334,0.004867071283720663,-0.005170904408359887,-0.01861465342279534,-0.016957430753574483,-0.0251484962367154,0.016123824347755736,-0.015345247235525964,0.00041615073787825655,0.004988023543840351,0.023324198845652143,-0.01249928500828236,0.007232216439661306,-0.00569702090138472
TSTA3,0.13606651800301803,0.10109439371978068,0.20597766559978814,-0.006977952105700984,-0.024952469827978184,0.009404051525286035,-0.006752182420234444,-0.01970099562248483,-0.011363493568599517,-0.029213682262665762,0.010878855238762364,-0.00796826058768868,7.931105166939356e-05,0.009503245268611364,0.030378610372694948,-0.018802294286898127,-0.03946759203678267,-0.002897593091899335
SV2A,0.07976748363943283,0.004479394822936593,0.050827445290569574,0.14081347053083776,0.2314301865767413,1.3012118605671806e-05,0.004724028633420086,0.03465295658117436,0.0004952737068088254,-0.0008192122447217808,-0.04732247003100093,-0.0029450421856888585,0.004955927800316599,0.0037349924905642567,0.006469803094928126,0.004288233720320234,-0.00023608863074559222,-0.0005333883801355397
NRBP2,0.13551365323831027,0.10004569197076146,0.20615188307357393,-0.006911233001060135,-0.023644074046194574,0.008991299033082214,-0.008856228871310925,-0.020135163884492633,-0.010093723906063013,-0.028894662935948615,0.010423867925954672,-0.007825227095217631,0.0001449239800131227,0.009109892461647168,0.02971381212261452,-0.02048621359179145,-0.044933379287856845,-0.0024052828701758033
TIGD5,0.13658033567435718,0.10079503916523769,0.20579877501758115,-0.007005321474971124,-0.02452059661140388,0.009800989479973682,-0.006472018669538007,-0.019579596029375982,-0.011517434529806594,-0.02918169912920594,0.010416144037709262,-0.00851712135909345,8.106318590662055e-05,0.009618074920093407,0.03085190190818187,-0.018478686799598687,-0.0373943562559838,-0.003100294462784386
EEF1D,0.1366471330572482,0.10087976568142065,0.20589381761411985,-0.006856497975464368,-0.024071813034766323,0.009483824657282494,-0.006574104662742943,-0.019798847576427747,-0.012214195901500115,-0.02968504456154731,0.010229169254978325,-0.008705240483411703,6.230503311882003e-05,0.009350906220661263,0.030261233154003073,-0.018166408433928503,-0.03660145104885418,-0.0032742979242716946
SLC45A4,0.1361769022143399,0.0998964323366708,0.203732114500421,-0.006477422542516929,-0.023777128151733017,0.005240743178472822,-0.004526939166513555,-0.01887360992746332,-0.016980626063126676,-0.0260189173913527,0.015694301894732934,-0.015147379754129497,0.000222811022337422,0.005259854802178597,0.025751782368059223,-0.012892301778683394,0.000281282959007421,-0.006258718678505281
RN7SKP226,0.14722000070899952,0.08844048082387121,0.18956150531566346,-0.005707382890310204,-0.015979438948608288,0.002495646269660409,-0.013606796296349944,-0.016049659432224757,-0.027228978395171223,-0.012998370962941872,0.016963969695759848,-0.028780790210550022,-0.008691196591103753,0.035687426216481674,-0.007639398807715913,0.02693708546480844,0.11673009117329125,0.004027434048882965
PYCRL,0.13646380588641574,0.10085851441063583,0.20585061912796337,-0.007027699104276337,-0.024615258519626957,0.009859355606468665,-0.006570796302810678,-0.01949686657597027,-0.011463692350246024,-0.029152937078864932,0.010417174016780285,-0.008418221354686522,9.566060308051373e-05,0.00964416542499176,0.030743966140382398,-0.01866005850624259,-0.037555463991666704,-0.0030401581762051996
PUF60,0.13549272992751635,0.09999761168857396,0.20628369087041906,-0.007006972673777028,-0.023802914386019405,0.00904601345209322,-0.008628271577587495,-0.02028640384094682,-0.010277252176261402,-0.028769486035060805,0.010566707005940413,-0.007847406528277055,0.00013182297307891521,0.008906002439290229,0.029643920809870897,-0.0204340333055216,-0.044440927056629415,-0.0024611329100142645
MROH6,0.13668090284533946,0.10084771165306236,0.20590574676705029,-0.006854240984330481,-0.024102073786352932,0.009458690750839856,-0.006598291030306772,-0.019836449348733406,-0.012103807969147904,-0.029624189453639253,0.010373759174802743,-0.008712558544211307,6.261559749020087e-05,0.009259294853888352,0.030033229537722795,-0.018222690273690896,-0.03662181133383735,-0.0032461295872246595
NAPRT1,0.13668090284533946,0.10084771165306236,0.20590574676705029,-0.006854240984330481,-0.024102073786352932,0.009458690750839856,-0.006598291030306772,-0.019836449348733406,-0.012103807969147904,-0.029624189453639253,0.010373759174802743,-0.008712558544211307,6.261559749020087e-05,0.009259294853888352,0.030033229537722795,-0.018222690273690896,-0.03662181133383735,-0.0032461295872246595
RHPN1,0.13589034765877595,0.10082343236572457,0.20497571885739785,-0.006152898324264857,-0.024112268990830507,0.008786876187456393,-0.005676603488655635,-0.01988787962030688,-0.015434541308969329,-0.028672332315646275,0.012688532739773616,-0.010035822929488947,4.332047450011435e-05,0.004808708679991212,0.030150166882256732,-0.017396034616762684,-0.024776772998967876,-0.003236873435891124
MIR548K,0.06862930635094629,0.0011386610988889936,0.011387823720707391,-0.027543814360267708,0.007355333510398835,-0.009811136920690145,-0.014000798899534714,0.00402471000709437,-0.01614822522557186,0.01300936585927159,0.0018934546283394151,-0.02273888150109522,0.021775501560389043,0.026505959207789764,-0.0845433712434916,0.046321251472057234,-0.024609114400367355,0.006752119276303645
GLIS3,-0.01123830403428115,-0.00018146010626910508,-0.00012129448647210507,-0.004307965659794043,0.0006929699370249765,0.2839712701552443,0.0602256019279081,0.059764732629938276,0.043813146992239704,0.02079996208500889,0.019502124322844448,-0.008491816761386514,0.0003681666170994105,-0.0001277812655224913,0.0002537032186955324,-0.013845094085059243,0.022716787024169103,0.0019066709846338363
SCRIB,0.13590164458052326,0.10017965345724865,0.20630808108892598,-0.0069154990888740395,-0.024134618759833065,0.00912110505436525,-0.008352758997488241,-0.020228253277167256,-0.010305112340183303,-0.029139270580155988,0.01060215627572446,-0.007895605350964823,0.00019637658681700564,0.008774179630609112,0.02968434100224117,-0.0201856272757164,-0.044306690354089226,-0.002695805557184608
MIR937,0.13555935194814506,0.10004500824902218,0.2062723677219016,-0.007033083706834523,-0.023962681574024466,0.009088469444671154,-0.008449195842526304,-0.02019839420537251,-0.010364957352591422,-0.028769538261674978,0.010669034233512904,-0.007771505539946364,0.00015954043937925526,0.00876950495099606,0.029833065542717613,-0.02033183935238623,-0.04386167885034186,-0.002514943479493711
CTTN,0.06807239750831767,0.0009070057540724682,0.011122559119876665,-0.02719286043003364,0.005981708069654675,-0.008629733129327969,-0.013430659899244435,0.0036611869286304988,-0.016290996559148053,0.013609273574974512,0.002376675184324606,-0.0227309970749264,0.021535040494758722,0.025577681289762233,-0.08157688066229457,0.04498765333483033,-0.022894605168150717,0.006911177246989819
CCDC26,0.14432605181252045,0.09072968739457152,0.1912551614449581,-0.00643115102393023,-0.021626103375926423,0.0011823696298829108,-0.01450716826051518,-0.014637551745675327,-0.02637893082543942,-0.018028164174029263,0.018280425683576164,-0.02669336632202604,-0.006205330199209569,0.03354739401667738,-0.0025026318104518965,0.020559996313162788,0.1116086026772951,0.0012402142781587277
CSMD3,0.13230811757667701,0.08787838259698644,0.17968154086811408,-0.006229093367145128,-0.015941141559867086,0.0015550478216861498,-0.01869563201956045,-0.01873223438306043,-0.023578936253975887,-0.008199578909095258,0.023323525851212657,-0.02756993757709324,-0.011939911081161436,0.03900726906509183,-0.012130995472008188,0.02973880204397949,0.10309924933587333,2.2790947152242786e-05
C8orf17,0.13490629925841413,0.09837276508903779,0.20255277108002828,-0.007433664634133534,-0.024532033197637786,0.006284071438057305,-0.007357674948373385,-0.017805567295180822,-0.017619591604890066,-0.024682406652995887,0.01637982476144875,-0.015734866923945524,4.99544135554084e-05,0.008940336120352185,0.0226117661592061,-0.007839088226842556,0.01618315610730631,-0.005183996399881764
FADD,0.06872027047997503,0.0007763290372180887,0.012588523542034366,-0.027670655874360198,0.008017864570737115,-0.010286044951238485,-0.013863436111577497,0.003740753831729809,-0.016462377582309038,0.013431507879304722,0.0017443598639678745,-0.02328463701479731,0.021994657262967565,0.026245871729506366,-0.0843149872474746,0.04590680525669728,-0.025589338080749733,0.0067503299306429995
KCNK9,0.13560992006808983,0.09909654495542605,0.20243053849124118,-0.0072507646526252505,-0.024579978086222247,0.004396857807282241,-0.008518787149798292,-0.01714498812260858,-0.01731060683376379,-0.02469921495865107,0.015310783099638677,-0.016056407706175477,-3.394265493395749e-05,0.009414080496427491,0.02054792034274074,-0.008104120533004603,0.018481584263428982,-0.004575913745079297
CCDC166,0.13657756477325636,0.10056596198385803,0.20637956088389123,-0.006611943764057437,-0.02422554367788315,0.008546316498239512,-0.007641316761099383,-0.02019218702012445,-0.010886490362437317,-0.029406705374205665,0.0105972546948469,-0.007708353243525086,8.86282608587122e-05,0.009510980506211264,0.03080701693565374,-0.01920984181560654,-0.042903181434122424,-0.0029749803133067567
FAM83H,0.13657756477325636,0.10056596198385803,0.20637956088389123,-0.006611943764057437,-0.02422554367788315,0.008546316498239512,-0.007641316761099383,-0.02019218702012445,-0.010886490362437317,-0.029406705374205665,0.0105972546948469,-0.007708353243525086,8.86282608587122e-05,0.009510980506211264,0.03080701693565374,-0.01920984181560654,-0.042903181434122424,-0.0029749803133067567
MAPK15,0.13657756477325636,0.10056596198385803,0.20637956088389123,-0.006611943764057437,-0.02422554367788315,0.008546316498239512,-0.007641316761099383,-0.02019218702012445,-0.010886490362437317,-0.029406705374205665,0.0105972546948469,-0.007708353243525086,8.86282608587122e-05,0.009510980506211264,0.03080701693565374,-0.01920984181560654,-0.042903181434122424,-0.0029749803133067567
MIR4664,0.13657756477325644,0.10056596198385809,0.2063795608838911,-0.0066119437640574305,-0.02422554367788313,0.00854631649823951,-0.007641316761099386,-0.020192187020124434,-0.010886490362437298,-0.02940670537420564,0.010597254694846889,-0.007708353243525101,8.862826085870788e-05,0.009510980506211308,0.030807016935653766,-0.019209841815606542,-0.04290318143412245,-0.002974980313306754
ZNF707,0.13657756477325636,0.10056596198385803,0.20637956088389123,-0.006611943764057437,-0.02422554367788315,0.008546316498239512,-0.007641316761099383,-0.02019218702012445,-0.010886490362437317,-0.029406705374205665,0.0105972546948469,-0.007708353243525086,8.86282608587122e-05,0.009510980506211264,0.03080701693565374,-0.01920984181560654,-0.042903181434122424,-0.0029749803133067567
IFNW1,-0.026024435725146393,0.002233022517018229,0.001332068363687001,0.0003581480414691851,-0.00027781746795770625,0.23592995382305337,0.055965421183163694,0.028280494802325182,0.02854176256247415,0.0062145685276607425,0.00823263032133669,0.0002794647662836769,0.0001634763140328823,7.02926470654159e-06,0.01362947514679283,0.0015488282128813956,0.0012408800908584553,-0.00023406325098173966
MAFA,0.13623676783226965,0.10113948665373473,0.20506509925778085,-0.006541790309455667,-0.023876347915126366,0.00879927911564866,-0.005837743200108569,-0.02009567811650209,-0.015065617078695966,-0.02890764565873117,0.012498982406432437,-0.010382984940212062,6.761826885378921e-05,0.004960750009654669,0.03068124177114144,-0.017773419557237546,-0.026742828378499728,-0.0035989558757144055
ZNF696,0.13677475515474732,0.10098400166898344,0.205861026182139,-0.007055607080917263,-0.02434782710107859,0.008416703795251387,-0.005723746302281865,-0.02009316629279714,-0.015748517123531886,-0.029195407209274164,0.013355881488662085,-0.011130388785893501,0.00028470724193265445,0.005265479148512235,0.03084725087931117,-0.015888945392556867,-0.019635432097358248,-0.0038092186444520127
GML,0.13666373396920584,0.10043189815153304,0.2062494798247344,-0.007004970499812687,-0.02326561435641625,0.005990345568363543,-0.006798059983619875,-0.019797165170155433,-0.015314540026893978,-0.029103090064490095,0.014267285157222994,-0.01211923668231891,0.0003417901151901353,0.003430783640485019,0.03004084559282229,-0.014513144465071988,-0.014585822859549426,-0.005166205228497682
CYP11B2,0.13666792072086603,0.10049327970586243,0.20624404763299453,-0.007216898274352598,-0.023307825347345684,0.005980402441527092,-0.006743053907093192,-0.019853991327324533,-0.015320777898272884,-0.02919415993057006,0.014086905904365577,-0.012212909032555338,0.0003671149008433587,0.0034529140277141618,0.02996580399948087,-0.014537452232057753,-0.014576204484205529,-0.005170828971053665
LY6H,0.13685271333838805,0.10056178111019777,0.20615989282286995,-0.007183683105156611,-0.023465501027406365,0.008109366737712714,-0.0064772593990774265,-0.020426138601812277,-0.014605658071968357,-0.02876368170228816,0.013497506139784692,-0.0113093354517105,0.00026852203804598736,0.005048213268444377,0.02997216848048394,-0.015994189978044342,-0.021265562253017557,-0.003660502771423202
CYP11B1,0.13666125965776765,0.10033240147920927,0.20634637040074766,-0.006957645562607442,-0.0232545472459778,0.006109762690721162,-0.006875649731011063,-0.019685150051936263,-0.015194267155501946,-0.0290834869229697,0.014205717777563942,-0.01212841978138261,0.0003584746660814655,0.0034010415824584114,0.029999991778668685,-0.014686630535473399,-0.014690363616897524,-0.004987261121272854
ZFP41,0.1373231626504165,0.10082440005040484,0.2059505986731211,-0.006902838670064566,-0.02387341577560255,0.008052955495985652,-0.005920185638632726,-0.020120351351355537,-0.015423014051129532,-0.02903308428883037,0.013076939705549387,-0.01126392269080231,0.00027068809856962023,0.005387247452099414,0.03035872236179078,-0.01613308132260793,-0.020979362744790474,-0.00374160895982647
GLI4,0.1373231626504165,0.10082440005040484,0.2059505986731211,-0.006902838670064566,-0.02387341577560255,0.008052955495985652,-0.005920185638632726,-0.020120351351355537,-0.015423014051129532,-0.02903308428883037,0.013076939705549387,-0.01126392269080231,0.00027068809856962023,0.005387247452099414,0.03035872236179078,-0.01613308132260793,-0.020979362744790474,-0.00374160895982647
C8orf31,0.13639706483391592,0.10090036296112884,0.2062677519775184,-0.006917434453952069,-0.023006319174640376,0.007475653316620043,-0.006438519811212504,-0.01984213229490801,-0.015421802435199888,-0.02918409297370644,0.013899503776547235,-0.011844522251507705,0.00029830360702408565,0.003903943849205558,0.029519915031193646,-0.01569873413938997,-0.017713406116956498,-0.004170204288146066
GPIHBP1,0.13738585991028981,0.10053242041238819,0.2058383124903422,-0.006885050453250788,-0.02362230720442638,0.008050684811041112,-0.00607822917789786,-0.020392055996780283,-0.015111001286956473,-0.028834421023733486,0.013115221375075635,-0.01153242591014928,0.00019389241115594458,0.005237293885473523,0.03060297764939414,-0.01581511584551034,-0.02065488977570786,-0.0037154032757400744
PARP8,0.02934290410450398,-0.0061792334598998275,0.0003340350667979731,0.010113257141663808,-0.000148488863338448,-1.0633460123562925e-05,-0.02655584958800931,-0.000283798149434256,0.012988392412323807,0.0035717667044576915,0.006995639685278996,-0.0028218899536495766,0.0003974413818353073,-0.008986153330171928,-0.005716262102839042,0.01617337199619546,0.00959509928802187,-0.0028791166553295295
MYEOV,0.06770758784641225,-0.00029312448998945946,0.016377627626047046,-0.01823510069073046,0.004562124674818154,-0.009544329295597308,-0.015257580302475517,0.0016613893061309325,-0.015423563135169462,0.016264355225831487,0.009604994067469981,-0.020187798467221227,0.01835293753502923,0.025016955201914156,-0.08260449718085863,0.04502081107242789,-0.022004643868000447,0.005786069273387415
CT64,0.2207891957657185,0.06742318165675139,-0.11506631489165989,0.02371726308389498,3.473456852553078e-05,0.00935464334062157,0.005061426219757618,-0.012743727864873206,-0.01830278014126659,-0.0200763625299687,0.011969724024984644,-0.005200177386141937,0.025451944629005737,0.008681646779144065,0.03651449967067547,0.007850483622188913,-0.00032813781150173966,-0.0076538774064241364
GPR20,0.1366713107812555,0.10073778113469778,0.20460586735718064,-0.006938256697458465,-0.022738906751293243,0.00542911803609937,-0.004681158368503131,-0.019353367619041877,-0.01688385466953294,-0.027695541161026946,0.015015381825069757,-0.01432312328070045,0.0006320388754042829,0.003723645783106416,0.027275400576925228,-0.013322437750459692,-0.0007023258035845098,-0.004563909504337883
LINC00051,0.1366713107812555,0.10073778113469778,0.20460586735718064,-0.006938256697458465,-0.022738906751293243,0.00542911803609937,-0.004681158368503131,-0.019353367619041877,-0.01688385466953294,-0.027695541161026946,0.015015381825069757,-0.01432312328070045,0.0006320388754042829,0.003723645783106416,0.027275400576925228,-0.013322437750459692,-0.0007023258035845098,-0.004563909504337883
MROH5,0.1366713107812555,0.10073778113469778,0.20460586735718064,-0.006938256697458465,-0.022738906751293243,0.00542911803609937,-0.004681158368503131,-0.019353367619041877,-0.01688385466953294,-0.027695541161026946,0.015015381825069757,-0.01432312328070045,0.0006320388754042829,0.003723645783106416,0.027275400576925228,-0.013322437750459692,-0.0007023258035845098,-0.004563909504337883
PTP4A3,0.1366713107812555,0.10073778113469778,0.20460586735718064,-0.006938256697458465,-0.022738906751293243,0.00542911803609937,-0.004681158368503131,-0.019353367619041877,-0.01688385466953294,-0.027695541161026946,0.015015381825069757,-0.01432312328070045,0.0006320388754042829,0.003723645783106416,0.027275400576925228,-0.013322437750459692,-0.0007023258035845098,-0.004563909504337883
SNORD5|ENSG00000238854.1,0.1366713107812555,0.10073778113469778,0.20460586735718064,-0.006938256697458465,-0.022738906751293243,0.00542911803609937,-0.004681158368503131,-0.019353367619041877,-0.01688385466953294,-0.027695541161026946,0.015015381825069757,-0.01432312328070045,0.0006320388754042829,0.003723645783106416,0.027275400576925228,-0.013322437750459692,-0.0007023258035845098,-0.004563909504337883
TSNARE1,0.1366713107812555,0.10073778113469778,0.20460586735718064,-0.006938256697458465,-0.022738906751293243,0.00542911803609937,-0.004681158368503131,-0.019353367619041877,-0.01688385466953294,-0.027695541161026946,0.015015381825069757,-0.01432312328070045,0.0006320388754042829,0.003723645783106416,0.027275400576925228,-0.013322437750459692,-0.0007023258035845098,-0.004563909504337883
BAI1,0.1362331059796013,0.10097029890864469,0.20575901709288946,-0.007312098913880112,-0.023319942115116656,0.005540203146311096,-0.005937835344322844,-0.019041354037014836,-0.015859466572299762,-0.028486916833037248,0.01476544371571288,-0.013564178279584914,0.0008078021001956717,0.0037173040377380243,0.029271277691463718,-0.013936146750171536,-0.011795320528081606,-0.004987221511473948
LPAR6,-0.03431539585756024,0.006408555672596947,0.00024690941593223767,0.014197267441431521,-0.08240509396172341,-0.013789760444970316,0.07384914153005492,0.09006118787828875,0.0019268066077538836,0.019284256028271995,-0.1536958834300591,0.02853651561987302,-0.05811466890908362,0.08851741231029449,0.0929897132903121,0.0410914488625208,0.0003506472622541539,-0.001002984099965675
ELAVL2,-0.02723194523463081,0.0008594110654919438,0.0008635367681024778,0.0020745786302782936,-5.840691985985541e-05,0.22486548048654695,0.05412653469806349,0.026560085329980873,0.02363634572778482,0.0027254852530564457,0.0018177158751910363,-0.0015543445774638368,-0.0024874901203382864,0.00014815567394189382,0.01970548959054954,0.0017441424390883668,0.0013564734491753065,-0.0004176146562933938
LY6E,0.13629928180724826,0.10055694089321462,0.20695086589699987,-0.007104262591463708,-0.023282840512370204,0.006875222587230253,-0.006662276964625909,-0.019149603711847926,-0.01507661909603326,-0.029003226975019475,0.01403206650836397,-0.011766364583733197,0.00038566436663534776,0.0041592478641625675,0.029618336342508534,-0.015238905861838806,-0.01649531373352555,-0.004490110381222334
ARC,0.1363713144073858,0.10040094082841519,0.2064326468638799,-0.00703871620058181,-0.023445936836891678,0.005563425045560645,-0.006298922458040273,-0.019034147535305235,-0.015096191174052755,-0.028801636508139366,0.01442596734282648,-0.013021292927962324,0.00045025288495054893,0.0037487218606817325,0.029799392801108267,-0.014270186470349019,-0.012733371660080216,-0.004976872126254827
FAM135B,0.13662580930108556,0.09802013196300564,0.20139066445222495,-0.00658040374908722,-0.024217714030543878,0.00554934569914639,-0.008560681076619208,-0.016434694765483773,-0.0170756381955185,-0.02330324074020817,0.015246005301735217,-0.01696454186510306,1.7534421414170993e-05,0.010518007380321959,0.019908790587054623,-0.005797685933302305,0.028394678827432802,-0.0007057725765257038
LY6K,0.1366636918352354,0.100506661979028,0.20669021317855135,-0.0068448160689606715,-0.02313217738482755,0.005808595400125464,-0.006314545138713646,-0.019062797470181757,-0.015197798094220194,-0.02847947574897832,0.014746492814019544,-0.012618179808286532,0.00040900956931276425,0.0035878189214466256,0.02974531094555576,-0.014604716861803143,-0.01389004709982426,-0.004954413020915175
COL22A1,0.13696816002063422,0.09755272801380797,0.2021933308192125,-0.006520350076143884,-0.024177618328741043,0.005488353303945424,-0.00949849241756952,-0.015957802706174338,-0.01816253159715838,-0.02273754910697469,0.014758316951048183,-0.016240535326431212,9.980882542572604e-05,0.011452065325851222,0.01963783607203146,-0.005642689676914573,0.026338506975066674,-0.0031569252863577505
PSCA,0.13670786366449159,0.10037573844592118,0.20672276997141492,-0.006805091932142868,-0.023172732065562463,0.005529341372906562,-0.006221467697756525,-0.019009602325904307,-0.015262041002326516,-0.028540560672236325,0.014624525900152105,-0.012506959755229323,0.0003836640114618708,0.003670092126864884,0.029805132563291398,-0.014705000017916315,-0.013760413920798884,-0.00495742639300376
THEM6,0.13666138727410151,0.10041891367731785,0.20675192370820145,-0.0068671149222721325,-0.023193014041700967,0.005628698047488771,-0.006337576816979226,-0.019063501967123378,-0.015253773641078452,-0.028483313196027926,0.01467471311465228,-0.012524670147912928,0.00039273406329337445,0.003642077517408955,0.02981019392930608,-0.014617562778121295,-0.013889560764550318,-0.004947500416731527
LY6D,0.1368289435129597,0.10033010284577544,0.20679467123025844,-0.006894453533555839,-0.02322537320808676,0.005934121584122974,-0.006492428009578853,-0.01899754128281628,-0.015195560325106978,-0.028591457650846846,0.014585182763537501,-0.012368687069099686,0.0005195243754995778,0.0039647381589923624,0.029920187923850098,-0.014807534534218507,-0.014770889872749353,-0.004805210938618117
LYNX1,0.1368289435129597,0.10033010284577544,0.20679467123025844,-0.006894453533555839,-0.02322537320808676,0.005934121584122974,-0.006492428009578853,-0.01899754128281628,-0.015195560325106978,-0.028591457650846846,0.014585182763537501,-0.012368687069099686,0.0005195243754995778,0.0039647381589923624,0.029920187923850098,-0.014807534534218507,-0.014770889872749353,-0.004805210938618117
JRK,0.13652921935586568,0.10045173161939923,0.20651685180143103,-0.007011746262144697,-0.02342528015616627,0.0055052749358686405,-0.0058310427470352035,-0.019304289427257884,-0.015199667798088842,-0.028552637302684706,0.014642210751796121,-0.012544147490909215,0.00030326587858274333,0.0034875509066501966,0.029979367408364783,-0.014664404602413224,-0.013846760715706641,-0.004986848863124419
SLITRK3,0.22457840780323743,0.06874102394360172,-0.11864602328273802,0.024511972067545577,5.218840006427964e-05,0.00871719504711847,0.004662977934578649,-0.013198797026239727,-0.018150243035927167,-0.019151441579898076,0.0134026079236019,-0.006927622983253784,0.024544460516505745,0.009161565719548154,0.0392510786639836,0.010118149423643846,2.6240512064217305e-05,-0.008125861123095955
SLURP1,0.13659769189941437,0.10035034902364767,0.20683311557564957,-0.00688681617409685,-0.023190406973108563,0.005623386628247027,-0.0064079426485129315,-0.019097394435635556,-0.01532066192748903,-0.028408411158123176,0.014682934883942903,-0.01241117285888094,0.000507129527800712,0.0036248728666133686,0.029906700576172847,-0.01470896998320608,-0.014121303967471873,-0.004873324526517146
LYPD2,0.13659769189941437,0.10035034902364767,0.20683311557564957,-0.00688681617409685,-0.023190406973108563,0.005623386628247027,-0.0064079426485129315,-0.019097394435635556,-0.01532066192748903,-0.028408411158123176,0.014682934883942903,-0.01241117285888094,0.000507129527800712,0.0036248728666133686,0.029906700576172847,-0.01470896998320608,-0.014121303967471873,-0.004873324526517146
ASAP1,0.14356155614732016,0.09301308049350489,0.19311917689551325,-0.006926630468138482,-0.021536239078811897,0.0034576165648041103,-0.013593088397306293,-0.015302329151129427,-0.025710236317729694,-0.018045914747512548,0.019496433777465707,-0.025584035920447896,-0.007019209304703476,0.03136112434870966,-4.005185841410525e-05,0.01948293830118588,0.10482485907533703,0.0006119234916303967
PIBF1,-0.006216697533444348,0.00036620670218518125,0.0022637566794147814,0.011287850338523794,-0.07432323468126746,-0.004130145453677735,0.06476494295126932,0.10674069618540723,-0.0070512603026347325,0.02646887600040392,-0.14858332025312596,0.03503167820736655,-0.06559340556314772,0.10252543752539557,0.13635694655253944,0.08520132668105132,-7.637327017086263e-05,-0.00013676530948114658
GPC6,-0.012216659385712807,-0.0017678839028618535,0.0059711796467023775,0.022762328852483665,-0.05597315897199765,0.00016751675751493512,0.07637829026706099,0.10050077765197461,-0.016193691383901268,0.01783208266885284,-0.12999113942752005,0.03528534129044756,-0.07299764682032535,0.11262141496799458,0.16915319327836645,0.11620913932619512,-0.0006226776902071656,-0.0013758893950770695
FOCAD,-0.025470160900212077,0.001929075350842875,0.0036058642418201324,-0.00045259210535508444,-0.00014007248054268435,0.2366640575320412,0.05518503307806569,0.03214045559808986,0.027946242062182977,0.00806175277058926,0.008837270414525944,-0.0003147982481288458,3.723361672849496e-05,-0.00033602855529460103,0.012378723991311331,0.00018530302876671871,0.001095065983718705,7.099346102740904e-05
ADCY8,0.14224298935377866,0.09383833498871867,0.19558467695954368,-0.007099189352321904,-0.021056823371918932,0.0045672947697544125,-0.013936752723693597,-0.015335521925419775,-0.02513040499311304,-0.018968686804330188,0.02027620752688546,-0.025070259739209243,-0.003918020985308147,0.028098710818526836,0.00011348000413971147,0.014953781602268502,0.09771437022588418,-0.0001687269418135597
SI,0.22516951941153646,0.06860798538980584,-0.11852455048485337,0.024298651217369037,4.1484419297335884e-05,0.008810936148696068,0.004857387013375751,-0.013472739102159719,-0.018487785391805237,-0.019330800655490123,0.013476645313393572,-0.00718451056761537,0.02456219743119628,0.009506576790229466,0.038869547918620705,0.010083469361643223,2.2554530492125144e-05,-0.008096106612106746
KLF12,-0.005844682198037107,0.0009536271547573151,0.004674468254752878,0.011117516797614595,-0.07193217368568941,-0.0019028170939523752,0.06366644845302505,0.10784086212704475,-0.00888540513137663,0.02633126826249739,-0.14969169925343911,0.03458043812992863,-0.06522184959793477,0.10289373692010104,0.13900453705368437,0.08934570460173431,0.00023136894202388652,-0.00031471414728104886
ZFAT,0.1407372566633088,0.09530940299147003,0.19821873695799214,-0.006898444805794741,-0.02347765165199275,0.00446469994426015,-0.013451422351263596,-0.0185298564866736,-0.02503498669128987,-0.01826621533033088,0.019161007448810424,-0.022253301765715182,-0.0032609176539173065,0.020140658733162918,0.008262323684653574,0.009863217039566887,0.07042482010211626,-0.00040475520006971283
FAM84B,0.1471453792471054,0.08885930363748933,0.18875244586312429,-0.0056384456436184074,-0.01845458738892919,0.0015301262244809676,-0.018277066222301547,-0.013991262404507135,-0.02769787745266555,-0.012266041147831055,0.017959720989515354,-0.03032893459172497,-0.011836196430246982,0.04145117846262794,-0.01051930862579727,0.030597993994798744,0.1258169969691851,8.26812923855999e-05
SAMD12,0.13768130280160612,0.08862922121475782,0.18492440154269027,-0.006296173927351498,-0.019320986617674823,0.0007142317675808362,-0.019368920355662955,-0.015372671969091874,-0.025609593591671156,-0.010257946061549951,0.02259291622441491,-0.029259056835571885,-0.01368416861057663,0.04143581571912795,-0.010847376870362689,0.03312583940521774,0.1212728611492495,-0.0012624063231783085
MIR720,0.22371929603656118,0.06738235079996589,-0.11685070007379035,0.02337164694890519,3.5691737414156465e-05,0.010142704922383516,0.003392396632251345,-0.013369851802784168,-0.018652805921407153,-0.01853555916574844,0.013835802914585459,-0.007053578077209087,0.026194381157368524,0.008646877954262807,0.03811350461400789,0.009909312055492074,6.939773123693597e-06,-0.007960226158820301
NSMCE2,0.14641215233537302,0.08974517950571466,0.1901163871261282,-0.006102958003400944,-0.019454721976323423,0.00295478233198736,-0.01794471065081432,-0.01464037044946875,-0.028054757553802264,-0.014473504277223234,0.01980776313803371,-0.030207769980463758,-0.011590182917375399,0.04120251014082799,-0.010616116399347553,0.032302736208508945,0.1276467961077024,8.7935722899336e-05
TG,0.14115047589552213,0.09517507209308541,0.19797402304298573,-0.006637994936786411,-0.022453444290603204,0.0036297848819891163,-0.013254964043999319,-0.018979117928396298,-0.027042249306646893,-0.01604914511672539,0.020858243647240756,-0.022485563160961817,-0.00177164650588438,0.021420820538901392,0.006747260836288892,0.011964598867973771,0.08016488076403308,-0.002416250276743125
ACP6,0.07963691845095816,0.005131091435531813,0.050966679092800005,0.14553784834135186,0.24311592040893226,2.1256525751665786e-13,2.883317625353681e-12,0.03823403162531484,-0.0023147575888951273,0.0020139396419957723,-0.05399573287202934,-0.004796555785334878,0.010518392199157598,7.048943527205975e-12,0.012638769466702116,-0.0017372354409024196,1.4324953630636573e-12,1.4591859848700589e-12
ANKRD20A12P,0.07963691845095816,0.005131091435531813,0.050966679092800005,0.14553784834135186,0.24311592040893226,2.1256525751665786e-13,2.883317625353681e-12,0.03823403162531484,-0.0023147575888951273,0.0020139396419957723,-0.05399573287202934,-0.004796555785334878,0.010518392199157598,7.048943527205975e-12,0.012638769466702116,-0.0017372354409024196,1.4324953630636573e-12,1.4591859848700589e-12
ANKRD34A,0.07963691845095816,0.005131091435531813,0.050966679092800005,0.14553784834135186,0.24311592040893226,2.1256525751665786e-13,2.883317625353681e-12,0.03823403162531484,-0.0023147575888951273,0.0020139396419957723,-0.05399573287202934,-0.004796555785334878,0.010518392199157598,7.048943527205975e-12,0.012638769466702116,-0.0017372354409024196,1.4324953630636573e-12,1.4591859848700589e-12
ANKRD35,0.07963691845095816,0.005131091435531813,0.050966679092800005,0.14553784834135186,0.24311592040893226,2.1256525751665786e-13,2.883317625353681e-12,0.03823403162531484,-0.0023147575888951273,0.0020139396419957723,-0.05399573287202934,-0.004796555785334878,0.010518392199157598,7.048943527205975e-12,0.012638769466702116,-0.0017372354409024196,1.4324953630636573e-12,1.4591859848700589e-12
BCL9,0.07963691845095816,0.005131091435531813,0.050966679092800005,0.14553784834135186,0.24311592040893226,2.1256525751665786e-13,2.883317625353681e-12,0.03823403162531484,-0.0023147575888951273,0.0020139396419957723,-0.05399573287202934,-0.004796555785334878,0.010518392199157598,7.048943527205975e-12,0.012638769466702116,-0.0017372354409024196,1.4324953630636573e-12,1.4591859848700589e-12
BOLA1,0.07963691845095816,0.005131091435531813,0.050966679092800005,0.14553784834135186,0.24311592040893226,2.1256525751665786e-13,2.883317625353681e-12,0.03823403162531484,-0.0023147575888951273,0.0020139396419957723,-0.05399573287202934,-0.004796555785334878,0.010518392199157598,7.048943527205975e-12,0.012638769466702116,-0.0017372354409024196,1.4324953630636573e-12,1.4591859848700589e-12
CD160,0.07963691845095816,0.005131091435531813,0.050966679092800005,0.14553784834135186,0.24311592040893226,2.1256525751665786e-13,2.883317625353681e-12,0.03823403162531484,-0.0023147575888951273,0.0020139396419957723,-0.05399573287202934,-0.004796555785334878,0.010518392199157598,7.048943527205975e-12,0.012638769466702116,-0.0017372354409024196,1.4324953630636573e-12,1.4591859848700589e-12
CHD1L,0.07963691845095816,0.005131091435531813,0.050966679092800005,0.14553784834135186,0.24311592040893226,2.1256525751665786e-13,2.883317625353681e-12,0.03823403162531484,-0.0023147575888951273,0.0020139396419957723,-0.05399573287202934,-0.004796555785334878,0.010518392199157598,7.048943527205975e-12,0.012638769466702116,-0.0017372354409024196,1.4324953630636573e-12,1.4591859848700589e-12
FAM72B,0.07963691845095816,0.005131091435531813,0.050966679092800005,0.14553784834135186,0.24311592040893226,2.1256525751665786e-13,2.883317625353681e-12,0.03823403162531484,-0.0023147575888951273,0.0020139396419957723,-0.05399573287202934,-0.004796555785334878,0.010518392199157598,7.048943527205975e-12,0.012638769466702116,-0.0017372354409024196,1.4324953630636573e-12,1.4591859848700589e-12
FAM72C,0.07963691845095816,0.005131091435531813,0.050966679092800005,0.14553784834135186,0.24311592040893226,2.1256525751665786e-13,2.883317625353681e-12,0.03823403162531484,-0.0023147575888951273,0.0020139396419957723,-0.05399573287202934,-0.004796555785334878,0.010518392199157598,7.048943527205975e-12,0.012638769466702116,-0.0017372354409024196,1.4324953630636573e-12,1.4591859848700589e-12
FAM72D,0.07963691845095816,0.005131091435531813,0.050966679092800005,0.14553784834135186,0.24311592040893226,2.1256525751665786e-13,2.883317625353681e-12,0.03823403162531484,-0.0023147575888951273,0.0020139396419957723,-0.05399573287202934,-0.004796555785334878,0.010518392199157598,7.048943527205975e-12,0.012638769466702116,-0.0017372354409024196,1.4324953630636573e-12,1.4591859848700589e-12
FCGR1A,0.07963691845095816,0.005131091435531813,0.050966679092800005,0.14553784834135186,0.24311592040893226,2.1256525751665786e-13,2.883317625353681e-12,0.03823403162531484,-0.0023147575888951273,0.0020139396419957723,-0.05399573287202934,-0.004796555785334878,0.010518392199157598,7.048943527205975e-12,0.012638769466702116,-0.0017372354409024196,1.4324953630636573e-12,1.4591859848700589e-12
FCGR1B,0.07963691845095816,0.005131091435531813,0.050966679092800005,0.14553784834135186,0.24311592040893226,2.1256525751665786e-13,2.883317625353681e-12,0.03823403162531484,-0.0023147575888951273,0.0020139396419957723,-0.05399573287202934,-0.004796555785334878,0.010518392199157598,7.048943527205975e-12,0.012638769466702116,-0.0017372354409024196,1.4324953630636573e-12,1.4591859848700589e-12
FCGR1C,0.07963691845095816,0.005131091435531813,0.050966679092800005,0.14553784834135186,0.24311592040893226,2.1256525751665786e-13,2.883317625353681e-12,0.03823403162531484,-0.0023147575888951273,0.0020139396419957723,-0.05399573287202934,-0.004796555785334878,0.010518392199157598,7.048943527205975e-12,0.012638769466702116,-0.0017372354409024196,1.4324953630636573e-12,1.4591859848700589e-12
FMO5,0.07963691845095816,0.005131091435531813,0.050966679092800005,0.14553784834135186,0.24311592040893226,2.1256525751665786e-13,2.883317625353681e-12,0.03823403162531484,-0.0023147575888951273,0.0020139396419957723,-0.05399573287202934,-0.004796555785334878,0.010518392199157598,7.048943527205975e-12,0.012638769466702116,-0.0017372354409024196,1.4324953630636573e-12,1.4591859848700589e-12
GJA5,0.07963691845095816,0.005131091435531813,0.050966679092800005,0.14553784834135186,0.24311592040893226,2.1256525751665786e-13,2.883317625353681e-12,0.03823403162531484,-0.0023147575888951273,0.0020139396419957723,-0.05399573287202934,-0.004796555785334878,0.010518392199157598,7.048943527205975e-12,0.012638769466702116,-0.0017372354409024196,1.4324953630636573e-12,1.4591859848700589e-12
GJA8,0.07963691845095816,0.005131091435531813,0.050966679092800005,0.14553784834135186,0.24311592040893226,2.1256525751665786e-13,2.883317625353681e-12,0.03823403162531484,-0.0023147575888951273,0.0020139396419957723,-0.05399573287202934,-0.004796555785334878,0.010518392199157598,7.048943527205975e-12,0.012638769466702116,-0.0017372354409024196,1.4324953630636573e-12,1.4591859848700589e-12
GNRHR2,0.07963691845095816,0.005131091435531813,0.050966679092800005,0.14553784834135186,0.24311592040893226,2.1256525751665786e-13,2.883317625353681e-12,0.03823403162531484,-0.0023147575888951273,0.0020139396419957723,-0.05399573287202934,-0.004796555785334878,0.010518392199157598,7.048943527205975e-12,0.012638769466702116,-0.0017372354409024196,1.4324953630636573e-12,1.4591859848700589e-12
GPR89A,0.07963691845095816,0.005131091435531813,0.050966679092800005,0.14553784834135186,0.24311592040893226,2.1256525751665786e-13,2.883317625353681e-12,0.03823403162531484,-0.0023147575888951273,0.0020139396419957723,-0.05399573287202934,-0.004796555785334878,0.010518392199157598,7.048943527205975e-12,0.012638769466702116,-0.0017372354409024196,1.4324953630636573e-12,1.4591859848700589e-12
GPR89B,0.07963691845095816,0.005131091435531813,0.050966679092800005,0.14553784834135186,0.24311592040893226,2.1256525751665786e-13,2.883317625353681e-12,0.03823403162531484,-0.0023147575888951273,0.0020139396419957723,-0.05399573287202934,-0.004796555785334878,0.010518392199157598,7.048943527205975e-12,0.012638769466702116,-0.0017372354409024196,1.4324953630636573e-12,1.4591859848700589e-12
GPR89C,0.07963691845095816,0.005131091435531813,0.050966679092800005,0.14553784834135186,0.24311592040893226,2.1256525751665786e-13,2.883317625353681e-12,0.03823403162531484,-0.0023147575888951273,0.0020139396419957723,-0.05399573287202934,-0.004796555785334878,0.010518392199157598,7.048943527205975e-12,0.012638769466702116,-0.0017372354409024196,1.4324953630636573e-12,1.4591859848700589e-12
HFE2,0.07963691845095816,0.005131091435531813,0.050966679092800005,0.14553784834135186,0.24311592040893226,2.1256525751665786e-13,2.883317625353681e-12,0.03823403162531484,-0.0023147575888951273,0.0020139396419957723,-0.05399573287202934,-0.004796555785334878,0.010518392199157598,7.048943527205975e-12,0.012638769466702116,-0.0017372354409024196,1.4324953630636573e-12,1.4591859848700589e-12
HIST2H2AA3,0.07963691845095816,0.005131091435531813,0.050966679092800005,0.14553784834135186,0.24311592040893226,2.1256525751665786e-13,2.883317625353681e-12,0.03823403162531484,-0.0023147575888951273,0.0020139396419957723,-0.05399573287202934,-0.004796555785334878,0.010518392199157598,7.048943527205975e-12,0.012638769466702116,-0.0017372354409024196,1.4324953630636573e-12,1.4591859848700589e-12
HIST2H2AA4,0.07963691845095816,0.005131091435531813,0.050966679092800005,0.14553784834135186,0.24311592040893226,2.1256525751665786e-13,2.883317625353681e-12,0.03823403162531484,-0.0023147575888951273,0.0020139396419957723,-0.05399573287202934,-0.004796555785334878,0.010518392199157598,7.048943527205975e-12,0.012638769466702116,-0.0017372354409024196,1.4324953630636573e-12,1.4591859848700589e-12
HIST2H2AB,0.07963691845095816,0.005131091435531813,0.050966679092800005,0.14553784834135186,0.24311592040893226,2.1256525751665786e-13,2.883317625353681e-12,0.03823403162531484,-0.0023147575888951273,0.0020139396419957723,-0.05399573287202934,-0.004796555785334878,0.010518392199157598,7.048943527205975e-12,0.012638769466702116,-0.0017372354409024196,1.4324953630636573e-12,1.4591859848700589e-12
HIST2H2AC,0.07963691845095816,0.005131091435531813,0.050966679092800005,0.14553784834135186,0.24311592040893226,2.1256525751665786e-13,2.883317625353681e-12,0.03823403162531484,-0.0023147575888951273,0.0020139396419957723,-0.05399573287202934,-0.004796555785334878,0.010518392199157598,7.048943527205975e-12,0.012638769466702116,-0.0017372354409024196,1.4324953630636573e-12,1.4591859848700589e-12
HIST2H2BA,0.07963691845095816,0.005131091435531813,0.050966679092800005,0.14553784834135186,0.24311592040893226,2.1256525751665786e-13,2.883317625353681e-12,0.03823403162531484,-0.0023147575888951273,0.0020139396419957723,-0.05399573287202934,-0.004796555785334878,0.010518392199157598,7.048943527205975e-12,0.012638769466702116,-0.0017372354409024196,1.4324953630636573e-12,1.4591859848700589e-12
HIST2H2BE,0.07963691845095816,0.005131091435531813,0.050966679092800005,0.14553784834135186,0.24311592040893226,2.1256525751665786e-13,2.883317625353681e-12,0.03823403162531484,-0.0023147575888951273,0.0020139396419957723,-0.05399573287202934,-0.004796555785334878,0.010518392199157598,7.048943527205975e-12,0.012638769466702116,-0.0017372354409024196,1.4324953630636573e-12,1.4591859848700589e-12
HIST2H2BF,0.07963691845095816,0.005131091435531813,0.050966679092800005,0.14553784834135186,0.24311592040893226,2.1256525751665786e-13,2.883317625353681e-12,0.03823403162531484,-0.0023147575888951273,0.0020139396419957723,-0.05399573287202934,-0.004796555785334878,0.010518392199157598,7.048943527205975e-12,0.012638769466702116,-0.0017372354409024196,1.4324953630636573e-12,1.4591859848700589e-12
HIST2H3A,0.07963691845095816,0.005131091435531813,0.050966679092800005,0.14553784834135186,0.24311592040893226,2.1256525751665786e-13,2.883317625353681e-12,0.03823403162531484,-0.0023147575888951273,0.0020139396419957723,-0.05399573287202934,-0.004796555785334878,0.010518392199157598,7.048943527205975e-12,0.012638769466702116,-0.0017372354409024196,1.4324953630636573e-12,1.4591859848700589e-12
HIST2H3C,0.07963691845095816,0.005131091435531813,0.050966679092800005,0.14553784834135186,0.24311592040893226,2.1256525751665786e-13,2.883317625353681e-12,0.03823403162531484,-0.0023147575888951273,0.0020139396419957723,-0.05399573287202934,-0.004796555785334878,0.010518392199157598,7.048943527205975e-12,0.012638769466702116,-0.0017372354409024196,1.4324953630636573e-12,1.4591859848700589e-12
HIST2H3D,0.07963691845095812,0.005131091435531818,0.050966679092800005,0.1455378483413519,0.24311592040893226,2.1256525692252112e-13,2.883317634055408e-12,0.038234031625314836,-0.0023147575888951095,0.002013939641995832,-0.053995732872029384,-0.004796555785334866,0.010518392199157605,7.048943536105748e-12,0.012638769466702232,-0.0017372354409023983,1.4324953658017025e-12,1.4591859867445424e-12
HIST2H4A,0.07963691845095816,0.005131091435531813,0.050966679092800005,0.14553784834135186,0.24311592040893226,2.1256525751665786e-13,2.883317625353681e-12,0.03823403162531484,-0.0023147575888951273,0.0020139396419957723,-0.05399573287202934,-0.004796555785334878,0.010518392199157598,7.048943527205975e-12,0.012638769466702116,-0.0017372354409024196,1.4324953630636573e-12,1.4591859848700589e-12
HIST2H4B,0.07963691845095816,0.005131091435531813,0.050966679092800005,0.14553784834135186,0.24311592040893226,2.1256525751665786e-13,2.883317625353681e-12,0.03823403162531484,-0.0023147575888951273,0.0020139396419957723,-0.05399573287202934,-0.004796555785334878,0.010518392199157598,7.048943527205975e-12,0.012638769466702116,-0.0017372354409024196,1.4324953630636573e-12,1.4591859848700589e-12
HYDIN2,0.07963691845095816,0.005131091435531813,0.050966679092800005,0.14553784834135186,0.24311592040893226,2.1256525751665786e-13,2.883317625353681e-12,0.03823403162531484,-0.0023147575888951273,0.0020139396419957723,-0.05399573287202934,-0.004796555785334878,0.010518392199157598,7.048943527205975e-12,0.012638769466702116,-0.0017372354409024196,1.4324953630636573e-12,1.4591859848700589e-12
ITGA10,0.07963691845095816,0.005131091435531813,0.050966679092800005,0.14553784834135186,0.24311592040893226,2.1256525751665786e-13,2.883317625353681e-12,0.03823403162531484,-0.0023147575888951273,0.0020139396419957723,-0.05399573287202934,-0.004796555785334878,0.010518392199157598,7.048943527205975e-12,0.012638769466702116,-0.0017372354409024196,1.4324953630636573e-12,1.4591859848700589e-12
LINC00623,0.07963691845095816,0.005131091435531813,0.050966679092800005,0.14553784834135186,0.24311592040893226,2.1256525751665786e-13,2.883317625353681e-12,0.03823403162531484,-0.0023147575888951273,0.0020139396419957723,-0.05399573287202934,-0.004796555785334878,0.010518392199157598,7.048943527205975e-12,0.012638769466702116,-0.0017372354409024196,1.4324953630636573e-12,1.4591859848700589e-12
LINC00624,0.07963691845095816,0.005131091435531813,0.050966679092800005,0.14553784834135186,0.24311592040893226,2.1256525751665786e-13,2.883317625353681e-12,0.03823403162531484,-0.0023147575888951273,0.0020139396419957723,-0.05399573287202934,-0.004796555785334878,0.010518392199157598,7.048943527205975e-12,0.012638769466702116,-0.0017372354409024196,1.4324953630636573e-12,1.4591859848700589e-12
LIX1L,0.07963691845095816,0.005131091435531813,0.050966679092800005,0.14553784834135186,0.24311592040893226,2.1256525751665786e-13,2.883317625353681e-12,0.03823403162531484,-0.0023147575888951273,0.0020139396419957723,-0.05399573287202934,-0.004796555785334878,0.010518392199157598,7.048943527205975e-12,0.012638769466702116,-0.0017372354409024196,1.4324953630636573e-12,1.4591859848700589e-12
NBPF10,0.07963691845095816,0.005131091435531813,0.050966679092800005,0.14553784834135186,0.24311592040893226,2.1256525751665786e-13,2.883317625353681e-12,0.03823403162531484,-0.0023147575888951273,0.0020139396419957723,-0.05399573287202934,-0.004796555785334878,0.010518392199157598,7.048943527205975e-12,0.012638769466702116,-0.0017372354409024196,1.4324953630636573e-12,1.4591859848700589e-12
NBPF11,0.07963691845095816,0.005131091435531813,0.050966679092800005,0.14553784834135186,0.24311592040893226,2.1256525751665786e-13,2.883317625353681e-12,0.03823403162531484,-0.0023147575888951273,0.0020139396419957723,-0.05399573287202934,-0.004796555785334878,0.010518392199157598,7.048943527205975e-12,0.012638769466702116,-0.0017372354409024196,1.4324953630636573e-12,1.4591859848700589e-12
NBPF12,0.07963691845095816,0.005131091435531813,0.050966679092800005,0.14553784834135186,0.24311592040893226,2.1256525751665786e-13,2.883317625353681e-12,0.03823403162531484,-0.0023147575888951273,0.0020139396419957723,-0.05399573287202934,-0.004796555785334878,0.010518392199157598,7.048943527205975e-12,0.012638769466702116,-0.0017372354409024196,1.4324953630636573e-12,1.4591859848700589e-12
NBPF14,0.07963691845095816,0.005131091435531813,0.050966679092800005,0.14553784834135186,0.24311592040893226,2.1256525751665786e-13,2.883317625353681e-12,0.03823403162531484,-0.0023147575888951273,0.0020139396419957723,-0.05399573287202934,-0.004796555785334878,0.010518392199157598,7.048943527205975e-12,0.012638769466702116,-0.0017372354409024196,1.4324953630636573e-12,1.4591859848700589e-12
NBPF15,0.07963691845095816,0.005131091435531813,0.050966679092800005,0.14553784834135186,0.24311592040893226,2.1256525751665786e-13,2.883317625353681e-12,0.03823403162531484,-0.0023147575888951273,0.0020139396419957723,-0.05399573287202934,-0.004796555785334878,0.010518392199157598,7.048943527205975e-12,0.012638769466702116,-0.0017372354409024196,1.4324953630636573e-12,1.4591859848700589e-12
NBPF16,0.07963691845095816,0.005131091435531813,0.050966679092800005,0.14553784834135186,0.24311592040893226,2.1256525751665786e-13,2.883317625353681e-12,0.03823403162531484,-0.0023147575888951273,0.0020139396419957723,-0.05399573287202934,-0.004796555785334878,0.010518392199157598,7.048943527205975e-12,0.012638769466702116,-0.0017372354409024196,1.4324953630636573e-12,1.4591859848700589e-12
NBPF20,0.07963691845095816,0.005131091435531813,0.050966679092800005,0.14553784834135186,0.24311592040893226,2.1256525751665786e-13,2.883317625353681e-12,0.03823403162531484,-0.0023147575888951273,0.0020139396419957723,-0.05399573287202934,-0.004796555785334878,0.010518392199157598,7.048943527205975e-12,0.012638769466702116,-0.0017372354409024196,1.4324953630636573e-12,1.4591859848700589e-12
NBPF24,0.07963691845095816,0.005131091435531813,0.050966679092800005,0.14553784834135186,0.24311592040893226,2.1256525751665786e-13,2.883317625353681e-12,0.03823403162531484,-0.0023147575888951273,0.0020139396419957723,-0.05399573287202934,-0.004796555785334878,0.010518392199157598,7.048943527205975e-12,0.012638769466702116,-0.0017372354409024196,1.4324953630636573e-12,1.4591859848700589e-12
NBPF8,0.07963691845095816,0.005131091435531813,0.050966679092800005,0.14553784834135186,0.24311592040893226,2.1256525751665786e-13,2.883317625353681e-12,0.03823403162531484,-0.0023147575888951273,0.0020139396419957723,-0.05399573287202934,-0.004796555785334878,0.010518392199157598,7.048943527205975e-12,0.012638769466702116,-0.0017372354409024196,1.4324953630636573e-12,1.4591859848700589e-12
NBPF9,0.07963691845095816,0.005131091435531813,0.050966679092800005,0.14553784834135186,0.24311592040893226,2.1256525751665786e-13,2.883317625353681e-12,0.03823403162531484,-0.0023147575888951273,0.0020139396419957723,-0.05399573287202934,-0.004796555785334878,0.010518392199157598,7.048943527205975e-12,0.012638769466702116,-0.0017372354409024196,1.4324953630636573e-12,1.4591859848700589e-12
NOTCH2NL,0.07963691845095816,0.005131091435531813,0.050966679092800005,0.14553784834135186,0.24311592040893226,2.1256525751665786e-13,2.883317625353681e-12,0.03823403162531484,-0.0023147575888951273,0.0020139396419957723,-0.05399573287202934,-0.004796555785334878,0.010518392199157598,7.048943527205975e-12,0.012638769466702116,-0.0017372354409024196,1.4324953630636573e-12,1.4591859848700589e-12
NUDT17,0.07963691845095816,0.005131091435531813,0.050966679092800005,0.14553784834135186,0.24311592040893226,2.1256525751665786e-13,2.883317625353681e-12,0.03823403162531484,-0.0023147575888951273,0.0020139396419957723,-0.05399573287202934,-0.004796555785334878,0.010518392199157598,7.048943527205975e-12,0.012638769466702116,-0.0017372354409024196,1.4324953630636573e-12,1.4591859848700589e-12
PDE4DIP,0.07963691845095816,0.005131091435531813,0.050966679092800005,0.14553784834135186,0.24311592040893226,2.1256525751665786e-13,2.883317625353681e-12,0.03823403162531484,-0.0023147575888951273,0.0020139396419957723,-0.05399573287202934,-0.004796555785334878,0.010518392199157598,7.048943527205975e-12,0.012638769466702116,-0.0017372354409024196,1.4324953630636573e-12,1.4591859848700589e-12
PDZK1P1,0.07963691845095816,0.005131091435531813,0.050966679092800005,0.14553784834135186,0.24311592040893226,2.1256525751665786e-13,2.883317625353681e-12,0.03823403162531484,-0.0023147575888951273,0.0020139396419957723,-0.05399573287202934,-0.004796555785334878,0.010518392199157598,7.048943527205975e-12,0.012638769466702116,-0.0017372354409024196,1.4324953630636573e-12,1.4591859848700589e-12
PDZK1,0.07963691845095816,0.005131091435531813,0.050966679092800005,0.14553784834135186,0.24311592040893226,2.1256525751665786e-13,2.883317625353681e-12,0.03823403162531484,-0.0023147575888951273,0.0020139396419957723,-0.05399573287202934,-0.004796555785334878,0.010518392199157598,7.048943527205975e-12,0.012638769466702116,-0.0017372354409024196,1.4324953630636573e-12,1.4591859848700589e-12
PEX11B,0.07963691845095816,0.005131091435531813,0.050966679092800005,0.14553784834135186,0.24311592040893226,2.1256525751665786e-13,2.883317625353681e-12,0.03823403162531484,-0.0023147575888951273,0.0020139396419957723,-0.05399573287202934,-0.004796555785334878,0.010518392199157598,7.048943527205975e-12,0.012638769466702116,-0.0017372354409024196,1.4324953630636573e-12,1.4591859848700589e-12
PIAS3,0.07963691845095816,0.005131091435531813,0.050966679092800005,0.14553784834135186,0.24311592040893226,2.1256525751665786e-13,2.883317625353681e-12,0.03823403162531484,-0.0023147575888951273,0.0020139396419957723,-0.05399573287202934,-0.004796555785334878,0.010518392199157598,7.048943527205975e-12,0.012638769466702116,-0.0017372354409024196,1.4324953630636573e-12,1.4591859848700589e-12
POLR3C,0.07963691845095816,0.005131091435531813,0.050966679092800005,0.14553784834135186,0.24311592040893226,2.1256525751665786e-13,2.883317625353681e-12,0.03823403162531484,-0.0023147575888951273,0.0020139396419957723,-0.05399573287202934,-0.004796555785334878,0.010518392199157598,7.048943527205975e-12,0.012638769466702116,-0.0017372354409024196,1.4324953630636573e-12,1.4591859848700589e-12
POLR3GL,0.07963691845095816,0.005131091435531813,0.050966679092800005,0.14553784834135186,0.24311592040893226,2.1256525751665786e-13,2.883317625353681e-12,0.03823403162531484,-0.0023147575888951273,0.0020139396419957723,-0.05399573287202934,-0.004796555785334878,0.010518392199157598,7.048943527205975e-12,0.012638769466702116,-0.0017372354409024196,1.4324953630636573e-12,1.4591859848700589e-12
PPIAL4A,0.07963691845095816,0.005131091435531813,0.050966679092800005,0.14553784834135186,0.24311592040893226,2.1256525751665786e-13,2.883317625353681e-12,0.03823403162531484,-0.0023147575888951273,0.0020139396419957723,-0.05399573287202934,-0.004796555785334878,0.010518392199157598,7.048943527205975e-12,0.012638769466702116,-0.0017372354409024196,1.4324953630636573e-12,1.4591859848700589e-12
PPIAL4B,0.07963691845095816,0.005131091435531813,0.050966679092800005,0.14553784834135186,0.24311592040893226,2.1256525751665786e-13,2.883317625353681e-12,0.03823403162531484,-0.0023147575888951273,0.0020139396419957723,-0.05399573287202934,-0.004796555785334878,0.010518392199157598,7.048943527205975e-12,0.012638769466702116,-0.0017372354409024196,1.4324953630636573e-12,1.4591859848700589e-12
PPIAL4C,0.07963691845095816,0.005131091435531813,0.050966679092800005,0.14553784834135186,0.24311592040893226,2.1256525751665786e-13,2.883317625353681e-12,0.03823403162531484,-0.0023147575888951273,0.0020139396419957723,-0.05399573287202934,-0.004796555785334878,0.010518392199157598,7.048943527205975e-12,0.012638769466702116,-0.0017372354409024196,1.4324953630636573e-12,1.4591859848700589e-12
PPIAL4D,0.07963691845095816,0.005131091435531813,0.050966679092800005,0.14553784834135186,0.24311592040893226,2.1256525751665786e-13,2.883317625353681e-12,0.03823403162531484,-0.0023147575888951273,0.0020139396419957723,-0.05399573287202934,-0.004796555785334878,0.010518392199157598,7.048943527205975e-12,0.012638769466702116,-0.0017372354409024196,1.4324953630636573e-12,1.4591859848700589e-12
PPIAL4G,0.07963691845095816,0.005131091435531813,0.050966679092800005,0.14553784834135186,0.24311592040893226,2.1256525751665786e-13,2.883317625353681e-12,0.03823403162531484,-0.0023147575888951273,0.0020139396419957723,-0.05399573287202934,-0.004796555785334878,0.010518392199157598,7.048943527205975e-12,0.012638769466702116,-0.0017372354409024196,1.4324953630636573e-12,1.4591859848700589e-12
PRKAB2,0.07963691845095816,0.005131091435531813,0.050966679092800005,0.14553784834135186,0.24311592040893226,2.1256525751665786e-13,2.883317625353681e-12,0.03823403162531484,-0.0023147575888951273,0.0020139396419957723,-0.05399573287202934,-0.004796555785334878,0.010518392199157598,7.048943527205975e-12,0.012638769466702116,-0.0017372354409024196,1.4324953630636573e-12,1.4591859848700589e-12
RBM8A,0.07963691845095816,0.005131091435531813,0.050966679092800005,0.14553784834135186,0.24311592040893226,2.1256525751665786e-13,2.883317625353681e-12,0.03823403162531484,-0.0023147575888951273,0.0020139396419957723,-0.05399573287202934,-0.004796555785334878,0.010518392199157598,7.048943527205975e-12,0.012638769466702116,-0.0017372354409024196,1.4324953630636573e-12,1.4591859848700589e-12
RN7SKP88,0.07963691845095816,0.005131091435531813,0.050966679092800005,0.14553784834135186,0.24311592040893226,2.1256525751665786e-13,2.883317625353681e-12,0.03823403162531484,-0.0023147575888951273,0.0020139396419957723,-0.05399573287202934,-0.004796555785334878,0.010518392199157598,7.048943527205975e-12,0.012638769466702116,-0.0017372354409024196,1.4324953630636573e-12,1.4591859848700589e-12
RN7SL261P,0.07963691845095816,0.005131091435531813,0.050966679092800005,0.14553784834135186,0.24311592040893226,2.1256525751665786e-13,2.883317625353681e-12,0.03823403162531484,-0.0023147575888951273,0.0020139396419957723,-0.05399573287202934,-0.004796555785334878,0.010518392199157598,7.048943527205975e-12,0.012638769466702116,-0.0017372354409024196,1.4324953630636573e-12,1.4591859848700589e-12
RNA5SP57,0.07963691845095816,0.005131091435531813,0.050966679092800005,0.14553784834135186,0.24311592040893226,2.1256525751665786e-13,2.883317625353681e-12,0.03823403162531484,-0.0023147575888951273,0.0020139396419957723,-0.05399573287202934,-0.004796555785334878,0.010518392199157598,7.048943527205975e-12,0.012638769466702116,-0.0017372354409024196,1.4324953630636573e-12,1.4591859848700589e-12
RNA5SP58,0.07963691845095816,0.005131091435531813,0.050966679092800005,0.14553784834135186,0.24311592040893226,2.1256525751665786e-13,2.883317625353681e-12,0.03823403162531484,-0.0023147575888951273,0.0020139396419957723,-0.05399573287202934,-0.004796555785334878,0.010518392199157598,7.048943527205975e-12,0.012638769466702116,-0.0017372354409024196,1.4324953630636573e-12,1.4591859848700589e-12
RNA5SP59,0.07963691845095816,0.005131091435531813,0.050966679092800005,0.14553784834135186,0.24311592040893226,2.1256525751665786e-13,2.883317625353681e-12,0.03823403162531484,-0.0023147575888951273,0.0020139396419957723,-0.05399573287202934,-0.004796555785334878,0.010518392199157598,7.048943527205975e-12,0.012638769466702116,-0.0017372354409024196,1.4324953630636573e-12,1.4591859848700589e-12
RNF115,0.07963691845095816,0.005131091435531813,0.050966679092800005,0.14553784834135186,0.24311592040893226,2.1256525751665786e-13,2.883317625353681e-12,0.03823403162531484,-0.0023147575888951273,0.0020139396419957723,-0.05399573287202934,-0.004796555785334878,0.010518392199157598,7.048943527205975e-12,0.012638769466702116,-0.0017372354409024196,1.4324953630636573e-12,1.4591859848700589e-12
SEC22B,0.07963691845095816,0.005131091435531813,0.050966679092800005,0.14553784834135186,0.24311592040893226,2.1256525751665786e-13,2.883317625353681e-12,0.03823403162531484,-0.0023147575888951273,0.0020139396419957723,-0.05399573287202934,-0.004796555785334878,0.010518392199157598,7.048943527205975e-12,0.012638769466702116,-0.0017372354409024196,1.4324953630636573e-12,1.4591859848700589e-12
SRGAP2B,0.07963691845095812,0.005131091435531818,0.050966679092800005,0.1455378483413519,0.24311592040893226,2.1256525692252112e-13,2.883317634055408e-12,0.038234031625314836,-0.0023147575888951095,0.002013939641995832,-0.053995732872029384,-0.004796555785334866,0.010518392199157605,7.048943536105748e-12,0.012638769466702232,-0.0017372354409023983,1.4324953658017025e-12,1.4591859867445424e-12
TXNIP,0.07963691845095816,0.005131091435531813,0.050966679092800005,0.14553784834135186,0.24311592040893226,2.1256525751665786e-13,2.883317625353681e-12,0.03823403162531484,-0.0023147575888951273,0.0020139396419957723,-0.05399573287202934,-0.004796555785334878,0.010518392199157598,7.048943527205975e-12,0.012638769466702116,-0.0017372354409024196,1.4324953630636573e-12,1.4591859848700589e-12
MIR1263,0.22284875313961783,0.06779519505392154,-0.11699617904738217,0.02380475406283788,1.9291363903335883e-05,0.00990812139207253,0.0035168668673647555,-0.012700715409941004,-0.018258141002766518,-0.01831665738447057,0.01333406277203443,-0.0055547473609519485,0.02553018115021594,0.008385113308323979,0.037454152890193625,0.00924871321613046,-4.0966396911032816e-05,-0.007325560175106022
EXT1,0.1369149132201337,0.08956161856322091,0.18618840085114355,-0.0055425037620522285,-0.018966158151722593,0.0005275653778956689,-0.018011908283971683,-0.016141076158160045,-0.025817146684483955,-0.009453897406996918,0.02231611105537032,-0.028652797825492227,-0.01192347957799742,0.03943637284995685,-0.010868723514576437,0.031874503538664306,0.11453958213009603,-0.0007658351751416881
KHDRBS3,0.14004768332150114,0.09646453597290985,0.19954686987453843,-0.007045812709197264,-0.02190231488160929,0.005364540107354149,-0.011779940462496844,-0.01857142835302203,-0.023886890646476172,-0.017517508626618272,0.01942728464474496,-0.01970139552106975,-0.00014817659692276968,0.015936370921085918,0.014521159883196931,0.0057962104681620035,0.06072560171187952,-0.0004236463882971834
KCNQ3,0.14142198947753867,0.09448898656451615,0.19631688318638615,-0.007299917007352186,-0.021880100302705624,0.004380949305530091,-0.014205467009352851,-0.01794677825536947,-0.02483782568465611,-0.017302292762317675,0.01990928413890943,-0.02413675623495899,-0.002385165247493549,0.02423195271589203,0.006375537011371017,0.013717569356221168,0.08857993444319105,-0.00019283991242382756
LINC00861,0.1466613980894719,0.08971522647417354,0.18978217470268552,-0.005727620938495201,-0.017920098822829588,0.0003050726309422386,-0.017506889958676063,-0.014922609179713588,-0.028117155444966922,-0.013309618727942696,0.01820466922366494,-0.030635589621190257,-0.011097046701008504,0.04076057591083894,-0.0106092497170507,0.030430649347560446,0.12608825613962496,0.0003835448149978182
SNORA25|ENSG00000251744.1,0.13645122473311488,0.09941677326882466,0.20270913200165885,-0.007485931585661463,-0.023824179213675616,0.006354448999754632,-0.008325091968394246,-0.016160934829537787,-0.01886828635823361,-0.024056917142676288,0.01537709601747415,-0.015782110906563295,0.001082022834763599,0.009912532901459738,0.020876140884661196,-0.006453057082974104,0.022451945399124866,-0.00386638404669293
FAM49B,0.14496801014815297,0.09287212083276662,0.1938293022536079,-0.00760428827910821,-0.02170361055816239,0.004095792084042946,-0.013090512569567477,-0.015538442353321781,-0.02565761038141156,-0.018180004777847335,0.019606493108546244,-0.026667366027506984,-0.006587863465891447,0.03281150650528189,-0.0010899918661494794,0.020276595214818588,0.1095288151623742,9.178447454875862e-05
RN7SKP206,0.14614956784478356,0.0913172603724821,0.1929376401044253,-0.00722744594939311,-0.020611846284662925,0.002683196770434068,-0.014778290200234707,-0.014384433059883267,-0.02574340638149616,-0.01849635178317281,0.018503102365998145,-0.027397980862904243,-0.00783723616176586,0.03467143173449478,-0.0028810224362201572,0.022673432879274105,0.11357708606187553,0.0016340416103702783
GSDMC,0.14540119477090296,0.09238732197613297,0.19366723746572448,-0.007526661911734085,-0.021189271665753136,0.003640895711888223,-0.01344337290941114,-0.01543277225347563,-0.025764476896714097,-0.017982534689426625,0.01938835831085174,-0.02720568670955468,-0.0069997496829903765,0.033183495739868556,-0.0009169622906244334,0.02053420191812086,0.11012535034106345,0.00013073393442786553
PHF20L1,0.141083326217012,0.09494641907136663,0.1977991243891293,-0.006458596886970655,-0.02235117783549121,0.003529835003251017,-0.013703763004470737,-0.018433258155736595,-0.025684291624033358,-0.017127529532189056,0.019857186386700972,-0.022439991040110064,-0.0012574409563463362,0.021857102261738637,0.00623498075438581,0.011313585437715,0.08358826461744216,-0.0030833833796263983
ST3GAL1,0.14123870587574822,0.09455784186206358,0.19864008319862236,-0.0066429777430851685,-0.023829335946843763,0.004290831796467232,-0.012566160639226706,-0.019485834751833443,-0.026716957784308194,-0.01766099757025517,0.019687418857553395,-0.022512012156722223,-0.002701624373349992,0.019236517083742934,0.008124057793270564,0.010191839617196406,0.07561573250007755,-0.0010286381764008433
LINC00977,0.1463866374355582,0.09115826395075591,0.1927613857079147,-0.007147489009740761,-0.020119619234612578,0.0019712691792434342,-0.01446655197360132,-0.01498105490636692,-0.025981511543140087,-0.018073776781860052,0.018508181995914644,-0.02717949348498618,-0.007571220584102708,0.03438656677017289,-0.001700487083590248,0.0230617294108819,0.11311184767763822,0.0018004727832892453
IFNB1,-0.027465463803846398,0.0016710522133136416,0.0014667370876797643,-0.00025038515629266213,-0.00011329114197428608,0.2375477673684797,0.05674769053892486,0.030029986808982674,0.029301666886098175,0.007258717516688506,0.00881668132238143,-0.0004223468589934801,-9.728078668206922e-05,-8.09183267209816e-05,0.012790458413618424,0.00010865651421512633,0.001451860343277499,-0.00012950429462217373
MIR3686,0.14573193823095157,0.09149215639665807,0.19326094911462888,-0.007920608756503628,-0.02098628747509556,0.0034853141645125436,-0.0137142212838906,-0.014884505874368273,-0.025614286806675178,-0.0177190436612095,0.01941612255541727,-0.026673168409054475,-0.006444923879317461,0.03340290217834893,-0.0013740223127545507,0.020714983317870275,0.1111945109887659,7.144828077212492e-05
MIR30D,0.14076558103051695,0.09666249641474277,0.19940264817479803,-0.007118470711456247,-0.02332092747342299,0.0046567188455409365,-0.012907721733467301,-0.018548662860163413,-0.02549002410077256,-0.017944866514361852,0.019993276463481407,-0.02079800051948511,-0.0010562225946639126,0.019984672758222913,0.010357654989941529,0.009339368596504674,0.06897009676699682,-0.000116949042810158
HHLA1,0.14097898747175192,0.09477732210387091,0.1967747468270702,-0.00732274146612937,-0.021650742059252402,0.005021728444002336,-0.01354308814396368,-0.017406682047943357,-0.023851716901066137,-0.019666989249425948,0.020378244497718433,-0.024415088036582034,-0.0032283443739272552,0.023242423261930416,0.005767348628156363,0.012124112682657428,0.08646793579975971,2.5981396522208024e-06
RN7SL590P,0.14665101804563602,0.0898380628994462,0.19030844067873975,-0.005970466571445088,-0.019520064489348468,0.0022084689824386325,-0.017832388099685972,-0.014817888918265675,-0.02835007408880393,-0.014512238654294055,0.020253851107175574,-0.03123977806291653,-0.011711452928559215,0.04022359054821585,-0.009561156341280005,0.03191813757173086,0.12846473510445497,4.7980345720564235e-05
DMRT1,-0.01242557076498346,-0.0001586207899627484,1.2203996634584834e-05,-0.0051552664027222925,-2.6125786545559076e-05,0.27795429780450254,0.06151242231509182,0.05957205979419547,0.043347405933916984,0.020250103209225843,0.018934405686989737,-0.005047072867636363,0.0034879255550930807,4.05767301544e-05,-7.054802582112366e-05,-0.013746396128354295,0.02273635606070348,0.0007424043231540989
MIR30B,0.14098431177010853,0.09669788124187662,0.19950107667837622,-0.007055409052706034,-0.023158016529494275,0.004584106035441653,-0.01293954974224926,-0.01853446122240902,-0.02541101787659227,-0.01804073326538387,0.019947179054499,-0.020815203957634365,-0.001106949491087889,0.019841917474878276,0.010398002699745291,0.00921257717589328,0.0690202387299935,-0.00011854010323285378
HCN1,0.04095867796795609,-0.006284039164558627,0.00025547115116190743,0.007062151713312844,0.00027360959325150236,1.7899799680361615e-05,-0.030358790134757178,0.001975939175176277,0.017538944917287247,0.005284188233503766,0.007688069223874883,-0.002903032235012937,0.0008931901682727139,-0.01294094995204581,-0.008273167082248555,0.01791640995777806,0.012307158310206259,-0.000361586918215773
SNORA25|ENSG00000200075.1,0.14499715118953932,0.0929562693616366,0.19422461498944887,-0.0077116743301708516,-0.021972543299684046,0.004377895330209498,-0.013259231768426518,-0.015555956373937465,-0.02580225024525139,-0.017852386047726234,0.019997347005349574,-0.026611883517333495,-0.006640223213036079,0.032953057835423134,-0.0008119012142091416,0.020692134581089205,0.10915697991088363,0.00011592677056679874
PTPLAD2,-0.02605622380081362,0.0011221837140647582,0.003305020407739585,-0.0006510120006937005,-0.00014698457768274204,0.23790218270274885,0.055725313830995306,0.030254209251270748,0.029406982297331994,0.007346636051107878,0.0091783795330833,-0.00040739253627919544,-0.00011991609698503178,-0.00020720587163983336,0.012647661533370172,2.237293567699933e-05,0.001542945342758505,-0.00010816302568323947
TMEM71,0.14130783752228213,0.09559246714340319,0.1980843238073714,-0.006808583650983503,-0.02253932011058007,0.0045755440615243715,-0.013274404230705387,-0.018902104763358088,-0.02671462048031645,-0.016414105275230073,0.020216154322438663,-0.022814346011882678,-0.0008064384061895516,0.02237550794287251,0.0052550025009042425,0.011911558176943383,0.08397549265812233,-0.003093399453283956
MIR5194,0.14515115799684405,0.09324646408582048,0.19467827111703256,-0.007655748904092748,-0.021744962635181532,0.004192691007961898,-0.013374304542226056,-0.016273777301232955,-0.026160672403343046,-0.018361129184924323,0.020073294483591946,-0.02673512831836898,-0.00660035457247829,0.031958375605175116,-0.000388689882241926,0.020474061026800675,0.10748679147434503,6.725110984469543e-05
JAK2,-0.00803612125965814,-2.9464591979809933e-05,-1.4017038737217667e-05,-0.005294223759622922,2.5229597337408935e-05,0.2912648584293105,0.06166940271399345,0.06042632184836823,0.046038966809381736,0.019540566749797462,0.01974878407619193,-0.010560396680831825,-1.8752313526308288e-05,-0.005391860655242079,-6.657050679839753e-05,-0.01710101250378889,0.018888922863889886,0.003430780561723932
RCBTB2,-0.03391930314216552,0.006539707960419043,8.60426036157457e-05,0.014391145163598662,-0.08459890910608305,-0.012928120756234921,0.07540791009651293,0.09127446515364925,0.003068137901874331,0.019917244922496254,-0.15304728866025855,0.028838624910424812,-0.06025779493496454,0.0901826642059429,0.09372442735875686,0.04202332542610229,0.0003481619176990173,-0.0007872866409296137
PLGRKT,-0.0068145097660987876,-1.745272304134196e-05,-0.00010459525900828567,-0.006994808451229231,4.658583099891501e-06,0.29183215339364427,0.06066894965089172,0.060012590953593695,0.04701936780093873,0.018979586746259387,0.02114319700202801,-0.010827279499490373,-7.977587523994146e-05,-0.006927941799505272,-4.1320320042314005e-05,-0.01593779156878513,0.018200300345689622,0.004327525905030435
TRIB1,0.14695840286314765,0.08995173880762443,0.19077280900324595,-0.005948129281914136,-0.019533063615090336,0.0028457592292129253,-0.017674182677170008,-0.01501005977964596,-0.028018370314204837,-0.014562731613732827,0.020246810912670762,-0.030824311371337024,-0.011499460933277117,0.03974045785182354,-0.009408127553699873,0.03160405365391639,0.128063946205404,4.023731197716254e-05
SNORA72|ENSG00000252158.1,0.14212272961725814,0.09470920104879832,0.1966847276942009,-0.007518274348259314,-0.021573854013076658,0.005310939692030029,-0.013678916461849697,-0.016945033212301813,-0.02325734506688667,-0.0184835532238838,0.020075517539297483,-0.023913289608744052,-0.0007983563029810654,0.027523257306836264,0.002841110286951028,0.014283172275172519,0.08998160262147485,0.00015188643807921264
SLA,0.14211403955389365,0.09563496001787208,0.19871856537370508,-0.006952191567318474,-0.023210042638461527,0.004244760793244011,-0.013138930052924123,-0.01922338397567179,-0.026934045903681328,-0.015892621261589853,0.021259058897321798,-0.021798187084369123,-0.0009055556455934426,0.021347892274651642,0.007894589256739233,0.011437517334171575,0.0782746852279224,-0.00136581926780813
ATAD2,0.14317936257035566,0.09118836480422747,0.18929614870258424,-0.00510311325712226,-0.02005951975367651,0.0007352931647694688,-0.018913975032333236,-0.016114128130847442,-0.029821017894138418,-0.012809244223127198,0.021765754253191914,-0.03015386292173436,-0.011699453952396473,0.04140927082262485,-0.009351833999815314,0.03389139131159908,0.13201674981586342,0.0001760293608815349
EFR3A,0.1418466803865352,0.09521298622786306,0.1970854551246734,-0.007391172588106822,-0.02164282059774496,0.005595563346742368,-0.013430096760880335,-0.017961335350846624,-0.02382160171476209,-0.019329316774567944,0.02027480761687516,-0.023966490123730828,-0.0016719026715735163,0.02530288078351839,0.005675464581410586,0.012679259397291533,0.08493648905215113,-1.538521630353105e-05
OC90,0.14150459679695335,0.09506736672238844,0.19689961397954264,-0.007439797402418877,-0.021335987905919788,0.005059481114750888,-0.01319956080162956,-0.017790945932676192,-0.02372385237277756,-0.019290086691333485,0.020750727552177863,-0.024175811366664673,-0.0027549265285820254,0.023240284990372645,0.0060637388024459326,0.012161825268705477,0.08636534578542537,6.171878566425604e-06
KDM4C,-0.009391034250819615,2.611638562605752e-05,-3.407653129217448e-05,-0.005999335145013206,-8.312999706598375e-06,0.28918968083001817,0.05950287326760436,0.059516190231348666,0.04437088492447447,0.020797512317392755,0.022900543012461482,-0.009619531491972628,-1.1397559001503438e-05,-0.0049705077618127985,-0.0020491413361745855,-0.013401676035388362,0.018207974021333468,0.0032210376334846735
RFX3,-0.011834922559802091,-7.807170260047797e-06,-0.0002286355750678033,-0.004340402277061983,1.9850411241776216e-05,0.28375517403887973,0.06333432831511464,0.05925837186961678,0.043136466891003665,0.02182187501566244,0.01880692090564996,-0.0075705233850613595,0.001733614564898688,0.0006601359894250926,0.0009219381000457758,-0.012242311610542617,0.019078561436478486,0.0018290283829456332
ZHX2,0.14231185545808211,0.09154912492299123,0.18958633732683824,-0.005004727130752306,-0.02118581641154978,0.002007226542315886,-0.018362665261329146,-0.01678783010597456,-0.028381698825598146,-0.013912320634251504,0.023582461876568976,-0.029672413362280697,-0.011422867986015791,0.03986649323797686,-0.007744162961893801,0.032186440999746484,0.12446668239056317,-7.013357417454687e-07
SNORA12|ENSG00000212342.1,0.1446504856131131,0.09370414931193682,0.19508279617279664,-0.006970158620884131,-0.021975487862239296,0.0043278004208131444,-0.013117601084233757,-0.01599796639233605,-0.026162346872844845,-0.018906435069937156,0.020172236684499557,-0.026254948860202014,-0.00631619978369405,0.03032884154946079,-7.873288750409161e-05,0.018721473939819266,0.10395933578896506,0.0001429351465258949
SNORA40|ENSG00000212273.1,0.1418382324168525,0.09541360298013382,0.19898639010750876,-0.006939420778798786,-0.023583008096961962,0.004651270376110955,-0.012388512523787198,-0.01906072177665566,-0.026292076370313437,-0.01744194020512205,0.01944321253079599,-0.022273836534568343,-0.00296147590724743,0.01919869863338998,0.009397117501150404,0.010344354905045617,0.07577921981297657,-0.0004193778593318586
TERT,0.08789113813169003,-0.0010053436675382386,0.009693637893013494,0.009436222729298126,0.015610050170197802,-0.008982231247925477,-0.03451493606203585,-0.0034092402010137135,0.01468900904774211,0.011947934808947088,0.014107451030273338,0.00501393654114659,0.011279915805706024,-0.025602471118957186,-0.002532529096173014,0.01976280705624807,0.012672633263600902,0.0005618709679726517
snoU13|ENSG00000238398.1,0.2213514594890612,0.06738236036240997,-0.1162105540943749,0.024138803443958287,4.8203813279385533e-05,0.008173443734690183,0.004673485358182204,-0.012064028326291379,-0.018122518056387545,-0.020324152495524217,0.011326676656351328,-0.005373589855590301,0.024638026515829022,0.008828410175909521,0.03637632653140426,0.007459202301196808,-0.0003944539763834713,-0.007754869102084974
C8orf76,0.14318198981784755,0.09134277109235338,0.19002339959346892,-0.005352282771345628,-0.020289664641234148,0.0006222748483458416,-0.018435608558488286,-0.016513113600143205,-0.030138660543415716,-0.012911125940498687,0.022407893855521218,-0.029816047766118618,-0.011732518967287414,0.03967186387800563,-0.008208288549018406,0.03379866939011115,0.13095101338049966,0.000122307590743526
MIR548AA1,0.14263312579991771,0.09149171048737366,0.1895818118729404,-0.005101161260232888,-0.0200286583777839,0.0002559527171432522,-0.01871335592821779,-0.01609513289451409,-0.029599692147038913,-0.012565120728517428,0.021787612890271903,-0.029806333969690547,-0.011989590137593431,0.04216983402800536,-0.00876172584494601,0.03389343925224587,0.12969419917064956,0.00012336257182015927
RN7SL329P,0.14685519784372955,0.08958601532914737,0.19064084041479487,-0.006274362420765888,-0.01941632198873775,0.002649798505678142,-0.018023333717426645,-0.015288700127571811,-0.028558350521035416,-0.014472490938372419,0.020608093244447515,-0.03035765110896615,-0.010850120733845293,0.04026066495885391,-0.008795095387338135,0.031992500991691465,0.12803252289474304,4.895654874614616e-05
SPATA6L,-0.009622688629705268,2.8199273926371355e-05,-4.907964471784482e-05,-0.0057682446713855735,7.290865831729188e-06,0.2897641112153027,0.061478768854477873,0.06178131790516204,0.04538434568998451,0.020870008946907714,0.01923625937306069,-0.010236351166879779,-4.4887752565891094e-05,-0.002159860386271022,0.0006892932207484879,-0.01418987715441556,0.02042677772371132,0.002849386231242373
WDYHV1,0.14362125243334828,0.09185465585166225,0.18982234694261385,-0.005494260190984056,-0.020504330082745294,0.001082462682971245,-0.018484102391620728,-0.016349591027728552,-0.029834779554439878,-0.013354999377020282,0.021916391838310408,-0.030517710477117207,-0.011461685268434007,0.040514813652652505,-0.008912736798018867,0.03395685442212264,0.13283913105980782,0.00010697157242574247
LRRC6,0.14144073824810252,0.09505421801240489,0.19792742006413108,-0.006720236525991336,-0.021722839805749003,0.004929933364204864,-0.013399609803864829,-0.018849949591069563,-0.02704868131432714,-0.016522291982744207,0.02015788525314547,-0.023216082367810097,-0.0006101099422083429,0.022757159802963632,0.005335855320007305,0.011684581280608303,0.08434424798362707,-0.0019016465144220953
FAM83A,0.14290166503383436,0.09157903716745,0.1900324113993147,-0.005585828972964078,-0.020688677206145447,0.0009846419563716473,-0.01822492071259849,-0.016392256144405044,-0.030221197892856048,-0.012702626393743047,0.02246926705183822,-0.02998629640636601,-0.011752747770030153,0.03954069276972311,-0.007859800570180913,0.03413344408818023,0.132204980354437,4.288879284280585e-05
ZHX1,0.14274946953848341,0.09119619787866293,0.19027663403971878,-0.005360516412459624,-0.020162818059680537,0.0002598696714861365,-0.018341876299833332,-0.016039247173594756,-0.02987342725891889,-0.012904400451283528,0.02201413349579269,-0.030098799332533527,-0.012107505001840546,0.040617245605648035,-0.008330743713648905,0.03450562641546637,0.13163628844426156,0.00011923591470389842
RASA3,-4.474816809685715e-05,-0.000196875059504255,0.0037684313458705605,0.022557465676426233,-0.05298185831114178,0.00496255064679112,0.07960940389011961,0.11039341761746363,-0.019977395680845327,0.021122022525950964,-0.12737091150154653,0.0363551570076005,-0.08336075730729717,0.13623908310525362,0.2083315012497473,0.15660380774229712,-0.009578848396923786,0.00031553643204060484
MIR4663,0.14298159161581217,0.09154356183750811,0.19018998771526596,-0.005513241556922521,-0.020389448370321844,0.0008363565517666193,-0.018339900159674866,-0.01649734286561753,-0.030020120213514013,-0.012606713371637926,0.02234081651501487,-0.03001844364303164,-0.0117530572317035,0.03970917750806193,-0.008113277211882371,0.03401628604200549,0.13127261309848198,5.1674867438556714e-05
MTSS1,0.14601211418644996,0.09075503449015877,0.19016145448407523,-0.006571955930842383,-0.0204682975384425,0.0017934525972108691,-0.01717528836702845,-0.017127000120131453,-0.030158462435698915,-0.013929005148714462,0.02242465654264604,-0.03051092828295487,-0.010859237696172582,0.04050695530805936,-0.010641538707121465,0.03342022743139474,0.13226129054032898,3.0588520137192844e-05
FER1L6,0.14458647245815265,0.09218143257581629,0.19032037714477285,-0.005179115238411643,-0.020224365170498415,0.0005007138737730866,-0.01774796011471189,-0.01574835365964308,-0.029263571370263898,-0.014576830629130665,0.020806591046429856,-0.029487017310850978,-0.012178281262036982,0.0423817335987307,-0.01060572546995026,0.033479052677840175,0.1314743232889899,5.8755867384623595e-05
CD274,-0.007256747502471509,-1.6179512336072986e-05,-0.00010120263367180096,-0.00722031076191507,5.44473764886689e-06,0.2922816809963986,0.06051376798959936,0.06013578267848014,0.04743489210059832,0.019989632005751164,0.021663954189048047,-0.010917992855073784,-3.088000769602814e-05,-0.007457246322394876,-4.870169101090921e-05,-0.016017711033907863,0.017768289071992727,0.004389638909499524
PDCD1LG2,-0.007352279805159609,-3.135828049326472e-05,-7.72068849763179e-05,-0.007158037961140009,4.450241206124545e-06,0.2923052481554079,0.0604907352745099,0.06014543680933813,0.04737764809705195,0.02003963066300994,0.021722824605339388,-0.010965636842657065,-2.435619876698375e-05,-0.007636873556617519,-5.398543482743948e-05,-0.016208090460193725,0.017849949330950764,0.004390562658051382
TBC1D31,0.1428359960252868,0.0917992796337535,0.18956499050021844,-0.0050326332036642095,-0.021637437595762716,0.0032784918652742044,-0.017815355756038567,-0.015932835264384413,-0.029072438620896843,-0.013657148786184488,0.02368030137296899,-0.02987685979217479,-0.011943224820591987,0.03912015730939768,-0.007228921061074379,0.033063109151143896,0.12931015717561703,-1.1092119212723384e-05
DERL1,0.14248650929303625,0.091764532510061,0.18922818042365364,-0.004885959218788864,-0.02208157123248625,0.003394073035581341,-0.018220807045408228,-0.015625115228512506,-0.028451032162042537,-0.013738467504097638,0.023917293854215885,-0.029265500220375974,-0.01175776295283794,0.04029022373989713,-0.007315577189582902,0.03324515251085671,0.1269637076132108,2.766129616637206e-05
NDRG1,0.14218955465477523,0.09549298067149704,0.1988773500737627,-0.00684608174385694,-0.02366111510255179,0.003937591000759953,-0.01231217871594087,-0.019525656812272738,-0.026767735021308133,-0.016209932173028276,0.019868282184436252,-0.021972852856889685,-0.0026539324284689976,0.020734667214317316,0.007779534816215349,0.010977783603040433,0.07726371826596211,-0.00018646839003515493
KIAA0196,0.14623645878879046,0.09032714597641145,0.19081131825017206,-0.006134679569628185,-0.01952112487916327,0.002328911304316954,-0.01704876712492651,-0.015336698437691228,-0.02911984269469828,-0.01404037606333871,0.021892402974619824,-0.030210697514184297,-0.010863280773320558,0.0408854704133565,-0.009799629918449959,0.03247528818365615,0.129468072444351,2.9170613965231757e-05
TRPS1,0.13704961971461985,0.08905761657490285,0.18408143803182203,-0.006540235212457781,-0.0174135338993944,0.0008291480435015527,-0.015850420319035642,-0.02167764064498621,-0.026550079379034013,-0.009808882291272051,0.023789252620649428,-0.028834579546584364,-0.013337576642981299,0.039989942148046694,-0.013987403958025538,0.03405519774657671,0.10812026295670601,-0.0006086019438557438
FAM91A1,0.144417368318859,0.09210463839188301,0.18975720098088436,-0.004786107360298309,-0.020247205113969997,0.0018450471288812458,-0.018868221459749663,-0.015364186422967364,-0.029181724272074813,-0.013633750947639868,0.021545767362370617,-0.02969685666397242,-0.012188056520688021,0.0433287704191278,-0.010101128943612564,0.03442179359020821,0.13185633552071416,3.1407050623456855e-05
COL14A1,0.14024854411216522,0.0900438251138702,0.18632847033663452,-0.005742335052713996,-0.01999718577842672,0.0005543956831479711,-0.01783248665838541,-0.015784983166919828,-0.028358353311080657,-0.01171601270622825,0.020555177942351514,-0.029104588622882753,-0.012415497977512036,0.04196846334410708,-0.009518410282602183,0.034117329746451173,0.12084746998745359,4.454299671997832e-05
WISP1,0.14182613936292485,0.09568881132019087,0.1990852326129736,-0.006861214439573775,-0.02329961101443307,0.004399522704566963,-0.012812135857119576,-0.019126818210156434,-0.026580490957429554,-0.016303150531777246,0.020097002812653583,-0.022132812335560883,-0.0015308301929445873,0.02053312024475784,0.008662121401067148,0.011238461509755306,0.07801617431181938,-0.0003847844347825074
FBXO32,0.1435959566358772,0.09195311220437388,0.18965794329553662,-0.005397564495337823,-0.020796218803207627,0.001555115362187547,-0.01793319191126982,-0.015670977118700462,-0.030748848163499643,-0.012879883527390877,0.022191573370075532,-0.03035311145671038,-0.011302650359202408,0.039727862989440504,-0.008646975679696587,0.03441323917245935,0.13551852588485597,0.00014537741567489912
IL33,-0.009753254144009772,2.8367228419436382e-05,2.4983913194307927e-05,-0.006190284639747174,-2.7979717443996035e-05,0.29103541959433205,0.0608543549121689,0.059301070263191306,0.04443867903660702,0.02137888111482446,0.02286910025477387,-0.009781000473470525,2.072061469861601e-05,-0.004890803031735834,-0.00028473522715713023,-0.01363578683351151,0.017119851860824414,0.004256411259461473
RNY4P5,0.14255189906902607,0.09182204604896578,0.1893626119256473,-0.0052128299016247605,-0.021940595258334288,0.0034096051043000504,-0.01802951673519511,-0.015646341825923896,-0.02852927577399391,-0.013530673183190066,0.023643984994449047,-0.02940605809181484,-0.011852279611613364,0.0401126318403905,-0.007419182759115808,0.033285731098748696,0.12750496713040352,3.5434609279525785e-05
snoU13|ENSG00000238422.1,0.14301136338422787,0.09132782430898713,0.19005393740897314,-0.005460187244613202,-0.020210659602506394,0.0006098207267570187,-0.018593632593885842,-0.016313122212414852,-0.030025420665882156,-0.012700519163929004,0.022317887872855338,-0.029970753706633605,-0.012061010878971186,0.04114636751465268,-0.00848843334527008,0.03428498517909185,0.13088187234511264,9.384919134443131e-05
U3|ENSG00000221461.1,0.14331335161446784,0.0914810584097294,0.19006868417755168,-0.00541235848799724,-0.02054983175362391,0.002021653695477244,-0.018380557040396775,-0.01641762874178933,-0.030474027322478017,-0.012963157434026176,0.022647546094569992,-0.03013367087358989,-0.011509519848041638,0.03925835665280576,-0.00756477853752003,0.03376431657503017,0.13190086867146691,3.834426592282562e-05
SLC1A1,-0.009446503537405863,1.9492743831409907e-05,-9.978898990368313e-06,-0.006079225024942864,1.1496827410021774e-05,0.2900695070663967,0.0615226088577643,0.061514079432226525,0.0453858687763258,0.020636669986299372,0.019377158162086613,-0.010249423417281594,2.5707430861905612e-05,-0.0019522208396941469,0.00035575758474839803,-0.014382007186052021,0.02085314138905063,0.002888816959373229
AK3,-0.00852269852783638,1.2589577950519307e-05,-9.10024537735713e-05,-0.006141627295504731,2.091360221727712e-05,0.29091111398550956,0.06149205238106847,0.06143546166276428,0.045710202450375374,0.01962840111970496,0.019413266522384787,-0.010247889341161493,6.964927251394388e-05,-0.0037826102623088435,-0.00016768513898682904,-0.016049804320779168,0.020497582817662844,0.0036946256304889874
LINC00964,0.14627342976001703,0.08986279022890369,0.19058463792932906,-0.0060700673243716,-0.019645969034641417,0.0016213315641039653,-0.01857852228540463,-0.016126259278043526,-0.02929393399883928,-0.01417812087137084,0.022361688592082044,-0.030898788713228046,-0.010971876534045381,0.04050266965959245,-0.011258069522280154,0.03232231380349879,0.13061998070107408,-7.978794657969441e-06
SNTB1,0.14056885972876182,0.0901678799982637,0.18741511721125054,-0.004518169938157942,-0.020447463207985603,0.0031386883804933995,-0.016731522210698745,-0.015520476150137014,-0.026642329125522453,-0.012467142893623955,0.02212059565905456,-0.028177436139235002,-0.012078306679153111,0.03968730151294845,-0.008048208234703716,0.03186462125463277,0.11925820155611826,-3.7621339304680765e-05
HPYR1,0.14165990815150714,0.09515715207232447,0.1982230104791681,-0.0067953370137994575,-0.02188056994706223,0.005111797872501363,-0.013258485453841392,-0.018605604686387896,-0.027155119954552446,-0.01705195947582195,0.020361971442793465,-0.023025571797290756,-0.0004548594141519951,0.022447380381455904,0.006541178564486263,0.011662996455104742,0.08464564770304608,-0.0026008047315500852
snoU13|ENSG00000238901.1,0.14276723821750667,0.09219702444555898,0.19072220762953343,-0.005665194820024369,-0.02137189461524773,0.003074578127598872,-0.01871989396073749,-0.01666674065821773,-0.02704065561788434,-0.01434435780431716,0.023238326877714714,-0.029493262797121854,-0.011516971079043942,0.038503855123774716,-0.008051576539789366,0.030996898644470836,0.1211120948865158,4.420162942417753e-05
ANXA13,0.1441998018491364,0.09190924144523127,0.1894607935033405,-0.004865489222422038,-0.020266355629940398,0.0003658045427589063,-0.019262285377285502,-0.015225341375487105,-0.02964421899804105,-0.013528324414678095,0.021586833224360138,-0.02970359621959097,-0.012133981115704209,0.0433302053546224,-0.010179392415053374,0.03449693842761305,0.1324161902784293,3.770181816702129e-05
RN7SKP155,0.14406249393262718,0.09221746702280904,0.18956161168908053,-0.0057457090478044755,-0.021081376038805125,0.00025442489826597734,-0.018501527572851333,-0.016150575052910197,-0.030240897423035828,-0.012872838682444787,0.02226060719130816,-0.03002250713305557,-0.01165524324140545,0.04041442749474693,-0.009614021210100254,0.03408556420148131,0.13455952692111503,1.8852685950799553e-06
VPS13B,0.12192700317588474,0.0801585488995437,0.16837954660835305,-0.001043729071989111,-0.006604260217748916,0.006264487212411071,-0.011238649778307401,-0.02284269585929629,-0.028126213066704982,0.0030211328099810117,0.02134879495839622,-0.020955998426767358,-0.01547834974133006,0.03004029245615333,-0.010388136076389675,0.032552080667772564,0.0840724106841467,0.00012417325602439707
TFDP1,-8.36783800601795e-05,-0.00011808075500051245,0.0046213097673570985,0.021737529714143985,-0.05387539049742163,0.00462808454340638,0.077672228200455,0.1109939767065438,-0.01914509191418689,0.021320191133470574,-0.12700634778753342,0.03522629109237411,-0.0822908002849798,0.13621336727405237,0.20701573477215493,0.15531558647465107,-0.011120759798791874,0.00028531355062812733
KIAA1432,-0.008540638176792703,-6.294703447979108e-06,-4.28993583972568e-06,-0.007033316067898914,4.8250321422815e-06,0.291249647575275,0.060131197755757475,0.059797322152655825,0.04541594932776494,0.020290366915435502,0.021609523889565337,-0.010873294208507928,1.7697065763597455e-05,-0.007777884160246735,-0.00044961186242172354,-0.016302703702651414,0.01748648404649109,0.00400772138090868
KLHL38,0.14412645956801487,0.09180404062935758,0.18973028292535915,-0.005590526963865216,-0.02050473596024385,9.989403368773429e-05,-0.018610789767260622,-0.01581921917264315,-0.03044207273701028,-0.012981432194239492,0.021716818373704875,-0.030128537177028177,-0.011837825323217348,0.04160022873387913,-0.010410990062157918,0.03428635228478478,0.1333564454585266,3.2986584754611065e-05
C9orf66,-0.013390331733205427,-3.7745254947645615e-05,-3.726027236583841e-05,-0.004729948897787918,2.1287221722120416e-06,0.2753603376510278,0.06186334244427965,0.06048327952306471,0.04279330303944775,0.021132401351779496,0.018278366654364022,-0.005916267546041942,0.0016255413266653897,0.0010376748620686852,0.0001992084879788178,-0.014484077605930854,0.020804264692962236,0.00021246519641399814
CBWD1,-0.01339033173320542,-3.7745254947645276e-05,-3.726027236583862e-05,-0.004729948897787925,2.1287221722119526e-06,0.27536033765102785,0.061863342444279636,0.06048327952306472,0.042793303039447776,0.0211324013517795,0.01827836665436404,-0.005916267546041928,0.00162554132666538,0.0010376748620686803,0.00019920848797882096,-0.014484077605930873,0.020804264692962236,0.00021246519641399765
DOCK8,-0.013390331733205427,-3.7745254947645615e-05,-3.726027236583841e-05,-0.004729948897787918,2.1287221722120416e-06,0.2753603376510278,0.06186334244427965,0.06048327952306471,0.04279330303944775,0.021132401351779496,0.018278366654364022,-0.005916267546041942,0.0016255413266653897,0.0010376748620686852,0.0001992084879788178,-0.014484077605930854,0.020804264692962236,0.00021246519641399814
FAM138C,-0.013390331733205427,-3.7745254947645615e-05,-3.726027236583841e-05,-0.004729948897787918,2.1287221722120416e-06,0.2753603376510278,0.06186334244427965,0.06048327952306471,0.04279330303944775,0.021132401351779496,0.018278366654364022,-0.005916267546041942,0.0016255413266653897,0.0010376748620686852,0.0001992084879788178,-0.014484077605930854,0.020804264692962236,0.00021246519641399814
FOXD4,-0.013390331733205427,-3.7745254947645615e-05,-3.726027236583841e-05,-0.004729948897787918,2.1287221722120416e-06,0.2753603376510278,0.06186334244427965,0.06048327952306471,0.04279330303944775,0.021132401351779496,0.018278366654364022,-0.005916267546041942,0.0016255413266653897,0.0010376748620686852,0.0001992084879788178,-0.014484077605930854,0.020804264692962236,0.00021246519641399814
KANK1,-0.013390331733205427,-3.7745254947645615e-05,-3.726027236583841e-05,-0.004729948897787918,2.1287221722120416e-06,0.2753603376510278,0.06186334244427965,0.06048327952306471,0.04279330303944775,0.021132401351779496,0.018278366654364022,-0.005916267546041942,0.0016255413266653897,0.0010376748620686852,0.0001992084879788178,-0.014484077605930854,0.020804264692962236,0.00021246519641399814
RN7SL412P,-0.013390331733205427,-3.7745254947645615e-05,-3.726027236583841e-05,-0.004729948897787918,2.1287221722120416e-06,0.2753603376510278,0.06186334244427965,0.06048327952306471,0.04279330303944775,0.021132401351779496,0.018278366654364022,-0.005916267546041942,0.0016255413266653897,0.0010376748620686852,0.0001992084879788178,-0.014484077605930854,0.020804264692962236,0.00021246519641399814
DMRT2,-0.01257628301762088,-0.0001431890094627711,-1.3351906361666543e-05,-0.005526975336497206,-6.057282889974224e-06,0.2789135789785575,0.06135256316729251,0.05989513434767933,0.042308615125787104,0.020514822261723537,0.019063807683095516,-0.005055485922528061,0.004194445507999672,8.49864020302665e-05,0.00028094941152091176,-0.013477260153083844,0.02207252987290384,0.000950084610143111
DMRT3,-0.01257628301762088,-0.0001431890094627711,-1.3351906361666543e-05,-0.005526975336497206,-6.057282889974224e-06,0.2789135789785575,0.06135256316729251,0.05989513434767933,0.042308615125787104,0.020514822261723537,0.019063807683095516,-0.005055485922528061,0.004194445507999672,8.49864020302665e-05,0.00028094941152091176,-0.013477260153083844,0.02207252987290384,0.000950084610143111
RNA5SP279,-0.01257628301762088,-0.0001431890094627711,-1.3351906361666543e-05,-0.005526975336497206,-6.057282889974224e-06,0.2789135789785575,0.06135256316729251,0.05989513434767933,0.042308615125787104,0.020514822261723537,0.019063807683095516,-0.005055485922528061,0.004194445507999672,8.49864020302665e-05,0.00028094941152091176,-0.013477260153083844,0.02207252987290384,0.000950084610143111
MIR4662B,0.14636178215797477,0.09070064680564209,0.19011080165215105,-0.005776736907107124,-0.020151544176214776,0.003253111925097061,-0.018195840770455645,-0.01616329112861136,-0.02943467031953172,-0.013638706628802713,0.023448625471212136,-0.030028671917030365,-0.011077601748826162,0.040515165334988126,-0.010462861151080425,0.03306983389624048,0.1315544646397252,4.7243710915650074e-05
C9orf38,-0.009786882529218166,2.458480125582213e-05,1.987592543318057e-05,-0.005830772864915736,-1.1965651554754102e-05,0.2909604684705707,0.060501765122209145,0.059387149735160426,0.04441661335871947,0.021560102453890142,0.023036112324613986,-0.009894062086487753,-9.013007656626895e-07,-0.004709352232166507,-0.00029546383803117905,-0.013764438038359543,0.01725296480429412,0.003537322530026583
GLDC,-0.009786882529218166,2.458480125582213e-05,1.987592543318057e-05,-0.005830772864915736,-1.1965651554754102e-05,0.2909604684705707,0.060501765122209145,0.059387149735160426,0.04441661335871947,0.021560102453890142,0.023036112324613986,-0.009894062086487753,-9.013007656626895e-07,-0.004709352232166507,-0.00029546383803117905,-0.013764438038359543,0.01725296480429412,0.003537322530026583
RN7SL123P,-0.009786882529218166,2.458480125582213e-05,1.987592543318057e-05,-0.005830772864915736,-1.1965651554754102e-05,0.2909604684705707,0.060501765122209145,0.059387149735160426,0.04441661335871947,0.021560102453890142,0.023036112324613986,-0.009894062086487753,-9.013007656626895e-07,-0.004709352232166507,-0.00029546383803117905,-0.013764438038359543,0.01725296480429412,0.003537322530026583
RN7SL25P,-0.009786882529218166,2.458480125582213e-05,1.987592543318057e-05,-0.005830772864915736,-1.1965651554754102e-05,0.2909604684705707,0.060501765122209145,0.059387149735160426,0.04441661335871947,0.021560102453890142,0.023036112324613986,-0.009894062086487753,-9.013007656626895e-07,-0.004709352232166507,-0.00029546383803117905,-0.013764438038359543,0.01725296480429412,0.003537322530026583
TPD52L3,-0.009786882529218166,2.458480125582213e-05,1.987592543318057e-05,-0.005830772864915736,-1.1965651554754102e-05,0.2909604684705707,0.060501765122209145,0.059387149735160426,0.04441661335871947,0.021560102453890142,0.023036112324613986,-0.009894062086487753,-9.013007656626895e-07,-0.004709352232166507,-0.00029546383803117905,-0.013764438038359543,0.01725296480429412,0.003537322530026583
UHRF2,-0.009786882529218166,2.458480125582213e-05,1.987592543318057e-05,-0.005830772864915736,-1.1965651554754102e-05,0.2909604684705707,0.060501765122209145,0.059387149735160426,0.04441661335871947,0.021560102453890142,0.023036112324613986,-0.009894062086487753,-9.013007656626895e-07,-0.004709352232166507,-0.00029546383803117905,-0.013764438038359543,0.01725296480429412,0.003537322530026583
snoU13|ENSG00000252110.1,-0.009786882529218166,2.458480125582213e-05,1.987592543318057e-05,-0.005830772864915736,-1.1965651554754102e-05,0.2909604684705707,0.060501765122209145,0.059387149735160426,0.04441661335871947,0.021560102453890142,0.023036112324613986,-0.009894062086487753,-9.013007656626895e-07,-0.004709352232166507,-0.00029546383803117905,-0.013764438038359543,0.01725296480429412,0.003537322530026583
SMARCA2,-0.01177559370855026,-0.0001918180494200742,-3.6641411340915847e-06,-0.005334557407452761,8.930090762471373e-06,0.28258643557188035,0.06177159029365679,0.059771587900504984,0.04334573613977082,0.02135138398133966,0.01805635755688987,-0.006893761348562769,0.0017565271927729867,0.00025664496976475975,0.003826751329921471,-0.012198334901702766,0.019858715209691697,0.0012562532762045847
TATDN1,0.1454144608696503,0.09163222981116115,0.190993227289775,-0.006423394184142177,-0.020351541975968435,0.0022784280713066757,-0.016390007608051073,-0.016573672077061844,-0.029463238614940573,-0.014056506875157986,0.022268365727142362,-0.030063466459117377,-0.011102166149758553,0.041234739616402755,-0.010759901970349378,0.03324455326729327,0.13136846541070543,7.614277798325482e-05
RCL1,-0.00771252879773517,-3.0377132055245503e-05,1.4605085838929787e-06,-0.005733061445625784,2.2294194029555955e-05,0.2918396422934432,0.0616729431218561,0.061042385155308285,0.04627332150018236,0.0194615829253676,0.0199019371440588,-0.010395772618939475,5.334911146354176e-05,-0.004406514011967176,8.185315692256979e-05,-0.016618418822576947,0.019602019090944847,0.0037261652358777405
SQLE,0.146601659509179,0.09028448989854805,0.19132462542254025,-0.005752010805060713,-0.01956654042028742,0.0019591536714183995,-0.017421229740109945,-0.015548235839040834,-0.028797590866685697,-0.014108141136524161,0.021929956547327868,-0.030426520261764116,-0.010689971030908536,0.0407278364263796,-0.00988535416126276,0.03224556296913385,0.1295723394646594,3.2679932910302046e-05
KIAA0020,-0.013389639289569388,-0.00038401104811835817,-8.713103751464694e-05,-0.004650250525579131,0.0001582057897881803,0.2822441239453982,0.06213519244237814,0.058481813292454415,0.043980557987938554,0.0206910811980662,0.018684324746411372,-0.008529659989370404,0.0006918954726536301,0.0005859575150513541,0.0009014667571896725,-0.012842111452744538,0.020884913224612223,0.001330279937926753
RLN2,-0.007889724627435828,-1.8525257124800556e-05,-2.5463024439228426e-05,-0.0066864096538353434,1.5614267734799747e-05,0.29294436347118746,0.061031861017313616,0.06076612553131192,0.04634113489447629,0.019351284863994952,0.020914954263594167,-0.010933545742554293,-5.726710694829049e-05,-0.006152386423270027,-4.085564501702902e-05,-0.01581473052117877,0.01859027774734706,0.004622469626334436
RLN1,-0.007889724627435828,-1.8525257124800556e-05,-2.5463024439228426e-05,-0.0066864096538353434,1.5614267734799747e-05,0.29294436347118746,0.061031861017313616,0.06076612553131192,0.04634113489447629,0.019351284863994952,0.020914954263594167,-0.010933545742554293,-5.726710694829049e-05,-0.006152386423270027,-4.085564501702902e-05,-0.01581473052117877,0.01859027774734706,0.004622469626334436
RNF139,0.14543592144759263,0.09141267057074035,0.1906000048272338,-0.0063379652912222495,-0.02055775415817742,0.001785900746259204,-0.016632410282531866,-0.01669399839101222,-0.02969360106309798,-0.013625599161786418,0.022245859565035397,-0.030260845197489592,-0.011361960242024556,0.04130203315750786,-0.010885358659608992,0.03334547433161584,0.13169327944440581,0.00012105896246084115
GPC5,-0.01214112928300819,-0.00017068678962895925,0.007601521417536592,0.022501472038283423,-0.059080204782934825,0.0003656226874349713,0.0757864241999961,0.10201133808103247,-0.015293467009664769,0.019201398712630418,-0.13128828664168052,0.03678065485486614,-0.07253855994308003,0.11439587721813323,0.16913979377087138,0.11762342436961985,-0.00045897294693098294,-0.0005481645666709938
LINC00536,0.13726019847544066,0.08867506741151113,0.1852668085597424,-0.006778338675158623,-0.016841036101200153,0.0036497582628385343,-0.016416187907555776,-0.020104582469662898,-0.0271672581198141,-0.010827106837567707,0.023281231560034803,-0.028650043590519175,-0.013328283375929917,0.040160155240004304,-0.014598292699266175,0.032891473756902434,0.10861354703814269,-0.0009174626438018769
CDC37L1,-0.008951489820479039,-5.272795488054308e-06,-0.00012771966539494163,-0.00652366374477034,6.769279460253196e-06,0.29045986739709234,0.06162923656083073,0.06147329041984756,0.04605438154256257,0.020496495502362225,0.019325728608211655,-0.010023569244605722,2.511862852304207e-05,-0.003093754144908321,2.9269933475628623e-05,-0.015284078537269515,0.020270179474723128,0.0025432120428380656
NDUFB9,0.14564581489080058,0.09092758242045819,0.1907505709317361,-0.006308320242623799,-0.019699036838903422,0.00139469209517383,-0.017065569621653166,-0.017072067318556598,-0.029607827812389017,-0.014227546865237828,0.021862405068865064,-0.030321583368293548,-0.011860848685665563,0.04065215681652795,-0.010522417658270167,0.03307761964762808,0.13202052391212285,1.2307545471791988e-05
NKD2,0.08798709324647892,-0.001112729069693379,0.010042314713024941,0.009062573435946138,0.015197356172425328,-0.007791444436564147,-0.03507923084094845,-0.003848972606625749,0.014574460343642324,0.011339630758427777,0.014245770675472795,0.005003482982630672,0.009979605229881157,-0.02706425547084982,-0.0020804951494440603,0.020193958827030706,0.009472749352070568,0.0005989320256470412
LINC00462,-0.033047160075858735,0.00718661840114811,1.6450747187535812e-05,0.014734241590779745,-0.08427402124014699,-0.011691237698058866,0.0752830113679484,0.09113048633791149,0.003011447501719303,0.02055491676765738,-0.153862438999331,0.028247852704374604,-0.061464425727057174,0.09062922409010134,0.09501095486806661,0.04253631380907573,0.000304857735429536,-0.0009950615253093268
CARM1P1,-0.01185030239213251,-0.00014107220786764257,-0.00010591802525159167,-0.005126540456256816,6.129320182717633e-05,0.2838723462220651,0.06315111365916666,0.059091004026664264,0.04367447698119239,0.02235787616236075,0.019615418477980182,-0.007590612774760641,0.0013480304742825452,0.00044090039509526644,0.0010726149843782757,-0.013383732471903496,0.01970827885839895,0.0023411639676647112
DEPTOR,0.13915304679484614,0.08962381029466798,0.1864046251740053,-0.006277559974538702,-0.019633359232341233,0.0002209159137399947,-0.01814016833460294,-0.01481178842834663,-0.02919190496154209,-0.010467190340290734,0.02076548583563333,-0.029595672197225094,-0.013024741807386102,0.0417811690839589,-0.010060803047324022,0.03456939745563909,0.12137006993451509,-0.0002353810978319322
LINC00441,-0.03464478077276138,0.006647164242401266,-0.0001128084953252369,0.015531589679165222,-0.08346937206022538,-0.011622305593692392,0.07480793385972923,0.09258138055241581,0.0005511877153836917,0.02128200258119474,-0.15469485301003763,0.029164967763491492,-0.06121146371298433,0.0895772303413996,0.09432675471007287,0.04246155278162847,0.00026846235995381775,-0.0006988610197111665
SPRYD7,-0.029386130187102313,0.004817788222284763,0.0006000975987121304,0.0164423705654003,-0.08395584406138386,-0.010560584386157059,0.0727551570650239,0.09300843889484252,0.0008380804575476563,0.022459484663066694,-0.15734982761799332,0.03022857017562391,-0.06457124900343356,0.09209096465129168,0.0966916047262931,0.04666418792910774,0.00015808503990303612,-0.00014687336042160608
ZNF572,0.1467104677454682,0.0905127189324555,0.19099052967943922,-0.005974535822216921,-0.019768771198856516,0.002366981855875704,-0.017837446298090857,-0.015652196611093613,-0.028951810799944258,-0.014462245208165837,0.02206687435837237,-0.030826418893796934,-0.01078842839888355,0.040600019380074494,-0.010407952371526348,0.032518546005426,0.1299867248395898,2.8253372205522593e-05
CDC16,-0.000607972585186199,-7.200819504054642e-05,0.0038918142040327425,0.021719402484907176,-0.055485620269754184,0.004915816556121835,0.08074829655833922,0.11039768623467211,-0.02038079838771742,0.01997589172473266,-0.12688223385677475,0.036723675370326246,-0.08217081565303286,0.135630067211134,0.20869490081706235,0.1565327442472325,-0.007575588994109735,1.3031329982251218e-05
CHAMP1,-0.000607972585186199,-7.200819504054642e-05,0.0038918142040327425,0.021719402484907176,-0.055485620269754184,0.004915816556121835,0.08074829655833922,0.11039768623467211,-0.02038079838771742,0.01997589172473266,-0.12688223385677475,0.036723675370326246,-0.08217081565303286,0.135630067211134,0.20869490081706235,0.1565327442472325,-0.007575588994109735,1.3031329982251218e-05
MIR4502,-0.000607972585186199,-7.200819504054642e-05,0.0038918142040327425,0.021719402484907176,-0.055485620269754184,0.004915816556121835,0.08074829655833922,0.11039768623467211,-0.02038079838771742,0.01997589172473266,-0.12688223385677475,0.036723675370326246,-0.08217081565303286,0.135630067211134,0.20869490081706235,0.1565327442472325,-0.007575588994109735,1.3031329982251218e-05
MIR548AR,-0.000607972585186199,-7.200819504054642e-05,0.0038918142040327425,0.021719402484907176,-0.055485620269754184,0.004915816556121835,0.08074829655833922,0.11039768623467211,-0.02038079838771742,0.01997589172473266,-0.12688223385677475,0.036723675370326246,-0.08217081565303286,0.135630067211134,0.20869490081706235,0.1565327442472325,-0.007575588994109735,1.3031329982251218e-05
UPF3A,-0.000607972585186199,-7.200819504054642e-05,0.0038918142040327425,0.021719402484907176,-0.055485620269754184,0.004915816556121835,0.08074829655833922,0.11039768623467211,-0.02038079838771742,0.01997589172473266,-0.12688223385677475,0.036723675370326246,-0.08217081565303286,0.135630067211134,0.20869490081706235,0.1565327442472325,-0.007575588994109735,1.3031329982251218e-05
TMEM65,0.14482470423277097,0.09216126061127095,0.1905500380395654,-0.005976998926966374,-0.020681837347005058,0.0028957937661366036,-0.01700811697961902,-0.016523485359396163,-0.030141642494190355,-0.013958758556376455,0.02200139321562813,-0.02977522983740423,-0.011923471450915327,0.041819550657935446,-0.010031759267068912,0.0334101604313561,0.1317712715189426,3.185322171504028e-05
ATP11A,0.00018611711424633453,-0.0008724460687917459,0.0054297261266886354,0.022044909908230558,-0.05223922079498551,0.004286171572430381,0.07691263997354036,0.11126565067304421,-0.019125521369887738,0.020361078752394384,-0.12747517203063188,0.03420958597168859,-0.08251005828811679,0.1333887960394413,0.20491386726177963,0.15213978619378676,-0.010864601351982736,5.213053460662753e-05
INSL4,-0.007676985990204812,4.699494863277931e-07,-2.428896933354536e-05,-0.005889139494797722,5.160236841568088e-05,0.29256566830607994,0.06252879792748199,0.06027161089245059,0.04640787055492826,0.019508611310741525,0.020378687644178845,-0.010454374057391547,8.764214875095366e-05,-0.0054393565950032,5.091019796754842e-05,-0.01675941631260928,0.0193948847974854,0.004374882471135547
PPAPDC2,-0.009573242964090721,9.352503877239535e-06,-6.419432954702224e-05,-0.006091021963173321,2.3701020280434186e-06,0.29056480756594943,0.06165241024504234,0.061488084136625834,0.045537678065565405,0.02070678915904931,0.018921984734594242,-0.010296647534660286,-3.646176259043577e-05,-0.002044154702499966,0.00017557036876857606,-0.014803988591423891,0.02004283771187711,0.002074790125702791
MIR4635,0.08803270706914756,-0.000951736004257925,0.009966010254524503,0.009230073340666667,0.015125846716328365,-0.00767601437221032,-0.03482822407653614,-0.00393067228590404,0.014509519327888114,0.011371400025603483,0.014251882677663585,0.0051017257031087055,0.009664040504407351,-0.026998305874379493,-0.0022753092755249983,0.02008462614086909,0.009456854323839296,0.0006028217107890226
SLC12A7,0.08803270706914756,-0.000951736004257925,0.009966010254524503,0.009230073340666667,0.015125846716328365,-0.00767601437221032,-0.03482822407653614,-0.00393067228590404,0.014509519327888114,0.011371400025603483,0.014251882677663585,0.0051017257031087055,0.009664040504407351,-0.026998305874379493,-0.0022753092755249983,0.02008462614086909,0.009456854323839296,0.0006028217107890226
SLC6A18,0.08803270706914756,-0.000951736004257925,0.009966010254524503,0.009230073340666667,0.015125846716328365,-0.00767601437221032,-0.03482822407653614,-0.00393067228590404,0.014509519327888114,0.011371400025603483,0.014251882677663585,0.0051017257031087055,0.009664040504407351,-0.026998305874379493,-0.0022753092755249983,0.02008462614086909,0.009456854323839296,0.0006028217107890226
SLC6A19,0.08803270706914756,-0.000951736004257925,0.009966010254524503,0.009230073340666667,0.015125846716328365,-0.00767601437221032,-0.03482822407653614,-0.00393067228590404,0.014509519327888114,0.011371400025603483,0.014251882677663585,0.0051017257031087055,0.009664040504407351,-0.026998305874379493,-0.0022753092755249983,0.02008462614086909,0.009456854323839296,0.0006028217107890226
RCBTB1,-0.03048213928235043,0.004634893223146056,0.000563661536028192,0.015345673877468834,-0.08435118496011976,-0.010657052690157617,0.07379410007375192,0.09123339181116177,0.0017427956157399743,0.022447141200374613,-0.1565819691757217,0.028506076128647164,-0.06333668711885904,0.09266903096782479,0.09598224693921394,0.04508001145049304,0.00028709707181484947,-0.00016889816599311623
TRMT12,0.14522392449575347,0.09164709340288257,0.19094439240418815,-0.006376524196203348,-0.020873592152743405,0.0027728557060392725,-0.016556409402630583,-0.016723918764961133,-0.02975689814052767,-0.014220865848881235,0.0221760088324548,-0.030049781722945857,-0.011811004566368667,0.041282947191249954,-0.01032745252853517,0.03331983254756495,0.13193268587591103,0.0001305836782692839
RIMS2,0.12756304555278142,0.08488074392771278,0.17329895803076553,-0.00253069626820423,-0.012423547635718712,0.006158865380253689,-0.010571258945051933,-0.022355748909153213,-0.024784349877639958,-0.0012658964926905338,0.0239382932518579,-0.02350755082267471,-0.015140067820881304,0.031382616234373155,-0.010037262284229053,0.03288272310234998,0.09123413420681815,-7.555762771577725e-05
LINC00454,-0.00011176258355406918,-0.0001956664813086707,0.00489739566300246,0.021805333224497743,-0.05307806977041298,0.0050529146281653265,0.07894072863922183,0.11085032296933617,-0.019691550098166553,0.02092094049457552,-0.12741773338107026,0.03546578819013972,-0.08333168798114149,0.13616674391264572,0.208777558942801,0.15678593195575707,-0.010539645931098374,0.0004098358668955422
KIAA2026,-0.009452660798456991,-4.05077170071037e-05,-1.8118050806574784e-06,-0.006302242202280343,-4.683462644334666e-06,0.29109916836461247,0.060530003745894026,0.06004921271246081,0.045560141404991865,0.02018553842864391,0.022205192719164,-0.009925750156580324,-1.1785259431530415e-05,-0.006892502945669444,-2.807937443861459e-05,-0.015319155265035023,0.018030743971128794,0.0038300186183171407
SLC30A8,0.1383467822389488,0.089370545310534,0.18665079177503413,-0.007061985976761578,-0.017323335325979575,0.0035462429486215964,-0.01687591036402667,-0.01862111836153598,-0.025929523304528544,-0.00962196649348088,0.023882755100495912,-0.027083957688655107,-0.013096701291290796,0.04222019581935232,-0.011180095004694895,0.032787680762991864,0.1103468476809425,-0.0006072022158792845
KCNV2,-0.013181357835409089,-0.00014743812353881035,-6.834798312751364e-05,-0.004576912308507861,4.290556360441007e-05,0.28244406302884595,0.06208280398800954,0.05891022449529803,0.04347378069854435,0.02131625447048436,0.01879765337140582,-0.007821710787599263,0.0010973691609008436,0.001004205888882774,0.0020974806746761913,-0.01217699837830403,0.021075951292015737,0.0008707228108700217
FNDC3A,-0.03151160050708729,0.005033373835138036,9.468209073314018e-05,0.01572673975634214,-0.08407078912266194,-0.010712721731252045,0.07403168599484239,0.09145092093289342,0.0014167953538063043,0.02265886508980975,-0.15602345544862853,0.02857850763667397,-0.0632602298545069,0.09131001622851483,0.0949602384161148,0.04454542677593855,0.00022187027059177443,-0.00019187297035024286
GUCY1B2,-0.029141813671528544,0.005060658781723597,0.0004523213631934192,0.016006917582727813,-0.08358335319262868,-0.011149072173405465,0.07249209531490867,0.09397792662029272,0.0008474072483587435,0.021705900424108526,-0.15756828181887014,0.03007477998637546,-0.06433150611248029,0.09209244785019907,0.0983969338654385,0.04767748845145735,0.00017855996367404885,-0.00013225331247921967
GAS6,-7.667247034017305e-05,-0.00021952842971092817,0.004937806461149236,0.021972377694333037,-0.05312452142739868,0.0049237585849438254,0.07910527675185976,0.11097911496409184,-0.019802187773515067,0.020699029717451453,-0.12757747798828833,0.03548760208834501,-0.08343123194526143,0.13615081984337915,0.208652266074871,0.15658929725107623,-0.010583230353018119,0.0003729916543518637
GRK1,-7.667247034017305e-05,-0.00021952842971092817,0.004937806461149236,0.021972377694333037,-0.05312452142739868,0.0049237585849438254,0.07910527675185976,0.11097911496409184,-0.019802187773515067,0.020699029717451453,-0.12757747798828833,0.03548760208834501,-0.08343123194526143,0.13615081984337915,0.208652266074871,0.15658929725107623,-0.010583230353018119,0.0003729916543518637
TMEM255B,-7.667247034017305e-05,-0.00021952842971092817,0.004937806461149236,0.021972377694333037,-0.05312452142739868,0.0049237585849438254,0.07910527675185976,0.11097911496409184,-0.019802187773515067,0.020699029717451453,-0.12757747798828833,0.03548760208834501,-0.08343123194526143,0.13615081984337915,0.208652266074871,0.15658929725107623,-0.010583230353018119,0.0003729916543518637
EIF3H,0.13764270034341106,0.08923229144672498,0.18578447943676712,-0.006715464893395385,-0.01730473896155972,0.0020082212057319668,-0.017308181275233744,-0.01971904051468869,-0.025832685489077804,-0.009571557256467095,0.024793343774191037,-0.027700281066192455,-0.012950101940930134,0.04194280614216374,-0.01243802053321968,0.03348554113742164,0.11003945022087201,-0.0005929777628836748
