,Factor1,Factor2,Factor3,Factor4,Factor5,Factor6,Factor7,Factor8,Factor9,Factor10,Factor11,Factor12,Factor13,Factor14,Factor15,Factor16,Factor17,Factor18
KRT5,0.15256931164005016,0.02162047297587752,-0.026276271777578523,-0.12183681084569288,0.07087675085271194,0.013757265743282225,-0.08664290223151808,0.06950192376268621,0.024034974725855043,0.010614327554989807,0.0496649236823803,0.06621292702790123,0.11186224684751708,0.004811414154382318,-0.015955264716121853,0.06621960880828727,-0.025457851540140276,-0.006599586999013504
KRT6A,0.15655226242125528,0.031579474487806236,-0.025873982891770238,-0.09659099460596132,0.015930912776091464,-0.013923121959702555,-0.11488012607878523,0.12869112375284877,0.0556350901072755,0.03441860516575256,0.01689092807286073,0.06107065720978278,0.09502151956241502,-0.010352758343541118,-0.0036409191070680266,0.02271295897901025,0.009327501121679016,0.001782490119347632
SFTPB,0.03644483395594678,0.005505271353958909,0.004387295756011587,-0.021621434065616625,0.026385114039882043,-0.01673977456014808,-0.005245476202889264,-0.0800270801742188,0.08592241204051253,-0.010744194327625918,-0.02663654816080286,0.13759518660635214,-0.012610531407437028,-0.07897576023646846,0.061370276028721346,-0.07132815350270613,0.08927815747860215,-0.0019389843839725132
KRT14,0.13598228564995402,0.016276661142221573,-0.014410335489219415,-0.1115125868857058,0.0585220448101975,0.018487249718109205,-0.10587598643486512,0.07773116560896769,0.018809328992389948,0.010096481116032466,0.04506610295213378,0.06109530068619086,0.10294419730559821,0.029677785831497088,-0.039284429651699926,0.07478743311100183,-0.024570539637058828,-0.0006190162278681456
GPX2,0.12638396052862244,0.033749651835833984,0.028530616090009366,0.049380901389997754,-0.06291603244833999,-0.05630023320395013,0.051876315499313604,0.13678421278684658,0.009111397949209296,0.031612881063293886,0.04075806190981453,0.10097832983538589,-0.00019782507143666856,-0.0328128068812004,-0.033896421619959344,0.017437389341216226,-0.02440974975984395,-0.012175537283127702
KRT17,0.16734346489946647,0.02320886447229737,-0.0145270825928612,-0.10097408558444888,0.04035195017622916,-0.003218859288245969,-0.028740663318435937,0.08841016747515226,0.018828560579294436,0.006808875653708734,-0.019826725698831153,0.09999606721659172,0.12196957078317609,-0.002199160523054493,-0.036218225930160476,0.049937622590876966,-0.011596395642808316,-0.006045028389457204
KRT16,0.1666411372968304,0.029975166605544022,-0.014229072158334088,-0.09524563796909304,0.03653755514433799,-0.010804261584263968,-0.09049500401582126,0.1300271500005266,0.036495393379081566,0.022425841090642957,0.01285305181958365,0.06305559599669665,0.0951578629246508,0.00603503522386422,-0.0478712320603453,0.03932003048462312,-0.0034560233375775266,0.005114717566702444
RPS4Y1,-0.0020526688630623496,-0.005334917672564938,-0.000828296064480544,-0.002333953959905503,-0.018469078244804284,-0.012455990933906938,-0.004535330105807924,0.007183143102281171,-0.02007775093035822,-0.008041804772837148,0.05964207740747217,-0.0007346963203291412,0.044449373466499895,-0.051261371866571315,0.10802634490874898,0.0080891617617811,-0.00016549513418109786,-0.014651424679142037
CEACAM6,0.09750643471235808,0.026006182706700617,0.03789983538558855,-0.04281625402065023,0.011673629216417042,-0.05349074376373321,0.12011040041606703,0.08465898652633626,0.03317695329814283,0.011829157251645852,-0.05602279630011575,0.09513969251362665,0.002326809790364854,-0.020239838331492906,-0.10155013539015538,-0.0067822429516464855,-0.008871765103842803,-0.008569408776298226
AGR2,0.08191234816433503,0.0102031598940174,0.04028325626034932,-0.04056978766979857,0.032418076667371794,-0.019150891154438576,0.169739036825484,0.0021076937753217915,-0.0460677661785454,-0.02470775635068177,-0.05202372388194916,0.13643928913806694,0.01077677477992005,-0.025678155739373217,-0.10434825803073916,0.03677673725559107,-0.03693754538378394,-0.021322032635254284
FXYD3,0.1588999611654406,0.01601140318515211,0.025554805095973285,-0.08072255273285095,0.05288124938981601,-0.010209374059671136,0.09461296135808984,0.06939591293238903,-0.03562747547144257,-0.002630418415251599,-0.0005173139383901887,0.08615623350534275,0.05906596235757582,-0.01930240397720317,-0.09113377761615053,0.07582485850272117,-0.057910586254715915,-0.018098224510081633
KRT6B,0.14086108602420952,0.03592704960309983,-0.017133996634052157,-0.07993724529941507,0.01272178119190411,-0.00884919383241819,-0.08131851729420812,0.13266806216785104,0.05409581405966098,0.03752820341896158,-9.033662059005889e-05,0.03267171491225979,0.07988205136654981,0.0351277336749988,-0.0687820711925231,0.029121912094192185,-0.00884106726690088,0.011959311918046457
PIGR,0.04655686097298961,0.005307934839546858,0.02278841374580998,0.08773139301525078,-0.08379823169612477,-0.026168898581626368,0.1536105981421793,0.008356735886548826,0.032703433605986085,-0.01596326865175618,-0.03695490453640053,0.04442064984727203,0.11289623115170666,-0.03943754306514031,-0.03280112506194481,0.008151831866308051,-0.014012538422448425,-0.016187259421775856
SLC34A2,0.02800779430078404,0.011693949045542835,-0.004132095053744643,0.012525505737631497,0.02135937509277251,-0.01157507953993222,0.03446902851901543,-0.09879189151317817,0.08519462342601983,-0.03151342885097235,-0.09201225417481025,0.12638841612931287,0.0877562899677149,-0.021250799336696904,0.005310515926149742,-0.07067755114681125,0.09313556809388557,0.00546444912739256
XIST,-0.016204667250560426,0.01402276066002418,-0.0020329143622726995,-0.005617319197255977,0.04988736286254714,0.017541616739731668,0.010121626536860842,-0.03507982970701788,0.02436570180390638,-0.0029868244981373503,-0.03535968633666973,0.01566633717931321,-0.049576102835502144,0.054524929981150314,-0.0968273251050342,-0.00839350223898238,-0.00029576250697055796,0.00724557234177795
PI3,0.1445237073419361,0.03216809076066485,-0.011055086547331816,-0.04631637602148617,-0.033579044763060895,-0.031990369588253444,-0.010036023499731145,0.15905458817326174,0.034871133511515925,0.029707828884978103,-0.025835728746196225,0.0436873950029152,0.07797411184022815,-0.020623284294809474,-0.022542081834367667,0.023579462280053858,-0.024424142526410467,-0.0006069587845863189
GFAP,-0.1097195137260583,-0.0018700022101876485,-0.029793308090161976,-0.047483629267555845,0.04409035540743858,-0.04479059866279676,0.04646409490923974,0.0540774469366576,-0.027861086539866534,0.01806445745810855,0.0515169917752712,-0.12108317429933448,0.018876311645532207,0.06697606937873198,0.042215449688225715,-0.09799173142715396,0.0490460746760749,0.02541939154555988
KRT13,0.125327407517952,0.023392156053502408,-0.03763193182968717,-0.08400888272266611,0.019100705279455447,-0.00914007727415809,-0.10365930127164794,0.10968063819871185,0.01010769761312081,0.028228651277849612,0.03514375291635829,0.09007330248652548,0.09095530959400935,-0.026603610729461935,0.03683506144695825,0.024851518003538003,1.6992702594070653e-05,-0.005154001589247655
S100P,0.12387299309943238,0.01283104171846899,0.04974790643497858,-0.012832993274007234,0.01493412284845606,-0.04027201776468924,0.10150410344456193,0.10568336875778415,-0.015101664424971262,0.01812709043271315,-0.005695184926835346,0.07168782146737589,0.014623803347825204,-0.015008410516368954,-0.09966255281969569,0.05755917534415779,-0.05014684602999463,-0.009291650776500418
CEACAM5,0.0756934263331401,0.02397024282996122,0.029497215932752355,-0.017064375212079146,-0.03500865771065213,-0.05664094879306422,0.1171274790366734,0.12627116844711955,0.012677783899696447,0.03130123502986,-0.054448980101849155,0.03753762002803145,-0.008785468711256184,-0.024867527926451513,-0.08445430319489265,-0.003094502190811667,-0.028434162670846426,-0.005651083320459325
KRT19,0.12578318108688372,0.01607363609485865,0.008475962145191553,-0.0373059449899786,0.017929320711810588,-0.009251045488295346,0.08861721488200304,-0.024956172578860705,0.016743367107604677,-0.010899368872097744,-0.11659210185750997,0.11426454236827165,0.07333178477691586,-0.006951757681784706,-0.10490155256613232,0.030612930286862544,-0.018806831320059714,-0.008414023260164038
OLFM4,0.018336397196815443,0.017035355491097977,0.016948621318160315,0.00663762501757421,-0.03257589968307319,-0.03470879392652182,0.16601556397042885,0.09509772693904354,-0.04172622032577704,0.0016921401139386488,-0.01915876884918724,0.03500546314390191,0.0031723980442783487,0.012046095902693215,-0.033289246990133976,0.007129756423801275,-0.04297592147961399,-0.007446049080870188
CALML3,0.11636607173381053,0.028666602335274533,-0.03645608401467438,-0.10156299005425862,0.043448577135793295,0.006683893812710762,-0.12079292727367792,0.07779146679835772,0.022410773768638342,0.028212088739167914,0.039223532046985345,0.03501562928850954,0.0612778500968202,-0.005150206714876777,-0.012639503719890392,0.05052155335349451,-0.025585266934393617,-0.00189330197687768
MUC13,0.018524587166312865,0.006608332014268338,0.04452599522998224,0.09861386911955383,-0.10050184951052817,-0.04008861680832986,0.15937110639408933,0.08441577269570488,-0.007307835288584463,0.00645505643442192,-0.029073312627921094,0.04283698960438916,-0.0016274693743948165,-0.031113161755295392,-0.026710976122049358,-0.010893684171665955,-0.020862417374676097,-0.012063132365493518
SPDEF,0.046482659989288265,-0.013122763434831812,0.046527865370536936,-0.03772686274441233,0.08038133957637505,-0.00477986370042366,0.19345001509401183,-0.04147389249748606,-0.07945265022216705,-0.048034670995784325,0.04736791425835799,0.03929305742157583,0.05140007808865566,-0.010034748664154892,-0.09838820217289755,0.08471458176386819,-0.06717865369634027,-0.028282761272326786
SOX2,0.05064045582315502,0.02859827258382093,-0.0393868802649221,-0.09182112231102733,0.062003362524973994,-0.06379942314732732,0.015408697899743123,0.11338766812906606,-0.004556034138232645,0.026982892639822672,0.0995997836794569,-0.05782354170119682,0.059930179467168235,-0.00901137586973391,0.06928317983163908,-0.04845629671323574,0.019275976716290492,0.003301034090852167
SPINK1,0.022815847362877208,-0.0022309854554694118,0.05349268238340308,0.09438100153355646,-0.07387780125039925,-0.05732247844494979,0.11406335236273298,0.06846719828341441,-0.0014462104591975492,0.0075069241098972336,0.0020834036293870166,0.07661074738679792,-0.03731257239613043,-0.04620429033927523,-0.021157287929291387,-0.019281921559856738,-0.006892326575595943,-0.008302900161849517
IGHG1,0.12138541722122544,0.026297947240999334,0.009214119170576645,-0.009921053309163156,0.021765232781106234,-0.020441678865720445,0.06018527359541197,-0.05180292952337701,0.2416834900478848,0.00559222987874383,-0.022665958167223582,0.04467176003239566,-0.014157493116685278,-0.017589315683321203,-0.007986485837979677,0.0473382704256883,-0.010043459662489375,-0.0035679130544465343
SFTPA2,0.05324792284384829,-0.011602311399495191,0.02461361666051401,-0.03467033929645332,0.04441593586936692,-0.030375483754370627,0.07765296802953954,-0.05926548049741012,0.021279530703618665,-0.023215033733246973,0.06431051330284039,0.08913797600943281,0.03984925082096487,-0.10014278643358912,0.08137324629974664,-0.007680127754971722,0.026910177641018607,-0.021914405785168165
LCN2,0.12337486593647155,0.020932978307956325,0.019910522997309704,0.01696038076424213,-0.05663675698890847,-0.014036890604512874,0.06985053687203098,0.09993534439696135,0.01577059515716773,-0.006585120857907486,-0.05453041138632509,0.15834522608789878,0.06693815069475292,-0.03039438998078349,-0.03988525497020975,-0.0007429358514764096,0.017857295861825127,-0.009098530888561546
AZGP1,0.005629954493369677,-0.037302607402667096,0.049308133167016745,0.0674853702823865,0.006789682091512874,-0.009552718059640355,0.14909042527719926,-0.011982724922636186,-0.0610703630901634,-0.031298824718370755,0.12319948526152937,-0.012110064418618319,0.08877019349344131,0.05923214464017919,-0.08771862159555013,0.08088527029355864,-0.06028293485919421,-0.007696736797183312
FOXA1,0.10279309297455817,-0.004626396045618247,0.04435150912734913,0.0022636681657573015,0.06537084791533432,-0.015618573228970601,0.13393257985405962,-0.005233053980425413,-0.05918016701638479,-0.024809522132478886,0.10304411935759138,0.08333476953483791,0.030961721042563672,-0.014273173091716539,-0.09134476408467931,0.09731527602187659,-0.07451905750055572,-0.024287225559581276
PKP1,0.15326946103689956,0.008889645375272601,-0.015119296708241215,-0.11013471400207844,0.049541856032777595,0.01518771735843944,-0.06308998284657728,0.06731575680762804,0.019061836617647255,0.00882617357189296,0.017853594260645148,0.07847868491936436,0.1220988611624232,-0.017764553659175477,0.025929599972408054,0.061353452118420734,-0.015908343464189904,-0.008505778627939982
LY6D,0.13562500340263428,0.03135004952666881,-0.011675200015990652,-0.08515202657186757,0.012125626710078727,-0.016057208350455026,-0.11072539677517149,0.13108409961115122,0.02881532581271236,0.025485102435497956,0.003037829555918272,0.06742110784753114,0.07811510304529858,-0.007210285969713997,-0.008237480396818514,0.026829733060940057,0.00027900974531779173,-0.0018256918404877974
AKR1B10,0.12897691957920795,0.03189870582534731,-0.003740845873187455,0.0557328967143525,-0.06396788673771087,-0.04177983696530538,-0.047982081660416356,0.13726956852375913,0.04187581891685436,0.03730658814484492,0.050178903045419276,0.06714559854292182,0.041138339839137034,-0.010258203347333439,-0.030077760840162233,0.0013898573580102902,-0.0025758260348958555,0.002438653335987331
SFN,0.18337286709801975,0.022198181591255983,0.01027661174949709,-0.05121874521914739,0.013244830949833551,-0.000266716987445538,-0.004068461529936609,0.07726029067430615,0.0205004727018149,-0.0030828407262722206,-0.028362054294101956,0.12125390489278554,0.0931868855903514,-0.03541323796805809,-0.061693072054216036,0.061363495444175194,-0.024634299708720744,-0.013674161468285545
KLK3,-0.01136179025806009,-0.04239518946039776,0.0030504240673582266,-0.033892936834264885,0.02844982901060639,0.04172505190491785,0.046837246733107234,-0.06132940540903832,-0.09346831185906741,-0.060066773688146155,0.11609519422139865,0.03435060234343,0.07907744570882787,-0.0711125366082397,0.13102042689026877,0.06731334791757662,-0.030822135365975584,-0.03729310506114995
CLCA2,0.13956952111239293,0.022122952568516235,-0.027620917541589938,-0.08006652620045744,0.02591522101839736,-0.003830863729111706,-0.12340560713563305,0.1016705142160946,0.03193818943142491,0.02770296694394299,0.053177583141932265,0.052704970073956824,0.08831158378213039,0.007427201116832747,-0.034147001953839,0.04979664333746974,-0.020319114459281643,-0.003681715786262048
CDHR5,-0.0209956572829799,-0.004845500055305159,0.024377373063324752,0.17312962466961712,-0.16148028803003917,-0.03614722116122869,0.07491773043009388,0.07551392867161749,0.02405087206508693,0.021855492051690302,-0.03975834015026622,-0.019286818341044783,0.04042233784075029,0.015170094529612106,-0.027079966050895243,-0.017490380515977958,-0.013272325172844672,0.006479000302460844
ENSG00000234648,-0.012587910467578189,-0.011655759506745198,-0.016250887691560464,-0.03469895703392213,0.012653678391523903,0.004239057844340486,-0.009656401845898418,-0.004036885457952048,0.01546937539900067,0.006723504733699245,0.045112107289519636,0.032328205927921655,0.04662986240229994,-0.0028435534990147626,0.0731513298219713,-0.02860663653043349,0.021697998172973174,-0.004108342128692497
TACSTD2,0.1521315565197693,0.009824693170717979,0.0010224230164285978,-0.07003306796339674,0.046625101478359035,0.01810133854951847,0.029532444203769437,-0.021351456369595425,0.005663717004878487,-0.035039316559615306,-0.07976818034421278,0.14688684609744262,0.13605175051735413,-0.01751867633735128,-0.07222533802635352,0.053795828534863324,-0.003643869125437457,-0.011383142882081653
KCNJ16,-0.07701373079142543,-0.0014374667388325733,-0.048101800541505944,0.03465689578562575,-0.05415323701596557,-0.006481555280627742,-0.017008909782629877,-0.02828864354639167,0.03457091481200073,-0.004645569589461349,-0.10398652535797555,-0.0014620930919131755,0.09920426428223424,0.04607309038393771,0.04237049131057265,-0.1114430788101356,0.09292520754946615,0.02165689728745327
KRT15,0.1634179603130685,0.01575411000082457,-0.0018241997553304207,-0.09888654895737449,0.06597922813127022,0.007353627605763396,-0.0033569240511616733,0.03867822764578838,0.006886361428794356,-0.0029238191878768814,0.000900581456653206,0.11941525309383148,0.08383479794794607,-0.013071406512749151,-0.05289293376452503,0.06015052538794623,-0.026216801916936386,-0.014017372936048775
TFF3,0.01765096869522654,-0.007179752523492936,0.04360031162374301,0.008985857173329696,0.006375262978730735,-0.001411236783523924,0.1722736444837812,-0.03747488143638632,-0.039446027483327185,-0.02579105100525621,-0.031755044252513555,0.10965545769453273,-0.013266867355839339,-0.011847513415601729,-0.09216558764376263,0.04128846360872403,-0.04861257861410175,-0.023954148456821592
CLDN2,-0.020687570456770745,0.0035702674840396922,0.013510467697039452,0.14424837105933686,-0.14897124757499697,-0.03241049203902956,0.07186875153347325,0.00852024395407017,0.0713377123729865,0.006795979858020663,-0.10291374575401961,0.031938749512043486,0.07017078425786195,-0.0030916550302873113,-0.011392369328479214,-0.06098175759416086,0.04318651937228477,0.0030407612509094593
TSPAN8,0.010110044983686966,-0.005288327350814453,0.04547140570164363,0.07009273936977249,-0.06111812142395259,-0.050230189187925114,0.1891329759415571,0.06258109616840705,-0.026180674472607437,-0.007854037178458485,0.037445251570450575,0.07397528214498564,0.0002269309763029622,-0.052326079574592885,0.02069339665435995,-0.00768560861391784,-0.017103063431319104,-0.023135522339934135
BCAN,-0.11120600284561521,0.008811476666999291,-0.017392252005579596,-0.04511986050870106,0.05458475919242623,-0.05442099053228121,0.03461918481860111,0.06981790422050997,-0.03458719413902124,0.02374150944012867,0.08091436518022226,-0.13527466110299624,-0.02877634528301833,0.04997586826560592,0.06038638840222221,-0.0853575118421899,0.033279304475810116,0.020554481483291035
ANXA8,0.1508737805680501,0.01910394951946706,-0.01995503110556116,-0.09244076317523199,0.04795420431170988,-0.005503177738015825,-0.0795516504283126,0.08360840003305826,0.03872903381346355,0.016360766116854414,0.03030665406142612,0.08556368409192042,0.09480731893489935,0.006149120780689966,-0.03480518111262592,0.04800816120264826,-0.01072254587069664,-0.0006534087727288699
PLA2G2A,0.00947155783254911,-0.017676214359375254,0.030801929936047925,0.018542606415557494,0.008125829761895824,-0.0042978102972317635,0.12190315403490772,0.02421165782126926,-0.013490645262855205,-0.01970777512575302,0.07976722029468357,0.08027148297356475,-0.01869249415981386,-0.013982430677404479,0.030414845091035043,0.045665829817004164,-0.03477907972692185,-0.02042931174441072
RAB25,0.1358329070659417,0.022585926333784142,0.0205923991464543,-0.0738087025799933,0.05332690964258622,0.012064239883757582,0.08013337186966499,0.007563949343192254,-0.030043791678743652,-0.025590241677978416,-0.08582270890864162,0.16882883348961866,0.022881504633788848,-0.029196877799862728,-0.09012115010160546,0.040044829743875715,-0.019331401802224927,-0.017098776913323975
CLDN3,0.03664601486159687,-0.015857638071345416,0.03927377640919482,0.08101187774434623,-0.03341467409499025,0.01700768535864944,0.14444996795525167,-0.09359744487864775,-0.036184803498852385,-0.048860659016662276,-0.08872787595282501,0.13165533148506,0.06450709412912703,-0.01610557501211857,-0.04428972653259806,0.022086783623404146,0.0075350728605734245,-0.01686628538427868
S100A14,0.14819380994189524,0.03274283065415166,0.015568719502968127,-0.023499713324540913,0.015136919065357395,-0.0009825724879956332,0.004725235089343669,0.04738302437478924,0.03590088660725773,0.006166298059396998,-0.09497138479022084,0.16789862930788638,0.043593616154977005,0.013112553375860831,-0.1305344938513727,0.027182089664240905,-0.0012780116692515861,0.0005321627497552579
MUC5B,0.04790123205128345,0.01149932639241755,0.03618672524265079,0.018707901936054212,0.008765122291399379,-0.02504276032156417,0.12070226352196532,0.040957550348519174,0.033222154732274405,0.0035468234313518355,-0.028075594843907394,0.05530935295036368,-0.01715620807140443,-0.013528748844070947,-0.09417832781770318,0.0036482444895874575,-0.01087696138247807,-0.0067154662644514996
TMPRSS4,0.13433023839385586,0.03683338488987139,0.003730190632270247,-0.060926255784539564,-0.01881926864941593,-0.03704974068338497,0.04297005294128099,0.09878598295493946,0.016407218292764994,0.017779986724925548,-0.10271088175740524,0.13984001967218365,0.010390360934706354,-0.04700628842187102,-0.038527639615838695,-0.027083120527367454,0.021232435523507683,-0.0046749417370725126
ALDOB,-0.0358309588118148,-0.013711608630776561,0.028855637253925884,0.19031055883459985,-0.13789098039341066,-0.03449137195999011,0.04946867750499934,0.08138211501193178,0.03178523657622796,0.021446129613748525,0.05446022470249954,0.014505965158684181,0.014181250701747888,0.019404838906180808,-0.013428063334582822,-0.020990392943733855,0.0010173481806119628,0.005418774332765961
HMGCS2,-0.013801143429789909,-0.02735954743349581,0.04065526907080422,0.1201536515782691,-0.06317295125271946,-0.006248819098275689,0.08978756646368939,0.02673398502655945,-0.04545330692287645,-0.013337625522486225,0.08338135222824954,0.06296588675080919,-0.0010313150214218136,0.014247509213804835,-0.03399641225264733,0.05637545240186895,-0.05491080099471614,-0.01476126155972733
SMIM22,0.0994606184453268,0.0054640155760786215,0.03944344886511497,-0.025185469667878862,0.04461524720671745,-0.010267406484284824,0.16080286779546307,0.008654443470143144,-0.05918356327749995,-0.02539701004676225,-0.05113067444432696,0.07189725794310534,0.03496791328562364,-0.020528138090503315,-0.11612764367650558,0.06614066476045763,-0.061942953528030226,-0.02020798748053204
HP,0.015807809181927028,-0.020640990203883623,0.020262626532863384,0.12187321957331661,-0.009468428394496664,-0.04015819739103473,-0.0034031375736810797,0.00525647255685287,0.0820024780230234,0.004490315329987678,0.16493481298517804,0.09163842309054887,0.004897684312009328,0.00942463356115446,0.01572121412367515,-0.022842059764734385,0.034787160607651135,0.004201439423031999
PTPRZ1,0.020027822951849156,0.028492681613009357,-0.040066609778753016,-0.11017228851335749,0.05885294326492543,-0.05425153584220198,-0.010955907599214186,0.13054461797822853,0.0014382982177216222,0.03682206768596836,0.08537225549545166,-0.07786756670905408,0.066840125864718,0.029014987169606505,0.04652165763578339,-0.05900065789221058,0.029339088291462975,0.015881794661159382
LGALS4,0.0004217795432558783,0.006201308016990078,0.044302415637728035,0.13062349128121648,-0.11874228657089632,-0.05504771731878797,0.13865437834266017,0.11094075990475512,-0.00011614623677746551,0.019737748523201017,-0.023129388516690004,0.0634506202785034,-0.036369323026078454,-0.00539858725878213,-0.03593424212109518,-0.031369147405305,-0.009484817827614768,-0.0026624786254009483
IGHG4,0.12199561013999011,0.02649578504401616,0.009033256389442823,-0.0234139295746912,0.023510363351837586,-0.027375009067444476,0.06475039562567962,-0.03531615168504696,0.22473458525410442,0.011801579495966037,-0.03141358913886993,0.0557527377183392,-0.0185865653710043,-0.004195967935137839,-0.024649406033997658,0.03893244052795746,-0.00949452878854879,-1.5663095973121668e-05
CTSE,0.012226941657622536,0.022723938400571415,0.012748210903219388,0.013928055149321196,-0.027166964527562436,-0.062343433063302096,0.11096859580357779,0.03117685591596864,0.05771861001312279,0.0030072919149309223,-0.07915615037266813,0.10916859217520877,-0.029569428915059315,-0.04886567910646505,-0.0008263830652783628,-0.08548871408068882,0.046903637197494366,0.0020284392517474084
PPP1R1B,-0.01977211145236371,0.005258320246045371,0.029061691638741713,-0.06786666620570574,0.05792494198371565,-0.028146218117383735,0.22119326532820535,0.025836889925316502,-0.07064584447473049,-0.015010788414948578,-0.008303606702472007,0.04267893373388721,-0.023410294273075574,0.0044308826565985495,-0.00807895122207367,-0.02964412529901981,0.0019752904275409638,-0.008794994910377033
HNF4A,-0.03563588433246444,-0.0012485635651949395,0.028607905909076855,0.16499261186004882,-0.14963376360137237,-0.03078791626053732,0.09011193548236363,0.058835490182675705,0.02687774735829181,0.013117129927734915,-0.0421019707163625,0.011746086292837882,0.0022910562228897202,0.018562106083377737,-0.02390786693409872,-0.025592678469811135,-0.005737391368258063,0.0028814662430333734
IGLC2,0.11860395758570784,0.028651104133152187,0.00932893739705907,-0.009263892313740623,0.019782295128470278,-0.02565364511133341,0.07357758622546623,-0.04622446947853482,0.24340716195089984,0.004555430432592777,-0.028185118460804036,0.041643814537553094,-0.006322722803098369,-0.014181274725629139,-0.016991817898692044,0.046266162121461,-0.012279730391993496,-0.0011331653199730897
GSTM1,0.004267817456412123,0.0086996123252534,-0.006922977859383731,0.00762332415371764,-0.000653940867941843,-0.0021237677055410803,-0.0035613986245928275,-2.089037131827631e-05,0.0008449448435404826,0.002166245657063743,0.005210559334715571,0.00022073274029465952,0.010914407085851573,0.01804504127701391,-0.0066704533101019725,0.007455430229768307,-0.0019886809639232477,0.0018302681149405839
SPRR1B,0.13604020934315023,0.034690441488457124,-0.027825189900414455,-0.08762283300044418,-0.002242656842792793,-0.021935232003598044,-0.12703785575762455,0.14558994562693456,0.04543429555332438,0.03677273725340346,0.013236907935105945,0.04986110175895036,0.0965584877923778,-0.010735268427485038,-0.001133822466764368,0.014734798662502978,0.010460979675370536,0.007505628191598204
IGKC,0.11845002620579755,0.029602048053723285,0.00907467064400572,-0.01127653797976945,0.02184763115901256,-0.025981009408434962,0.07605983487295705,-0.047437621529010134,0.24477951921754051,0.005001129979486692,-0.0294151147830834,0.0423198185461147,-0.008616768122879313,-0.012246895309900812,-0.01832802816028148,0.0457976570003669,-0.013385789014485177,-0.0011955544686875544
IGHG3,0.11532668800838526,0.027247704861580842,0.007564738155439824,-0.018908517120264874,0.025048086168422714,-0.02406145029085594,0.06283608761900356,-0.055146965409585545,0.24525813541774372,0.007020417330090866,-0.01594567555192972,0.03649021787592649,-0.009222371626049091,-0.021282598535972728,-0.00033014125099617864,0.04413580967959978,-0.006285201215843583,-0.003773797254553974
SLC44A4,0.04766227566317064,-0.004942747653117719,0.02623519116127925,0.015360247222614675,-0.017965981098004763,-0.009221473154028086,0.1933246112685293,-0.04596935036458792,-0.05033459478897678,-0.0399333778681657,-0.07311120858236192,0.04434523046715122,0.10757974506265443,-0.03603258126738101,-0.07211611070352657,0.06000830732935629,-0.05304459982385774,-0.02779227077044583
PGC,0.020284507870430346,0.001452392167765712,0.035309069556827236,0.021809119009508684,0.0008678617400239612,-0.03928793096711813,0.12000297546886418,5.269551993636253e-05,0.0027510338895556214,-0.0344261431694596,0.03590187906100925,0.09673039519699243,0.02890974193974393,-0.06206941908785436,0.052827808377202495,-0.004097692474511838,0.016590418287108687,-0.015436196743147588
TP63,0.15708359668729388,0.024638795801850518,-0.03430936794495786,-0.11550368957379074,0.07217880196245018,0.0008555900939819583,-0.0819364138346034,0.04522560606279775,0.03955227633207947,0.009806424700398138,0.04030171258717351,0.09137799246586817,0.09703419736143593,-0.010160081831157903,-0.0053579407463646995,0.05434546394657493,-0.0134435928104003,-0.008739230226954369
KLK2,-0.028929696733793607,-0.03528132657335882,0.005140538392949963,-0.028657450525959208,0.023594824955521107,0.037849642774141955,0.04309329571376943,-0.06275139830816079,-0.0959980044991545,-0.06399146154160033,0.0995350885391354,0.04689959862264545,0.08356599872914461,-0.06382285621764844,0.14633000121048095,0.051531027746428294,-0.019104840632794298,-0.03575194091694137
COL17A1,0.12643977054941546,0.032874457363064755,-0.0030619716078566545,-0.09913966082899743,0.01135233501385908,-0.010856097369475286,-0.0017287785081114785,0.08494776833604578,0.03531820001775206,0.011231584454036598,-0.05184128530963001,0.11531789953600365,0.06516737171012496,-0.009691199603862333,-0.05355161744628243,0.017731347947242432,-0.013509124730781126,-0.008038092012736404
MIR9-1HG,-0.06656581158091547,0.009653006559635297,-0.02335688624539263,-0.055315079520059145,0.06893232327652132,-0.05129368221034642,0.0405834827330977,0.06810290816868517,-0.02140328305581309,0.025222884665243646,0.0773405591896435,-0.12897968787836878,-0.015484269491100664,0.04271967147454804,0.04858693755060493,-0.0771180404728427,0.035965810056104275,0.023725240049125927
CHGA,-0.08674724405444388,-0.006775949131883616,-0.004477598735064886,-0.046568943201133216,0.020158814831761466,-0.03790015535457359,0.10882722560745657,0.04978815176207727,-0.0390273336138618,0.002916471131193447,0.051188931201957145,0.00222886045316843,-0.009010719019431034,0.014685737387481041,0.08821596205654615,-0.08764664078705654,0.04020796939971948,0.002523308649604964
HPN,-0.03258305375044361,-0.041050105848864434,0.02314880328964214,0.11709871002324665,-0.012664835473984417,0.012947458465793924,0.06097830198213894,-0.15458002471640914,-0.0037655471487435823,-0.06177388233339537,0.04599987892030032,0.07759652118627723,0.11722228361759206,0.011982768659438557,0.006421256302874622,0.005845971574333066,0.03181538424784676,-0.00839124720944235
ALB,-0.028013278995276805,-0.03573779491984515,0.03427624313359238,0.1679777058150756,-0.037558893115415465,-0.013480614071598214,-0.007514842704333869,0.025791843540056064,0.010819325801048578,0.006095098588459694,0.18680718469751445,0.08443037447265028,-0.010315550877580341,0.052564140889421566,-0.005535754172672243,-0.0002518090245168616,0.0074041236741385,0.0016741840466932931
MMP1,0.14689560710298294,0.022734551608997556,0.018737042094138175,-0.04944000129399836,-0.010558729853930032,-0.03937872984838785,0.008392931753279086,0.10105508579023043,0.06665241326768515,0.03325183145071144,-0.05715916509307603,0.01949247534962844,0.013715493751997881,-0.00914067095447265,-0.09595324541715536,0.020741711699545484,-0.016030730481654227,0.006913202264747034
SACK1A,0.13436430260483925,0.025266724372320987,0.009804795808622051,-0.0866271362451405,0.021823199309228353,-0.029374031370502582,-0.06788839467134425,0.09237631017969632,0.051891235979867174,0.01664170038907518,-0.04344409247311199,0.0807599248205378,0.04944444423977044,-0.024980350140629912,-0.04870378530562329,0.0015761978388874856,0.030075220386032022,0.004605845682146147
DMBT1,0.04633171669969791,0.024833294683929304,0.026616680153645034,0.007082236184752577,-0.03866720290036422,-0.06447893439663273,0.12594836350514574,0.08358452733393888,0.03510676224817771,0.014882075207968842,-0.04348036143734779,0.052441805580377636,-0.020160179222769695,-0.04758438185797596,-0.019148372765155037,-0.04245115648407573,0.010300830552960943,-0.0038931809122948946
S100A7,0.13507790922465687,0.02516553696394272,-0.013582732452775614,-0.07652257521023999,0.02065911616714988,-0.005133224083723344,-0.11517722164646453,0.11287939317824086,0.035379226776368615,0.020247711640582436,0.008309409199527665,0.034017008882964724,0.07879379499694325,0.01797890440700555,-0.04495802986461009,0.051849132191039315,-0.012549059489993023,0.004808662457152844
DES,0.02145056274138802,-0.002716857812128439,0.0068912181638239416,-0.049427041145607156,0.011551303536134662,-0.006971687719126872,0.09881087994038901,0.01209619013633775,-0.015347188597094302,-0.024781052150123495,0.0017116731194942532,0.05087007626661278,0.04864441007973639,-0.035905332643032056,0.08166634640054835,0.018887133717174376,-0.008484350776873687,-0.021812874198911963
DSG3,0.12434520686786833,0.033926930036683116,-0.026026218823757746,-0.06614534830896528,-0.0056480831646915,-0.00641600677668096,-0.1157209461194409,0.11837961013812873,0.04629218365851295,0.04595958954944506,0.017704700283527604,0.030622883676064222,0.07114321187772613,0.019918278785058606,-0.02476693985427034,0.024975834896098684,-0.006729896358859281,0.009208454458685315
SERPINB5,0.1466393489967149,0.04172519605306468,-0.004558168993741771,-0.07731262808137508,0.0005893654367154829,-0.016828396636721615,-0.010006074953252855,0.14551038377602277,0.012335692523541797,0.03551294760316292,-0.013352059834990292,0.04958163362761955,0.051865120243360055,-5.7103663284536384e-05,-0.057222845646581096,0.04529595876125733,-0.03466603870451804,-0.0028039551890617943
IGHA1,0.1099677875358054,0.02363458202074761,0.008962190913383572,-0.009608155584400445,0.017443242505769847,-0.02674371642619943,0.08535509150440458,-0.049655277949174806,0.22460161740470447,-0.0014712332255621499,-0.034316956404095614,0.06174976591925372,0.02072947317723495,-0.015622374229351456,-0.021057627373751664,0.04329622316941341,-0.009806318436489382,-0.004303230537237975
IGLC3,0.11571162369479165,0.028512532779611823,0.008959209900976319,-0.011396473584298962,0.022529437439760235,-0.02629485431466671,0.07646696903792664,-0.04750371668007364,0.2462635471248752,0.006239618299198496,-0.025026187371708884,0.035241822673231074,-0.007000583371612269,-0.014587872135227819,-0.014550543564477075,0.04468872726988122,-0.01102640320610381,-0.0017792669211778203
CHGB,-0.10289762500133544,-0.00557173483758625,-0.019992302919911324,-0.06441190484663083,0.010386419479673385,-0.04057108309126347,0.04274359344884922,0.03784219823119652,0.0017244482700217584,0.00910722391355935,0.02920747477649852,0.005887650726649693,0.00276706631225343,0.023002971034828,0.1074062632620415,-0.1152843210560654,0.07855476329960634,0.009040443097995902
CXCL17,0.11758992619123443,0.024536249304665025,0.005798905879836911,-0.06690544676127912,0.07413726413884625,-0.02933045222753125,0.03945341455490864,0.031512809201623415,0.0510736366236607,-0.014027660574945318,-0.014996926023381752,0.13979580851531803,0.046518327903910084,-0.03505470326290991,-0.024531002926011954,-0.005495616648485857,0.028354909849817717,-0.007575691289876622
HNF1B,-0.004663759480535904,-0.017076260771920208,0.027997832519951155,0.1288167138226407,-0.12182491426627147,-0.022427442868008678,0.09179663702800707,-0.012846413383273919,0.008428703481046474,-0.016226688004205993,-0.05382930224688488,-0.017560008896597628,0.11418456209415638,-0.05556609214197123,0.004651522865056161,0.008196716294906899,-0.0015300511457821187,-0.013995160943611848
SLC3A1,-0.04300937062107576,-0.019362808727307716,-0.004504584476830431,0.13047495296408756,-0.15685337328842894,-0.01816238477315316,0.07051151196229452,-0.0045851169970772395,0.016667177134396083,-0.0019600315209795,-0.09134961022076413,-0.08470513674959945,0.1622594636599972,0.009057687159562901,-0.004299712522564042,-0.013475923155289112,-0.004354345889260457,-0.0013765655056583732
MSLN,0.06712751935473503,0.024488924960121925,0.01139041310043319,-0.009430783734834117,-0.023134055990706313,-0.04349833220039308,0.09146674826108651,0.07077621497609714,0.04145085831542613,0.0057651932600718365,-0.09446704654393556,0.026366366160225214,0.07250353421544155,-0.03326034385988386,-0.016876335829897733,-0.030980305641015886,0.019867212399272957,-0.0032740434766337936
FGG,0.009966774595210764,-0.022512003914367387,0.04475250447351515,0.13197607523000543,-0.03364592356274399,-0.03931590264933147,-0.009414571038369532,0.003757805089817724,0.05580427661568074,0.003444798167727073,0.15033204719484286,0.09303402715938898,-0.004798357760771268,-0.01964710095356908,0.030505098423291938,-0.01598955564084315,0.03198467798303459,-0.0008887863355677311
KLK10,0.10000423542640205,0.03326881426930061,-0.00019799510049692932,-0.08237717735695822,0.001074743729287941,0.0016712431917853914,0.009573842761079454,0.08888610930905674,0.02579630913062105,-0.004394442910183382,-0.06264147010344999,0.1648330813555643,0.04229187579078814,-0.008072675179270123,-0.022849341953699455,-0.017097731748127173,0.03316933084433661,-0.005169210031263089
IGHG2,0.11730994425267575,0.027001118179828733,0.0038027963902808977,-0.01843532833761712,0.016020437856763145,-0.026109665795885778,0.06517841292885242,-0.045666890554963896,0.24175659169677458,0.007628146909704373,-0.03132124260420841,0.04001676117819926,0.000310146166491754,-0.012163203123053752,-0.012565798852969545,0.04623721312030522,-0.01083585488169382,-0.0005414722594396632
TRIM29,0.1557010892622979,0.024493514471807202,-0.015979797864800888,-0.09310248059304899,0.022948796430017133,-0.004910623361731777,-0.0007097205191630831,0.10112647311651111,0.016584398926877828,0.014882371657129294,-0.048812932765399886,0.11684759485573504,0.09236266910764901,-0.00043388628366807625,-0.04098934861170983,0.042274640823244024,-0.020628410642803775,-0.009342701625358142
PSCA,0.10043178549375051,0.012207123324261803,0.022710120259468194,-0.061715491095378286,0.038148284391851056,-0.025232601898768643,0.06571128790293829,0.053262238891379446,-0.059615416982774894,-0.01755831828952361,0.01876770978776794,0.06617679176019568,0.0675397703462036,-0.026019991206527926,-0.02985744131200858,0.049518626899114085,-0.04193688246311904,-0.01836402035562261
IGLC1,0.11450281549063286,0.030390130893180684,0.00892016660736316,-0.012329395305785307,0.020116792320742226,-0.027626064896015545,0.07685365871580772,-0.04489987492608724,0.24341394335347985,0.004276483370413749,-0.02773199651555153,0.04124233978352142,-0.00454127778970565,-0.013753867497739025,-0.014038830627588516,0.04395250187737286,-0.010246671761662041,-0.002684832700087256
ANXA8L1,0.14917844924460594,0.014978085106955736,-0.015628914471487808,-0.09948185904243637,0.06006751087869914,-0.008874521716909193,-0.06500695825157493,0.08412158620691863,0.030090426193193534,0.0074680843284343395,0.04512285613010005,0.08366180109234064,0.0923904406858155,0.007671234210361529,-0.03029040800290898,0.05138321852128191,-0.013340502964663723,-0.00026860080436096837
TFF1,-0.0010350844049450464,0.005137448808113518,0.04205355511387016,0.010176727886520747,0.007804586734330027,-0.03087483761913307,0.19854490826376708,0.032287099193700854,-0.058332882362259496,-0.013003854509634084,-0.01619288588227257,0.024280572153277506,-0.009981049295875372,0.030483656408770776,-0.15217460778765912,0.04265532989345473,-0.07119791582919328,-0.009314062034295927
COL10A1,0.11243008754474666,0.011309275400739996,0.03267920183333733,-0.05298280359489747,0.06906147612643375,-0.02888195578725842,0.10659685513971391,-0.02142458879009965,0.06668093377098411,-0.004775200487395045,-0.01768526301789315,0.06943571642656632,0.009080574123522643,0.0411567787824917,-0.13615014257460475,0.03499494959216691,-0.010377808729287254,0.005196635656912
IGKV3-11,0.11453745931835464,0.028593062916011013,0.00605664065398401,-0.01914476088210732,0.02833198146731843,-0.027823959650750196,0.0833751296024652,-0.05222676524775166,0.2575672968971193,0.008342926512500692,-0.023075522452014698,0.03184893446116511,-0.004402323434840658,-0.006646245893846775,-0.012380513855133128,0.04213318032005441,-0.009984604382183212,-0.0005875098073845418
S100A2,0.15546074784038913,0.02731810772363126,-0.034936331485279526,-0.11365816958991029,0.025507988958112997,0.002013646005908112,-0.10151870909184016,0.09651438822959586,0.02823674479516296,0.02187919416419366,-0.0629973493170838,0.07877547626791455,0.11774943654800428,-0.020078992408452623,-0.018469570176406807,0.009867081646923223,0.014302414996695878,0.0020888395639271445
IGKV3-20,0.11120107344565694,0.029218482126912856,0.007687896401902649,-0.02125264545745523,0.030079488425312766,-0.02946039717800204,0.08663667643166433,-0.05198298158215264,0.26021531909597034,0.009769773474315497,-0.022699291843746028,0.02424129405538785,-0.009572744877496753,-0.003668918081177668,-0.012449690461393464,0.04132152406402057,-0.009134598480869498,0.00015359712550984075
TMC5,0.0785766217118734,0.0026795815070355038,0.04598748722706692,-0.0027908890093299834,0.014491453864166979,-0.019759299685010782,0.1892504012964108,-0.0037461725702782264,-0.0276172754377354,-0.03781187698407656,-0.016225077987597425,0.10873740550541867,0.039591536307854024,-0.03821517875329069,-0.09554505202060802,0.03941987835499577,-0.03756810129412567,-0.02220112001167852
GSTA1,0.04278309732756124,-0.00754784241983184,0.003220964811691783,0.13201190917155828,-0.07450510909920473,-0.04509800288354309,0.0037298050850266776,0.006228484938692728,0.05721327559503903,0.010276002855166924,0.09097716842393698,0.03815498057292494,0.10300824917290026,-0.03129015815670766,0.06250727858055656,0.0015045414566366986,0.013271100605718348,-0.0067701676444049015
PLP1,-0.1085626933582566,0.007466695527471504,-0.01204660862518146,-0.05012970424269458,0.05849853890562472,-0.03582921641330214,0.060602275832044486,0.05356773186571753,-0.03757177693757291,0.016625199071600337,0.09186772136822341,-0.0952124849746814,-0.008620281103542182,0.06009654544234259,0.06014983099415017,-0.07491656775515718,0.029278619504036797,0.01228471737433292
GJB6,0.10999729863033902,0.017160834185561483,-0.03411798753328048,-0.09855617042710331,0.022365552821348708,-0.01132108075446129,-0.13572339419277377,0.11927363961302537,0.012880540015083932,0.03779281652614496,0.0004313183824560782,0.06449443999980663,0.05405040819752893,-0.006851103393742392,0.04112391247098168,-0.016264298136725183,0.039654986836853756,0.010657773205388866
USH1C,-0.04937313932244837,0.016313577490080507,-0.009501499482742372,0.09152015636862901,-0.12660773539973258,-0.056966671267717886,0.1092861800300475,0.08745853232030441,0.015101826545813315,0.03420255019539168,-0.08748783984795454,-0.11260657562162178,0.06811741897589942,0.022435924770568626,0.000862039112874578,-0.0718244437892819,0.010435630287958835,0.013645504997211446
DSC3,0.12739909149288492,0.023297363430261262,-0.028081365288843894,-0.10848783580747189,0.04409389525028321,0.005669610459376091,-0.09047108768981084,0.09380474493740545,0.014386273982576022,0.0272612667588692,0.04349202919648496,0.0671267003218332,0.08062925980109376,0.01347777016894573,0.0008248049462620592,0.03399891299030984,-0.00463763479290367,0.0025851375175304724
SBSN,0.12481673610564133,0.026586428414417922,-0.019035906559047067,-0.07579932994357752,0.010324221788564738,0.0011382147298485573,-0.1470758922432652,0.11030447011021892,0.04790448551976329,0.03430598259729596,0.013726581848831037,0.03763199109653108,0.07768090872364503,-0.0003483241240650815,-0.013590418446673769,0.026979925686338876,0.0035048030667116474,0.011505120695190992
TNS4,0.13693767935019605,0.02696775095744645,0.00045749609096535195,-0.10781484700587464,0.022083338073079866,-0.002131792063394349,0.01642400003590868,0.08963803486169859,0.003692337911064806,0.006973413419536893,-0.06474716610335257,0.11805405732028021,0.033393955755996664,-0.00981963508134338,-0.06854545988771434,0.032834089110762556,-0.019422007925314243,-0.006149589605913227
IGKV1D-39,0.10882589613461965,0.029244310742183754,0.006543201920094286,-0.022967144408048784,0.032538853205244994,-0.030059388539729528,0.08719909150751931,-0.048015591222166844,0.2628828831184818,0.010221530941463873,-0.015978236906264168,0.021376522583014444,-0.013242197401420358,-0.0038489161598395756,-0.00886124615803125,0.038059076844301334,-0.005699853267169884,0.00158875106445924
C9orf152,0.04222732612092788,-0.007182131807588245,0.05701290916445931,0.003227403669748063,0.024238676077613288,-0.01242961209568762,0.20569769558434509,-0.0025867499308025233,-0.06641915954861202,-0.03466525256242356,0.022444115359914515,0.060849412250603994,0.011458165132624981,-0.021367529832060174,-0.08730405100603204,0.06444067653504501,-0.05914927255888637,-0.025617400778899204
KRT6C,0.10556140416003498,0.024731206410909434,-0.032065266640802004,-0.0788876509075826,-0.00723317721960898,-0.0014582645792271974,-0.15567609227047416,0.11767184613651628,0.045421256028300765,0.036521775379789435,0.02822429234847422,0.009500808826900554,0.08292322181031064,-0.006434414715221774,0.011480519896525704,0.012108984283698554,0.003746858323455882,0.010284613925051915
SFTPA1,0.031078281176640667,-0.0023267921225882462,0.015036084153489617,-0.008304084183269621,0.028918164302188867,-0.030295162015621626,0.015285803592957137,-0.05632955741262983,0.06238738318328674,-0.003951145700363697,0.03226958552672031,0.05482085082413961,0.006891680621733529,-0.08398802462434003,0.06279597632078104,-0.03579937610591588,0.04773353639568867,-0.007964313717227606
BEX1,-0.12564493967005433,0.0007978472172481843,-0.038802740795952334,-0.03878101497667482,0.03691433416343303,-0.031178035011869186,0.04988391550075639,-0.00282760823213643,-0.03506713807156705,0.012692752924219085,0.029049268686268535,-0.03625927975879624,-0.01516662012062892,0.05462485457336561,0.06942170719153044,-0.11489086900988174,0.055527069400867005,0.014076171494157885
SCG3,-0.11401689031507711,-0.0004901650594957226,-0.01690367974351399,-0.05721483962501024,0.036302351819928885,-0.05335975675059606,0.06718101427759056,0.06684417172901701,-0.032627727685265596,0.01885575849400508,0.0710710975075701,-0.08171363005203262,-0.0190465291265586,0.037176235695813034,0.07559465828070021,-0.10631521373495503,0.04831803518344557,0.015297137848352809
KRT7,0.07808201267628563,0.006597150260453549,0.009684506315670211,0.005366817580064848,0.0320491981990558,0.011242796800376797,0.03328062574658565,-0.07631877920572716,0.016286407266071227,-0.03810483965811418,-0.10889203542103157,0.1550559681604115,0.06132407306402106,-0.008575453163342388,-0.10213256444900984,0.004466502566460505,0.026940339190066685,-0.00747540987019726
PRSS8,0.12179324594490862,0.00649247914929279,0.019401346608064345,-0.004546957007503408,-0.010591503162822823,0.019131473225100087,0.08179617435870927,-0.043927695319586534,-0.0021935801928984473,-0.03968263165896399,-0.10562510031601638,0.14076715634826092,0.11788420867874397,-0.025977978877545774,-0.08998912523223894,0.05441141244842652,-0.021031573964747585,-0.01841425835056327
C4BPA,0.023779343667084785,-0.010165855871820336,0.04246155944223858,0.11001800630859863,-0.027875249334450205,-0.041280728357618424,0.03058583012838415,0.040534909173936394,0.056493018785353434,0.010196903504242957,0.10476285352139189,0.09960235520468816,-0.03127974279854908,-0.0338307172300534,0.001374768436770911,-0.03229737061990122,0.03350113599187354,-0.0031277427850447577
PRAME,0.08794477584315981,0.015499041525210646,-0.002863564543439703,0.027977756781998268,-0.0030755877395180742,-0.013731746847528781,-0.03251137441651382,-0.029245369127821833,0.017828328547487168,0.002494751113831762,-0.026550984395063756,-0.04570645971107538,0.03264600985934277,-0.024794898785029655,0.007634331269097492,0.008085357622194653,0.01089869962459341,0.0009401208598629622
FXYD2,-0.045523228646839636,-0.005015838606348674,-0.019825981396048756,0.106203464283234,-0.11960826265321514,-0.015215165376182439,-0.01396937449924591,-0.03990008901307769,0.09015676234685886,-0.0010772732265781875,-0.05522317837505643,-0.09176560068347273,0.14878862987824587,0.010630189704114612,0.006601169913456094,-0.018139441495590585,0.016639139234512157,0.005472855264286332
RHCG,0.11756296267405329,0.02883425221296783,-0.03176653130951681,-0.06920439633642819,-0.013359737833949907,-0.008116793842997256,-0.10653603861834014,0.12945189637245305,0.004700362237917537,0.03662887336415857,0.022714101978607786,0.0322752782628341,0.07577999652925789,-0.011103130079848802,-0.001868611134982967,0.02100010838916925,-0.006069664299600383,0.002396017055265966
CLDN4,0.1255467777692757,0.005958079316163046,0.01856764992839003,0.0004982552423571081,-0.021830072775997928,0.014019752748697635,0.08840906200592066,-0.03503542655785402,-0.00840281004676152,-0.029372605491379575,-0.13593859728314223,0.13663800149699704,0.12640809866279237,-0.026122418065172896,-0.08066686817730759,0.038572747852833766,-0.00509264207614375,-0.013611342815099294
TF,-0.031028919587432972,-0.01527087002630229,0.012943758874380252,0.07773424450589872,0.0348768813550917,-0.04511689965673451,0.018127441222662178,0.0585099466791421,0.01303100974448933,0.01206264996371116,0.23356896930606796,-0.002331946439492214,0.01010755450829907,0.07153959947679335,0.03764338833702796,-0.02265432636093201,0.023921319312521866,0.010172347884680721
VIL1,-0.00626644620158621,0.004586127442193534,0.03704250400733529,0.13524822449135163,-0.12940076813552012,-0.04358632044717593,0.10651293835994378,0.07406478353744764,0.014147024745452179,0.02249107639142789,-0.06079108145033139,0.007410151286335801,-0.023421508380262933,-0.014519624132612931,-0.03535476176743995,-0.02559023360601561,-0.010990605211221277,-0.0017739840045712222
KIF1A,-0.07270907546672113,-0.008868730121529035,-0.016016696202451407,-0.0649165446444049,0.07608787466097497,-0.032929113307306114,0.07210708245261906,0.016175583501733228,-0.05700749888341643,-0.001367702831504571,0.07488321747662974,-0.05816217557413607,-0.000714426070118486,0.01842311776421952,0.10694020439759834,-0.0767947060451587,0.053218260989777985,0.006019990437140651
GJB1,-0.05921838349269722,-0.029789364548780294,0.0348012918607498,0.1288020844730112,-0.08415825823880017,-0.03505024868274542,0.15330882376181865,0.04671662876407626,-0.04758674408502064,-0.01859769915028729,0.07650445831403518,-0.0034938718688071815,0.07217308686047436,-0.0033998126081930227,0.03217352501156588,-0.009053192756487645,-0.008920869405028384,-0.01595146327470614
FGA,-0.021944519975679682,-0.026596550350232773,0.04270759190166456,0.14633785418668066,-0.031104364048864453,-0.03106615201690362,-0.018052142731412667,0.012022296573344941,0.04470327070545227,0.0011237063996817776,0.1564088875094497,0.09211378343200578,-0.017231733133979025,0.003724647392266682,0.035336664079549426,-0.01912384899152218,0.038480685809935446,0.0010102369515620892
MIR205HG,0.14013833819885113,0.01682319823121684,-0.023684748241077126,-0.10264636727092918,0.07607953964245212,0.01991859712833258,-0.07937605307471493,0.04938368872050455,-0.006348803669087997,0.0106513165384334,0.05374082697665027,0.055598169099928874,0.09674444194788533,0.0024198306149656266,-0.02699972188037751,0.08321711485497507,-0.04531761635037052,-0.012420336434077845
ENSG00000256462,0.1211297142860178,0.03328022302267809,-0.04301577835158458,-0.09698712398395254,0.038922599510778484,0.0018655987936715339,-0.11995189716654255,0.08753297825806129,0.040646753758010856,0.029546066085443048,0.03833569039266134,0.03573440140655183,0.06976838484613221,-0.002314296979800142,-0.004294914312855533,0.038178946862646196,-0.01659033931069468,0.002365853413407322
IGHA2,0.10282141391589726,0.02517288765295409,0.009176171412102483,-0.015061797432463532,0.012861712421077203,-0.03290131641706745,0.10570104885339697,-0.026959976390217195,0.21095341600069262,0.006034750634344955,-0.03756169602617969,0.04541505300277065,0.023115618347149258,-0.0003873937649340127,-0.0348094584740798,0.03911210290396688,-0.01352460716129913,-0.001437934563016626
CA9,0.08101934987803143,0.022731849306973036,-0.009645429090252008,0.02708395664814256,-0.06334175130561522,-0.023170042325858592,-0.02099162448068736,0.09469664463714332,0.053323430006825934,0.037299475808411475,-0.07216103523663318,-0.08681308434488227,0.09093651076993049,-0.023654159423186476,-0.05355836764734565,-0.0018928567810479189,-0.02849235567473777,0.00669782582448609
PMP2,-0.10032074943248208,-0.003744477889594766,-0.020484302969202197,-0.023951317796434106,0.033047970017038464,-0.024229125975797617,0.022691410046728186,0.04261621056182985,-0.03998109515155915,0.016812638501074673,0.06138259031699605,-0.10956580445118597,-0.009905552889962923,0.048612456425926445,0.028603045443785818,-0.06397624433666567,0.02648257669763025,0.020335181085470416
FOXE1,0.07391178520523857,0.020636054721063463,-0.043782944434555986,-0.0547333480031289,-0.008316973571891144,0.01704035105472343,-0.11991007391405382,0.022863971888747264,0.038067691258695795,0.014173783611674389,-0.049521811920265044,0.14637906014144655,-0.007475481549735196,-0.0197646144499719,0.05160574285498534,-0.03928412195207243,0.053515285817516446,0.005492012204964834
DUOX2,0.06154712081817999,0.02983044714705895,-0.014097147367929505,-0.03308539055365345,-0.028798762711324352,-0.016099745296094634,0.005789662133633726,0.09667992104128081,0.019970629611471277,0.010557299837468571,-0.10451795814865425,0.2199494149769165,-0.025937403623950882,-0.020704205557561292,0.010960513324499736,-0.06978800729577787,0.051396083493816525,0.0011788942106548607
FGB,-0.009443754276826559,-0.027371274633020904,0.038094769371890824,0.15635865771536658,-0.05289199815776437,-0.022022026891788428,-0.027186532224927472,0.018167419321257067,0.04797493326227747,0.004937579495687042,0.12930483610410043,0.07484527709730579,0.0034977604640684923,0.022546126104895595,0.006537581353456906,-0.00183888249475159,0.02520770196198283,0.0035629201883266948
PRR15L,0.060414539333203274,-0.0013854867162233677,0.0343439249915208,0.02854815425275004,-0.014822621535439513,0.0054916210464010864,0.16740713076479544,-0.053346394593955786,-0.0347095864146098,-0.042741315400865655,-0.09439869535700676,0.1387061200750158,0.06028644765611833,-0.015249780814876124,-0.09850254169149016,0.027034081921962397,-0.013426178272096035,-0.01797712124107864
PDZK1IP1,0.09419244093269917,0.002793582582612391,0.0025014166295799015,0.058655946659475156,-0.08282227330949801,-0.00460278317383714,0.04366366552830475,0.02262214216544937,0.06997861154100359,-0.01858294912786284,-0.1050368825969775,0.05959151825034253,0.17901202387938964,0.0012125393196081285,-0.06539006547425015,0.023906879203959924,0.0006048735853540365,0.000798112484026279
IGHM,0.0907258749332478,0.025070980174692472,0.00837004339702864,0.0035932257768525842,0.02400834640167928,-0.02641403043903492,0.08722897256208713,-0.06281321156697907,0.2416196773447648,0.0003361207066557736,-0.016914650526868424,0.024256133000411646,-0.011498138973541513,-0.013475268883652872,-0.013495099249339846,0.03828377999821892,-0.01412266900873912,-0.0013976969030805742
MUC3A,0.009675456265831672,-0.0019330392071383526,0.030779887869018002,0.07426020329279649,-0.09568425914960098,-0.03672497810505568,0.13412771891643235,0.03159913207288801,0.0005888714377038837,-0.021875944026267115,-0.05990144474501187,0.04091080566981849,0.07705609948216428,-0.0656805475162448,0.0339517083239041,-0.0048683230569795104,-0.009180652761226754,-0.01970313760375092
MMP7,0.10036691777149245,-0.0012720091293557613,0.013592622836938073,0.011712731986961421,-0.025798747359761218,-0.01715434001114841,0.10332286597391249,-0.02024027065703732,0.04796807383792541,-0.016247087253314658,-0.07418476782602644,0.03513738281380246,0.1813823605907174,0.002098265190552161,-0.06618016538919481,0.019389897652443516,0.001035023015965794,-0.0049373999708116146
IGKV4-1,0.10549803276515096,0.03027252281459796,0.007963670427529015,-0.020795331288842565,0.03202746373756998,-0.03364939485401886,0.09504210364426344,-0.046607929417870876,0.2622603552929359,0.010808874955826248,-0.014999510863175037,0.011951611950899088,-0.008949024624444926,-0.004144562816310456,-0.005358415209427472,0.03596147942585129,-0.006482228309857443,-9.403487223468862e-05
LGALS7B,0.1453853525849326,0.03943691755405305,-0.020900868347273786,-0.08859147485632436,0.028156666294332187,-0.012292558833581286,-0.10568791362346149,0.11880057515673005,0.03632251636603795,0.024085948419362055,-5.2497262892518256e-05,0.07047580031367859,0.08428834389304309,0.002867156098951713,-0.021090596125707642,0.016214440784002516,0.007375963207020891,0.005650237823214924
GJB3,0.15109849781659848,0.0340399314909859,-0.0068412246269975744,-0.07009570225690274,-0.017618051611309787,-0.012588009547845272,-0.012326958030759725,0.11998774429029599,0.02159854874561025,0.018578570853186684,-0.09470501954154019,0.15345365416358064,0.05032706530964691,-0.021543940566873556,-0.019994662487301838,-0.010726859723562542,0.026550437389056238,0.0007813863725795385
AMBP,-0.002575508083285762,-0.01862137681837028,0.04975970080387238,0.19170771657357016,-0.07136200000492542,-0.02870143471024855,0.022351544148618403,0.034859650076853266,0.023351011234052987,0.007391692247012087,0.12935463398706523,0.07004132869179962,0.0176446821190878,0.0393814112303898,-0.04810555175504823,0.006766177900319771,0.008133914824303406,0.003451599613773033
TMPRSS2,0.06020167606462066,-0.015293508194765996,0.03376231737237061,0.021509008238257278,-0.00863002071874447,-0.001581572279923629,0.15476531785657854,-0.011814568159876334,-0.05338116740972466,-0.04064572358970349,0.017531993723530266,0.17405122460065012,0.04219420203361511,-0.05745447162179023,0.0034971085404625563,0.026846611913663443,-0.011205103489154643,-0.03097693148614262
NCAN,-0.08133418926343323,0.005359177007633596,-0.013938268655230514,-0.043264556955286956,0.03706339930307799,-0.03564481143449865,0.03431285221856202,0.0650115522455231,-0.0474092489053789,0.02567490453773169,0.05986190786585315,-0.11620978793287554,-0.011702061528738582,0.04184777148643545,0.03274786295658987,-0.05860745015089448,0.013376132859509069,0.01190548822174004
NEFL,-0.03153587645532959,0.012451644490048232,-0.045555321047875484,-0.03307367600121503,-0.020300178504840297,-0.02041021381402128,-0.059519095025101075,0.060735733205624885,0.02681164827004475,0.023669452102196405,0.01831371969879149,-0.0990723694353664,0.12339386230576124,0.028606046946703215,0.06730097342720481,-0.044750617705660696,0.031234556614143313,0.011144046584506793
NECTIN4,0.16416108714484345,0.021950475431116386,0.015408366557834157,-0.08677104550979292,0.08483994733395864,0.00823854481698392,0.03544241549547455,0.0112090641551084,-0.004807479062640269,-0.016362186833332074,-0.05540531352740105,0.14335233402339606,0.04985436998401638,-0.016853825787870903,-0.08941184007190088,0.05677650969714941,-0.021396993074344187,-0.011897044682384858
AOC1,0.028102976852946625,0.007841057418312475,0.012598673881882592,0.055003357909813255,-0.11447939676825689,-0.03164052824740786,0.11510735863135577,0.030717211358764457,0.04360686256110326,-0.00549261207054938,-0.1438405427361258,0.013307556627289031,0.11111479391856262,-0.019981250620651307,-0.005413624051807186,-0.011036754806546138,0.002907758326472473,-0.007059345948087616
DNER,-0.07444001616094988,-0.007372710627587905,-0.022930053718786262,-0.06773264003065672,0.04038893667098639,-0.048189241195406844,0.033334055936786754,0.06710484488818313,-0.019098271611884488,0.020598599315599608,0.09014794349100236,-0.10539940949980256,0.04489638734279802,0.017967019008273275,0.0938458004704239,-0.08006724631659709,0.050564974093915915,0.013120563796310873
CLDN18,0.02781053721007975,0.03133195621700015,0.018528446508876317,0.03864171605709516,-0.03665737353498795,-0.06089797818430525,0.10400851811755639,0.04878197573341015,0.0361559599163575,-0.0005105194796414116,-0.02340517228964759,0.04527646558018753,-0.006727974648727539,-0.04709713875123121,-0.02419558726309148,-0.04276053987317497,0.017767567466708076,-0.000632153738827077
ESRP1,0.14317591830854548,0.030322420830195245,0.034538763269131204,-0.07170417855218648,0.03953882224287999,0.020527349410532334,0.06436624334966175,-0.01307206626819818,-0.02661023878741598,-0.024315992726101025,-0.08299170323001467,0.14997949665588756,0.02994203661105789,-0.026959062457340952,-0.08515313284827278,0.04299463942057593,-0.012627633134619651,-0.01639466239144363
IVL,0.10900857686606129,0.02343734546959622,-0.018162213191325053,-0.0679981348053218,0.0027401260175271523,-0.004519090259635002,-0.1363767813593707,0.1068372947486657,0.03612200589048642,0.02734216478151607,-0.009882052974633283,0.07993602428915218,0.06086413180041904,-0.013167577122161343,0.0012685233221269882,0.0096024183838455,0.015303082397346013,0.00565985299945248
TG,-0.059888310253593376,-0.005552623728445188,-0.025638206790219085,-0.03640731603339364,-0.007805647603029544,0.038042919761027104,-0.04371013792319152,-0.06870339721965535,0.013985223788036077,-0.020954798881476975,-0.12941829986595493,0.18312787285675072,-0.05612669168682209,0.008107207119444432,0.07998258410295384,-0.10195282844136266,0.09596504004970997,0.010168379840760109
FABP1,0.007643985430241833,-0.012580685403063816,0.04903899303863341,0.1499325619808457,-0.11594523255393724,-0.020771036116845932,0.04949542418175965,0.09887555027106003,0.001978231451309091,0.029139580415410288,0.062185731790452926,0.055479213684348466,-0.06924845402328131,0.010274282153317917,-0.024553551358875665,0.00603245145143142,-0.02754809961733514,-0.0011240804933115116
APOA1,-0.026934794648372225,-0.011900531674736077,0.03134479462827706,0.16703552342522243,-0.044112282057359446,-0.02106116427563367,-0.02369483398728612,0.036079286185239264,0.013755285732606027,0.000723483849150534,0.14016912649912677,0.12108866291595924,-0.0835885174696875,0.034831747493046676,0.0013240375597796492,-0.030290628500940078,0.026711370991163975,0.002604748293972561
KRT23,0.11970717851249638,0.005949836981101748,0.03273047139312368,-0.00787219809826955,0.010381049905266242,-0.012675619252065479,0.05759260155086281,0.07853524690385538,-0.03231264757878243,0.009912120972871478,0.012347557760865002,0.06748793511497059,0.08394860395489788,0.04980551882216352,-0.106763316116167,0.06215620632057487,-0.04095091592308929,-0.005726658752791008
LAMC2,0.14652992007768015,0.029995800263323987,-0.0046009650373778094,-0.05833199540469211,-0.004108620072952332,-0.0030310792714708604,0.016698303983700504,0.027545777979282614,0.048999786329423714,-0.010506227830980973,-0.1316935694237125,0.1386553038814328,0.08740493672252059,-0.02465862588062407,-0.06995194342623384,0.008650947834204186,0.01048787754256575,-0.007546402783289029
FABP7,-0.06723654848330173,-0.0010374141454584822,-0.021941178792985093,-0.002639166136536922,0.021267591437727086,-0.028059392768850965,0.015257208648724692,0.014210659385518038,0.019813033117329643,0.018912602658689204,0.01847679732311783,-0.1504694302299836,0.044249769925271736,0.0589837142726747,0.019577022653419388,-0.04368589778187304,0.01477313057793981,0.021118967725699656
SFRP2,0.06810982826071443,0.021059906635255095,0.003693483330069358,-0.10758856096874908,0.10004181498416964,-0.03291473889740369,0.09581409210970941,-0.020309581140918777,0.07408841328240803,0.0024007291423412116,0.002197276526806164,-0.001650662714414411,0.03454690751292072,0.057781687525758595,-0.09119822929837514,0.013248474408604268,-0.0001573369346426729,0.008250830890158463
PCSK2,-0.08329204382450033,-0.004828318260949995,-0.011648600535334152,-0.035508927818082237,0.03572561324188675,-0.011088593655993169,0.005274079878418755,0.0005097473412914932,0.005347132776756218,0.0018576783959916826,-0.01638402547963141,0.10397134111825418,-0.05421715596268717,0.03873570358831289,0.06075351498115399,-0.12354914596892863,0.0967471366718835,0.018104045222211564
REG4,-0.016192778552638086,0.011944665259075483,0.02126427613480402,0.024738504869079615,-0.0683260583444829,-0.023764223792179556,0.13927030380863006,0.07740228439475624,-0.05510596350810669,-0.003659105615248544,-0.06406760856831166,0.041454630494363855,-0.026662333014413293,-0.03359998070670176,-0.019173521576194518,-0.021699529712075127,-0.024401138150102895,-0.00892538307557088
RBP4,-0.015191135803014226,-0.020007393805728378,0.026092868027041326,0.18052267281434126,-0.07549897428879192,-0.036697330009714244,0.06376715812753582,0.02592301637331097,0.04001506380193555,0.009537149718889375,0.0871136924437539,0.03297136888619068,0.048151963976711884,0.05834467215176851,-0.030461505180377504,-0.019048448696265048,0.02299656012020431,0.008067815822574362
NTRK2,-0.028726106200611525,0.021715835504550453,-0.0644391591136568,-0.09480730506833342,0.06357902808769672,-0.025978438966657687,0.028249179401131617,0.013475941741943718,0.027607206619488494,0.015610111852690541,-0.0050839585676252155,0.0026100362420948884,0.06497348942890456,0.0841005509784486,0.02627445100203518,-0.09849394181916403,0.07061082711648224,0.028557201321284243
IGKV1-5,0.10796557579269804,0.03119957994979317,0.007701881166527611,-0.02648628203329742,0.03427930687404693,-0.034176722639710055,0.09163759489549103,-0.04544595194462508,0.2626310391337345,0.01166893011009068,-0.01576355661199873,0.012138397010083686,-0.009003996850131053,-0.004088594080661544,-0.008586076938423587,0.03522053239848156,-0.006930310826515648,0.0007217771978611488
TUBB4A,-0.07241360355486501,0.015067685142629733,-0.029383961833442374,0.002733233631243376,0.013365913339749638,-0.039537956588673456,0.00914415621638507,1.3919479406924201e-05,-0.004131395814430043,0.024065239797981267,0.06156911495549933,-0.142469101802086,0.04937184742056113,0.0211843106423637,0.10465475804284512,-0.07314026002187288,0.054346503460370205,0.011768031067691156
CACNG4,-0.019212890043146365,-0.01533532706842598,0.009809935845607442,-0.0896104589395033,0.12264599302884813,-0.02873563664031685,0.11582662346622728,-0.0008462209599922455,-0.060261893294036105,-0.005989135485421413,0.07136877876860255,-0.007568370646197394,0.0019385514885150391,0.07985066192010497,-0.02978897550593543,-0.02861244855375489,0.02036395005392662,0.012386994042329423
OLIG1,-0.08770641462603915,-0.0059136674617791245,-0.019830741323021775,-0.04038030167871339,0.03555305595612005,-0.035261033198034406,0.022242229661423488,0.05680930080378561,-0.05025808465998743,0.016252418880155592,0.06696959401590279,-0.12935062420631543,0.0035799608824321357,0.03812277128600489,0.03735083876763895,-0.05931687621748342,0.021442452837712827,0.014121316616624718
LTF,0.033983829045980456,-9.061353567123429e-05,-0.010459284912537765,-0.03199959194271537,0.06656961050034216,-0.009057358424188559,0.13916537962411446,-0.0730890586988618,0.0591435029991074,-0.0403545213314404,0.02768621926528517,0.019778703916995738,0.11229659072450927,0.02600518254882941,-0.045888152470253456,0.03212325074201576,-0.02503164486324291,-0.008748328359207825
MT3,-0.1027845652062546,-0.006363683079751555,-0.03681045749141592,-0.034664827789236116,0.017745066484063193,-0.033142605713914704,0.02398098536161474,0.0347644678024534,-0.04323863158220895,0.0173668851845151,0.04824351103316091,-0.13631358950632694,0.01864262542934727,0.022006329254194042,0.07194549744965499,-0.0746375097775878,0.02505424895862831,0.015557564879942042
SPRR2A,0.1280600267923948,0.029544764983932274,-0.03198541020931642,-0.08510664027279448,0.002163704991694906,-0.008771832195078244,-0.13170695998453277,0.12211069386986417,0.03873391416777321,0.03959682193323421,0.02798393802054841,0.04166841945167374,0.08963338032783601,-0.006036385838613149,-0.0006469711029177487,0.02757538669560091,-0.0008009297758500073,0.005663638803089894
TM4SF4,-0.030230420963701873,-0.00869907050305332,0.03284176175084308,0.13840709588102953,-0.06913108594770666,-0.03929561031085807,0.037753002397874165,0.07706683427455722,0.026543312206482064,0.0013503460271335561,0.047799015472965535,0.1314431314102835,-0.026774274919035595,0.025153956855746312,-0.007764472600995955,-0.06867261405894283,0.05056697106864668,0.00781846452587598
MSMB,0.027558262076009775,-0.01470494288095337,0.014996087596958509,-0.05038109659903313,0.05754400233487519,-0.0012807335042182972,0.10635551653051542,-0.04351965766508673,-0.06427000921127679,-0.05248523384045128,0.09290287865430709,0.04802542517762423,0.09647658050279306,-0.05590288812367895,0.05295305663618162,0.06923727806415392,-0.036895715553442905,-0.030817193155726244
SPRR3,0.11881910746544896,0.03250526724632486,-0.03433508693150706,-0.07341729238034311,0.0006496950672306977,-0.020328616717574133,-0.10266402457028974,0.12781803474616615,0.025364369630209608,0.0427934788044393,0.016462970155623983,0.0474490689667076,0.08737535017725637,-0.011772470394542624,-0.0012418461699287208,0.016656847851701063,-0.0027111064841719747,0.002787137997366235
ENSG00000273259,0.012795366590673074,-0.011072770585542496,0.027935701668348228,0.035107660733773784,0.06400634938483281,-0.0356728728161634,0.10892779493583148,0.0287709500943822,-0.0033429920197557946,-0.02102276215528914,0.1839517152237878,0.010873385385511126,0.06687652048949715,0.08565565045918692,-0.09132310423746146,0.029293112487103385,-0.023983787405436052,0.00677948465945249
C1orf116,0.11998932817152627,0.000404508468660658,0.030311360552334375,-0.053531241725014125,0.010125320005972615,0.005046424289590387,0.08952149155925238,0.020724703980969178,-0.020525300797582344,-0.03922286149372285,-0.07133825674474327,0.1705808125842132,0.10298815966645757,-0.03959620494674084,-0.032967639764550846,0.03187378867338262,0.008543434148992154,-0.01864201766611262
FAT2,0.14766106344942884,0.025345517946709698,-0.03028119048053498,-0.10279059426306116,0.056146661905327556,0.01627879231789567,-0.11169686868593448,0.06704553851101931,0.02346611622144135,0.01037358455659422,0.0346905253327462,0.08819222658360543,0.10657690749503376,0.005706655288899,-0.010252712743221815,0.04846652519068655,-0.00690175435291786,-0.004369334359103977
IGKV1-33,0.10428153162753606,0.03092441092237664,0.0072257168246017455,-0.028819068472001937,0.03910570265396993,-0.03430693242135388,0.0909420197261496,-0.046284950867615214,0.26138397134600594,0.011865659635417587,-0.005958873391984448,0.006251905017152519,-0.01200174990696015,-0.004478522455891683,-0.005963368904504754,0.03398079621592819,-0.007308226988141629,0.0013837821347092276
AGR3,0.03702755743835178,0.011546241380329674,0.0485088462541528,-0.00041432105689089384,0.03163990709039722,-0.029806879250106978,0.19698312123695552,-0.017774693432064212,-0.024980271034643706,-0.017371535631409436,-0.022902150307149597,0.027554637108754974,0.017436580706301646,0.002164068551172425,-0.14847813824863448,0.02443567740272222,-0.04775332512620137,-0.01354232438661593
IGHV3-30,0.10007432050392155,0.03128321832805232,0.005568526725331334,-0.023896359729251533,0.034478212839042566,-0.03575751839269152,0.09282135851048706,-0.04501494614319196,0.2607431298704105,0.010681068026836342,-0.014441216511596681,0.014044230071602718,-0.011684024245072668,-0.00423595983971279,-0.004662204663188677,0.030779542029280828,-0.0024626443868351,-0.0003884727258531318
CTNND2,-0.0926018268988062,-0.011739868470525567,0.005646456231868612,-0.045996830090518054,0.09054401157210103,-0.03455320783776914,0.1104381033701482,0.020329674313008056,-0.0671066195803087,-0.002065512049266902,0.12446386052320783,-0.07098711764316776,0.002172430759597264,0.06818453587687594,0.010174815469690486,-0.040087414953572736,0.010554188909663184,0.012344539052675893
ORM1,0.015030847657100797,-0.02486102599393637,0.045931744613078355,0.134964961847591,-0.010642198525996027,-0.013744886405122484,0.012411636206901498,0.005826397837167528,0.011091687579045698,-0.01383261726964989,0.18206167236311777,0.11428497227120002,-0.02359211410845908,-0.0014548265503088334,0.021103057999228698,0.017991722491800154,0.012792807094765133,-0.00873021147089284
TMEFF2,-0.06760830747745572,-0.02313269315714328,-0.010511352135882286,-0.0499145442471634,0.04675777806553717,0.008293829897012153,0.04191148655975222,0.0013677274639945804,-0.09605960379589074,-0.029096979167029646,0.11900776664159622,-0.04715159643836454,0.03234684556856665,-0.016657026278230753,0.10337619612383735,0.004873492935371656,-0.011625064208799465,-0.014416029028641258
APOA2,-0.005572349419839917,-0.02913623615063309,0.03724930723750335,0.16725502805229572,-0.052977054811428274,-0.006554528354360845,-0.04273425728486483,0.04745190260922704,0.0017261164729178529,0.002001661946505785,0.18204004298677107,0.11063139508008374,-0.04985139406975177,0.030167556750937647,0.011742817579633464,0.008802803922186435,0.009025488850231756,-0.001663282698251653
IGHV3-23,0.10069347006487483,0.02888565683101275,0.007571346884937667,-0.025480934822198337,0.03369445557007487,-0.033343129348636924,0.09443945645278333,-0.046914585040769854,0.26548022469188953,0.01171177197754055,-0.016749532438618275,0.008918670010121678,-0.01242132525281888,-0.0022540805002738756,-0.00880421634560784,0.03403893611973329,-0.005747136088551275,0.0017236845658261057
EEF1A2,-0.042650419154686876,-0.022679575438121016,0.014035320841196151,-0.03786502690027331,0.06669915970222845,-0.041344541067714846,0.04434105572676608,-0.007758307184957681,-0.060186283995602774,-0.011198591665814397,0.10294542835705674,-0.023895299220433784,0.036409153168578616,0.04843294318687078,0.0008756522822160454,-0.02755710101599604,0.023202689605807354,0.008532876999526203
PLEKHS1,0.058785145224997594,0.004435418295388178,0.0470013689598611,-0.019675890662760463,0.03937460805021773,-0.012567272565592816,0.1955624773632756,0.002531957006947269,-0.03567353712854055,-0.02479513946237759,-0.005708767126804258,0.025926584205924436,0.01685217339847405,-0.005104453635373405,-0.10345071622039835,0.04415757840062902,-0.049900442110276416,-0.016269246969491193
PITX1,0.15039369190436858,0.032955658140928004,0.01209967776373574,-0.06076904763697114,0.03086096203436408,-0.020350912276396155,0.030871037967842,0.10023398161959046,-0.011175818343063141,0.024615220535533364,0.015851587527132144,0.014943755746586242,0.01573229776544368,-0.011713183386867904,-0.10224529109132374,0.06636958324513705,-0.0667857028954775,-0.0036241470362727533
CDH17,0.005512573613107468,0.019338538918131108,0.03412233039223727,0.05105707918118663,-0.10407611644462554,-0.04324621279929648,0.1442922105616447,0.10140168785694174,-0.011944740541644955,0.021074303585596647,-0.08377712726279152,0.018198303863573528,-0.014986367486569086,-0.022459779812345756,-0.029711672765927292,-0.026442606022021486,-0.01857277816045409,-0.007438842894450005
OLIG2,-0.08420492403811414,-0.009037028020022405,-0.015670278924275666,-0.02619599934199112,0.043117479375343104,-0.025093692114995864,0.022691228336323747,0.05094773999402472,-0.053380958134778944,0.016361071543923553,0.07354759376038718,-0.08026876253267827,-0.017884150660744568,0.05133732426186187,0.028452706792175375,-0.05371316331917406,0.015450721100660153,0.00850147787531829
WFDC2,0.056387320869469376,0.009492049386164861,-0.019031579284123665,-0.005991688320723557,0.00988281334862681,0.001599493586502104,0.07565416762152463,-0.0797334047688749,0.016026208397477964,-0.03181083241517404,-0.12400948160316597,0.10503553899215363,0.12727201811809163,-0.02024999551069113,-0.04166321540448355,-0.016364772870917046,0.027177359287367146,-0.007360699095162985
SLPI,0.12728740295707935,0.012538884003716647,-0.0031201070852588733,-0.010828801582560684,0.0006595497655981806,-0.018632505178372734,0.01607228952249214,0.08389911732887528,0.04246567289904785,0.0003603058867149746,-0.03146652871291658,0.14598139600089982,0.09241904814905774,-0.005589132407053332,-0.05366931102308469,-0.0020911997128999354,0.022808559472435753,-0.0019038642700917048
IGLV2-14,0.10273034784614891,0.03091693515242297,0.006369247890391272,-0.023272592999059708,0.03275036770224419,-0.03484215212913875,0.09380688414006597,-0.052351671706913794,0.2644941872594259,0.007945355223285828,-0.01607709425903257,0.013413862074907591,-0.004015954208531467,-0.0007289116131439481,-0.007569425241748124,0.03409808659240795,-0.005734812980968596,0.00035699719801194935
PHYHIPL,-0.12276710459040938,-0.01860830706374376,-0.020207471402906563,0.037799075065476716,-0.034309800535081196,-0.04392565336830141,0.05145232792719,0.04679259522241855,-0.01564837337941302,0.020176577853525616,0.059231711432276214,-0.14528136739733846,0.08969548467624386,0.05042030265604883,0.08777061819447678,-0.07397785601320167,0.030802928065909372,0.012815635414785302
UPK1B,0.07027124966033885,0.01634427701204386,-0.029729080531422473,-1.864711836118442e-05,-0.023952416207351335,-0.03357590480932732,-0.03171346849714309,0.03168663286835328,-0.000229496810284827,0.027993810711163764,-0.02231936559239743,0.017574880363076043,0.07527380982099607,-0.015059384650100378,0.0008896895575642282,-0.01004611237097153,0.0028482047262247986,0.0003469612415565789
MYBPC1,-0.024113953977161505,-0.01209718275717998,-0.004034606362145942,-0.06884183299710178,0.06342560324589264,-0.0035509492226797374,0.07986168803197069,0.01747263798903516,-0.08687843736418366,-0.026146218045115327,0.09337161381872439,-0.04713773495634829,0.06525249722397512,0.021953436967064532,0.0497999741366134,0.026795432334085788,-0.01930709023307483,-0.009999485631843986
CST1,0.08763080816397033,0.014174564673356913,0.029988917314521805,-0.019093416695257392,0.016708093801740858,-0.03868295884435377,0.12398760594220895,0.038656815306654026,0.016620100444280743,-0.000388757800731724,-0.009562049308916142,0.05294233490005781,0.005070849692046082,0.003833053537165643,-0.0695677949740044,0.0215330566390969,-0.018659215240886533,-0.004009308736778139
PKP3,0.15670098830196327,0.024313628351576008,0.017653167988477544,-0.08514525565787748,0.03356828491429203,0.007069002742567501,0.05611195891751624,0.032817570450865204,-0.014469888598583523,-0.012036784380771817,-0.08547930556675584,0.13210780527623858,0.041706734111859475,-0.029060907409406086,-0.0873319205782693,0.049820348788973796,-0.024838733708235472,-0.016340641391882606
LRP2,-0.06109738875824142,-0.004659224522261836,-0.008577245927683039,0.046394332009700355,-0.018232178089671123,0.012224813105079004,0.004867331427689,-0.10461601279614369,0.04707830556162708,-0.007772598314152154,-0.08670085911559963,-0.03534375047682205,0.09328864696273674,0.0603941110824965,-0.053422025238940594,-0.03759860593019829,0.040462179549230176,0.022041358902615434
SERPINA3,0.012902396743877538,-0.00932539123779648,0.029413149284856402,0.03977938356294388,0.06250560939085761,-0.03557486781095659,0.10162507935250555,0.028647953727074193,-0.01022856294285284,-0.023131979630210978,0.18449047551520584,0.008489996674159126,0.06864745636106982,0.08301643987855405,-0.09331797778750678,0.029501794146190523,-0.024993059165204404,0.006263357340667639
SCEL,0.0828607860438234,0.016267254518285795,-0.004230734185823893,-0.03962515670387446,-0.01691815080753324,-0.004152076093257457,-0.0667434805840191,0.05034742196673417,0.0624678429699164,0.008212035750445195,-0.08838549936007628,0.1608657234861291,0.056821288040957554,-0.021589033795956832,0.013297735684513068,-0.04724346103859186,0.08369869272218781,0.007899905066889886
COMP,0.06985520748320843,-0.007266004213215159,0.0256172897779849,-0.04235038759103566,0.08214738310980628,-0.0035869233619517794,0.09685127238613886,-0.0701552341441471,0.0507864944330609,-0.02550563936935669,-0.019035556110467127,0.11546980962769843,0.007750891159706573,0.03814946945458116,-0.08579608115006325,0.02861225728117516,0.0016399712476510798,-0.0016309622983732973
BNC1,0.10299518052568889,0.03975282362239308,-0.03811272726137758,-0.06831597336216128,-0.00750049602655773,0.011990217377978485,-0.14658429190293162,0.0597022823784456,0.05211906374501358,0.022442555978364483,-0.008242689769290545,0.056094990815574335,0.06029860113040629,-0.011168564162128795,0.012483777438497382,0.012591833872172447,0.008138342649552767,0.0006454416893463384
DLK1,-0.04736838185078583,-0.004472947384423916,0.006007995432444419,0.004293527954974934,0.0023207168886774984,-0.0032506290417657034,-0.020251015728721844,-0.0022470102929050034,0.0070241969092224256,0.015318261426849845,0.002715141641872542,0.026635971370705634,-0.06438943757168904,0.0010514813946587952,0.034163786345467045,-0.04003784950854311,0.018532856249570052,0.00025502397310437686
HGD,-0.029494756896893806,-0.030360028163039645,0.02606064577372588,0.15898888174201556,-0.09252539378170588,0.0018643880257598656,0.09917364361469615,-0.07233611867187456,-0.018782341873761432,-0.05216953954056259,0.013804175962466187,0.0729019124373276,0.10286247559958452,-0.00402448972663229,-0.01564501033524791,0.017078869380913377,0.0030753030588883848,-0.015770788973044916
AQP4,-0.060399134205830735,-0.0025642672599448094,-0.02485786679647762,-0.057067446907652766,0.04156664745842799,-0.04598142706796706,0.022587578795241793,0.03859873709762796,0.011541423286481053,0.022366074692122286,0.028399250337835105,-0.04510251738698773,0.006627828971535969,0.002521267093282677,0.08149782072851071,-0.10174964196672269,0.07094114577913913,0.020801234156517107
GPRC5A,0.09740829479740686,0.033414552527414994,0.024916982583045373,-0.0720941277663198,0.029323330720429454,-0.01752781037653769,0.09856253447794167,-0.006118257110776989,0.016261663050544002,-0.012503495621764515,-0.13745109763625385,0.116612246687837,0.00631252912785257,-0.013613399251462576,-0.13278269540396898,0.0007260074515303716,-0.0001234707193853063,-0.006075309743327884
IGKV2-28,0.10114028114814248,0.02639801017146711,0.006227046505569571,-0.026602347265794454,0.03813451591252883,-0.029671608560006158,0.0852198486523259,-0.05443629865753564,0.2660203510140123,0.01271813397108838,-0.0073722930786931104,0.012564001196114359,-0.004081286901907573,0.0005200712091727287,-0.006197577289509328,0.036560398515081444,-0.004890691614328571,0.0005252945686628678
ELF3,0.14461919165515805,0.009675965060822163,0.02731911334643264,0.05231454173007131,-0.031763244374663345,-0.005526123474334308,0.09317570961652694,0.005775484987552562,0.00940318635932886,-0.015467213065759322,-0.07287696363465467,0.11829151427200854,0.13400629711771145,-0.015782510009070126,-0.10388291975124254,0.0527195691850956,-0.02291258350644866,-0.013768452304864159
ZNF750,0.13577452214262165,0.011948707923802421,-0.011614952332980715,-0.11239940218039114,0.0838025102068464,0.021195100411407077,-0.07577008567264377,0.010780372772631821,0.019005010125858285,-0.007657686229297243,-0.018553280035666152,0.14472505779363223,0.08228561341286214,-0.013149614121206632,-0.013943701708816631,0.04847962222627249,0.014083254906610582,-0.006313570992956373
IGKV3-15,0.10807670095407385,0.0308956035986776,0.005083330178373302,-0.02773442496596892,0.03333643677833616,-0.03458246184911322,0.08888553573231947,-0.04332900501232792,0.2647573488344841,0.012750458841248511,-0.01240037131847105,0.01235106565258279,-0.012096675526770939,-0.006897183944646849,-0.006809961937802737,0.03015124308383062,-0.004738148761619843,0.0012789336717999808
FGFBP1,0.1315913388551993,0.029359617344503246,-0.023833680450149324,-0.08208178095593925,-0.01595424117534172,-0.012076816990448625,-0.07417850428436883,0.14316543428279485,0.042052396999872586,0.0396263244765744,-0.027781090152897203,0.07864930620844977,0.05934723815333336,-0.02255975362014005,0.0007395100898595981,-0.012854640712901268,0.02142279803001656,0.005978875998460826
GABRP,0.09153285556031146,0.030849004496308223,0.005736405313272815,-0.025107210451497525,0.032602673157610666,-0.006556224764149516,0.11991143556065899,0.037869505836145054,0.02136053262925162,-0.010712588164498854,-0.0036868025862911765,0.036129486103161905,0.1051143180029216,0.02869438170879208,-0.08707588769904746,0.0334283467364322,-0.02733622588559481,-0.007270431421633321
EPCAM,0.09627642033946579,0.01496790002185027,0.021129035567963937,-0.013257371970169277,-0.00940531718775691,0.0007528986301696437,0.13202499507103127,-0.05444792142347141,-0.01336851958045282,-0.029545689744151265,-0.13816061407244543,0.13044795906469922,0.06864515937906669,-0.03177854263443545,-0.07155082684622681,0.005163489843128728,0.002931042364887193,-0.013777690218195658
HABP2,-0.01597592380733997,-0.01153708616541644,0.029603148422695343,0.15807711922584805,-0.0755777124232323,-0.05183395884135904,0.047919851133743155,0.013111656827650819,0.05744250927607659,-0.010349552069742992,0.04175892527971051,0.04501438874850945,0.06363527747178062,0.007006733438948422,-0.012965377041133833,-0.02851343449808532,0.029135634187395062,0.0015091964733557185
S100A8,0.14427710412853195,0.028602899927192116,-0.02920903275695298,-0.0835467689157506,0.01975728034364482,-0.020171275765984598,-0.10581659709671976,0.11369610738267254,0.09640564312142796,0.035077796454898544,-0.019789161803534103,0.01963479879901107,0.09882491324459927,0.00013429382078456955,-0.021880280623916875,0.028232371506994026,-0.0027345383606910134,0.010820745783687951
MISP,0.10609646639580161,0.020620359225958215,0.03606719704391773,-0.010081488935663527,-0.024696928469563624,-0.020144629529678316,0.13844933974771742,0.04120422919482942,-0.009696371052824485,-0.007995174556721432,-0.1013883980881988,0.08800754959436763,0.05216393971592556,-0.012580539474169601,-0.12495705123972174,0.02934437824277058,-0.028323110572848576,-0.01260518707842793
EHF,0.14214638032445082,0.01180568294476606,0.027442475266994015,-0.045655541802839726,0.028781310295111755,-0.0025967139665908734,0.11118154402155431,0.05143265451039256,-0.018320860253357673,-0.01694502863601172,-0.016837891624374574,0.13921278563806402,0.0599809768780434,-0.016698697464693477,-0.07931346183165221,0.05649414687110381,-0.02867760097430992,-0.017932452501296426
GRHL2,0.1420161897627891,0.014079178189287854,0.025779476155964987,-0.08040244492583834,0.05333659637048332,0.023320559433885172,0.06879347843971677,-0.013413656077997452,-0.04246022944483286,-0.02479786903428113,-0.04520950959456034,0.14734772960538375,0.029761164956711567,-0.024970637250551337,-0.07649990825712685,0.062085337305777484,-0.024860317162027943,-0.017398597936501742
LAD1,0.17084829067436083,0.021099831759256307,0.027432821628010733,-0.0011456339440373002,-0.010502702721023997,-0.004136152271834063,0.027521696819290474,0.060427294183462925,0.021251182944488366,-0.0046850498553945566,-0.05488688935992299,0.16390856931507156,0.0661332323920177,-0.028091459316343135,-0.06410532819735079,0.04496374749908994,-0.010227091871430805,-0.011606077203322634
JCHAIN,0.09071960318641059,0.025823429528785618,0.009265598080686393,-0.011174400831272666,0.020840450690328766,-0.02946423395165294,0.11231191167052926,-0.06010507776984696,0.23495417278074524,-0.0020027944763193668,-0.034528943076805,0.03494291605475139,0.01097721339640761,-0.010573399856767222,-0.017932474049293406,0.0420225206116397,-0.015770847554565297,-0.004315325029751703
ENSG00000269968,0.027969566400638038,-0.009044804833790585,-0.007128880600905321,0.00505127811213188,0.001300703750882444,0.019053345647623336,-0.08710126199479638,-0.03620457193145832,-0.004764060548865214,-0.0008421604709838354,-0.01392785811778287,0.009968706380954937,0.016206248674344975,-0.03341407688178616,0.0015599248408547464,0.010913905395243192,-0.0032753294782676954,-0.006447671940256798
SAA1,0.10288566610799361,-0.001956928103762815,0.015943702830413416,0.04636346294980256,-0.0001456708497013628,-0.01306368952591082,0.005005383528510058,0.050418164689209365,0.08602444148778483,0.0036395673110517935,0.07972797242072846,0.0475618656308506,0.0561770711001275,0.045189225599811395,-0.08166972699010076,0.065176277268277,-0.030565385561830992,0.005936487824411182
C19orf33,0.12063112977200467,0.015429147254404295,0.0032976545593531377,-0.019884461248735597,-0.046712382982967156,-0.011369959792901525,0.018250461584095237,0.029439667816461765,0.03992224973080253,-0.003088866003247156,-0.16801571860233808,0.09969854196373766,0.10547216909771719,-0.019781359204074662,-0.08923291644420234,0.013935055265728153,0.005513837203501235,-0.0046582571138044145
ADH1B,-0.020368394517170346,-0.02132745315111363,0.03305590878189446,0.10765460646210652,-0.008560493339514237,-0.03059447936311272,0.07321372054892628,-0.03159436899475727,0.1021171196353231,0.000230003562422348,0.12522377322201908,0.07402688275998988,0.009674298071172425,0.0427957697111135,-0.019168934699029156,0.006402374633932522,0.020551697450605196,0.0022743419650096295
BCAS1,0.013700560294114818,-0.0006462628578640963,0.020150161375632733,-0.053113465118634025,0.05348438241438485,-0.06810490271881597,0.1899566624859249,0.07491691115179454,-0.08151871130891931,0.005191849465302776,0.06941785037826527,-0.034364883338751574,0.052344179693662,0.02276934319177355,-0.05811216835611125,0.01728103775582143,-0.046997122459582555,-0.007768243605333318
EPS8L3,0.005138196083179464,0.008579614853584452,0.03559886866928506,0.09021091458586265,-0.10113956917302862,-0.03950351715375317,0.10969636608706938,0.09639871247109039,-0.01231973326061615,0.019599237302729562,-0.07360369452073147,0.04158468603717707,-0.06568243324857868,-0.0019180398091903073,-0.05693225216424154,-0.03749022286192771,-0.01350100811838117,0.0006870946484990892
GPM6A,-0.11387855147200719,-0.0064337921577806234,-0.03333979229765556,-0.04748873093667368,0.04127176177805477,-0.04075203475400008,0.07010726652225474,0.02913289335770941,-0.0163384997381842,0.00690669198734383,0.05419131616628862,-0.08798756447380865,0.04289487502907499,0.05748085505283692,0.0724948691081196,-0.09234388183898114,0.051942905353930306,0.018738334901443186
POF1B,0.1053144434823502,0.024615203909028497,0.012005394545126011,-0.004541983992597141,-0.05241720964784822,-0.040127151924240614,0.08828291963950734,0.10422597608109183,0.009155649325614763,0.02684875076868228,-0.061301139913555555,0.04647141737472996,0.048769651029743066,-0.016303946396226437,-0.07193455095079607,0.017614309826601976,-0.03251164339946082,-0.009753771930871404
IGLV1-40,0.10373784284039206,0.029466255732598347,0.00424364563651686,-0.027294012798510833,0.032236478004322014,-0.03758106729382838,0.09015817482326176,-0.045309253018133745,0.26505993986848486,0.012391179162481926,-0.014060284441602072,0.013782850838841341,-0.00553501841046228,-0.0048312106656610105,0.00025417586685544256,0.03034603079934664,3.002368857538751e-05,0.0006445479435897877
ZG16B,0.06673832726690779,-0.002490604971975245,0.034012771702782676,-0.023734114489378434,0.03499622727656917,0.0013782704687397274,0.16722656795078264,-0.012074045894906517,-0.06034907359032057,-0.03407178797268914,0.01101512761463729,0.04469951317212662,0.044982952751855564,0.005326785857692495,-0.12097309092723266,0.10350699422335877,-0.09461449119199784,-0.023486083505471253
KNG1,-0.02481219665472928,-0.022490314906613105,0.02965700385116238,0.1310914644924606,-0.03944718302550635,0.005063275936935921,-0.060614606604358454,0.03249099370021012,-0.0069570300005715215,0.009438843544999149,0.15692242502256146,0.057640157711498254,-0.047734294657331026,0.02319643756022823,-0.001220360231141918,0.018339669412095458,-0.00503175730672031,0.0003307040796209486
MMP12,0.14058756518024854,0.038844480007539046,0.012456635025570716,-0.056961600520861556,-0.0022188797842897724,-0.024943557959846745,0.026205189557203037,0.08995678872403118,0.08798802060784613,0.034050278101204964,-0.03459238640052033,0.02560845073451679,-0.027238216797946795,-0.03797033353143575,-0.025055332762427353,0.0034544593183651155,-0.008790836114395838,-0.001966652410385384
KRT8,0.1095106574217437,0.000618916165616954,0.032186028392264414,0.0726590635933679,-0.05165995824647107,0.021254268453305587,0.06127026783388324,-0.0648294185914311,0.007914165186423908,-0.030916072250865605,-0.08512149809765263,0.14817832682539916,0.059851553819141305,-0.03377079535796052,-0.10073975130401955,0.06272859997568812,-0.030494722989999726,-0.02025366012313981
NPY,-0.06954892591708456,-0.037073679505259055,-0.0032042869354630484,-0.060407060553367094,0.04987355917253833,0.0009023469720893959,0.06696221323668507,-0.0011265245160917464,-0.08291708986224214,-0.029730829582873222,0.1142911553980856,0.004426594554638489,0.04198716560333231,-0.019888478140166234,0.14114145451253732,-0.018263792265850544,0.013103661607593818,-0.017447291860593666
DPP6,-0.12098274634836245,0.001876803300045031,-0.024496860741573166,-0.0630438604916936,0.04235126515725494,-0.030107282813236075,0.02828800639337152,0.057457163245729886,-0.017587317717660766,0.017747761377455873,0.03187853057830698,-0.0541505284324654,-0.0425842652897237,0.04689902602411237,0.08224432622512426,-0.10671944888385836,0.056095420331883694,0.018979547119523148
UGT2B7,-0.03822553082485036,-0.01900080967274586,-0.0041933803250604204,0.16663179486037746,-0.13141269736127598,-0.012119223204474979,-0.01203370676087608,0.006809456131748596,0.04127670388680786,0.017378790221454464,-0.0007941815165820379,-0.05950193802769339,0.09878247930641493,0.022772724133188454,0.004935760448550459,-0.01648630398845442,0.00791532576871572,0.006885623587148682
PRAP1,0.02382138595852385,-1.9635087189247115e-05,0.03156262265590715,0.1754627126983488,-0.1472731657465267,-0.0389311602498575,0.050014976693813766,0.07343025983363818,0.008301543751491502,0.02861433015843685,0.007953644403556049,0.01847698568730439,0.023834824750941726,0.008555808777092052,-0.008354573263600925,-0.003766604821180386,-0.0013322635410480401,0.0015529520362230135
PRSS3,0.02575627998239946,0.018262799973867,0.02040123328952483,-0.00011458337783605309,-0.06974740564282421,-0.049268129951100144,0.0865364384658494,0.19129014050598991,-0.0029431348638479173,0.049023373465927306,-0.02550126917095589,0.026628940935149194,-0.048081364720312755,0.012323118775891578,-0.012538692233527604,-0.05853001689632555,0.010765638880733586,0.014760835715935349
PCSK9,0.11487244530253002,0.02956679288532201,0.008673805922457378,0.04910299883948667,-0.057778714396299766,-0.036098794847770045,-0.0029903458015771486,0.13200783366956695,0.04699351850336309,0.03259762210658415,0.028186789546254604,0.07395776383798551,-0.020431535589442135,-0.02632040361111755,-0.04716193470195298,0.0008439847564123398,-0.01655179725289027,-0.007274123368793112
PROM1,-0.011061784359467109,0.02515229278924447,0.012238647921499096,0.032378607695649854,-0.015479751260548926,-0.03772628796141798,0.18452851884876756,0.008537902586693792,0.013191297689347755,0.00028894251960412187,-0.08059166755530052,-0.07224186264375618,0.09545095324683835,0.0360546648965225,-0.061424058517944774,-0.039223071105853075,0.0062679481325325906,0.006300075070793339
ACSM2B,-0.013307336380660768,-0.021867994493027586,-0.001974164206315773,0.15910746097440556,-0.11062608896579368,3.781530693583857e-05,-0.06960881586574565,0.004406065777629662,0.03458704928648472,0.015374634557118589,0.041400245891563686,-0.05775464804154329,0.10216734345110096,0.016877499298565628,0.020613061875977834,0.01572211887526774,0.004041048392669472,0.00878907832048599
APOB,-0.0015529150625389638,-0.016331839428353156,0.021021725150268566,0.15084356568956175,-0.0646708071207842,0.0023991824345147342,-0.06977383055191472,0.03214383445393324,0.016607776190194854,0.003299356922838551,0.0991891698136159,0.06368774555825313,-0.04884367538019776,0.010898547488562525,-0.0174576606033159,0.009092649897216228,-0.00478287087436709,0.0009075120406015789
SACK1E,0.11219661825176659,0.02399665166316842,0.027004340728308387,-0.025955716046027377,0.010072837026909797,-0.0316411840545297,0.139734082237542,0.06906216786245876,-0.0041848218380442954,0.0019348896458609467,-0.02056490932767941,0.06990298292187597,0.04492591115577008,-0.03449684221487973,-0.08191007425866738,0.03562960243399576,-0.039502242549686664,-0.016192827793353275
ACSM2A,-0.008351641813373317,-0.024563157541111175,-0.0024054572022893586,0.1492534856463772,-0.10845818908716773,0.006097466561151736,-0.0707964334340537,-0.006295284086297876,0.03411846459264927,0.011632616090688382,0.021118798177443412,-0.05930564338562825,0.11278844995096156,0.006425494551838493,0.02297452186218193,0.017601015007642516,0.0010688233791580144,0.0009373895070982932
ITIH2,-0.014786763091548487,-0.013794839103305983,0.026800055886859655,0.1268960249160267,-0.02866102621905529,-0.04161125324157379,-0.007140663704652264,0.08464697616296932,0.021797448167245773,0.014468662634014301,0.1742392060055706,0.0686062045142349,-0.014920151698130617,0.04078031608248378,-0.004680605031044632,-0.027980421683144834,0.025475051333334168,0.002023570650081155
ADH1C,0.042120752391010256,-0.004151135098834688,0.029386242607759638,0.09603091700905593,-0.04488270033308966,-0.03566330016063858,0.09383537820207663,0.044368938897916786,0.0010790427409575543,0.007914157132714678,0.10898876945230683,0.1105987900493257,-0.009233330846872792,-0.021425021264109823,-0.021659004715840622,0.011074513554116778,-0.0195819390072189,-0.016238700057007067
BPIFB1,0.04849792925386221,0.017883832992624544,0.014100729967438998,-0.01513149723299367,0.03978228015431781,-0.04678217363544915,0.10295901950447997,0.009930579663818564,0.02795263284329701,0.00012878983180743562,0.017281718782862977,0.01972403262841828,0.035392276334512585,-0.0023028028667114535,-0.07081015364099592,0.0070876544418781995,-0.015795957332018367,0.0016471348436972483
IGHGP,0.102722334665989,0.02151629127463975,0.0009019957205215183,-0.0325121586626236,0.037465100293640204,-0.02542959121978404,0.0556075949561006,-0.05384757862943655,0.2549531563878147,0.015326040525871892,-0.0032449675311447893,0.017283956602914603,-0.012303671939068223,-0.008941508563716534,0.005924664243214339,0.04143119568586263,-0.006067839240023892,-0.0023147459148137642
INA,-0.03651332281239337,0.013707577923037386,-0.027445502528852563,-0.0698394757371018,0.05679333314941183,-0.039161786480801375,0.01035724509409708,0.07164543384663534,-0.02132725986843288,0.0329018688402541,0.05257010827284433,-0.03129970710230599,-0.029023540231053045,0.01280912177333098,0.08468253202605969,-0.08471524510577996,0.04758713130773268,0.007065170492648357
SERPINA5,-0.031022008752015072,-0.009340274800533354,0.03275082215091581,0.12289263523874752,-0.0018997284224873132,-0.02585612261636709,0.07110385087259337,-0.02204626378231734,0.010224823249896112,-0.008422779925022758,0.107088363137793,0.019013880355839,0.005537579192322097,0.08553740024316127,-0.11757979191467384,0.005891433953632888,-0.021378852525821435,0.00556871375046735
WDR72,0.07114799950465223,0.024315010095010747,-0.022893171347858145,0.05475828467276225,-0.09230585557400528,-0.023653641736176307,-0.06270182983390295,0.017458457134144543,0.04600746080404881,0.01711788863411004,-0.09376748164811884,0.07663588709269922,0.06843520517195194,-0.02179044627904456,-0.016523834214554625,-0.030613721311685518,0.03403097483163591,0.0020235209884455485
IGLV3-21,0.10535531282447172,0.030284086742016558,0.003633810846018166,-0.03424257125161749,0.03725248265576494,-0.035818892251720386,0.07959403772436362,-0.03466638604671933,0.2543663823842113,0.014922524893673699,-0.0006674108804732111,6.447737824534047e-05,-0.01802021209626791,-0.008814604602283439,0.0025715416050002228,0.02585348472772839,3.304313520258102e-05,0.0005312694559677306
REG1A,-0.018177689372529816,0.01255327688393504,0.016168545887998823,0.07837425576496637,-0.10148558609404458,-0.0350823842266574,0.10582100812785539,0.061281522542240466,0.02449210460346288,0.010471580467261632,-0.08391362594738218,-0.017624282182918383,0.024363631459958887,0.015922180018046562,-0.05352431813461517,-0.02345243235262248,-0.004527013398808007,0.006717198990236027
DEFB1,0.06661395184347425,0.016509230832054644,-0.007466314834497187,0.08570422022343767,-0.09497092465232473,-0.011239553226374328,-0.03807651192182629,0.04524200716652026,0.03878243682491433,-0.001328472134045706,0.0016783459374185156,0.03571175209030548,0.19565925950211757,0.0006259929974269461,-0.042784113151381864,0.03174005724676214,-0.0037876575625110987,0.0010551233140167952
AGT,-0.10539639619334998,-0.02882979350451401,0.0203142967583802,0.12237091326960264,-0.04496977759753416,-0.05666340418513672,0.09099396553150133,0.04916021366210375,-0.0003046131961064878,0.008069406797669952,0.09998707895581462,-0.045854139855367716,0.03580775407753777,0.07689686861303666,0.022026260987081395,-0.06708213037387335,0.037861104434355274,0.01964879393129422
BHMT,-0.015049353361575396,-0.020740639155863355,-0.002756649275312645,0.15650770208266085,-0.11170150172124854,-0.003863324975544898,-0.06639028783336469,-0.011081765719398302,0.03960521982476321,0.01526598512974827,0.0252207380693072,-0.04125129792003564,0.08894697850646245,0.010272726941294592,0.024151037921988368,0.01063845856328594,0.009843722253320523,0.007621133539373797
MTND4P12,-0.016730413895477293,-0.013317455800583584,0.003435700451959817,0.022042683828078884,-0.012987023018614803,0.015074510214323208,-0.010908106751002967,-0.020507606159005792,-0.002605194069875967,-0.0005608162466874193,0.0070884554379420425,0.010671859323730827,0.025228427724906726,0.005417941378769839,0.015325258975542369,0.0005339011549308695,-0.0006188332740636178,-0.0002601365979304762
SDR16C5,0.10876422560319712,0.032681278480611496,0.02056043037190063,-0.050663213327564155,0.02032946054485148,-0.034229990820965166,0.04034734546840789,0.09097122396730775,0.04745217471717688,0.0177349527504484,-0.014517101980536047,0.0690982036425409,0.03591130179429813,0.0017871108587194978,-0.11184124244345228,7.551415981484401e-05,0.003039384974427109,0.0019416021472855845
IGLL5,0.10526352494766232,0.030680107939497613,0.005726607351817624,-0.024022893879891795,0.03225328575035501,-0.03457841364927173,0.08593309204051958,-0.04648743480903376,0.2623339642343064,0.010113407018907611,-0.013485176239095146,0.014638296102419538,-0.012390242705860697,-0.006486918489033622,-0.003014800526425575,0.03746107537122308,-0.005703728303511974,-0.00045794705172359063
CXCL14,0.06418529260273534,0.02254733312984084,-0.023397027525142004,-0.04764910832379949,-0.009430459035358345,-0.02598444177074934,0.056078579941130136,0.002543526509047405,0.060573818439824303,-0.0011231168042889902,-0.10535888791552969,-0.010814165921730444,0.16218440231504438,0.05025562825435334,-0.07039651476581428,-0.004528244595512144,0.005704452539515803,0.014869891175620877
KRT20,-0.0008927831763525026,-0.0008189607871577339,0.02810581526613662,0.022033904429266036,-0.05806245226939474,-0.013137052995271115,0.07188368051739287,0.05926248631362265,-0.03161654437786811,0.03576102257205776,-0.0830122854762733,0.02099377044607076,-0.09679548176353568,-0.006685057488316098,-0.03673047299358913,-0.014617729916694536,-0.023436143302731135,-0.0014695922815174645
UGT1A6,0.08396087106831303,0.003971086137270801,-0.02259460721626003,0.0993083389281694,-0.09654086402155627,-0.04411507387055392,-0.04395780076920582,0.057714273565617556,0.04522164185496512,0.04578627667005032,0.025671220618667032,0.0007284901132958836,0.11344961622910199,-0.004534474952196587,0.014862487941204153,0.009756585531563179,0.0016650383944785002,0.007413042150232676
NSG2,-0.10005901551382607,-0.011326535585690141,-0.0119085319451024,-0.06308346878927348,0.03947982143615559,-0.04171151611021685,0.061019278365622424,0.07402878366728988,-0.032049545463766274,0.025949647916760018,0.06269900568605334,-0.08809252557275542,-0.020012118589479426,0.054573326331174246,0.040839922200613915,-0.08436730655425692,0.031330680934281256,0.019169613865356844
IGLV2-23,0.09650119342789701,0.028238881368446822,0.005154392860499609,-0.026043442492123238,0.036268837364871805,-0.03434230974799529,0.09090959832460226,-0.0538250368103894,0.2677264409962833,0.013116503607983237,-0.006548656034665219,0.012459081010282204,-0.006602653049574416,-0.0016957379503602411,-0.0013867485113325008,0.031049552573559756,-0.0016299830677384143,0.0004546241564634391
AQP5,0.0052530318453958644,0.025912019485388613,-0.004221482541968027,-0.030224608981835016,0.046138602053270555,-0.027158125683937266,0.07574351334038659,0.0067114031483474865,0.027559038209399644,-0.020210664294940072,-0.07030122997687518,0.11154811535932899,-0.0035999107880993024,-0.005944588016592018,-0.024385201066466657,-0.07422437147843158,0.05836353207828485,-9.620661434263226e-05
TTR,-0.005600595783232567,-0.024030181252907235,0.037259939048375816,0.1358162566522729,-0.053094049259574394,-0.017957169526645875,-0.0028068487449966944,0.05001658618939637,0.005491238077111144,-0.0013127143475310207,0.14766243443806393,0.1221909409676385,-0.02530070047073306,0.014507285122434061,0.007989225542332015,-0.016777911700939053,0.019291676456084234,-0.001409164187374205
ENSG00000281194,0.12077228292456213,0.02016636634964331,-0.024771796058247447,-0.0740429118567697,0.013644170484340431,-0.006051658840616379,-0.09792417424856441,0.09419297406610887,0.042815666595066505,0.022362052939216993,0.01342629836870201,0.045028842581253205,0.07145256735748132,-0.01448037395491315,-0.010933657541418312,0.019439922115175222,0.004330413542479797,0.0036787734110036927
VTN,-0.05498728214287412,-0.025220715895322363,0.03678536283801718,0.1480189895351091,-0.03640506475945321,-0.03636144940193487,-0.009015385709247904,0.04493646819963474,0.034858972744527206,0.009587630055467141,0.17959015237693704,0.07597464934497251,-0.0701193974543237,0.040139479084644075,0.020832259037097692,-0.02922048471110665,0.027647538305849338,0.006857427256104266
FAM3D,0.06856545424914653,0.016552597623570996,0.011770575545167106,-0.029361604110600587,-0.040582109602687585,-0.02018694724576353,0.13859401415630815,0.08682444447287037,-0.036660428011149646,-0.004269086271565319,-0.06310405629553167,0.10248993252269005,0.05225883698973894,-0.044249647983731585,0.012004542952596607,0.006899786825495227,-0.0247531833624151,-0.021282002135546103
VSIG2,0.011153496607975487,-0.0018269702218117728,0.01086593742759287,-0.016731296617828014,0.007835941110024993,-0.0217870737883172,0.11726164144582077,-0.013888764484828424,-0.02090972076729071,-0.027439124488252933,-0.062043988614941946,0.2014691347916377,0.005118988991404427,-0.02810287177914405,0.0036572321590586745,-0.037215899723479114,0.0329922336797701,-0.013766336139423376
GPR87,0.14983926352210516,0.009727727952380482,-0.02185490377886199,-0.08436461241492332,0.035834585526235495,-0.007207252516477302,-0.09118291377607983,0.08257868224677893,0.02591347260742265,0.017629016996463787,0.03967673944532893,0.07523166563201059,0.10354848261204898,-0.01819046672898148,0.002386941496390321,0.03330507667839237,-0.00026116872680699343,-0.0024684333052007006
KLK11,0.0695336260133959,0.013333999854643189,-0.004280575396809031,-0.07787853424115945,0.01665132981041548,-0.006561738853901882,0.029643889516066366,0.060393040386587105,-0.012609731252487322,-0.027862730803991192,0.0024824009491044795,0.12834556573816716,0.09501304881773848,-0.03296874593642874,0.021600223352476307,0.005674540542563959,0.016480640693426498,-0.01645096456514
NAT8,-0.027130217843745343,-0.022930468905699802,-0.0013139830831097978,0.16280956948581332,-0.12679708472205511,-0.0026145091756965746,-0.05044653206529302,-0.019797165435868447,0.05447066044928392,0.009190137218074072,0.0037497626675465742,-0.07225990624459085,0.1394151592815158,0.028255440472140816,0.0005773185868831372,0.01795635334155332,0.002685021280111331,0.005574775162227375
SMIM24,-0.03389092969975531,0.00743850189502525,-0.004160580014977821,0.10808158169988717,-0.14799965532665446,-0.03735086475088227,0.09710728621432144,0.027179354965432216,0.0009707823555683137,0.0037552175551837296,-0.10291448930039873,-0.04576929396689942,0.08815552452019827,-0.008990564654331176,-0.005321184932678433,-0.032242166387981386,0.0012667208748831217,0.0007044162007479714
FOLR1,-0.007133942103484791,0.000961028644619421,-0.0038638085147489993,0.031224463754876065,-0.019013041359160238,-0.03277768503491193,0.06206901988892745,-0.08061588064603607,0.06871371562107903,-0.01175967005006626,-0.12379302850752813,0.03992606208125047,0.1213741276723175,-0.0012908648117117504,0.01021166388074228,-0.07978117064092423,0.08600970185337685,0.008752636340563481
HEPN1,-0.07007750618066418,-5.9183662329460515e-05,-0.011864228123901312,-0.02798575884330806,0.034010227525573755,-0.03676738296689546,0.018538723107144457,0.08417024436345641,-0.038874444013131185,0.023792111307055518,0.07941967835741841,-0.0832759046180693,-0.019210577318681525,0.048905616612066764,0.01726293924872223,-0.05941272928597579,0.023954247859538827,0.018991835043776845
SERPINB3,0.11892379439000357,0.02620890352481017,-0.02957192540687366,-0.07323496545607514,0.0041294959258782364,-0.014631476281149827,-0.10182900757046835,0.12412982574805606,0.030079087645595103,0.03429453049184208,0.024729826310382452,0.046451304611225624,0.09291136795360312,-0.009647763443500148,-0.001758342120811859,0.017449858769048508,-0.0030485544450413074,0.007328746944185358
SEZ6L,-0.09924544991224656,-0.00402216575360512,-0.012611800912163655,-0.05750710469957867,0.057153336737024496,-0.0416719498166092,0.06379925087257189,0.061370260298045584,-0.04860824302345757,0.024686080851902086,0.07692760758047422,-0.08175698755644199,-0.013951627699124045,0.059824608163821555,0.015730652025272355,-0.08155840718675544,0.02168054659527018,0.014877275856490789
IGLV3-1,0.1038124043258164,0.028585007483490667,0.0050121435837838955,-0.028702946674166452,0.03747151635714797,-0.036461851555641356,0.07972702602160309,-0.03876842237125752,0.26300795449995235,0.01708047018128096,-0.003051469200954985,-0.0033592346129725776,-0.01950543422828834,-0.009997049273122975,-0.0003458354200670695,0.03099214866209474,-0.002059112319484516,0.001445672932173049
CLRN3,-0.027218501507999024,0.001259640532300706,0.010780750527460446,0.13088286029474025,-0.16046977156274822,-0.025372326602310116,0.07519112248217094,0.06215961945118971,0.020522333837857128,0.019643131936878635,-0.09341075949601277,-0.04209909671145281,0.05875804660407034,-0.00021430878740573309,-0.02042483570549391,-0.0177149261309178,-0.014573392831111275,-0.001273810842521768
TNR,-0.08011508534027081,-0.004758501746062401,-0.022279921717621533,-0.038540455522768635,0.01907675552809691,-0.010655055931934396,-0.0076417354294269785,0.0765922066417,-0.06273339303122301,0.015349150216462536,0.051334738914803495,-0.09135267386182105,-0.013927618635035003,0.03229993607211283,0.052570220148253084,-0.06231064798729746,0.030447417245967126,0.016026636546724392
KLK4,-0.016751114132216277,-0.03783800494549866,0.01409164175221776,-0.02845340135173313,0.03806716201316709,0.04754925124338034,0.06296317456408997,-0.08455407207939757,-0.09991046316644225,-0.06452363160781784,0.08272536027553223,0.04943559688805112,0.05641363881682771,-0.02467039894171714,0.05022072662147786,0.08345787967374559,-0.041699564113101245,-0.03146718084117349
MUC6,0.00547088735306581,0.012306875818417235,0.017776750151988117,0.023993925439917175,-0.004681277492610051,-0.024269810732571007,0.09933815643385578,0.0369272511375618,-0.004648452512024074,-0.008907044383070058,-0.003364727235865813,0.040439962886253865,-0.0009259537535004335,0.019175135273922027,-0.07659613068406566,-0.0007771649991788109,-0.0038941528282725353,0.0022424733449997645
SLC39A5,-0.025757479854899668,-0.0074091622955632565,0.025260152810781734,0.17950972550882038,-0.1669227892152796,-0.0343187667700785,0.07658629824524865,0.053430648189284086,0.022543987564714207,0.017113643916690895,-0.04948182021202726,-0.01785370521577026,0.05388445047063599,0.021160230975518328,-0.015900392285335508,-0.027685742484597823,-0.002172180980232559,0.0034145453105768695
LINC02532,-0.03881135183992325,-0.012134988933649372,-0.00042540895360992427,0.16497550929077315,-0.12419656318447954,-0.020120406040232065,-0.00949790515621363,-0.014251242705530314,0.04446268512008444,0.006733457591624087,-0.013538360779488919,-0.061235945666361036,0.11769799352946826,0.016010920681304178,-0.0018449376958100062,-0.010414157721394066,0.010203586571903567,0.011364024046181965
FUT3,0.11846955621962528,0.032474713278608534,0.01807427453076412,-0.014264443486136955,-0.0435595346986209,-0.046171079648229425,0.07087001214774641,0.12625332568049674,0.03277795719953812,0.028521481969219806,-0.1099364925750681,0.051493202599446744,0.06989962514572426,-0.024281315471368657,-0.0730826375195849,-0.009154980182547665,-0.00016699573272229738,0.0005872610402298367
IHH,-0.011405240418817299,-0.002033451074259495,0.02878567989003816,0.09486551754070859,-0.101429501749599,-0.014322003547232332,0.13762295458930965,0.036724069151356606,-0.03949710375919563,-0.01244564148655157,-0.02892940407079775,0.036425757993931954,0.02513872945109134,-0.027552492461776424,0.005447259478104629,0.0009583927689413095,-0.02713359173606964,-0.021463247766518874
AKR1C2,0.10671093544396745,0.007594278111279077,-0.012868929293091327,0.043999859924354616,-0.03615330929194132,-0.05250653354761918,-0.05873700752369859,0.08307997024641792,0.05111445194395002,0.03903731632806786,0.08427099767664588,0.05952631080378194,0.10128932833759643,0.0021910453131412507,-0.0039006084919562278,-0.001094150217843541,0.02311720132374326,0.0035924262728170096
CPLX2,-0.07905607518906643,-0.004206761002241651,-0.004811843820955596,-0.011041168163826852,0.009970742954448424,-0.02928747220013464,0.020277949067849094,0.07208513677136563,-0.008517007956390083,0.030995834733754436,0.05316038986122317,-0.06257756619393935,-0.021462273696131545,0.05397731235475631,0.033420761389319174,-0.07147341414274194,0.036691520416319116,0.01679695747344994
LRRC15,0.09667117906296172,0.019941164524075718,0.026765049687854994,-0.05017938084002591,0.0646772083090901,-0.02038845221139008,0.056890075350712645,-0.0019570217827395487,0.07548052006806324,0.01504815304385718,-0.0258737728259909,0.01041532874345291,-0.035286673504181215,0.05944273887791631,-0.16257823600549415,0.0407752024133634,-0.03051748470131422,0.016089805464089994
PPP2R2C,0.04339817787765273,0.008310284932525983,-0.011418450596972949,-0.10395788967264386,0.0656850886485101,-0.04192491138626744,0.015240458688031769,0.08580199229245783,-0.024442421243598134,0.01384445570773047,0.10113961011322165,-0.033084123909510814,0.08134888858034199,0.036497849929195136,0.016574900698166712,-0.001815013689783149,0.006619495588092181,0.0036040346667609237
SLC4A4,-0.11541079628242949,-0.026611149880283434,-0.016213131185136762,0.03777791516848792,-0.033916348675715656,-0.0374670568664899,0.12759317177727417,-0.019514227160426244,-0.0167572888649901,-0.02523113774701054,0.0384879833873456,-0.033044356058263946,0.12268579218333558,-0.011145351225961182,0.11451767978864362,-0.07238773141756945,0.04606981999899511,-0.0002513222936237566
CLDN10,-0.023307349110737962,0.008535112297208077,-0.03077487559547233,0.016151996124239114,-0.01145568289992088,-0.043074215352916244,0.03554672766362876,-0.01885728411281296,0.05744690554586398,-0.005480931515985146,-0.03822258775092873,0.014495803312745244,0.1505131533776668,0.009228352134397603,0.06349921164203662,-0.09024343945861477,0.077518685509028,0.011803057492805384
IGLV3-19,0.09920594234041459,0.028854248740226438,0.00561530983728779,-0.025071578689730308,0.03853774757667183,-0.03368579191095275,0.08085713361168602,-0.04820298593585481,0.26112304168893363,0.014920480268981804,-0.005662271256746521,0.0030822254415352216,-0.016927807079211883,-0.006676759260545316,0.00013067499232834065,0.03226359552830747,-0.0046780618960535125,0.001373090773049488
GBP6,0.14158160112754656,0.03121259641375287,-0.031039344672248313,-0.08506222354276052,0.01619365061207185,-0.004065540129004651,-0.11656337556542819,0.09057848458638658,0.06252615076406257,0.030975519610620037,0.01725520129498849,0.04658018660118653,0.0834982221573598,-0.01616499065296976,-0.0018346171666226924,0.011190850706189408,0.008621737551527935,0.005406788031062684
A2ML1,0.09777784272642125,0.030652120736489034,-0.03088444137317034,-0.07847436596880643,0.030300704215801805,-0.0224250609049416,-0.09196084526294462,0.128483844054915,0.02369139165438873,0.038527888091495426,0.056995027402137896,0.003671095369202903,0.08444107571968595,0.014661648786584571,0.025749229313432945,0.003979521669161883,0.013371136765321753,0.0074816132439114195
VTCN1,0.09643864151082429,0.01516399689472376,0.002433946347346816,-0.012510654437748858,0.07373717560468342,-0.00575659650256898,0.0734366603693072,-0.041996579523995284,-0.0034520125458044,-0.01060394145728173,-0.011664706824484025,0.03942511229499759,0.10922814993864627,0.05705270244076623,-0.1294699279786608,0.024543510654098922,-0.0015100329401836568,0.0009680994926046434
IGLV3-25,0.10518859348109123,0.030759476528722587,0.003947838281062096,-0.031905887113414855,0.040369035612964774,-0.03897302885476639,0.08389974025444434,-0.037699696229906786,0.25724738099821964,0.014106446600876009,-0.001758673040767894,-0.0043849010313404,-0.011604546165806555,-0.009289927017310972,-0.0012375052388225102,0.03233057576496096,-0.0035447842377011613,8.628655726264867e-05
POU3F3,-0.07647650006308064,-0.016939559318202818,-0.03366742185524151,0.02229618219514201,-0.045986792319377946,-0.020047338913186392,-0.010486607460024036,0.011617408938585266,-0.012466558716770621,0.008373846509991956,-0.0050826943963828055,-0.12611456877920438,0.1155232682753538,0.016172180385601843,0.05008181979754683,-0.05337139481219743,0.03349426290046551,0.014174766370282994
GREM1,0.10366164838975092,0.01977697410039115,0.02473612905906064,-0.05867841955183062,0.040836345367583606,-0.0450672317372671,0.12857841730636543,0.05025183502522554,0.057508213253940156,0.011726390636169067,0.0033722226676047217,0.02069633160797547,0.0014303654300261875,0.024706141356244746,-0.08407137370782737,0.026318078140621756,-0.022438448124125463,0.00376273388504498
SPRR2D,0.12684521973289972,0.027686059449632875,-0.030586953891546104,-0.08449777159118076,0.0037213683643860696,-0.010701357845753486,-0.12932344949280525,0.11879627932146748,0.038808788376678484,0.035887868170564496,0.02988501484967678,0.03538698987644315,0.09984213757161446,-0.006409922801098349,-0.005156313447926231,0.02962756566553149,-0.001227534967409942,0.0074585115915389065
ALDH3B2,0.13742766554578612,0.0024504212643351544,0.0027056122767002613,-0.0968983849018676,0.09023003731807124,-0.0036628277713451527,0.009270446308092335,0.032818043461940255,-0.032889905761192065,-0.008785732961564846,0.054684453343916924,0.030311723475468108,0.0982660838773509,0.018432762732483992,-0.08870342844291526,0.09648079923377241,-0.049023509030911246,-0.009987262491606374
TNNT1,0.10742945046453926,0.034836908811811666,0.0022271794951253436,-0.0770278344725467,0.07049511294172135,-0.02532950544927317,-0.015337167697942258,0.035056298732798405,0.007060612371066453,0.01915406014028346,0.02228207419993505,-0.03144614447128681,0.029216424474800832,0.01846252884090869,-0.11028801952003155,0.006379269042807794,-0.003960667821563708,0.010533738238096522
COL11A1,0.06544698688652724,0.020475386851283858,0.022037521388565327,-0.05899245387914079,0.07873583616906035,-0.040112359976900845,0.059168873848950664,0.01876827519281037,0.047062029419995946,0.027491551016626693,-0.007322353607374363,-0.050525530788725556,-0.04369486432725937,0.06832942139829501,-0.13576462184849877,0.007442563239963326,-0.011875918174269185,0.022221191593155384
HOXB13,0.016859436534651086,-0.019815740156177285,0.014234220560690439,-0.016418076303000573,0.01528410674342802,0.018350304385750145,0.09965199522627051,-0.027755414203603678,-0.08739056294014538,-0.0364493203709804,0.03319677650620335,0.05149077379816006,0.016507530656192485,-0.051776078822571674,0.07104457632833018,0.043207642201889086,-0.037115597841053644,-0.02337278128152573
PCK1,-0.011951390645042683,-0.011628324201478772,0.021266510792342617,0.16617746947518902,-0.12525748731390585,-0.0012997739143912573,0.025283553547645228,0.03470554360014369,0.023924251892149268,0.020411864284076816,-0.0026647036093880613,-0.012484727858593078,0.04050381483977936,0.025375587371276702,-0.04333394894129633,0.012696725263761938,-0.007960674676196603,0.0068300934212631274
NKX2-1,-0.012954008905926632,-0.007623759114472898,0.014268602004641891,0.0032944447507873994,0.020388293548950408,0.005056916174869969,-0.00972105830878796,-0.09807656755609742,0.05140465648724892,-0.025427202100421768,-0.07223255562461785,0.1612018210740817,-0.041678049121147066,-0.041292518580454955,0.019076622697042116,-0.06189312478651906,0.08105474760613965,-0.0020550264526137925
SFTA3,0.0026009689390729,-0.0030253617199755725,0.016873294247667387,-0.01222868573092617,0.030913232526743554,0.004404786410257218,-0.012623905247566663,-0.0793455132967409,0.06516139048347264,-0.022814355739760955,-0.07104016706678462,0.1891214880186262,-0.05393138229876795,-0.04677729414193431,0.039788037704666046,-0.07107939699323791,0.08938900221345446,-0.0015938716314377933
IGHV3-33,0.09401683040480881,0.028370890531694563,0.005609750393589192,-0.027722921795324817,0.035935391026705746,-0.034004190957833504,0.09131053853941123,-0.05064913946055562,0.2581298532389263,0.00985670114002674,-0.009783898431323587,0.005901743321351663,-0.011861375317234836,-0.0032453981256321597,-0.00030595022625704824,0.028531446305901566,-0.0011564982774316837,-0.0007852759390114541
ENSG00000281415,0.04838026409560577,-0.011278310806714835,0.016413162434088177,-0.014417167382816032,0.05891750551813105,0.006472161277518148,0.025707691250930337,-0.07262738472357447,0.022089807566315334,-0.028226578630329197,-0.04759171421244805,0.09626196125137589,0.04757713432859877,0.021912938502825132,-0.09405639801153302,0.012197524892842298,0.020952727592935066,-0.001826368644024115
SERPINA6,-0.050149860881423564,-0.025688267961901524,0.017170878196538248,0.16613882531400612,-0.07961711920714619,-0.009216355138781315,0.002034106079718355,-0.012397801654196572,0.014416920696848325,0.00720918915119162,0.06282931950651097,0.0087505689265004,0.044575495315341974,0.06239168076171272,-0.03488161566638095,-0.0032315509519029984,0.0006573049237815462,0.007371423216705628
ZDHHC22,-0.06091306445916096,0.007754675292848282,-0.019481761146420112,-0.019647209882675074,0.013272013782666044,-0.03009012849270153,0.01902057781314101,0.0733957463877544,-0.03051230413820769,0.02928589897340054,0.05995153620177216,-0.09664396985759197,-0.022408388760109484,0.030543395886151452,0.033331180727428134,-0.05222888190823857,0.01709385826255668,0.014203795766573326
IGLV1-44,0.09877759854557824,0.03164511131741251,0.005712293361110845,-0.026056164686778,0.03352975076950686,-0.03876869319057814,0.08841309770871228,-0.044037640796875374,0.264979338450664,0.012447384761190214,-0.008340754304395324,0.010197757552916095,-0.010604705264464801,-0.004938830605414697,-9.238979609204955e-05,0.029145114932081266,-0.0009327243841230834,3.596013041293409e-06
HHLA2,0.002565207103042965,0.0006567643066082036,0.012264551479264293,0.09323187569421602,-0.12633566631013027,-0.04249803331719325,0.09326296999067432,0.028872231477247382,0.0379612043602385,0.012514506258140181,-0.11315720400802215,-0.06363795641170412,0.09086603687565883,-0.019177777546746454,-0.02757113638013682,-0.02366759454693838,-0.002554480638566247,0.0017995253700684444
LHFPL4,-0.06992895257336708,0.0012487339947467933,-0.011176864416825605,-0.02828248430393547,0.03252779749836505,-0.0283589852865904,0.0010459914983884625,0.07826916330630362,-0.013484881895115767,0.02825398659302111,0.06556925950197466,-0.08038914005544985,-0.036925864513102556,0.0258251414684255,0.042141852193092876,-0.06945981472032456,0.023428638677639467,0.010440309531379088
PCSK1N,-0.09317470531266869,-0.004773044583999757,-0.013152508647445122,-0.02795727349594251,0.009785072329767584,-0.03646742388709968,0.06592352181621072,-0.017194850483949083,-0.016614478498050884,0.0015479243525818667,-0.019019177989075396,-0.02300069507248046,0.05285026071441247,0.025286240637392477,0.1045207314012511,-0.11538615736744032,0.09572288176561605,0.016129730285496156
IGLV1-51,0.10235970074041877,0.03014604503815338,0.004703272351289033,-0.023674951945113255,0.03281145212085571,-0.034464955167650545,0.08961960134622712,-0.05509338847802919,0.26399754346680765,0.009952145051200918,-0.01615078579414091,0.019688044113502147,-0.0022886361964305213,-0.005081521998659225,-0.004791179436131185,0.029591317036936057,-0.004012615905282086,-0.001009734998305808
ERN2,0.027514955377301326,0.021949192654133542,0.019543165511320095,0.024502997893527778,-0.05670710551412593,-0.04449279394674722,0.12944693307928676,0.10015339554996473,-0.01945199058349281,0.014685120942281266,-0.04841902937123076,0.05737527728695474,-0.01787892443100357,-0.03890463632131939,-0.03457956744557784,-0.010800287758907661,-0.018502241883611187,-0.013824407994855289
ASCL1,-0.07786824872667263,-0.005469354714183716,-0.011322714887559836,-0.029578919107488725,0.04351352823849111,-0.030549801338606648,0.03387875688485606,0.04676802113772933,-0.04697816715958887,0.020392478667607492,0.060867158567476126,-0.09197068447089023,0.011732190777000853,0.03792516532390034,0.023912851201776896,-0.052691444624282685,0.012079682270105276,0.01527712574122462
IGHV3-21,0.10076343617316168,0.03130210946172303,0.004958508910550376,-0.029663814609612038,0.03688995203592835,-0.040594991561536335,0.09433209276136152,-0.03920736013697683,0.2621271316108266,0.013707467701243476,-0.005475790096853568,0.001332165313927094,-0.018792059890304757,-0.0003142566718269507,-0.0037466464315347426,0.025973779235445447,-0.00019174814700960877,0.00014686780191922857
S100A9,0.15454848769595977,0.02596387738083165,-0.014863891820473214,-0.07340384870144155,0.027541564829158344,-0.025068075275257624,-0.0859907722646288,0.10678115977939713,0.09552248095797768,0.032056585677944095,-0.023765034655025663,0.03371666503685467,0.08737750081852495,-0.009894487001900421,-0.030511386600446295,0.03177871651057903,-0.005391414124725547,0.005879819957861587
ELAPOR1,0.02787643338564703,0.003049617746751138,0.029223053097530084,-0.05152922588766875,0.08111732767137575,-0.015638117738216682,0.21289048479202885,-0.03764190167833539,-0.03428044151769442,-0.030872475934404175,0.024602341001574362,0.03136914148808443,0.02934062679942392,0.014621382448826763,-0.07290688997419925,0.03860288742678353,-0.04194495187646713,-0.01604677370522198
ACMSD,-0.030594222287631208,-0.02538180014708789,0.007304548975160386,0.1689652631539265,-0.10583297695084463,-0.0075598245214533255,-0.031697654287786606,-0.018927993806861932,0.04874680616127378,0.000343303804126501,0.021808852433655424,-0.03987971281058681,0.12237174668112977,0.029481661502550282,-0.02361120704921028,0.012172140750063261,0.0017483848057235607,0.009363045033758741
DDC,-0.03984311068027484,-0.01898886034178403,0.029739901728976854,0.12876455360719571,-0.1269978137235339,-0.03001091421620896,0.07872075185254752,0.03799320550711401,0.020246453595996364,0.012373120436831342,-0.019898779728379855,-0.008994559152980643,0.042730538952361896,0.0007752863339044115,0.04358347693371717,-0.025529691241063284,0.0031741033715054377,-0.0030231072029637054
MUC4,0.0992153633525107,0.03475437569397368,-0.010820007123107094,-0.036817610056218864,-0.015162212817959778,-0.04020976847986051,0.0795661805683451,0.08078030570434887,0.029801758611156304,0.007531414463708559,-0.04733971978406591,0.07105606069160172,0.06745137136148084,-0.07037757564529518,0.018081169902326912,-0.02590066661650084,0.012016638517891583,-0.011814024303864003
S100A1,-0.07545257949953617,0.004404038308620931,-0.017587753231034682,0.01686024948746212,0.026414353670542682,0.013938296680831767,-0.0075740596113544134,-0.06523172659822402,0.006724335851476853,-0.021853000785690226,-0.08251615618658836,-0.003825956578481953,0.04418606101109366,0.10529781349866145,-0.025076479976630477,-0.0693452140716221,0.07292006238171209,0.029728799789880963
LY6K,0.13776325726108468,0.019126056843183813,-0.0014860289237764882,-0.09743656507523933,0.07115114909322932,-0.00500687879967123,-0.08888339891318921,0.038877891263273436,0.015512513763543853,0.006287596019984632,0.016195440649888416,0.011136304802199504,0.06062515403597406,-0.013454698431630538,-0.01701653747222197,0.038874170567308,-0.00781265961875297,-0.002071885950658422
F2,-0.006757212090511704,-0.014676592641675328,0.02505604662206735,0.14858551439110437,-0.058558036641954726,-0.014348627260247665,-0.05223226270406989,0.032674295580984655,0.036588310306277384,0.002070450679822867,0.13554911435999284,0.0868690131275378,-0.03615853696421099,0.02149709983824618,0.016494190519551366,-0.01190626456255584,0.022606019709008357,0.004967493990368266
C2orf72,-0.06084193310486643,-0.01967551457052938,0.03313268373066204,0.07442671892953376,-0.014287255956180845,-0.050691424100300024,0.16849248089395827,0.05538729993680926,-0.06369138717209379,-0.0016760154454153538,0.145218075991267,-0.05606112198516297,0.01852778619273744,0.03815458056514087,0.00603620258980449,-0.016624622994850728,-0.01934216317854043,0.00013773824028272074
ADCYAP1R1,-0.11174136107347309,0.006764413800516182,-0.030499912861211224,-0.06554144867739309,0.06427569138760304,-0.03599890443531078,0.0604946130033193,0.043736290427386255,-0.03425487009638391,0.022017825560832205,0.04791192092043922,-0.08903710049664675,-0.010825408352781899,0.07412956589408488,0.03981610680841109,-0.09741061153943821,0.046985147551284356,0.0182955810699932
CALML5,0.10191960513446517,0.02037573386281875,-0.018334484051724706,-0.06145814262644015,0.043331880849619184,0.002126818142186287,-0.0936548619469832,0.07283785884468201,0.0352911487271505,0.013084747168501097,0.009894518549354499,0.0002693051679520893,0.05851490575113671,0.055590300180303406,-0.0840021277318829,0.04722434520251047,-0.020643834982844507,0.014343531498552964
KRT4,0.07336150149671468,0.010381768782046474,-0.02124288878298746,-0.06517094813942013,0.014999989888723744,-0.01970798714110789,-0.06990302420939619,0.09503526109044086,0.015005995472518503,0.024343669665227566,0.04614269873606115,0.051206144721373206,0.08381740197877925,-0.0158410774425426,0.046872179412359924,0.009432652780404643,0.00949599035042591,-0.005166387764399496
CP,0.05017403389031808,-0.011724258120024443,0.01631747085698279,0.08691274494889403,0.016717647293987028,-0.04678044463542673,0.060521689018491906,-0.02089820621372072,0.08470163630496381,-0.010796517847759628,0.10597529177135771,0.020978375314326836,0.10376616048682365,0.011832446551298753,0.005366541519256967,-0.009027927568201945,0.029070074867338702,0.00026857770646102275
GRIA2,-0.08909968383314545,-0.002572466599722381,-0.01708066894689621,-0.030846074314745807,0.028503344635748034,-0.02627364003601147,0.026469040958369792,0.059298958012130316,-0.040100421784681574,0.025186885424065407,0.05409036372485729,-0.09734710222913641,-0.025062773425480637,0.0573979856867756,0.0041262973467151845,-0.056551626622440634,0.009120670030037534,0.0180245757271228
LBP,-0.0028829333275170255,-0.024379222135399444,0.03044381474849474,0.1285106111441955,-0.025866571088736565,-0.009661501086262568,-0.025614317903033416,-0.0036069647173154243,0.047132457733534555,-0.005572365598288817,0.12219462515917912,0.04688363404041221,-0.015974914269582422,0.05243149865293304,-0.029989086712101272,0.02912595268188183,-0.00048174512545358307,0.002940066071046298
GCNT3,0.04616911232693397,0.023136476648386722,0.010716972884425621,0.0605198413312993,-0.11001563955654456,-0.049429671171685396,0.07852140016677883,0.08834578439828887,0.05499993818608002,0.008972421673075569,-0.10455878868859968,0.03963103709201442,0.0827350608808887,-0.04811752032357021,-0.023515871776381463,-0.03576371282722864,0.01234277976017881,-0.0018300694458859882
IGHV1-69D,0.10141301257697667,0.030765325105950113,0.004374108145840987,-0.03188002695654146,0.0367156139013379,-0.037878510271790254,0.08220943513882507,-0.03092260726093612,0.25880635151178616,0.01609659395474843,4.335692883607797e-05,0.0013558029530130905,-0.023306450027479747,-0.0031919763898626934,0.002497893967055584,0.025130418235363813,0.00023871595438490392,0.0014640157952821335
B3GAT1,-0.1265285949469235,-0.02434565983169291,-0.02715061862942392,-0.057812577455495735,0.05794611738931399,-0.009111747257809394,0.06418750103995274,-0.02559766477801769,-0.014477262725110435,-0.026462999492478812,0.03507789135080113,0.012046698552966669,0.01318653725995605,0.022913029131488502,0.14218799312808666,-0.10386176842251255,0.0854822404448473,0.006169279305009769
SOX21,0.02754850880272681,0.03152327958101075,-0.04487662736533294,-0.056329434238680726,0.01937960390493202,-0.0613491460738664,0.0010062069450953648,0.10990399938441194,-0.015686201859069982,0.03682646924127349,0.059026839162972675,-0.0443064286256272,0.05081928993243935,-0.008499180826523726,0.06121717004608394,-0.054383739254883705,0.018190560172526963,0.006859925916812337
NKX6-2,-0.05419710395079252,0.001290030972508701,-0.003141681621521512,-0.0038088132694204433,0.027340225929767044,-0.018033229806581227,0.009142745735323157,0.03319438827978944,-0.03982342033720939,0.0014844491399951779,0.042326185366706764,-0.059561958529686695,-0.030705629847186514,0.015392032862074348,0.007286608651257582,-0.02541484238709623,0.01280800998539319,0.012119323621555664
RPL10P6,0.006947482206519771,-0.003681915635533452,0.00637689721634998,-0.003132941437698454,0.011322853600655236,0.011866659074832303,0.008399556144862451,-0.018756732334636227,0.0017575930797209438,-0.0023514405254863504,-0.01648824566952108,-0.006425412821561054,0.007937539541910918,-0.0061467088013001095,-0.004517274811506788,0.009333951757918074,-0.006071138009340937,-0.0023957002911664965
IGLV1-47,0.09849324290513152,0.03015323049085362,0.004996834056035182,-0.024430970960811836,0.03302277215869685,-0.03755944098096297,0.08342425582191618,-0.045231162668438483,0.26464375481481095,0.010805833222371185,-0.009462320531522633,0.011096408131176969,-0.014099285262872114,-0.0055941143349514276,0.002128161187248322,0.02996879740702322,0.0001625605805305592,-0.0004459018201899371
ASTN1,-0.09240070015922228,0.009738299155895974,-0.021397603737843343,-0.05631532869531214,0.048437555016543454,-0.036022816913401104,0.035388944967075,0.06259867301643897,-0.032077648917507556,0.028878035098865034,0.047762240004424944,-0.11578758678634742,-0.02451321742467207,0.04553393432096098,0.04324265207803166,-0.08319882880020112,0.026965283343773974,0.019279760693203418
CDH16,-0.04122398891168029,-0.010474370784424073,-0.03350842397907543,0.04834516067217873,-0.1009646107713839,0.015030587082105851,-0.047068302279559916,-0.044960246605354165,0.015401131277913137,-0.008895901874725526,-0.09270020418197052,-0.0743203528963296,0.13729367594695147,0.01406955227380926,-0.0007411974287009879,0.0004317943761249964,0.014643465184746967,0.006131379254559425
KLK6,0.04674219137772039,0.03310575961506704,-0.0008680301169220132,-0.06250217211225534,0.002433896683944646,-0.04327978835034289,0.01781542679136446,0.15575688300853113,0.010113809501571874,0.033037724753771855,-0.03314734076424301,0.009890524705041601,0.02720146686558099,0.0637221421295375,-0.06553877896540145,-0.058906953062170635,0.04110410284221347,0.020550293200516444
GABBR2,-0.07841757090923866,-0.001024281919645022,-0.017521717178601577,-0.04742748869763543,0.06376448182847086,-0.013990499384847888,-0.0020987960237724905,0.010098055279726863,-0.00660630594944088,0.0036318922204814454,0.00037122399808996686,0.023496015533612167,-0.06496685767058513,0.040010017713277626,0.056976701789224767,-0.1044173436285202,0.0790591937330555,0.020428767114466465
GJB5,0.1419914694724202,0.03223882177232838,-0.026271383332324465,-0.10580787685473698,0.026936155079884457,-0.019636035647671867,-0.06389937146797668,0.12865926158750812,0.018219699982722683,0.02702993120364129,4.1414103022102094e-05,0.0782892847139909,0.08746943802868216,-0.010259252655587725,-0.01335270920803095,0.01705920319167335,-0.0013932266173195778,-0.00284269524985521
POU3F2,-0.07222797626495496,-0.004061320108362296,-0.01748911023781129,-0.03246823728558373,0.03504859026915805,-0.02831049137204835,0.027684144672247495,0.04142565763237045,-0.0228068898257909,0.009017614111158643,0.059808380996921526,-0.0777761616195812,-0.016297689150654444,0.018134293835683196,0.03920174488817355,-0.059157752536569776,0.02340965843280659,0.014634433000386408
IGHV4-39,0.09316381715694938,0.02911272767952488,0.00718973565968325,-0.030955002741795044,0.035705250647191,-0.03391390566836775,0.08975614461294597,-0.0358751276539986,0.25273132119823444,0.01549341692208272,-0.00854600196516761,0.001910820444833135,-0.021258249140655994,0.00039951723214791385,-0.007295341184740054,0.024364046322311997,0.0005065732356928256,0.0024528707916637174
AHSG,-0.011940517290559356,-0.023557335684740693,0.03155946232621422,0.13928468656392828,-0.027579563691920928,0.0032539253964349495,-0.04127090059860605,0.014655989007433746,0.011949166852275723,0.004539373955410123,0.18187286237309616,0.07663838319016639,-0.045286046164958876,0.031465389358581945,-0.001262156549847354,0.026499572744507385,-0.004111512829367284,-0.004568015250014541
FGL1,-0.012319314133501779,-0.028103448712375183,0.05287377500757351,0.13633921663878693,-0.025359344264377595,-0.022150055929368986,0.00245801567047891,0.03606970651052954,0.006773332990633256,-0.0064462503451125225,0.1630386210619643,0.07818087720514476,-0.0004778188250474631,-0.010586165752967584,0.021093177176713697,0.007439019987044071,0.009669144436256747,-0.008689692043356767
FOXJ1,0.017669596685692235,0.007708454084745036,0.0010300404476424746,-0.014446893814143724,0.0395449918937287,-0.0447448181641305,0.10904170728719148,0.01756097715741179,-0.03727407915568368,-0.01240961156000664,-0.011319907862671265,0.006170316416269296,0.05521246976741746,-0.011068712843673703,-0.0018236269263106886,-0.04551902055871166,0.026858729891903615,-0.0009913212869525874
SCNN1A,0.11176401497049052,0.01562976943127152,0.011500611548288383,-0.003944394959019016,-0.016435343620414367,0.0035491420819597475,0.08101635010710977,-0.04148555457450308,0.011444296128425504,-0.033418705807491476,-0.1129352527675527,0.14491437878324367,0.1092602265760581,-0.02716583588653372,-0.1047549552767368,0.022180404612855115,0.0013223614875039463,-0.016744083643043757
GLYATL1,-0.030195732523578496,-0.044773681060781306,0.012981681995570649,0.11979627615910506,-0.057623311792391815,0.02606905201676708,0.0448061195311278,-0.06778118724616286,-0.03452908022172649,-0.03059663369544318,0.09155814733234124,-0.04824861739018071,0.14042828766246163,0.021565287622931046,0.0027582620066124554,0.0808447747898577,-0.05496558143504611,-0.016367632674947754
HMGA2,0.0707722090857234,0.0247286023733796,-0.01662386738447076,-0.03424921014470353,-0.037798290497532035,-0.013769995571858639,-0.03644186247227125,0.05977725792453001,0.02018733202843807,0.018113150978219448,-0.09468735734255114,0.09995759864381007,-0.04144508154968461,-0.013027910420087127,-0.0029470527161796936,-0.06764314068298274,0.05259891641136475,0.007270813133553835
CERS3,0.13666501500209385,0.028421396727949803,-0.02158190804140031,-0.073248038235266,0.008370959825499501,-0.01219805678630678,-0.1247071481351965,0.11500223971699348,0.01833190944258539,0.038218235016879196,0.03893617311910521,0.04916654512297085,0.07610046022231769,-0.017697023372465478,0.009710752717563905,0.0325342058958971,-0.0018983833711785937,0.000528602514324596
ATP1A2,-0.11505663709208198,-0.012122018412883039,-0.02276155064813276,-0.06022233715159933,0.0576849763845488,-0.0392504600591371,0.09310865113500183,0.028192292370585955,-0.02913748199700377,-0.004545164596412486,0.07707523699543149,-0.07391939576829343,0.0518205539030021,0.0632404009786647,0.08364899201004673,-0.06901487825740411,0.04370201377031427,0.013057815584275847
HOXC10,0.020459098868599056,0.007711227014906163,-0.004358147841447866,0.029098472971318578,-0.01394644175766871,-0.019981033196459823,-0.00887037541351506,-0.022349843057233254,0.03951079028453465,0.0009537118542580324,-0.05006889158987364,-0.11452323813795454,0.09647777375203397,0.06040269246394434,-0.10206242892523203,0.041530697219922,-0.027599752978464957,0.02296646298730549
SCRG1,-0.08909469083904703,-0.005277271813622274,-0.01600126541984537,-0.054115808946849996,0.04845492224158364,-0.03309472911191429,0.066015095671536,0.07035894369853223,-0.04065229480980124,0.004633885686364221,0.08488149959418562,-0.0907064857545399,0.004292712418490202,0.050002624875778556,0.07222737999985505,-0.05641120224578291,0.026272037714271987,0.011660761532838619
HNF1A,-0.030509890054786288,-0.010408751532729282,0.028033170721362192,0.15210855586350344,-0.15222863562665842,-0.018639102227661946,0.060194689101365356,0.04550466424549082,0.022879058581714202,0.004534492766714456,-0.060235837373292016,0.01572391012362566,0.030945959117823232,0.0051915774700965105,-0.015492356324029614,-0.0163483389405409,-0.004438895454624006,0.0005423720503313895
TSPAN1,0.06093273345177738,-0.008951259015767845,-0.0012943495476469813,0.006407787879357388,-0.05219179306905585,0.009338997927445908,0.11275604526714748,-0.04405307740171768,-0.03611323897154847,-0.04974972745903546,-0.09894013496965073,0.10941279726179966,0.16209494890278342,-0.03539753207884517,-0.05476432605790692,0.038234290676571525,-0.017897609303511183,-0.026576793248890885
PDZK1,-0.04760824508197545,-0.02091773353051906,0.010686859796711955,0.16812469780776196,-0.10044664286091301,-0.016137560860035597,0.02343340147160245,-0.00945253163043194,0.03663038748202638,0.007213454637238116,0.003125792147239012,-0.06642283717109453,0.1160585479199018,0.09547957225276495,-0.09734090077829118,0.011202361149150089,-0.01657794310298866,0.01797343849449793
IGHV1-18,0.10052887705879918,0.031128477780788807,0.004679395057141365,-0.031325686406602285,0.036834270032519226,-0.039577117098310605,0.09109608303614132,-0.036801055234392845,0.2619311414999968,0.015501258090064635,-0.007440199663915542,-0.0022523096511329224,-0.02162794902938475,-3.742904043282671e-05,-0.003946791364501259,0.0263643868758021,0.0008080514022806735,0.003915135050411499
MUC16,0.0669171170842647,0.012382454549962157,0.005934560037328652,-0.046328713602945173,0.0543289630481145,-0.007314136489154626,0.01766820944639593,0.021528309514426216,0.03949540804923719,-0.005715165891188495,-0.021625814286454183,0.04920268413916351,0.03116943337189043,0.006073506035178526,-0.04676719734354952,-0.02052053157060354,0.029258653362757802,-0.00028465304906547667
NAPSA,0.024020195350304908,-0.00524951343053178,-0.0019869931053062024,0.015486094433850336,-0.006045927005767213,-0.03167676666149271,0.02072783843960683,-0.10080705301902498,0.0993437091351519,-0.009827983164776446,-0.062388887909296836,0.029009948828683855,0.10125360513656476,-0.07583224615745911,0.0633476097727773,-0.05013463699574274,0.07601367183232738,-0.001790133984146809
GRIA4,-0.08776775504888332,-0.005178656722443512,-0.016017461211177787,-0.019851337508454248,0.014236987510194055,-0.03690466175654746,0.02525694886231039,0.06963710558337172,-0.008769169251071792,0.021047420048711935,0.0602671225233989,-0.11760205036066657,0.023893810494448473,0.07599587391272972,0.023654285169277145,-0.05871507662558847,0.02135371798274275,0.020982301890805462
TMPRSS11D,0.09305534841324192,0.025363266508403554,-0.020386199722717217,-0.05381592445237607,-0.0036443829574072774,-0.0027800582956554495,-0.10641332800450533,0.0968470518806382,0.027477841138648085,0.035180951675447936,0.051095611625087856,0.025654777708268076,0.03877482058191731,-0.010324094008460927,0.009277467194534698,0.01329854557386268,-0.001584456530135855,0.0002366472594239544
GAP43,-0.07776638384968071,0.00488707978970919,-0.03897223450151895,-0.07985246883226567,0.061755017208154246,-0.053725479443556406,0.04424561347467495,0.05658218861345947,-6.502263133416308e-05,0.025738642850984355,0.043253213210968394,-0.040453192164507594,-0.02464526020359902,0.0619709546572473,0.06178116930941448,-0.1168421558767556,0.06497671926288653,0.024386522377162958
TCEAL2,-0.11310759404004346,-0.005479618952395542,-0.03427413350017539,-0.07158002630689678,0.06330585132824133,-0.021046927621189006,0.08154611900787409,0.01245953085360114,-0.035707389075133905,-0.0074518282296236835,0.04950666875874078,0.008289625722993493,-0.0013708208780767056,0.04072968776073037,0.12024576242035105,-0.10580905796524576,0.07146029656269744,0.007994791136273357
CYP2B7P,0.03321650435215888,-0.004374630005858552,0.037957425393764975,0.04087222445476916,0.0690282131709349,-0.05604185484091091,0.1012627856960247,-0.02302408468755322,0.025703997936694773,-0.00884620006749408,0.10067273991934636,0.05569262564037661,0.0030693118219034176,0.028285783842861872,-0.10803985702654159,0.014032636480080733,-0.0025705459516982415,0.001720211956846457
DAPL1,0.05042851488509714,0.033952188870475804,-0.05954902257600911,-0.09785542941589227,0.034353923910372175,-0.00519811367667367,-0.053241833860157066,0.03346504652025102,0.010000715342702422,0.01613951090382295,-0.042217111647535346,0.12561996708969783,0.026874087556930312,0.007827994601665516,0.05267132176953695,-0.07218256471538087,0.05604203711622273,0.007478100350148554
C4BPB,0.009217761961065258,-0.007772702010447673,0.05454282041961303,0.1349528629513456,-0.05737427154137856,-0.03489876330125054,0.07284497651593083,0.07275432683183632,0.008713718178231843,0.01016400387597165,0.09032989868378494,0.08506330904147527,-0.08001429493874364,-0.011171370005783348,-0.06525849971892131,-0.003813971291771212,-0.016951368125094925,-0.002337709885057545
SAA2,0.09171579505222145,-0.004910911031631478,0.015332042642718377,0.05333180222681189,-0.011759273159930757,-0.012912170890281396,0.010084448428566215,0.049225745842356866,0.08701188321668474,0.002948221006177604,0.0735174328660105,0.07021069162386363,0.050275390468889083,0.035970204280923984,-0.07423726301589526,0.04885355540081157,-0.01958105158864479,0.005327152290838594
CAPN8,0.035212090570911576,0.006407573874925083,0.05030047534063863,0.005805479279799228,0.02642199678298848,-0.04896095460781025,0.185859888005517,0.02531608879606149,-0.01181867077403173,-0.006880802903788658,-0.041158352211904455,0.0776638791884685,-0.02369364674411493,-0.00023527020136312077,-0.1462724794318919,0.0066096685848474135,-0.03317108888879726,-0.007457137005208467
NCCRP1,0.13935151825337777,0.02866400201944727,-0.0016234703439059349,-0.08753745576181013,0.05514780909821976,-0.012561030562696153,-0.06506738292743329,0.06653887014846158,0.045536009483712336,0.0064961957622604845,-0.005833420662170481,0.08232354202263063,0.07438758095153772,0.010453211651730044,-0.04314769017440954,0.043232148835756455,0.00030285165878665693,0.0013161205434732287
CDH3,0.13150011028888758,0.03523758082215705,-0.0009600234262626763,-0.14226947798450318,0.06764466691991275,0.0018382294029650635,0.0097319158249234,0.04515847098033351,0.02145933548141572,-0.0022753115830570604,-0.0785087721872137,0.11452905242464541,0.02378264786031816,-0.021226094790221844,-0.036703127619185726,0.005705947196720435,0.008632892962840932,-0.0068883952628546585
MMP10,0.12424984580774165,0.015249684299639122,0.0037691244437058273,-0.08422307294402372,0.020044828203434818,-0.021017568268672654,0.003335006006772443,0.0813788853230716,9.567633239534551e-05,0.00907357666354682,0.018913193204105054,0.0519854345156236,0.09075550301153895,-0.002851640970182066,-0.04424851997574422,0.03638875939591247,-0.02026387482275011,-0.010560592268727659
SHD,-0.08515468101357032,0.008526637258921981,0.005780007072348787,0.01576219601977095,-0.015670741307594317,-0.04815228498143294,0.06382463522562117,0.10747035411245916,-0.0357640816354497,0.03501615093360189,0.06826743509242927,-0.06558488583081278,-0.08300714475342254,0.04271280496976781,0.038616645412466385,-0.07274084898694896,0.01709863985415641,0.010603217356925786
TMEM40,0.15768780469134883,0.019828055388866526,-0.010013042636212662,-0.08696855973756434,0.05127004826884036,-0.002251873948739497,-0.09418598109917346,0.08271114009330117,0.015972946493080772,0.018947817036972518,0.02852231866817186,0.07624723690921384,0.08511277900350031,-0.0011541486630470173,-0.031918659117086,0.05852675194623352,-0.010926040024655918,-0.0010234231506837629
SFTPC,0.014810751957727186,-0.002398993296879486,0.01406131552943485,-0.03474023259932244,0.03816828295071302,-0.04736472769913704,0.029675828880751626,-0.02429949444427466,0.059437085994703744,0.00914291361235265,0.02691462724657529,0.0068889111347856784,-0.0019966017214920894,-0.057248288872008155,0.04674598290938569,-0.04910580266158556,0.043256863415856175,-0.0008839387267437079
PCP4,-0.06786596985941835,-0.018275983522356105,-0.011577730161904724,-0.048393797666207085,0.023999106172406973,0.020416324391174304,0.05611796586542246,-0.0650179645754292,-0.04555820675333151,-0.03282630292632112,-0.02059794028972079,0.09837272688532954,0.033992089456073606,-0.02131880655686692,0.12454727842320348,-0.07195518892452436,0.07365744359485892,-0.008616532903944527
SPRR1A,0.1409784560341643,0.0356737277829719,-0.034394236210183025,-0.08684252682452084,0.001351661604958286,-0.015020024262130015,-0.1309511378355158,0.13745909255588515,0.02705024967413335,0.04113842820903139,0.01242012858312307,0.054747331770147276,0.09512326720128333,-0.010445143760163336,-0.006510410904458679,0.023998930978708175,-0.0018347152436120231,0.0036174619438510344
ORM2,0.0012603749898745182,-0.03013033615208773,0.045056800870379984,0.12936470598392932,-0.014247867037976356,-0.007029477741252568,0.014331955025263098,0.0047164464734426054,-0.005565230900214148,-0.024248201157416494,0.19425508305307895,0.09334581391912317,0.0005148467487663731,-0.0129220778372481,0.04332385510203049,0.026978623948411357,0.0024748739998957615,-0.012300269862849562
IGHV5-51,0.10091003658973263,0.03277941474013577,0.0027568316834990607,-0.030619205940387518,0.035720602993944514,-0.04206089385536495,0.09486950126573515,-0.038610388166284836,0.2619096644156656,0.015592896831493598,-0.006297971710192342,0.0005267976893769599,-0.013134965130306143,-0.003063584384704213,0.0004007158074980184,0.026449906329867,-0.0019483002728140947,5.397254238792174e-05
OGDHL,-0.08557023497881075,-0.016776499501338624,-0.038821187880468656,0.0772313139650166,-0.08137911110797226,-0.0007470619457546557,-0.04373618839042397,-0.03566219492708054,-3.18990782349395e-05,-0.01103285444763516,0.010376102187746908,0.004839429890585448,0.07504887014500967,-0.0017553374236181061,0.13079510965280658,-0.0757426069768742,0.06699636282390006,0.0009359801413200713
ALDH3A1,0.12938643837655214,0.04027482037818717,-0.02406037358604631,0.0020486948115420807,-0.05040951687042124,-0.036302277271780564,-0.03228263606375509,0.12472348086081635,0.042153417468362306,0.0272742880126976,0.0010769092394595247,0.08100473278438597,0.07816248817290511,-0.04255217943576922,0.02692881124174886,-0.00347897883179669,0.011674678310686254,-0.004986415393477459
IRX2,0.060447821550003444,0.013067318448630443,0.017684334963051114,-0.08720846366329685,0.08555107596152076,-0.009244609961853587,0.05419686868901161,-0.011127245159927718,-0.0031481698029030888,-0.023166793873967764,0.04190167435312224,0.04023917805050072,0.05211847100990459,0.01594533672699591,-0.052318043877554066,0.030379592367172744,0.0007222595977364768,-0.0002701113049452034
CXCL1,0.12069235924528948,0.026757650362644637,-0.004122413758215004,-0.012628931624127529,-0.05370115279816231,-0.03806317563600789,0.042125480047132166,0.11480228511467805,0.06710140946601718,0.025955113800743734,-0.049190485064977134,0.01856078852662749,0.09642391130270647,-0.041723560817788066,-0.0017023986487645236,0.00012637224916241572,-0.007759445519229554,-0.004360124219864749
B3GNT3,0.0930177254015897,0.013394917024907327,0.023760487068452695,0.027410402787206127,-0.06983159755549724,-0.04106943044552632,0.08548827280176302,0.09037783106779755,0.037304683132917106,0.013134844968326608,-0.12137008073252505,0.10923050239560486,0.061814908056271545,-0.009578597221395667,-0.04548089622658199,-0.029483166590144903,0.033657436026245255,-1.3073891184400484e-05
DUOXA2,0.03011941363643298,0.022741003192215725,-0.009659821433516288,-0.0020534360956703684,-0.05247653388458514,-0.01479328789638159,0.004727046171237145,0.0843122783749275,0.008580945795455009,0.01978632815375286,-0.1035883598809403,0.15759760333756387,-0.030249522091178024,-0.0032284156959037536,-0.011842733575124628,-0.062353156137654735,0.03434995833555917,0.009047137034949332
FAM3B,0.0641815372557135,-0.007724863887409837,0.020660571349544993,0.0007380011777163653,0.029029767517076536,-0.01594617057068217,0.12039665840988784,-0.016762519077282365,-0.03343695559769605,-0.03154160506606798,0.020784099360177936,0.13864886036459748,0.03207593151962488,-0.042300474137769904,0.005618721984278062,0.02752232393596592,-0.010760282765671645,-0.023588954910879187
LYPD3,0.17210480862821229,0.02324026426440495,-0.010006784648035729,-0.10641465234335257,0.07652696848610784,0.003059867633731054,-0.04842036220011081,0.05970823814867768,0.006543804879727144,0.003557825831360237,0.01062128005794263,0.08164975132557163,0.08895314151132847,0.004574428400689394,-0.07750853120953505,0.09097624880917096,-0.03972219689657475,-0.009247793269729071
CTNNA2,-0.0800925465039483,-0.0009157008590342766,-0.013931337369779978,-0.036320780749773,0.021163660023364894,-0.02791289665933837,0.01683267085234302,0.06786025207560052,-0.0492521101130085,0.026665639181610554,0.06798424265913357,-0.09296748647646097,-0.03293382801516624,0.028833079647399125,0.04403328367378969,-0.0710815028302567,0.02551005467842862,0.011397173760931863
SACK1C,0.08514108226095994,0.02115915063047441,-0.02473905284265282,-0.08279615749330704,0.016103146303426262,-0.0014706817465835655,-0.09840471251692207,0.06943794333262847,0.02447461269392556,0.028239564827124038,-0.006158775854861398,0.039737222338769425,0.051937859526766834,0.005703851495049226,-0.014260957942882166,0.018574266598001644,0.0015551961021902428,0.009302705543683069
ENSG00000275216,0.08190955051800104,0.0047812866940596215,0.004524062939405251,-0.038944950146219105,-0.026187421194244397,-0.003797521567071045,-0.04664231591677747,0.08203567985692307,0.005445458297869456,0.02284187819478515,-0.015320428082500661,0.020818471440012754,0.0035544910730920605,0.003036003356707939,-0.018874947751560116,0.035269558030655554,-0.014330807351411276,0.0018603583885804615
FUT6,0.028911882242327002,0.006212152899882227,0.015300635876061862,0.08895116434183599,-0.1176509490596953,-0.037556389412315414,0.05607683302309328,0.09922579406768516,0.03608349364809976,0.02750393039459531,-0.0612282992324863,-0.0061438084963698165,0.09316990512465242,0.00014096415169252306,-0.04491040277140911,-0.015526721764307035,-0.013041689577625637,0.00291775952621408
IGLV2-11,0.09483896567340902,0.027267771364303493,0.0018297633121975672,-0.02598854834549824,0.032432960632325564,-0.03652387615718907,0.09546955466505148,-0.04889257029149513,0.26614580606718097,0.01315371550688369,-0.01383472243408765,0.009187901615174191,-0.004882976130755109,0.0008546167696356267,-0.00014240945451334086,0.02563061079674973,-0.0028139364114686586,0.0007603239904194408
CYP4A11,-0.0132021002452572,-0.030125271736324292,0.012896841163837876,0.15054469220295516,-0.08245845773525494,0.0038994368900831995,-0.053436143350584275,0.011588301599670905,0.034318200428632234,0.005388709136246937,0.08853721166536967,-0.016982258669477585,0.049658208827440445,0.016000183158787984,0.008175774289035452,0.025629306347085542,-0.0067036967492619575,0.0029827422970713506
LIX1,-0.08302538183366664,-0.00405496416159232,-0.026740182744319944,-0.00820083355188707,0.008163575193938972,-0.006229612306199877,-0.003666591335054457,0.03852456556968193,-0.0424309226321409,0.0019696051938103034,0.027475831570700764,-0.05300024541125025,0.017453013420592512,0.031106771094870724,0.07500552959648324,-0.07552191766784866,0.0528084813049651,0.01248162045448042
LMO3,-0.06424660448955859,-0.0006734465565351193,-0.008538208389346946,-0.07911975559369565,0.09340855615686067,-0.02519359919761398,0.08262637263217693,-0.04775327065414923,0.0028975297975315103,-0.017800300058221467,-0.03206207858154569,0.08780950000561064,-0.033155735303687844,0.005429145608157849,0.07268247159054542,-0.11699957457604304,0.10289461771136488,0.01182633028255361
STMN4,-0.0916179704010231,-0.0030160767270818165,-0.015406633725692748,-0.05605227153104487,0.04224048730284662,-0.04030049764398062,0.03707351599719748,0.08014116798690474,-0.022871320770402104,0.0301681342952031,0.06497631477941618,-0.0805102137137905,-0.03914459145993314,0.04758317490092739,0.047863782682073946,-0.08960895307965443,0.04332185128339005,0.024741458477920922
IGHV4-59,0.09289666544148503,0.03116030050711412,0.0054140516251401875,-0.02617220145262722,0.03587634206520176,-0.03863130352506147,0.09486446558269217,-0.04220585594041287,0.26275039223042956,0.013979913926723058,-0.00823338696797884,0.0031910279662848273,-0.023790620002175945,0.0012185014998652636,-0.0027239089098408664,0.02794340367633228,-0.0011112483692325788,0.0013132526755870698
CRABP2,0.10371931501164966,0.01969139480375992,0.004630163828760769,-0.11945033651766113,0.14099583574592112,0.005066671481554167,-0.008443615226122938,-0.015060311237332676,-0.0010061034539561229,-0.004609384270673634,-0.05160031354292589,0.08781761581565853,0.005522806969648976,0.03467733769909423,-0.12130649749244513,0.022826035045469577,-0.002078818193658957,0.0072220000397664776
SERPIND1,0.0093346461970616,-0.02225419470234504,0.03876325525813169,0.13591385190272215,-0.039200521650805724,-0.030509913088549667,-0.011175665151458422,0.04816561774102806,0.03011611351083538,0.014845128481648222,0.14187081154211406,0.11312171316647848,-0.04174349453378987,-0.0012882641738324806,0.011656025389180369,-0.018438019623904386,0.025375377690514282,0.0009147364175123048
MMP13,0.09836966823059246,0.003679432275091025,0.019354777734975293,-0.06025159731159681,0.04536751125968198,-0.01632098082549993,-0.0558467779947983,0.026950994842832112,0.04065092547754821,0.022108899517554098,0.0036262217693619984,0.011166392596659157,0.036922149349943215,0.042306066161510864,-0.09822658653228826,0.0321244319260434,0.00022847989147950634,0.018943014247456633
AFAP1-AS1,0.055672172008427674,0.018261511552709875,0.029700542336089947,0.012961903963297133,0.006482855090803988,-0.04478761781169346,0.023268473350248897,0.04947961295783458,0.05129499818301927,-0.0023547851431497025,-0.006547044896757931,0.022370722728542174,0.002594290500941615,-0.045820079811763996,-0.02339194427501369,-0.01547198101790606,0.02086074527813104,0.0015004749411682667
SALL1,-0.09748065248435547,0.001465249727106132,-0.031065226024403172,0.07517550217312645,-0.05037454534442667,-0.022948444635148783,-0.005601351185708506,-0.007272262893477423,0.017949581005360413,0.004844562973380997,-0.02140099759341227,-0.02476548699188476,0.05452996873675051,0.07450763203130364,0.030548615648289847,-0.09503987855919356,0.07172343142321919,0.02343951257918738
NKAIN4,-0.10687085187483522,0.011349477411768442,-0.03374720114487141,-0.01746934195770403,0.0001407803001672202,-0.03788844921692927,0.008601958573546044,0.01946805859457479,0.003664657668988307,0.012298993014805632,-0.025418340485824822,-0.08704354260283124,0.024333635717342126,0.053217260297098196,0.06292791401589827,-0.11063361717359195,0.0729497386233563,0.022745393052273476
LPAR3,0.12487990469305058,0.008094786054071648,-0.008920197410312258,-0.08831367190475335,0.0649342494739781,0.019626189054932908,-0.038338329996069086,0.03408999262527759,-0.025821818531473844,-0.011672178487819996,0.0773697942701023,0.07727444538150324,0.09899645254160583,-0.04325969461932628,0.036357704446289114,0.05340409929479478,-0.01396452215967199,-0.024224698641472253
SOX8,-0.11859949863335321,0.012036618389409939,-0.014568222672836794,-0.06881189881148057,0.04834206744864402,-0.03848325696140544,0.08910647879187683,0.041157286156174824,-0.027346018282439516,0.0029647833486769175,0.025594011578043602,-0.08824785213575634,-0.0016704885693442583,0.051561564866600795,0.06934948000709129,-0.09003272871698918,0.05063028474610306,0.01980983289452684
MIR9-2HG,-0.08186271833926714,-0.0029953921977293532,-0.01900466718110829,-0.03152614022847545,0.03343607499095632,-0.025252472313478352,-0.0057618807827434105,0.04951785091985162,-0.048298371199149336,0.019502250515502414,0.05104038588946837,-0.07846986764703932,-0.023618053042468903,0.05277755854388123,0.017053153983933467,-0.06682709597688925,0.0309718016642805,0.02431134038663257
BMP7,0.019721479213142393,0.0265431116793972,-0.03989720482307065,-0.12468276814709812,0.05184118374840349,-0.030660700051985443,0.010739106925667204,0.0780727851927039,-0.024785494070298016,0.02973801615792582,-0.030597880574735153,0.08306856819418246,-0.004671230831070629,0.028197183562401053,0.05506361625069312,-0.09850077289763942,0.06221959211197203,0.010955770574216145
MLC1,-0.07309162490256166,0.010169144641372769,-0.03139406676474247,-0.06578353832312225,0.06631429405556674,-0.05521085053151697,0.0682480936052027,0.05789227423519009,-0.0021581915445796564,0.024601968345018932,0.07896614715460071,-0.12958216807688874,0.025968596583936698,0.04493672637017369,0.057139996123067326,-0.06970963579046217,0.02732286426425276,0.017753764676824924
ATCAY,-0.09021528864001603,-0.004671579669398191,-0.012277446055603686,-0.052577069249476346,0.05682171155201004,-0.01688651831084647,0.02148215507924905,0.03996257572146239,-0.03024902221728642,0.010501774218717291,0.09322285974257687,-0.04211268739916076,-0.026304810960335327,0.033895072631454894,0.0664732909268027,-0.06452821872360569,0.03449858823796722,0.005268352764337431
CYP4F3,0.08354301786462101,0.016526302689711454,0.00021574069254505813,0.09565766403514021,-0.08028028139181284,-0.04824309603297496,0.01581871171629277,0.14425047849834916,0.014325725426437817,0.047154449652156746,0.05379903403984627,0.04888213352961351,0.02713258051258331,0.022580748548351928,-0.02057017266440351,-0.0025772003025803154,-0.005983141865976669,0.00187276335372149
SLC5A1,0.05766894099771567,0.004840943146363229,0.018567734892238036,0.028966800449094207,-0.07214802803912958,-0.0017613537083788597,0.11354469925205633,0.04944910510336737,0.0007923592337272714,-0.017195647325052663,-0.06433387057436545,0.0034617470233231306,0.11619875186438473,-0.004064309966014093,-0.05966999908756472,0.04403756640556396,-0.04326207573481717,-0.013833195668212636
CRP,-0.01609455446643469,-0.02229367242797678,0.028579157644203365,0.11293533371997179,-0.0419512195201892,-0.022097869306754236,-0.021447071875581744,0.06040196671085469,-0.011713138677104051,0.012614058135549715,0.12114396985136505,0.06234900654211351,-0.032711785036160665,0.025042874258507944,-0.005055847337957949,-0.025588290166092376,0.01024962087258916,0.0053914874020705595
CES1,0.06988650816425356,-0.015628820904414902,0.02120126117243877,0.09257427316461082,-0.01031728133298269,-0.027291520231131086,0.01399544204305113,-0.001246825981570045,0.05353540560027687,-0.001448575838621083,0.1337935073428159,0.14078416119018677,0.018285713276207184,-0.008113386702051662,0.036480612449018186,0.015711106898562678,0.018826521476532482,-0.010605328693509703
KCNQ2,-0.1006826088458263,-0.010560661798252458,-0.01372578148920702,-0.043586563087184525,0.04406295794791536,-0.03480127686299137,0.03303247328651177,0.04708004715046532,-0.03536102811197604,0.014959051157971987,0.07656724543031512,-0.08460664938492589,0.00038545468072468113,0.02550678687828343,0.08462203888095773,-0.07979769858899366,0.04413115481020463,0.012910854422201619
AP1M2,0.11888927111288838,0.010410712782640483,0.021457831835268004,-0.00046490404081860764,-0.011626922661889123,0.02302094397796555,0.06140256423247172,-0.04932525098501854,-0.014804384208676427,-0.038980757511214506,-0.11421858025282829,0.1459121462046418,0.09057098646719035,-0.021431192254676913,-0.09173897008356549,0.05524491059864138,-0.016123387214185877,-0.015989445989217185
ENSG00000240801,-0.018065083062381068,-0.01620629280091396,0.011584908306671627,-0.006666649181407849,0.03582430097523907,-0.013296712804018953,-0.0272664242633552,0.034627991838939186,-0.01988949315659656,0.025124195062259727,0.05087872520032287,0.05176708793842444,-0.06738917474190996,0.044007688794846206,-0.022329663432112973,-0.012563772464037502,-0.003267906065078338,0.00286300408320404
FOXA3,0.015183290267734096,0.007660926584445461,0.045182746548748244,0.11140588078099195,-0.06536519992482305,-0.0495196296603844,0.13326344943627444,0.0842795806469282,0.0001623001460338814,0.007012601093271482,0.024551674459156653,0.09276377685754196,-0.04924428521780606,-0.01977791126030494,-0.0160227370192561,-0.023818899088871536,-0.0027782248428243365,-0.009757258799446186
EPN3,0.1360707507068089,0.01411055399322585,0.016144892070874852,-0.08908898607008742,0.0492442651184597,0.00865118234636314,0.07809451727254053,0.01391728669380351,-0.06078630027193011,-0.02271078070542547,-0.04221529088622812,0.11790619663176187,0.06413972785464309,-0.02090528173053292,-0.08593731499939408,0.06697006208920477,-0.03543742468648193,-0.01736916567257685
SMOC1,-0.07220647966939557,-0.008599947744298137,0.005527491257054394,-0.0027870188511920474,0.0402693418122559,-0.03559804625196612,0.06649825405434104,0.0588747307556321,-0.020906919311413384,-0.005632766230044187,0.13753831293633645,0.0029199711927762858,-0.019618100855725167,0.04386125115211207,0.07143756684863962,-0.0672389627945968,0.05361594305362512,0.010134241042470092
SFTA2,0.036858390100862296,0.01178897364043006,0.029515608031289782,0.007634739867245536,-0.010747875716088416,-0.0645307418578746,0.09355385186872021,0.013370868329011581,0.04944024551137818,-0.0030725514367278173,-0.07424640759236063,0.10249632830595672,0.0011531243908399617,-0.06269842564073196,-0.0007772503145657307,-0.07526423534620814,0.0630974723027292,-0.003056639820586788
ATP2B2,-0.08580526058777156,-0.013988873966912445,-0.009869434966645229,0.0647029763027733,-0.025514154772645264,-0.026486859200044892,-0.01706112949224334,0.05788091918821637,-0.013390487037009383,0.02682447854482495,0.09124717116708411,-0.092640319513252,0.01926638854733562,0.05153350022686424,0.026934834564048712,-0.0546995360898038,0.031079018833050344,0.020705417805695136
KLK7,0.0692797657318125,0.026084818045338284,0.00026596877109823854,-0.05169495044941327,-0.0032502323229923,-0.0037974347898441603,-0.04985717971852772,0.09685378911467019,0.03756118288633992,0.012850180469749211,-0.05618839782729597,0.11300148370662504,0.03752516581650827,0.05633906546405702,-0.06409232440462065,-0.04100079581296714,0.05564141142011505,0.01685443061916597
IGHD,0.062152597695873536,0.0174171430065332,-0.0005441952631627345,-0.024844006472101103,0.03460288598734479,-0.03355069106901477,0.06193928734495542,-0.05569456304476023,0.1902421483735359,-0.006425969565986957,0.0032036975303194057,0.029923613858069627,0.024523211914053333,-0.02455529749877517,0.026841277070394173,0.012493627685593551,0.010934737114445984,3.95715067294996e-05
NTS,0.0814520626210902,0.02698819442421608,-0.03518447669661514,-0.0031765856347506145,-0.006738058898797546,-0.027628242462474504,-0.03522528077923853,0.025670584990082734,0.032476848071763924,0.03351138778636052,0.025108009066055773,0.023821030358930982,0.03917127680949562,-0.024182950608194507,0.010076909814084553,-0.013959770077907926,0.002163543963871493,-0.0033030625919857966
PAH,-0.046655743689379456,-0.024612784814695702,0.025971627003198192,0.14432995669527782,-0.065018493724676,-0.01857805248773248,-0.0007994485666449138,0.03796700009155596,0.012402786312669417,0.01726085313553149,0.11777369687298564,0.01926445564644106,0.018885989925038746,0.04138181342445943,0.0011244681678811333,-0.01121566080848361,0.015092840652880172,0.007417338809806898
SYT13,-0.046511163358706954,-0.00921088702701712,-0.006793378023609849,0.03522784739139951,-0.03999845889855506,-0.03128376070881288,0.14250916085764154,-0.005428906174122264,-0.025579392431345587,-0.014025658483852337,-0.06513928305922265,-0.03306085486507147,0.07607133667275982,0.04778581991575867,-0.05885921029030347,-0.05589724248502026,0.012706530349377116,0.009226560346841082
HRG,-0.01938624774204545,-0.027104369115958604,0.03283276102077885,0.12690812077395605,-0.019025515512606155,0.010124278490629933,-0.009873488637017843,0.01618899220081781,-0.013772186607411696,0.003965231265735486,0.17911806552100862,0.04351097461111175,-0.050980640782032946,0.030302078915749233,-0.0048801235153189335,0.03322031609633659,-0.01902247557343441,-0.0050122017140101565
CNTN1,-0.016162249791183827,0.004010383199375997,-0.022088766435800173,-0.10871460339197712,0.09357250140183294,-0.05382310528726417,0.06812230989262964,0.07108176231988843,-0.007479714230922787,0.01859557407269875,0.11732997719966695,-0.04937469410940594,0.06791503451673371,0.06047277367838401,0.037161062041434406,-0.0449131838169413,0.02220873445716801,0.010123035035438557
CREB3L3,-0.03732178401795615,-0.01995684144886699,0.019739665402057672,0.16209428322625183,-0.09046564014285534,-0.02304196426599861,-0.003416242999248427,0.037730832956640196,0.01219573604632801,0.0055048419322878146,0.07697080223807169,0.01880974811444342,-7.165107116629991e-05,0.018678497347908284,0.0015882169889850292,9.731968319251071e-05,-0.0012963073032103698,0.003244614366703235
POSTN,0.09124536866445448,0.009439750095468548,0.02321477069061104,-0.03644760547593693,0.05197183709588432,-0.012712225252520186,0.06401783969880123,-0.050188794845106154,0.08026853858367636,0.0014679693390100305,-0.055097262024337755,0.03339728118363375,0.006530803764159954,0.03525348914014393,-0.13518256268596832,0.05015658581497345,-0.02895717952904199,0.004212680918868896
SLC28A1,-0.03277067525440493,-0.020427889439433362,-0.008192203289161438,0.15077317712646748,-0.10224692543175284,-0.00038309925030937384,-0.043694758655970244,-0.015550159685190947,0.04416172122235616,0.007113492319992931,0.012511299755874887,-0.09139422116280663,0.14271895116045927,0.025442689645789312,0.012517247852625911,0.017402849128305108,0.0006158487548480185,0.007758193877276432
AMN,0.07128375528261499,0.02429728798746449,0.005843768145444712,0.10825456241415841,-0.14712907495718788,-0.03654271799797708,0.013930849269620937,0.084599724742349,0.0563857539591521,0.023445325246418628,-0.08508141156142189,0.010594683826564961,0.09910018988683518,-0.0462801221265806,0.005598161678381399,-0.007495330960712792,0.004874055042846183,-0.0009610583720602443
PROM2,0.1362254980317871,0.016816792611937678,0.0023500174527426245,-0.11767802540144387,0.07552919837000469,-0.003423968557276476,0.05086238699527211,0.01848551735734621,-0.02629207945847328,-0.02579990256687257,-0.06566629594090725,0.1358331943633198,0.07824599004447326,0.005914405123700513,-0.09461876459821891,0.03759402944867479,-0.007458928841509879,-0.005742080204835706
DUOXA1,0.09452033283236805,0.02786298919277485,-0.028176870768626912,-0.11436997792505546,0.0642134513860016,0.00025389814712300086,-0.06264787883374492,0.05074795007105955,0.030032987238321485,-0.006684421467107362,-0.058481576756223216,0.20501100292644195,0.03468605009347232,-0.019017077312826206,0.03867351191850814,-0.04154068843459865,0.0656809614748463,0.0012951640682343562
LOC124900418,0.06491106551195544,0.008714110145665737,0.0158806775115008,-0.006701493765440989,-0.039971793252864096,-0.024498107452550245,0.028102406369822964,0.10746937662738063,-0.027072778806398388,0.026424859728894915,-0.08357239558654035,0.038178926854294776,-0.015097503952681833,0.0003483055087901014,-0.05903087178808682,0.000520226118918891,-0.010856409047742968,0.0017602680411482878
CPB1,-0.024978608666614163,-0.007088002886517935,0.01087243244606146,-0.02297074728901156,0.051916315901195845,0.006108182062042952,0.060197340640989284,-0.04155313622753504,-0.047880921929183654,-0.01249446337339244,0.028636244780468306,0.009766879312535335,-0.001641515219815559,0.04175722634106981,-0.09147613498628734,0.02781872629930956,-0.030776985789299247,-0.0023658982632546776
SERPINB13,0.1015224449600852,0.028910293365532826,-0.03248193247547348,-0.05178020006646006,-0.010060247990140393,-0.003072171925620676,-0.1219245800496348,0.10253387719660015,0.03508980178136426,0.03523650991708671,0.013361779762370928,0.029420520348465803,0.04876802829881094,0.0033687089677888883,-0.003864759808747841,0.009054472336049299,0.004892487494400381,0.00977472415433419
GDA,-0.005856195189361857,0.004435529605692606,-0.018384981672118546,0.09169016091311802,-0.11961425889321599,-0.037235975713445994,0.052784472903691634,0.09254621930784897,0.005263808525079888,0.03149796074158122,-0.01972133683726931,-0.03674375858693458,0.08257034969015546,0.010865826708859792,0.00647540020227363,-0.04733651846691177,0.022001837661157483,0.010392671541066678
KCNJ15,0.06711637392384975,0.008658876062290969,-0.02974721244672466,-0.0034702658436559864,-0.048931933421473006,0.003755254327340846,-0.07516616624548078,-0.04435010420017755,0.0969707441891113,-0.0019323487648324731,-0.14265231356336272,0.11012976755882639,0.14499614828673285,-0.009363429005976026,-0.0031484656421917195,-0.032769890170127755,0.06602796739786551,0.010048883336855783
CCL21,0.08043241506315274,0.007549969982239905,0.01971049501699483,-0.015632058830338833,0.010301007645442905,-0.025103066323489177,0.06030421261035174,-0.022795709706251284,0.1425420945294378,-0.009076493929086741,0.027900206453393438,0.09292948265813986,0.011176619947214344,-0.016710972927083324,-0.011055047446082163,0.02479629094823795,0.004915754956450656,-0.00560352118510063
CELF3,-0.08028403021227927,0.0028180142528418544,-0.009912919402122957,-0.05276394984693158,0.015874142588134958,-0.03661470299021952,0.033955479212451886,0.08038834871233815,-0.005943761887238923,0.031022800165145595,0.03256706866025328,-0.04107914945394551,-0.04397954383478266,0.046106021190149137,0.037301229246390975,-0.09202413025946911,0.04905709256502371,0.01864327162266682
RFX4,-0.039363047058073794,-0.0095274341840695,-0.019405293234520216,-0.04781047578964531,0.045226104085717374,-0.026118040216524228,-0.01068859283463332,0.07905542590002404,-0.039504182613222,0.023104719866396672,0.08072045278023599,-0.09528030976620021,0.004977881740680532,0.029742572196489833,0.02769180900149598,-0.03557447965387164,0.012447971032849047,0.012617636132926721
IGKV1-9,0.09317502454615158,0.03058222975342285,0.003819508879265284,-0.03214335329992887,0.038690262266003916,-0.03766447153136923,0.09333350962919232,-0.044278973368077644,0.2603752052532711,0.015347929514645104,-0.011050678292659478,0.008789911959704305,-0.011499714522713818,-0.00014017470704617624,-0.00025066988410028384,0.025732718654690595,-0.0002102412496076644,0.001460257675800753
HEPACAM,-0.05830757734424789,-0.0007474366834083302,-0.013081096525265148,-0.030391447118682805,0.02979020433882157,-0.03263961032890968,0.003420793058632535,0.07734097527410422,-0.04250855794466493,0.01876318541961808,0.060864875146674206,-0.07352678915032396,-0.025507754872433036,0.03103037403567249,0.02011646027174187,-0.06659169970313138,0.028211856526773604,0.016645820610214728
BRINP2,-0.07155404973938179,0.004940538965850399,-0.016928909447217016,-0.051785733803288304,0.05714823638790999,-0.020031912796927877,0.01666874483685401,0.039124584934092335,-0.03359532482281999,0.016201805281372664,0.024123480158857128,-0.06993530555095596,-0.043727746068990755,0.05757252458880128,-0.0006497423873543162,-0.06528447598577769,0.02516687832964265,0.015477475719199852
CXCL5,0.042528488519477624,0.021218876450461856,0.010916892252710347,0.004827588380194641,-0.04488540502774753,-0.0540915272481279,0.07678900264379099,0.0936698133320571,0.05251031991303269,0.02319817492169696,-0.04649311805627431,-0.007375340714653298,0.04624586479387601,-0.011560465660321585,0.002732444319314172,-0.04841143954226961,0.02523315546578039,0.010044181009597312
MAL,-0.035093239642269486,0.015323572357630448,-0.04804639940220883,-0.05251482832675834,-0.016433317778944027,0.005022780859075037,-0.0653270776046029,-0.02186305357097895,0.05209806662838519,-0.005261314861905754,-0.08827701153710983,-0.013494038964237152,0.10206756066238402,0.0015672376990640744,0.07799023362742628,-0.05845099308280065,0.07305116614775797,0.009599155915020228
SERPINB2,0.10085995409484529,0.030544334254474975,-0.021265717099483206,-0.06293296638820638,-0.01009270745388998,-0.01309140901855357,-0.08933317644214628,0.12338340899983613,0.037786363231373035,0.033887769480129594,0.009651207379781274,0.04770963170607375,0.06585082232472013,0.0038560076991593717,-0.028204385141333145,0.008930636924968404,0.0033401479835205167,0.007007868340349874
CAPNS2,0.12899857846257,0.01742291514599407,-0.02685877223692574,-0.07599467740369231,0.012303434102627964,-0.010536284086296819,-0.11667184510598244,0.10110851454357218,-0.0004591737427348027,0.024331884857474093,0.042756110650135834,0.06262440351272429,0.09433033728608811,-0.02360929695215079,0.02760935631172787,0.03511547665670861,-0.010036345269855017,-0.004002146639343726
ATP13A4,-0.013510209632372969,0.01915669471423523,-0.03967173713244133,-0.055098776807613874,0.04553032129927488,-0.044757165597464905,0.04070912443499728,0.013978066498114913,0.0501400408076568,0.007149256228956727,-0.057459880198268705,0.07880039669001224,0.040595982619701855,0.0419392900704226,0.000968368691536765,-0.12259580092547412,0.09923045589734965,0.026582482901095602
CPB2,0.0020086658396958885,-0.022503486038965705,0.03781053313136786,0.1269081392932871,-0.03286813436718148,-0.011630131829122342,-0.031145013273931488,0.04171987768585049,0.022520150775190408,0.009662947953772854,0.1510104886385424,0.07692625327372979,-0.02617042305061997,0.006284438156729458,-0.004000421462149149,0.0005668027997132287,0.008084813132152466,-0.005515308427625716
KRT18,0.10701986977087834,-0.009066575997534809,0.03550105266906079,0.07413809773064445,-0.05103713526726733,0.02266666816382828,0.056310103870222006,-0.0631261138493573,0.003429137161163543,-0.03676461191941088,-0.07826740443104782,0.15094747051693708,0.06904518296259657,-0.03036666899716557,-0.10322077591306192,0.06842953916152755,-0.030528205152908883,-0.020128754438865547
C16orf89,-0.0662942525453894,-0.007982823919505807,-0.004943824967976483,-0.055007303825385524,0.06978592838561415,-0.01960132320555876,0.06946307215047084,-0.10841571228743312,0.040382536711415146,-0.030206774098553067,-0.03641939646954302,0.11021807738540675,-0.01842577032655924,0.00012810050357107966,0.025095095911946683,-0.0896913048177786,0.08195572882311135,0.004492031832540531
BMPR1B,-0.02997590068037723,-0.01300999895132421,0.004344151581163278,-0.09526822390622958,0.10226736721394854,-0.007200407192884513,0.0903969560013146,-0.020627421735799206,-0.08335411719934539,-0.026600123329013674,0.10968360574811958,-0.07019383086877688,0.055682978025258,0.03183518741605343,-0.02731659119431089,0.029940182584954244,-0.030701193753153857,-0.008869001641612815
TMEM59L,-0.1071707958769807,-0.006610687577240883,-0.015551825023453598,-0.09054621264539851,0.09496755226259875,-0.05349270603311651,0.08900489561119274,0.008514567510128284,-0.009192146156501078,0.0007938489281153266,0.04490087788907012,-0.031972094723686735,-0.003157610215151085,0.048277893516940486,0.07051853951799106,-0.11493872864407102,0.07879166607239893,0.01800719858318352
CUX2,-0.05253185542226072,-0.022315584239606556,0.005283158532411849,0.008303667123029379,0.022127029223429334,0.012348445175301528,0.0330926871878743,0.005202379665712748,-0.08380708755417174,-0.027773824227588704,0.1474344317553211,0.03514792091765436,0.009480871462876253,0.00019662666277507764,0.09642484019189414,0.009460940745456026,0.001964953407973286,-0.016640586176928516
BAAT,-0.006277140476390728,-0.020714212748410087,0.03286284940749409,0.1460758943309946,-0.05334863700935861,-0.04040391309967026,0.011958666784370455,0.046408983085159665,0.03217090510692538,0.006598292528012635,0.1327736180881526,0.0843408371295377,-0.01142113082211296,0.01672480463375679,-0.0004476567839988908,-0.027221627718052477,0.028019104000394007,0.0038224695682369573
SLC38A3,-0.062100516116769706,-0.012217163432374346,0.017525013648660052,0.07611165660751303,0.022967025107440458,-0.03361606161721263,0.03221322643705969,0.05619076186194151,-0.026750189800198852,0.01094105735238323,0.1500021195530171,0.026075557985146415,-0.0409026090628629,0.09468999807728633,-0.0015544845818628247,-0.06583048933607161,0.047154560974825954,0.01874934578222091
DLL3,-0.04807278840996874,0.013278629617443301,-0.013578268762169134,-0.046283496618633076,0.05621658670587699,-0.038999690741434244,0.008041359264016862,0.052996202285700844,-0.034625513310212706,0.031834832439925825,0.07776716983439799,-0.1103477337226478,-0.017746460834602473,0.016155964812825177,0.07601796595849265,-0.06822256528957116,0.03811345957206854,0.018232916006292486
EMX2,-0.04105889893449614,-0.0077104166653897705,-0.03379952840583185,0.03647548697716936,-0.029346377071645887,-0.0007424366338788827,-0.003210919967409774,-0.027131916209647645,-0.00968385913590254,0.0118133905597587,-0.03838196683517911,-0.1670438409886681,0.13007877203625137,0.03674593648945732,-0.018120857922792572,-0.010913256063110022,0.001934547999803687,0.009492793024726755
APOH,0.0021659730004253545,-0.03182547007804428,0.04392184274734961,0.16048624928918273,-0.034978373389494985,-0.009711808192816657,-0.030888448171944704,0.021760891713171384,0.029340557166673695,-0.0010113758880415755,0.1646635545016089,0.11822871099417295,-0.02630468361519337,0.024102599424323166,-0.009588730238380819,0.009335833957482335,0.017652093798768854,0.0016578696954932788
TRPM8,-0.009149091251246196,-0.04278735686185406,0.015861152430378587,0.03457015104801555,0.009402700599859795,0.015214833988107048,0.04690593673755857,-0.03534390799729041,-0.0654071768529934,-0.049594885252492615,0.12623126822098327,0.05839528527024525,0.07992612447563478,-0.051358477281247476,0.11682823521298359,0.03066484364972116,-0.001335486765812154,-0.024608255295572513
INSM1,-0.09533518203482279,-0.011838685725464173,0.004073370902314698,-0.021249889184047768,0.026198527940322743,-0.021606599234593578,0.07130980298804405,0.03149118001502295,-0.0561482129819179,-0.002645830632053526,0.07101275703314126,-0.04210972481258833,-0.011264620034801337,0.0253546409107557,0.04245150353705882,-0.0462114729717736,0.002026208862984322,0.004600724866424153
SLC22A31,0.010148638397576773,-0.006752331619818411,0.025377286976265716,-0.002856743570794403,0.0352135090553237,-0.017170676575744472,0.014689596057965682,-0.08150801521987597,0.041144897596319716,-0.02252454711448719,-0.014044395918738376,0.1543916342317467,-0.026582527515045317,-0.0621172185237282,0.08140470038560427,-0.06739964612217855,0.09541658259661918,-0.002031594314796762
H19,0.06482301371065424,0.003731013107145614,0.01702273494376606,0.03113350009526733,-0.006937914112833361,-0.01481297882147874,-0.04658325554292944,0.02727500045542013,0.04720263035863956,0.028548591370429196,-0.013666306275798859,0.037540236485485906,-0.006683508455305749,0.031672022549133226,-0.09561667180853951,0.03873974411236239,-0.024313755529039426,0.005429625796776286
GATA4,0.0014744950160173807,0.03375741676359942,0.017287379542756224,0.09066269615938247,-0.05065255920391214,-0.029896428811125714,0.030508772245069888,0.057844261353614285,0.0006394262682618776,0.0031231747982376173,0.034885650386686874,0.04795693284833381,-0.0664920293033682,0.010038141777774052,-0.04362765647516779,-0.027520989058411993,0.0026514400614545673,0.011201829609604445
NCAM1,-0.11950451579476112,-0.0005760511465424425,-0.0315296263755582,-0.08552725079553608,0.0582054172902573,-0.03820165760423441,0.06531699500280176,0.03677971067175873,-0.006577473804723267,0.013152377768243843,0.018852112078400443,-0.058403069216597485,-0.021130720139650103,0.05975254186475712,0.08363316739598593,-0.11519877296435985,0.06445427233585045,0.018776125321342974
LOC124900476,0.0177695237227226,-0.010659403178825,0.003755866435878879,-0.021246054133764777,0.022836492751496577,0.029424212387641892,0.007854046035939217,-0.03994471965914769,-0.04849993680305428,-0.041437297544349785,0.07181350837582698,0.02835826641461233,0.039190659262692766,-0.06436024833331747,0.09596823012405245,0.058417364966845624,-0.02975248159257073,-0.028695674779064057
BBOX1,-0.04682229310107511,-0.006303195236884232,-0.04277311944464763,0.021302509326876905,-0.02574417735246999,-0.014095190552950053,-0.054857839640324466,0.02418822992159942,0.050774740700433266,0.009697272862367858,0.0001704306965808116,-0.08776555714804732,0.17538548220332204,0.08667532873179891,0.015643315723764137,-0.04343181420532341,0.04876227742801069,0.02794192511599527
NR1H4,-0.01961303921301881,-0.01878895034310552,0.005254550624971155,0.15418520467461888,-0.09555025500425625,-0.003591920512100106,-0.04192659013852291,-0.00495032992863014,0.03704288902543774,0.014292611245844787,0.013524488959224786,-0.03151916679925897,0.09335773459410118,0.04083991440570948,-0.03896265958577454,0.007515046556232871,0.00020770398487101108,0.013279481734604774
MMP3,0.10675049714784318,0.022569959623524677,0.01757281512118813,-0.04642790091543518,-0.003968909892742094,-0.010002196354284289,0.0065541212827501865,0.09250991897364302,0.0392213583578584,0.02891019647025269,-0.0429747986343082,0.003697512740312431,-0.003375865332336817,0.04696582465657411,-0.12796637467878486,0.04882310454942889,-0.03731158961576059,0.010969952801553167
FOXA2,0.0027477320864758713,0.001128130100206106,0.048549172540704885,0.09083395361017982,-0.04948701750811252,-0.04551745275465477,0.10101832767092174,0.06448213420865936,0.01003890260212517,0.010748962526986866,0.009609350346100496,0.08988720085856784,-0.07670103385749116,-0.014123827295840505,-0.05239643430964962,-0.04086765364698846,0.014768546485662915,-0.002273072474805507
SLC26A4-AS1,-0.059831404341544374,-0.014951283270887282,-0.017037557602615737,-0.031556718010291834,0.015377124599161917,0.02971168524989756,-0.00965827705327034,-0.04825809848366734,-0.03907318233903528,-0.039068692991309203,0.00590999428745078,0.12248621823246122,-0.01881249294806548,-0.01118931066520265,0.0964480035343352,-0.05150864871933402,0.06331440225206955,-0.002078065392147626
CCL20,0.1053587474519251,0.015377267918404453,0.02006678592458745,0.05819956170894478,-0.07630932398474423,-0.044103879067192646,0.03566278917979632,0.09776548947720529,0.08963138006572922,0.02650791284845861,-0.03326355203255801,0.06203052336415992,0.04513727552078619,-0.03481006022379683,-0.021015397941907252,-0.0012250531626581398,0.00045805734083499423,0.0026946726373590604
CXCL13,0.11065400795141206,0.026063786907937057,0.011199430395977502,-0.041376598625484075,0.043992822532662144,-0.019179359576344524,0.036466934685911834,-0.00952475803382948,0.18142878483731187,0.012922815352694187,0.011403809186090049,-0.000839888379297784,-0.019974662915047636,-0.00922910273904167,-0.03715944617015444,0.0443437449661602,-0.020129678812573302,0.0019326417848445244
CST6,0.08294934595562217,0.007572464592669832,0.0034052098147553554,-0.07538577045449733,0.04564874922161217,0.0033077095733700474,-0.04807179278711058,-0.008640340664150823,0.05123653120215109,-0.019259617684852997,-0.10616127210300491,0.1737580858732391,0.048687693260153535,0.024646142688246345,-0.059178732961830606,-0.03285037726940651,0.06894236765999014,0.011377173157599597
TFAP2C,0.1321283745410234,0.0194446193410641,0.02112250611525442,-0.11097449592399838,0.10445430130954603,0.022501892665164065,-0.008302319230061464,-0.03252009893487675,-0.008757375981534303,-0.023084854045804595,-0.003145964927908217,0.10284323927977555,0.03390220969213915,-0.012428825548197117,-0.07040650625962953,0.06130377377244034,-0.016301854903042763,-0.011875122042518067
IGHV3-15,0.09169937672715806,0.02726339921439738,0.008084012865631039,-0.023621894346126812,0.03710289560166345,-0.03863444948185552,0.10028041804409474,-0.045346191397740446,0.25823755832540396,0.01136665250649949,-0.010338027093667436,0.0026146124903989603,-0.015050480945059974,0.00012510151091319572,-0.005178576049262526,0.0239621670499594,-0.0031300444065316974,0.00010345596217784942
PKLR,-0.01320181312997924,-0.030064170464306712,0.014411017789584016,0.14987852965068033,-0.10380640400332226,-0.007083451127659734,-0.041178993548642434,0.005768704295260699,0.037635013616201723,0.013718508353451894,0.03711424189041103,0.016978390053489157,0.04709771883914898,0.019710483828696855,0.023269126632698145,0.010036358981295552,0.010556923370697335,0.0035514173319258976
KRTDAP,0.11272478582117686,0.026105928154495337,-0.018826938567810817,-0.07862956147466243,-0.006216746306400028,-0.0031140385645096447,-0.13968983530523404,0.12656501757360436,0.030319381929802307,0.03805794268931913,0.019216680074113424,0.03447789025586548,0.06734944401345494,0.005340980158663341,0.0018599649476345583,0.025099569801226115,0.00322192955201342,0.00741431349521621
ACP3,0.07092917425892112,-0.008460569890246633,-0.0109607950048938,-0.082044486378677,0.041391805455548165,0.01832380179543639,0.07914002745924373,-0.037638066049694135,-0.06566637655622301,-0.05937055109099265,0.03323969858670844,0.11124792087171817,0.09257305873626992,-0.08267149653772526,0.0905467270696229,0.048501993471927345,-0.021458770572007048,-0.03935188608632257
KRT1,0.08233406902616688,0.010978620592505619,-0.006688549460974971,-0.05712117765138716,-0.00031919325105493233,-0.0009386680551277889,-0.10561825802674026,0.09201708384374523,0.0378357175734506,0.023914415760735035,0.018845741882839467,0.0316586432233602,0.06785703008793412,0.007303778371607772,-0.006147952953850656,0.03337103242533125,-0.010748169002439517,0.0013189380426559241
C6orf132,0.13579834215325565,0.021086242918071898,0.011695538765360282,-0.03855608483718703,0.0034197999992848158,0.013010643360633766,0.060242215294203004,-0.006880161674311286,0.0030594098204799595,-0.02155721460779406,-0.11898993055333526,0.13673334288919398,0.07762953653270381,-0.025630058726608455,-0.08629912777150184,0.049064266708732915,-0.01985321125104013,-0.014519078193554432
CAPN6,-0.006577704846832522,0.015425799676738657,0.0011851944810998825,0.051901074985584765,-0.027038444035916362,-0.011636861821196718,0.10269882107477037,-0.03409868381354398,0.029942006689941472,-0.010668695584512148,-0.05663350252391595,0.021075071781315357,0.07942847535103685,0.017054071980831354,-0.013597728476901508,-0.0070655472880828225,-0.0020180592541890656,-0.007298695519284617
MUC2,-0.04816004278681882,0.005074358456766491,0.007461305232296805,0.025569906237910958,-0.05375776407776766,-0.00041513521024109565,0.059945500181545895,0.05762827732439964,-0.025437968894186796,0.013600950380404889,-0.0445839429823938,-0.0014141761837024817,-0.06973892964980871,-0.01352411371711296,-0.001572419353015165,-0.02005231170092934,-0.01701517271680317,-0.00018208316581573127
RHOV,0.16778463073883926,0.0271689056558932,0.0008617582692256493,-0.09212226851324182,0.06525957626944341,0.0031049876274147894,0.007290726730171105,0.037397146317435695,0.005385430281164734,-0.003554747869953396,-0.035078344173567616,0.08699704498883272,0.10455907486235702,-0.013195638849194828,-0.08837157035713612,0.06344542515415452,-0.02912608549669708,-0.008434382309009279
EVPL,0.14001123691334239,0.017416468672186484,0.008078803287063799,-0.049570692260634514,-0.00783318779048137,0.012039951423238696,0.022281066746179204,-0.00042268306626923406,-0.0016542634727222997,-0.017764099941901007,-0.13414962021345883,0.137693690094079,0.1113735609248692,-0.03198182876473824,-0.06626486234927481,0.042659870001734705,-0.001237979902002765,-0.0126354450679413
DHRS2,0.0300862960865,-0.018927715608084855,0.03077715889004904,-0.020728788491153147,0.015541375781477601,-0.01650849349080552,-0.007278806956673118,0.030173963045279924,-0.059728053038909365,0.014573984649164764,0.06842125404396686,0.03086580868276809,-0.05435242707035523,0.046061525726279175,-0.09962427162961938,0.04608573478595789,-0.03599969388125628,-1.8608518920659723e-05
C7,-0.06680779556587649,-0.014383151210034244,0.0028819043935048275,0.028524927695427284,0.0089684967016156,-0.03380991043492785,0.1149024836046921,-0.08663962156772777,0.1071096440241644,-0.017200344071949522,0.04871899022586635,0.06484143586891644,0.04629331018060362,0.010005424657725012,0.0621867750994795,-0.04882791111587583,0.046537110708064926,-0.0014706964353389206
SPTSSB,0.06969406772107797,0.01148283078012372,-0.0024702168648178735,-0.07856347945411406,0.06993040577023933,-0.03224327559656938,0.10743258373069141,0.05404643338858826,-0.05605038742815965,-0.002805178326911105,0.05925878843108948,0.020874920297156718,0.06255956994309107,0.03800107152838806,-0.0732445993138142,0.030003444578145327,-0.03063171713346257,-8.633314417861288e-05
ELAVL3,-0.06268868751640094,0.0030602675790892407,-0.014496826430470313,-0.05164476768323523,0.04379195044128015,-0.032269521447588136,0.008947403660976107,0.06907858445680713,-0.012121981264793422,0.023577926155714263,0.06287071383420358,-0.08855142466470481,-0.03106655481681961,0.04127417406155365,0.026436248952983236,-0.05590202657817771,0.01851343478433878,0.01608230971572976
IGLV2-8,0.08453773196328922,0.029553819438695818,0.003483141882103753,-0.02544516437874136,0.033835375036851766,-0.037986815275671715,0.10257885509166895,-0.04894506381655717,0.2565698149744237,0.013225076012588108,-0.013624920555903643,0.008095128836495696,-0.003279670203038178,0.003221786680766398,-0.001314771920486749,0.025307359814242234,0.0009409537249925774,0.0019632005113045924
IGHV1-2,0.08259355289206646,0.028827640274895577,0.0016851242128506114,-0.029910262330977266,0.03824930249096414,-0.03565003410732829,0.08727471419404385,-0.039612534592539966,0.24661765052477036,0.01506328982322181,0.0002447720626450074,0.0008179764967803062,-0.011822379952235841,-0.002049911231240962,0.0026058351199034907,0.01830292986537535,0.0016024244870741472,0.000926875323106071
IGFBP1,-0.03936524477718791,-0.030870926492095354,0.021284026746961945,0.1345384887386152,-0.05027764470982005,-0.03281487266105754,-0.007702813173599819,0.04955609821809924,0.011502813663731477,0.0053848777618466966,0.1415137025578692,0.024649075533476828,-0.0006345418834857096,0.03164105631352806,0.013431786906481466,-0.014901357747685454,0.011148821425476558,0.00551661177723597
HKDC1,-0.020838051631840247,0.009165096782408677,0.00861796349828969,0.10542651420599053,-0.13830844604183903,-0.06030884216759416,0.05787861866854461,0.08153358377222981,0.05256817529547067,0.02229163498688601,-0.08661039645054792,0.007096757793772348,0.045502734747930394,-0.015656976199999152,0.0012807000560602821,-0.0842136815296328,0.04390311465940034,0.01055516397773568
CYP4B1,0.050062453009579976,-0.005272163544269007,0.0011704300605494926,-0.07523242753812445,0.09403644156956033,0.0012655664373136847,0.03201564893924051,-0.0671249169940631,0.0018805699567983683,-0.022497005525099107,-0.026305529454292747,0.14823705538470047,0.04607150494540007,-0.004868954862778942,-0.033144837788218855,0.01024211724161351,0.024223778503114298,-0.0071494098312206555
ZCCHC12,-0.09055744395259753,-0.0019083968059516443,-0.028347921733270484,-0.04849328764110526,0.039136590146779726,-0.004980894295305352,0.00904425031228179,-0.02815574455654843,0.0026669810716889552,-0.00822478094063053,-0.059220684153394126,0.1321442421637613,-0.0687141833821679,0.03270170828126682,0.08154681305296657,-0.14382890297301612,0.12063675502229913,0.016518631288779062
CYP24A1,0.0822582322755911,0.009630143885809354,-0.008781224086603973,-0.04072292470951697,-0.007388618328869401,-0.014778776564291439,-0.06161785953120555,0.022823256371180867,0.05996682351175205,0.008602936661184153,-0.025518704382482216,0.07655291967057004,0.10120927983038061,-0.03235135060906352,0.03893335880627651,-0.012679090982424458,0.04747957222278361,-2.176117657337475e-05
ADGRF1,0.06429094789634948,0.006213925221990229,-0.013469950517006966,-0.045062073825154696,0.004249458952727128,0.0011275158731376923,0.008315325406609252,0.011050951507690157,0.010718094593533279,-0.022073459519010585,-0.07383611385244304,0.16472160193558824,0.07133194215242378,-0.05355803478146815,0.028875529244883905,-0.03729894923865845,0.05144524206425452,-0.012198974733724595
PADI3,0.07025743660610707,0.013321683071815249,-0.023683481474045743,-0.062187380978097256,0.010330585282063556,-0.025650097978419807,-0.09245027557307893,0.06333208843857624,-3.916234244938187e-05,0.021705874646749154,0.00636778270089049,0.05819139094115363,0.008910685344363317,-8.888158855620794e-07,0.01491977553899916,-0.010706197199401774,0.017060242044348223,0.004834796022706648
AGXT,-0.01463952484759221,-0.027960223580317647,0.020272684669289942,0.13831236259755753,-0.046111474017557524,0.004198395569139884,-0.05282856499496502,0.029639060793775714,0.015757226995019684,0.015493345242910832,0.12634241212885153,0.07354826814774605,-0.05433252097522928,0.029307906724217733,0.019463482511424983,-0.0017130599424804505,0.018543963760782142,0.004423086300367961
SH3GL2,-0.09075177307373271,-0.0003251086752413925,-0.026615001216296653,-0.03598258660457548,0.028059126949423252,-0.006326579545977904,0.05182935032103014,0.02178097732934751,-0.06235472024122069,-0.006027116618645982,0.04683550487279367,-0.08253074036759113,0.05654478050042646,0.020575429705264,0.07225869049663304,-0.06158791494800248,0.037324315658104484,0.0015810320652720488
NEFM,-0.06427078546243631,0.005531848988301152,-0.025739340281241654,-0.036196811419284526,0.01578891755983768,-0.024548521651767977,-0.01920431740493161,0.06429074683775464,-0.0018497011122374579,0.02565145163523072,0.04866377827693284,-0.06504229463261474,0.047891198879708226,0.04052039379032814,0.06215071604619853,-0.06290977272106425,0.041874860488629054,0.008104633433210027
MASP1,-0.0666998356302335,-0.019410945263242007,-0.0280988043263627,0.0611796135685274,-0.041448781457601294,-0.041032009078426974,0.03860084121607394,0.050664751968925614,-0.002882017880028978,-0.00026199760837113546,0.12843997412320748,-0.0788165643030413,0.14632593106060415,0.029077173992847573,0.11000981252663874,-0.038356875609345815,0.026626804771730135,0.003247733946711069
LINC01133,0.09158931658258408,0.034786019151114816,-0.025884627351584227,-0.0371182804587459,-0.019452244854489657,-0.029838696828254626,0.04836870097689033,0.13064932887657066,-0.0022553396477952396,0.027611849282726045,-0.033591461912002706,0.030227647926608658,0.0024535472600565092,-0.02543976457241901,-0.030573656863742228,-0.006550703646949379,-0.030086556476502123,-0.0025702265577691443
PCDH10,-0.097387932473821,-0.01739919521342308,-0.019033662732297667,-0.018321780886783812,0.017959155184897248,-0.021190442595954945,0.04676327435483775,0.015221071827757384,-0.047033701595666534,0.0023247350599995375,0.07224001827233988,-0.11063228647146915,0.07209950969086046,0.03063580549454406,0.09004168865119548,-0.04577496010581516,0.022138378416072794,0.0030897553538926864
GAL3ST1,-0.06779813191455279,-0.003578559826795366,-0.001165100913129918,0.11406909490086731,-0.10576356304842932,-0.062487929070001974,0.09853400127055911,0.026482416576572534,0.02198038402163712,0.009780920060728698,-0.022403982762854123,-0.13408390271153978,0.11890911975463407,0.004445467518002541,0.02312648396810903,-0.057967232268503,0.01942822317857423,0.005630988925011046
SCG2,-0.09433316423397219,-0.011292731111734566,-0.014375393215822608,-0.07636066961403193,0.04761348148200163,-0.05947402447571187,0.09955872120400183,0.04005114541746878,0.013764602389070327,0.02416337633352031,0.03850305396463172,-0.09358395907859239,0.005722564480083348,0.04884187047797202,0.045062707269364906,-0.08979808965128806,0.0344133377143746,0.016182609812081368
SLC6A11,0.020498415129697762,-0.007083686666291553,-0.0049288419487770515,-0.05401644667742881,0.05367427597540936,-0.011099918586698305,-0.03251779682485469,0.07722672635362272,-0.0556111138777507,0.0049144556511854865,0.09116592882216454,-0.040428793505798706,0.05284615508710848,0.021082373523092487,0.05490003928045476,-0.00019842225069370713,0.009126142306603503,0.008438034983687141
ATP10B,0.032298800547641594,0.033012683185988,0.0021487068460382297,-0.024286042439964718,-0.04296070688397526,-0.0547609745705612,0.08647800686455544,0.164199176895635,-0.0049307812508458055,0.03930531137464059,-0.04482679134509471,0.028419745348841792,-0.03608218598465345,-0.01391162372104962,-0.018317149301631933,-0.06151366048315876,0.004486190878895374,0.009623838458025119
OR51E2,-0.02513702935327195,-0.03954326919009129,0.008118515908976434,-0.018509985898214655,0.01037156958160543,0.027115748597519647,0.08115145535374248,-0.06817910630308716,-0.07082633866320528,-0.05362156621520348,0.05759710195195655,-0.001295255050501377,0.09354603044238481,-0.04778685433409282,0.09839571809238581,0.06624167093765836,-0.036336760718241115,-0.030866119263002475
UGT8,-0.008582095341338162,0.030335034547673733,-0.02879685463560826,-0.0013026853675239011,-0.054600951783868146,-0.048255512716927046,0.10513148233497517,0.07456492604344667,0.018579962005031623,0.030808259079547193,-0.09467471050143933,-0.09071380159025438,0.06085641821768268,0.012500358971802805,-0.008474876082447484,-0.09270670799628769,0.03825608356150547,0.019722363279076564
GDAP1L1,-0.1081075997711208,3.565739460574626e-05,-0.027482728122719298,-0.04364176820413224,0.028235714558171962,-0.04070043852782979,0.021612926673978124,0.06617989317994707,-0.03194029170144366,0.025326753668412413,0.06364025516059327,-0.09485789643418696,-0.021723138595330795,0.041518125983479724,0.05208585409440454,-0.09686351698037006,0.04029168918495108,0.018253748589336396
IGKV1-17,0.08582600315195689,0.027681221840279057,0.0027486832512350744,-0.027764718709941637,0.03947171839546815,-0.03941017296494165,0.0938348098943343,-0.04579415197629793,0.26000432161507764,0.013382557304247646,-0.006541209016855586,0.005822100490018406,-0.017211919458216773,0.00028941495659647336,-0.0005730563825058479,0.025733842543156204,-0.0005581488426876271,0.0016997040133455241
MYH7,-0.04047337724440354,-0.010589736936468442,-0.012942518069651144,-0.017958243115350797,0.02975135569031088,-0.014249989677591874,-0.01956647918165779,0.03965412447065004,-0.055436154572782274,0.012752290759512319,0.08268819098600055,-0.06298507714357103,0.019859361742238266,0.0396113595323686,0.010082819219686597,-0.005085668952521983,0.00043647689589175584,0.010221620277841332
SEZ6,-0.08501143446812678,-0.002939006888056052,-0.01728867674849662,-0.041406941948363606,0.03579199028912569,-0.04255099246741907,0.03749468630318661,0.08380769311124397,-0.024901823002605312,0.02584938671367257,0.07083905525914974,-0.07516419229782778,-0.025932535070036393,0.048978558586090064,0.044610849503252975,-0.08394628195446263,0.02868802110937475,0.021665075975407393
GPR15LG,0.09863728817522083,0.012787994363882848,-0.016923072711080928,-0.04298969399878319,-0.05503317378744761,-0.009533635382914563,-0.07817995910102246,0.12761670263006994,0.014270426536493802,0.05034656819309099,-0.044471169500278865,0.007854536783882727,0.048514633665621636,0.0008265523905209796,-0.025351597104471567,0.027013656012435622,-0.03019056421896184,0.0027352557880183964
VSNL1,0.0699985828450005,0.029708694920265465,-0.005887160164612966,-0.06107846739872719,0.016687847469587014,-0.038585151172633884,0.014609060163265068,0.1715952926796374,0.01996810145325441,0.057457498096215066,0.09149973067280448,0.0008379220295199885,0.019808032663940867,0.046158262163814294,-0.016967713408913534,-0.021679655093644133,0.004450770096136507,0.011586279952633232
PPP1R14C,0.06900716680549498,0.028630375913915387,-0.03547818494948199,-0.07727219661764893,-0.011465480686353198,-0.014346236085873607,-0.049697183862620606,0.04318083537638067,0.0646184737600346,0.023041574776770817,-0.1344478920947607,0.05805705227200604,0.11033960051766052,0.010619467132856884,0.008994050336036456,-0.07943092506656411,0.07910697561596064,0.01712337656798675
CERS1,-0.1089502517121408,0.00010875417907864262,-0.013531178085466545,-0.08297335169787884,0.08026408178732809,-0.025844942621367176,0.03439210872788738,-0.00951685846715016,-0.05078292938739264,0.009234060199657532,0.05543183140461328,-0.06243357168920568,-0.04048687910065733,0.04139971108697948,0.08803428071620642,-0.08937314732144692,0.059221963752305824,0.012905718658172097
SCGB3A1,0.0343321224350858,-0.0006824580424564194,0.0037827999902391527,-0.030176716726438322,0.05216071276276242,-0.02288369042040761,0.05538101326372048,-0.06429889541948397,0.05222522484796252,-0.02928351964488401,0.003338613893681814,0.10484886768625579,0.07258340909885125,-0.036453148343211346,0.014298904595660113,-0.018949116069402257,0.03820624922178776,-0.00992983335269366
ALDH1L1,-0.058277686505516284,-0.027281950052680633,-0.02734921472908847,0.07969139939350575,-0.05930706207344041,-0.023014962872652717,-0.00043799859833798684,0.040612345599116195,-0.024997634435881863,-0.0006294228207287181,0.09848190415647008,-0.04543685436299331,0.11145183136535408,0.01748314416500539,0.09137792446350262,-0.016789751386789453,0.017766962129016454,0.001392293739930637
DDX3Y,0.004027190316421399,0.0015358549341992242,0.00016333991325318808,-0.008402887646296727,-0.0025087366895005137,-0.009853320881168531,0.011332252334771194,-0.00020740209204523442,-0.008997440349347626,-0.00592554668185734,0.04350429139110769,0.004325218087887196,0.038642525758395004,-0.02931143404634584,0.07087809994016092,0.008189979749672534,0.00013293796205469694,-0.012770374804826271
DPYSL5,-0.08037288977821727,0.005047973602778657,-0.013969186093384661,-0.027471637671341906,0.044521581511347844,-0.030983390935568622,0.009924337164434641,0.03317022778328719,-0.018384996499284757,0.016011176626782878,0.05621283331762124,-0.05284296004751333,-0.044664470812208486,0.03790587731607734,0.039203229232496105,-0.07857438931454097,0.04962248486162548,0.015167660533154798
NLRP2,0.060923605385891554,0.02270921123164373,-0.0018463762683674462,-0.04565240008247092,0.05482147868613007,-0.007565123659037303,0.035669645787040856,-0.027006559237771732,0.037748945185573264,-0.017727279426271655,-0.028694978941619424,0.04600851048131442,0.015848545113996224,-0.003244317248202625,-0.04011180478511089,0.009571974106536459,0.005374052164546154,-0.0022030065567881707
LGI3,-0.05315600875702161,0.01721373596779908,-0.036071847163660235,-0.08550039231324033,0.03433398107524039,-0.02435217834487728,-0.03377273338932545,0.041513567495916136,-0.015622950428815443,0.0068212361085576165,0.03449870615010139,0.03604936845125022,-0.007837587174801878,0.0003082116689915451,0.11789065802647444,-0.09928317421356371,0.08412128662112783,0.005101410594902324
PCA3,0.048196831583663384,-0.02454591264553087,0.014095047308159782,-0.02508740117030315,0.04476453126143294,0.039640140323165506,-0.0006143574927482883,-0.05370624149586655,-0.06319707120671565,-0.04951237430996887,0.07974077933357102,0.10960364858900792,0.023399622020634666,-0.04822478922988516,0.044943858419858124,0.07023009713942142,-0.030108682301070767,-0.02981645386559144
WNT7B,0.12259762335673212,0.010639348615627615,-0.010396242132962141,-0.12759254139699777,0.10095283488891131,-0.025620786042582073,0.006117820181685442,0.046780198017768816,-0.022427004563377755,-0.002274523764417018,0.04446165734686486,0.05983073912720276,0.1054467948495228,0.0017086268813755875,-0.03503303183707096,0.010594108915907677,0.01156633731346499,0.0020168761993206454
LIPH,0.09618063766276749,0.014124298112793783,0.010657290142016778,-0.02630762251786235,-0.0031520923535248327,-0.009291571103441816,0.12399036837857541,-0.006144977072817281,-0.011437384778298209,-0.0360461367152814,-0.09048396373876579,0.16985483103263044,0.05498816682541068,-0.027930012711178707,-0.07030062123041647,0.0004790096370930345,0.003436810671391616,-0.014317393426710089
B4GALNT4,0.02457196529647501,0.01677245273371125,0.0033438536421538205,-0.08542855810166844,0.1178176499021126,-0.034875988536092965,0.0836212532473555,0.005088260642022898,-0.06630661541771841,0.008865843487805367,0.08222538388375043,-0.09856166058221036,0.017008740119382727,0.029242819606015016,-0.01654814994161172,0.00908388163516839,-0.023411293757040433,-0.0008806336511710857
ANKS4B,-0.02914878241870071,-0.006963762974545668,0.022254595905470492,0.1133823589191693,-0.11083383304125617,-0.014839685827991646,0.050028013136186815,0.05171863901742593,0.023111904849265306,0.022024144560076498,-0.059047260886428615,0.0017757498098175213,-0.02589161845568795,0.024201057708060657,-0.04198008332294741,-0.02736287479314636,-0.00023809684129422125,0.010697585912775726
LINC02967,0.08537405938726732,-0.0025860357742791373,0.016197114526091214,-0.05634945618384401,0.05940809375320491,0.02119621638569391,0.08340869086881515,-0.04160993624511488,-0.057373708226096956,-0.037272690514732504,-0.0351745060139843,0.20405901321599873,-0.0030803558178067983,-0.01565943602116358,-0.06344122813565888,0.028797529740344916,0.0007714400650361296,-0.016379329247439275
MUC21,-0.012148996013215212,-0.00455785034380088,0.007628385172671947,-0.02397068232932022,0.01518725047672765,-0.0010213961606520994,-0.03838098896678049,-0.0002919945234264251,0.05351699780005964,0.0032820366446484517,-5.08474629086101e-05,0.06836859087289525,0.002185052110225187,-0.03604864025952103,0.04093964222764184,-0.03431244113336166,0.04738893388832352,5.653419857531169e-05
PAX2,-0.01793398686024963,-0.0027202798174460643,-0.015005910629041346,0.07170106857403638,-0.0685747872035327,0.019976307153153905,-0.04127411487649957,-0.06489194620258033,0.029960399808493507,0.0008690956635706676,-0.08655317530237096,-0.08012939121142623,0.12280014798236902,0.0021722800888257935,-0.018765167045889646,0.015502818188534752,0.0015148376720094034,0.004451195693552712
TTYH1,-0.060006049027504095,0.01281875098377198,-0.008883785092688846,-0.06362910712519138,0.07589412552323664,-0.05788086333292274,0.07292867773286026,0.07840739468285088,-0.04114288442617413,0.02291190399604658,0.0741247039957061,-0.11276269056973384,0.02890384871849022,0.07373166977014867,0.020070167892774486,-0.0640558006343717,0.03165470843248101,0.02093334566707892
KIF5A,-0.0942990591980033,0.0047958469103788585,-0.01838517974696365,-0.06339876529662393,0.06847796043082452,-0.054907876384891086,0.07669153883916194,0.04507948961223528,-0.01822062895304574,0.023934545736355155,0.04443675505387898,-0.053098599869362745,-0.03896407344582903,0.06555717135793872,0.04996837915853065,-0.12336451758448562,0.06627589870421502,0.023917887965189327
KCNJ9,-0.06261775920294894,-0.006743789994024674,-0.009944075603925353,-0.02851788150957468,0.02371807883912642,-0.022403049380721556,0.0036572639218901888,0.05624772408579865,-0.01788528153390981,0.020213946891330794,0.06636821731575897,-0.08540398142607726,-0.00909836486246273,0.023447432277588193,0.039011471942251706,-0.05022785633635232,0.028887744521271835,0.010684607618003706
CNTFR,-0.08141400090611378,0.002612351271417373,-0.015476034509464416,-0.04398080836169414,0.06671639521438334,-0.015025248572672019,0.037711209987713386,0.02747413718975882,-0.025364276749418803,0.016142469351917363,0.0939485539160891,-0.060000188062706496,-0.03657295216824282,0.06873097875100168,0.052171009492439455,-0.053158207084733296,0.03002860140158487,0.015479922792620775
ACTG2,0.03148900095598612,-0.0032536971717654355,0.024758646372639796,-0.014953964202075837,0.02274637221671078,-0.002764247795430637,0.11527844725114114,-0.030323346663371793,-0.015125313199476029,-0.029081945043855587,0.012765243320272063,0.03794061201450434,0.03155123832715362,-0.027095978463789323,0.022232241469392677,0.059234726674480154,-0.040015554199808345,-0.02288525506955738
ST6GALNAC1,0.07175367835705357,0.027167426449056935,0.009402842563654118,-0.06863544670653912,0.017739521463350418,-0.054224044022590796,0.15174775499118995,0.08776769621551256,-0.018825887906474385,-0.0016221019220349694,-0.003689330861685786,0.057281487830847515,0.03505086251847095,-0.07263506597414712,0.022479630017648133,-0.01021300943141178,-0.013940818592731712,-0.02285742666972911
SLCO4C1,-0.005574706937264911,-0.0011403736188206226,-0.0193627523842148,0.07483949508910946,-0.06030542384282685,-0.00883496868242964,-0.03700109120926102,-0.09436536110730122,0.08123218398733763,-0.0037882307512824864,-0.0755863454297673,-0.00914538013433907,0.13161972266670985,-0.029153089986821437,0.04100559871523714,-0.03943274206983105,0.05782361304260423,-0.00013954126287194106
GRIK3,-0.10201031464665797,-0.012208708093891388,-0.011312149071820966,-0.011156805622400996,0.038713354854665705,-0.022761260799573853,0.046030365309852675,0.00314905167104152,-0.018256491772050524,0.00795906579230205,0.06122110451418182,-0.10148708546333665,0.026959460185515524,0.09536405636899326,-0.029169585906232837,-0.04198314543229829,0.011989809571807761,0.019038902305461115
GRIA1,-0.07566831624119619,-0.0013475414415508554,-0.017390228650346604,-0.03266089201104548,0.04006774996694166,-0.027224311711244356,0.01582835880656793,0.05207216745944474,-0.0350142734335438,0.014796873074745979,0.056728042951485286,-0.0691452783039149,-0.021983055474407407,0.034818238861495376,0.034262309307697934,-0.07161247782728744,0.03736048807000572,0.013591886426328019
TAGLN3,-0.09194603753902866,0.004196330123486917,-0.025761239292836597,-0.04608163842190062,0.02312927352600358,-0.04291719307837161,0.02436956178155766,0.0658800485499561,-0.00438777543050708,0.02820554366537267,0.03949999952709012,-0.06401797455563225,0.010162284382422412,0.05724255885308354,0.06282549089087457,-0.1110380354726853,0.06118222148270603,0.021056748715402824
NAT8L,-0.09786723926202705,-0.0016961384359920795,-0.01182572667642558,-0.08339587692271277,0.08665331312869586,-0.006120470101267658,0.04744396215586389,-0.051206124588941575,-0.04813128048431604,-0.011427525283488633,0.010379492328926612,-0.02609291729491724,-0.030691181048905756,0.05442880420255818,0.03805792039142938,-0.08783725579022787,0.0735204922453413,0.016077335781812165
CCL18,0.10743628362417842,0.02215281693486188,0.00518440283685792,-0.009602402153755966,-0.02164756333334984,-0.01418555835695543,0.01330199752766433,-0.020522143030212405,0.1567338104486794,0.0029088398172512596,-0.061647139142152786,0.06195654674624572,0.01962250559344493,-0.044584317860030906,0.014051368989350428,0.0005577047411216462,0.030262962084636646,-0.0005738948527906957
GSTA2,-0.0318383208628602,-0.01768918030791851,0.005813388728206528,0.12604854120433193,-0.0684917576452788,-0.028144277879404784,-0.04009672941090896,0.017264351366914565,0.06488921471182728,0.015543320095299032,0.06648103891008449,-0.018833032792294833,0.060512841693954156,0.013022177641935355,0.03705781485853204,-0.02146202772559806,0.026728081884380122,0.006475700601101826
MZB1,0.098237326947339,0.016820267019155382,0.005107875553154197,-0.030295389450184666,0.04538287742022799,-0.010279473197797736,0.0805469724054963,-0.06858603717913193,0.2132469041540387,-0.012372522425426915,0.007560509789705968,0.02687867686108088,-0.01137414526267518,-0.02682504700481891,0.011305279131227258,0.07293907539315193,-0.03357377189488107,-0.01312003489518809
FAM181B,-0.05555824754858408,0.002202924309861691,-0.038703824515581436,-0.07268040716374537,0.0568467677755101,-0.03674954922329314,0.0008957122809580726,0.07525955532968441,-0.04874394348333071,0.025789913332402572,0.07650181793699298,-0.06171442543165791,0.000514547346732567,0.044200132492388855,0.07208545794058806,-0.07810274513369073,0.04246093325049371,0.018364327252922273
MAL2,0.14739304270637846,0.013803197835470718,0.03440649193191326,-0.0022218016980457725,-0.012885520888128924,-0.0018202339813025463,0.07884829333734565,0.001981246587870698,0.002942851515475138,-0.021197005032641863,-0.0713852779633599,0.15116635936114334,0.11406711833004668,0.006067792334016976,-0.09760331604113984,0.028040987416828787,0.018237050569989102,-0.005659144088007557
ZBED2,0.054496864594944384,0.02009031416139154,-0.0260407362407831,-0.07847471379366001,0.012303703995303651,0.01254197166421921,-0.09146482226106983,0.005115018749162245,0.11333123823726374,0.00035460045809757875,-0.0945532108117818,0.13252362517181002,-0.023597866448609287,-0.0001862027443190982,0.02178521190228242,-0.05629781709379972,0.07437014715364311,0.007770390977256091
TCERG1L,-0.06716931844999215,0.000678213883072575,-0.01382513480783422,-0.027554145331875928,0.01767254882770689,0.02605568564342356,-0.04362438417790287,-0.040970381907275984,-0.00026906216001889904,-0.014152174595150096,-0.030051621517743522,0.1335704108737383,-0.05815283117948469,0.0007442014176325817,0.08571003949714293,-0.0811861520263086,0.0800959605812218,0.001209008617657553
ATP1A3,-0.09065609565964312,0.010536227055411901,-0.019804066980206748,-0.07676902782948145,0.04635968471790665,-0.06187953639652932,0.07255567184604093,0.06336022929257484,0.022560712524264604,0.03647567105559044,0.04176447007793188,-0.14151106742828312,-0.06087364370998792,0.042030048166861296,0.042956985159537005,-0.08135602571916595,0.029320160133622365,0.020463695098739458
MUCL3,0.00908395234775986,0.015095390209637894,0.02397354182713461,0.025498709718574042,-0.026056562212617315,-0.04054040857589055,0.07076896043976004,0.05461651206989476,-0.001325880690901557,-0.0058220978504219,0.0002191881178147484,0.050421799135275586,-0.007992639516744763,-0.015992606259547695,-0.027305647368305222,-0.03131059618914618,0.014261182082459032,-0.001998550536464007
CCDC198,-0.023745874086358268,-0.015148444238492528,-0.002798580789951743,0.12089100401634181,-0.10848130965439141,-0.0022677099044211327,-0.01174338237612076,-0.03316250831321204,0.03964870040188165,-0.012841708881673037,-0.030894028122281647,-0.028653480595806767,0.1410799951102548,0.010194341502640931,-0.009904190678031135,-0.006582239509396595,0.009751059934002434,5.8370941181583155e-05
BARX2,0.09305511015732437,0.006714579660244833,0.01301974693779353,-0.026871695213638493,-0.005842370249500879,-0.009104255374751912,0.03889321877679429,0.024138232014408015,0.017834852587367372,-0.017326822915636822,-0.04621173285752339,-0.039755879948226346,0.1753423186027971,0.016631489255730703,-0.09082570191094524,0.0784277578843745,-0.044748268362390126,-0.0021574008118832003
GJB2,0.1610326313271715,0.016219169997285687,0.004286130924704605,-0.016826476198999067,-0.023161487594760558,-0.01845370281946272,-0.037957757360110825,0.11421664037824501,0.058139878608690576,0.030497643217817234,-0.029548209692836155,0.04712903127613239,0.09638000724802599,0.025939637445936872,-0.0905496921721992,0.05987314007593381,-0.02956631826495638,0.007434912869607559
CHRM1,-0.05432545605862522,-0.02554419716670909,0.010527625176612472,-0.04587991993057607,0.051997241260939644,0.020193411606925296,0.07264334599606291,0.00706971407125636,-0.0935350917690107,-0.026291513467268497,0.10847371198237513,-0.026657115285742227,0.02649802711843934,-0.0006036765386880619,0.0748263355203828,0.024902307268084643,-0.01593333255674779,-0.013883303882356918
PRSS22,0.14064388701758565,0.017206119803733204,0.017285719243614436,-0.08090695927626695,0.040249646908847726,-0.01057875396181314,0.07121408123548564,0.05000022905818201,-0.020525673875823134,-0.013831993519539242,-0.0654604153225326,0.16369025639617749,0.04401605495846472,-0.01623105928429949,-0.08967353417859618,0.02089605357452636,-0.007712912193229509,-0.0114470996771437
SERPINA10,-0.012846386416797279,-0.020882470474552727,0.03266749878427579,0.11743818986210197,-0.030777790577514577,0.005980059968824057,-0.03475992738672862,0.017721438555356326,-0.008439755282617496,0.004510057404952857,0.09985775168192479,0.08636316618557728,-0.09668496086170385,0.014972194719059613,-0.00629753567885276,0.007386880635008627,0.0014682620864025873,-0.001474325594276427
SERPINA1,0.007712040910473577,-0.011149752779946691,0.025104253521849723,0.15579301199280957,-0.0762603850052613,-0.031095850503649058,0.043553197673163194,-0.02179554514223198,0.12170903389990537,-0.009966504803702024,0.002602435349455775,0.11867625871870911,0.04356830847366596,0.03248070209513822,-0.04788184430096426,-0.043734060754335974,0.05335019038868907,0.009262203878505496
TSHR,-0.0653527221970947,0.010608171593304643,-0.027606658620849604,-0.0325580452005428,0.02466001663207304,0.01839429479755859,-0.034750096881793154,-0.054058260413393545,0.05830944574018206,-0.009380130086318416,-0.09145667212305934,0.10458115289711603,-0.08135386852579579,0.027174890548257325,0.0685831198697042,-0.09667579037907167,0.09635833631936758,0.01732092014992038
SLC6A13,-0.07933952950700071,-0.02090793041411623,-0.03448758541798444,0.09320710459661904,-0.09082560275634328,0.0015691850398338652,-0.04415241534527932,-0.05526279429379852,0.036429478755439774,-0.003384614597927323,-0.04866138929178112,-0.03864984467888834,0.12792144732105645,0.03428491974791216,0.063689330291247,-0.06713976837977324,0.07269387647102026,0.01901787170374188
HOXB9,0.034409848062896875,0.016290370936301632,0.0015023323147446332,0.02924450169789625,-0.0783337289492886,-0.003421898704918887,0.08403806647868409,0.04002098715419165,-0.03314825508933304,0.017481563237606707,-0.11061154633139404,-0.056896327635721486,0.019354447638232103,-0.015719425488173455,-0.06472123992783566,-0.00207948375153627,-0.030265967316460075,0.0011353828162950423
C1QL1,-0.07774564788462768,0.0017183444224472889,-0.041792425708215654,-0.026091217155506836,0.02150807317387582,-0.04501608782983526,-0.011739865070098623,0.06249219638825864,0.002429088570433271,0.03334015292770469,0.030096454117086502,-0.08767660274585268,-0.0017840442669658032,0.07589096176706073,0.04771006412922172,-0.09433015142809802,0.049537540942960555,0.02876918054391038
TRIM31,0.04492210252055621,0.0175988281941941,0.036083589102176586,0.052881241178981506,-0.07163071878658228,-0.05288966851047042,0.12275461861568072,0.12856084019475483,-0.006028711522307091,0.02435764093972968,-0.04131588772527814,0.07549784508690968,-0.053826364174855985,-0.02582248284204275,-0.03684844243425036,-0.015552945645253387,-0.015523249779833938,-0.00406544157877023
PPP1R1A,-0.07472867608695967,-0.01367357497020841,-0.00035821383499605415,0.08634257297026433,-0.0014245372345599268,-0.017125131610220563,0.06963414704203431,-0.02747229068804651,0.0007583217096518288,-0.01429170115280372,0.08187839315619276,-0.043947136538610584,0.08062331637122844,0.09691067704107485,-0.00991781711451675,-0.02896523133914554,0.03155583060002332,0.010036833249389933
NR0B2,-0.008366595725181395,-0.0038903007846598425,0.04308040212134158,0.12035552153046274,-0.06541955365022402,-0.03840435859730868,0.051592822621366115,0.06872426443188233,0.007827731227026267,0.010446421698624767,0.06375945454590481,0.055212985513551555,-0.05460316016578894,0.005686581369368389,-0.05408707412609877,-0.012847885387114054,-0.007622540849604587,0.0010762145662711435
SLC1A2,-0.08148954824044548,-0.000926357488658889,-0.0030276045769686124,-0.0077375169142110106,0.0661313736931408,-0.041398193182181915,0.06760602113789577,0.03901735067295074,-0.03370192367016859,0.019724292109297527,0.14789758719337034,-0.09393692764303635,-0.009059951362964008,0.0884715213995483,-0.020186802521359376,-0.04583304795929656,0.012716280966556501,0.021777603207068574
CNTNAP2,0.0020250806285700344,0.002002579385323751,0.010697619865413262,-0.058546640243158386,0.05601859189412194,-0.022665181616585445,0.09145536813859925,0.036754208003355694,-0.05961530836054842,0.004459284069685591,0.12078914278344453,-0.011891546322683615,0.0061186906782152405,0.02345397433098309,0.018231918482185513,0.010476476985220064,-0.027085149259932755,-0.005426575072174079
GATA3,0.04116737415291289,-0.003822504983832347,0.01596222496376825,-0.05739091073438729,0.09236803184669141,0.02397674809607794,0.03208830603760201,-0.08528689993631208,0.01986464048581444,-0.014873783659796871,-0.03605141024884949,0.053719865802961835,-0.0035424242571553068,0.06622403830028098,-0.14958007007437774,0.07310611072512319,-0.04759321549444885,0.0029941547277130723
MLPH,0.03289875861083171,-0.0177818436106269,0.058518483752755146,0.00886659532116519,0.04941361398365186,0.010791733375357075,0.13036739900058217,-0.07815115846390347,-0.0426904810368448,-0.0550677804209464,-0.0015413233701248755,0.1427886839798707,0.0002763761880014516,-0.017848632747886683,-0.0907133147570144,0.0613238835359801,-0.030511289098726496,-0.024033815863154888
ANXA13,-0.03241662552883894,0.001503762722449074,0.022644919475684193,0.13464624328213654,-0.1415167110026638,-0.02964189915779128,0.06652250525460336,0.06421204836492411,0.02306633129101642,0.01819911877974093,-0.062363606058344276,-0.013499807808218054,0.05721636379925756,0.03208090533942521,-0.036738052631963204,-0.033088424914352745,0.013625963614141041,0.009440656988314903
PAX8,-0.013547040954615305,0.011947228381058106,-0.034410901725866166,0.047195765248727505,-0.08841742345860927,0.02065960528361964,-0.03179173999514087,-0.07141781911274347,0.03569788803676564,-0.02039604943308939,-0.19578106671854828,0.06679618198424563,0.07257893300750863,0.0034875317851312906,-0.01451324606166429,-0.06295103840140338,0.06388768922264597,0.007792385262587607
PRSS2,0.006826320696138832,0.01849851589439211,0.01037159699385455,0.0020509452750085417,-0.01564647905002555,-0.044584124989975174,0.07706227552898164,0.03542235325914996,0.020156287880827167,0.006987476724338099,-0.06720138618010961,0.09949870636100001,-0.015941614446330157,0.005340397292198423,-0.02212169118257948,-0.08274588096811111,0.05658336015172149,0.004175529251044847
LRRN1,-0.03277814648980573,0.0011537387078564124,-0.018017479631913653,-0.0893492828479335,0.11995551804626975,-0.029604370590201684,0.11744065647690545,-0.016348938546433472,-0.040885361998863994,-0.018788932195054266,0.03742520445417223,0.01839455705622383,0.031037738482794737,0.05950895964648038,0.019200854862998256,-0.05928202976787469,0.0482494166533952,0.009064573837606178
CLIC6,0.05015280251834464,0.014814703162493446,-0.0015736927740504013,-0.02095431865723211,0.037414151170600186,-0.006024348241107638,0.08216751110276212,-0.08754105719038702,0.06125278451034339,-0.03342858323097485,-0.09170618715071117,0.11966929546139651,0.07377327344561636,-0.010531205387830391,-0.0418854000935505,-0.008135760695023742,0.029597166708828348,-0.0017330646745972013
SPX,-0.10108150186886997,-0.0005637911812739502,-0.03476778878032388,0.051059525861501455,-0.044140173869812324,-0.003250269343089052,-0.03238971369477794,-0.04155136390175213,0.021668575280776252,0.0066140620750131,-0.027506175167019822,-0.06891167849568024,0.07797251873034228,0.04324429050280583,0.05217733608943683,-0.07048380463377961,0.0623003639811752,0.014257854761927822
SLIT1,-0.10093833444801821,-0.009342561383327548,-0.02894883039445311,-0.08020101498822807,0.07274162418861436,-0.016626406328020298,0.06286199549203651,-0.013876773761739358,-0.049480832691540085,-0.01701139494428887,0.023655814541790804,0.01077380221713383,-0.016084662738879617,0.03076973451046661,0.10984041688070992,-0.09632851746038253,0.07084641933155288,0.0069082949922395455
IGSF1,-0.08391882871917654,0.00900915637845678,-0.027989867784603113,-0.0334977147975409,0.05006347591421215,-0.01577582078324608,0.004081107624104905,-0.03157123541449767,0.014381612272315483,0.0005723887714366,-0.02262124450376572,0.09478171167195477,-0.02691655788546633,0.0678147043060707,0.0530461205897731,-0.12051720192508512,0.09338071154205059,0.01939423274090062
EREG,0.056533499538473725,0.0031022103100366706,0.03423429950581453,-0.02356400467085396,-0.05422892158268093,-0.007113857856181563,-0.013225373570485786,0.09070457696961698,0.016062699832691468,0.021575492940013007,-0.06371575713596989,0.049870336693735924,-0.001869505985935303,-0.013215338024557247,-0.04275647658228365,-0.005814996260149016,0.012064887351789795,0.0035131958688989985
SERPINC1,-0.004835073272974348,-0.025740805123843254,0.033134599675736974,0.17423657576102378,-0.04432774360205545,-0.006956520237496178,-0.04374765610502356,0.038657347124234874,0.012264642084894532,0.007565817582556505,0.1827283151995509,0.0926650685927269,-0.03862062631048319,0.04066969620974309,-0.010641047813942161,0.016386302048247765,0.008195017211281878,0.0003523386313185171
MAPT,-0.1079750389985705,-0.02703264313929816,-0.00919827403207589,-0.02581176760521892,0.05534538007254362,-0.009835211868578515,0.07107631249175582,-0.04023604995552944,-0.04610780098537433,-0.0085837084472077,0.08772293457799889,-0.14881684019289354,0.08925964361646334,0.0935014863287637,-0.012793690775643334,-0.005147422983042965,-0.003981344477602103,0.01429241121777922
IGHV3-11,0.09333641916145301,0.029384067363417036,0.0036160556661262323,-0.031326879027567735,0.0392512705221621,-0.042270086963326604,0.09374558351161309,-0.0374068433615692,0.2569939868153581,0.017347853620584823,-0.0014914875412094918,0.0002929435434258136,-0.018558936458528033,0.0011157719937396249,0.0005550352862044444,0.020145830916732357,0.0004401007971876314,0.0015950346985735885
SCRT1,-0.06858709344929985,0.0013137953748298254,-0.015183269067328704,-0.034184545739535194,0.01805128225253068,-0.029094905491434262,0.012863134061962121,0.07166721110432066,0.0029416935650780408,0.025477064004433503,0.05253916033803072,-0.0688634411506109,-0.019443592518364968,0.03169977675612064,0.030002719823293434,-0.05403205591500898,0.0263064374759755,0.015830021113015773
ARHGAP36,-0.08504081444379048,-0.010224192655488209,-0.0110384286828489,-0.0076938693118675525,0.011969055171231004,0.001020506409731631,-0.012231380698867407,0.0006906407072246589,0.011542056904099044,0.0007374700094270329,-0.017459779207210237,0.0402857630605527,-0.04646423910650927,0.03856413708132364,0.03304561526699498,-0.08448818269271696,0.06395667499224356,0.01960677404771252
PRR15,0.04254931245810865,0.02546200580486175,0.004644203119890545,-0.007014895570107614,-0.0036073506390067404,-0.007318394965051597,0.13765968011647628,-0.024445649944258522,-0.030594435961201257,-0.009912912224238806,-0.14453778526657055,0.11436105989469754,-0.015485582998212127,0.025526896860155697,-0.13434532797074414,-0.019701007490755207,-0.00577840642416932,-0.0021738463792407427
CHRDL1,-0.039727218882123015,-0.005297006075623931,-0.009188200512327136,-0.05877064743355004,0.08650599413008106,-0.02324632381379448,0.13805493384943557,-0.04935516279611919,0.029817475750337857,-0.0174369761441151,0.05601497188629416,-0.013968477236438194,0.03495811581333659,0.026794513045714362,0.04767852455487573,-0.025418558866436285,0.022051876015300374,-0.002668425260677595
ASIC4,-0.10433356104977869,-0.001464738732162822,-0.019374409063308534,-0.04653200984303462,0.03269024496872047,-0.04121461473678978,0.016952540603178957,0.061498988988112596,-0.03134683493172151,0.018424088910983794,0.06969439625936472,-0.07736054009461324,-0.034847201237679544,0.04667443430992207,0.06143649933308203,-0.0893491400903875,0.0519228651120358,0.020285284854448284
MUC1,0.09172014556644445,0.0191387458313056,0.01419544915850206,-0.030303223895037264,0.04089667145319986,-0.018367284588626524,0.11698341055566183,-0.01609783484210829,0.02048318176886435,-0.02283726269587094,-0.13698827890124093,0.03784128415836782,0.0849727647523194,-0.001809192666110207,-0.15450987647633793,0.014009879870474098,-0.0137098547931776,-0.00021187865152338925
AMER2,-0.05615338743020236,-0.006912179580783057,-0.00842322853236759,-0.0029114429836248996,-0.0016000912399146052,-0.01971201789087906,-0.012852688852725317,0.07689180017454242,-0.05952312495055009,0.029580954763133785,0.03700396230627225,-0.09208886923619859,-0.012479141411178781,0.036902730984913625,-0.024388574724671236,-0.04130746401799951,0.002958107044502717,0.01622747856313873
HPD,-0.03375737198659328,-0.020446763207230777,0.009188358195406348,0.16495279800426946,-0.06513665961124944,-0.018886042424683808,-0.030140543484625967,0.006435638565248219,0.02791595180072489,-0.002298515398284795,0.1499683384624942,0.012568554887592176,0.03537508200141466,0.02549410612442292,0.04366870395989679,-0.0018835540421304625,0.017409139416084497,-0.002132972744855468
CPNE4,-0.053825795393461356,-0.03071252554195069,-0.007136445291260872,-0.044143277153459934,0.052543598506275234,0.00647954521398445,0.060281107256938894,-0.04009287630783442,-0.07417729150239763,-0.050081402260612896,0.06845130313089401,0.051331700853752264,0.06642239058549874,-0.029818580523799595,0.12543682425884078,-0.03249735320873607,0.03594172084905537,-0.012262070125334418
CACNG7,-0.07525826125707366,-0.001637021538305855,-0.018029165001974802,-0.03154645479137593,0.04232667514718969,-0.020478260860851003,0.011858253316053429,0.036817388736412195,-0.03608829402545825,0.014799560787391659,0.06964294947522427,-0.06693212076480383,-0.01354952943322882,0.03159141767856379,0.04992175039267826,-0.06023051105248452,0.028007158313577602,0.014450812977447351
AKR1C1,0.07791047347352957,0.008337621639249308,-0.02055707747320004,0.06933781327738336,-0.05902627600284662,-0.04995129346218173,-0.049835800674805066,0.0661761199313691,0.055739488921139994,0.031541926714588615,0.08964735260515196,0.02475790081626022,0.12337305504372052,-0.0018809666509455416,0.02043306489073734,-0.022285951330020468,0.04230804329379124,0.006680433220401127
MAPK4,-0.09640110433193708,-0.002181322198548668,-0.019462838733781698,-0.04249539639723412,0.05749630071166162,-0.008010740348974758,0.03809876418228545,0.008292644103936722,-0.05401284331119302,-0.011669488687561656,0.07816121178621523,-0.04546289571992283,0.0024612210500186077,0.00941142178415795,0.11447788659475264,-0.05808768206948394,0.042328448274237686,-0.0015222931200526005
AREG,0.11363210938257513,0.009757286089022724,0.031018197532122777,-0.04995831762184289,-0.016323746412674554,-0.01816547785769573,0.058819651174348744,0.06292127592207385,0.045114738402541085,0.019564228694631175,-0.08759567242675176,0.0504427448512467,0.053896049536098695,0.01356616008544665,-0.13409596792322964,0.02876829379618396,-0.019374421211658048,0.006926596998333266
SNAP25,-0.12295401248234915,-0.006441268577969679,-0.027772536020263406,-0.022534790419744398,0.023127383221429463,-0.051911303508146,0.05797964713066973,0.006171101831145262,0.016476792561893633,0.01561067916829655,0.03912680343614992,-0.07020251612392002,0.04892798799037472,0.06045062526443712,0.08173341646675375,-0.11628956291521783,0.0767092788574929,0.024584727633978336
SLC22A2,-0.027539757364055877,-0.009586945766033562,-0.02531937939010447,0.0704551610180894,-0.08042312680011729,0.007378707542752394,-0.05159299594670221,-0.06219289430023216,0.03957488557038767,0.006366082351745003,-0.08654627497005096,-0.10360185764648361,0.14134796294009724,-0.012581250812967305,0.02109277169357569,0.006588393816310539,0.0017668016960694871,0.0058670164058597435
BNIP5,-0.013113551409526369,0.01106072881446673,0.025964505699053633,0.04041329366255902,-0.07168284297538008,-0.024986035993129565,0.09392426263403038,0.07100644802246592,-0.01707270178387451,0.009886497487017394,-0.07576524678064926,0.006377399237242499,-0.0734273682550173,-0.008435912510098367,-0.048339824035155216,-0.023943208656721324,-0.016056838744604923,-0.0018385294230862574
KRT80,0.1388555248886656,0.014604131002697092,0.010651559404787275,-0.03675554838689942,-0.009285868659875272,-0.008997702114630891,0.019667772953027844,0.023024516533986905,0.03837616910004478,0.0017822627442081382,-0.1250245782160004,0.09763295347170284,0.11081896364802156,0.0008054395782883159,-0.10872229242650877,0.0178973717336329,0.00393972899282672,0.007519714272342864
DSG1,0.055386255246739735,0.013599930870355915,-0.0018916241214607431,-0.028844100710954064,-0.01478217511249893,0.01310556858072586,-0.1344544960359273,0.06649757280852897,0.0350750481313093,0.01612046650368289,0.016495286054582756,0.05591952145198736,0.01694205352729329,0.009052764278077021,-0.006460934689432625,0.012118334526432767,0.02221649623160456,0.0076131952067964815
RORC,-0.012720208709056402,-0.03594885922711986,0.031141275085428268,0.09597947865334824,-0.02744894865471949,0.031660391129185166,0.07804594207226158,-0.09323389040283137,0.016293951054474454,-0.054801375233268196,-0.0232932202559064,0.14571861581006784,0.07874132526440714,-0.0010659568501057174,-0.033330801106431315,0.029091942066846108,0.0055189827363992736,-0.016409883906788072
IGLV6-57,0.09107050956752026,0.03512841383817113,0.0016457452255812127,-0.032075017423074455,0.03740671001919161,-0.03827240827916044,0.07626983317481009,-0.036297028353858826,0.25587095077589794,0.016840601347022303,0.0005301181039430353,-0.01111454107933935,-0.02391898122495073,-0.009492552265106388,0.002209192219086806,0.025781785936810818,-0.0012174683766533261,0.0008793370225790126
RIMS4,-0.07907128709711002,-0.0035520248114196563,-0.009899690943836605,-0.024316294721815936,0.0659181823031483,-0.01010907024478788,0.03446798477964616,-0.0224477448656936,-0.046635374732188026,0.006003533164584434,0.04950960750074617,-0.03450372804297242,-0.0376313696020234,0.07599008043991747,-0.0029879234818959485,-0.0469516991507251,0.029970798102418428,0.01219382453164029
SPRR2E,0.10636875886072007,0.0285019574742765,-0.02901550604370483,-0.08319919009967626,-0.004909567070226367,-0.0034024964775229514,-0.13886679232705754,0.11725537612178037,0.03740475469309345,0.03755902973436888,0.03036462711597885,0.03856051207050109,0.09169833575136556,0.003234968676456734,-0.00281072482295482,0.020061069871512783,0.0011632610289009954,0.005947094801570836
LUM,0.11396854912224277,0.014846014073098159,0.02106770867016394,-0.04616728492043546,0.06292550604149286,-0.028413243006635436,0.09872758030679347,-0.021837302737100904,0.08353413578877443,0.005021663404371599,-0.03134595607821173,0.06469774866193119,0.02146232805684165,0.016037779326820177,-0.10422959040085132,0.041186559476860174,-0.022819790610230428,-0.000212543792019511
TCN1,0.05739601597870674,0.022326635177279855,0.015235198366534716,-0.021273607040617787,-0.0022042916322495662,-0.0374886325121218,0.06760429037429924,0.10752642564608678,0.01219364583941557,0.009211116404851498,-0.024240381047050286,0.06863230311107531,0.046195158901419626,0.01687366179074155,-0.1121275120776985,0.002841455403870223,-0.015174317126200114,-0.0003004406998652542
STMN2,-0.09714818916623383,-0.011066534930182143,-0.005298080839836651,-0.03529896890062468,0.03886496179782184,-0.0395954631085391,0.10560474112857192,0.04933004829862148,-0.003984511125462816,0.014461164576324202,0.04934523007819826,-0.02661493716005347,-0.00956766421859372,0.0844593387023267,0.005851684179690898,-0.09758963880565615,0.049616629202915916,0.026436660609498713
SLC30A2,-0.02645949051784357,-0.0019778125042329894,0.007950135687496267,0.034814586427246406,-0.032763731091574815,0.02073842388674112,0.006282648950963079,-0.06555673273869175,-0.017175638422241228,-0.019831764478020805,-0.1186954723843142,0.12478574171113492,-0.020695543981747954,0.025599430044000556,-0.0030652502652087073,-0.0449380589436269,0.05637322453840795,-0.00017797660735085292
CADM3,-0.0921716264970366,0.004126920124362586,-0.032873231065205545,-0.06796471780795306,0.04998912795581395,-0.04695446753172255,0.06577839618127095,0.001343969914771174,0.0802676582043224,0.009335614211069238,0.027522191661782002,-0.077627474084208,0.03518464700970902,0.0720520050667568,0.06002579982017319,-0.09201819828864227,0.060669304246691494,0.02140746000992874
AQP3,0.12632416057488607,-0.0030117025385416837,0.014794134088021393,-0.012208989536528285,0.0023132194609657834,0.0012363290383357744,-0.0197850916877758,0.044087713517953535,0.06554033771502388,-0.008158666673397262,0.0384799810983345,0.0671568897820203,0.16242663185397915,-0.04557690717474012,-0.012640310957725352,0.07901793934367457,-0.02367203241403554,-0.017742841245163267
TM4SF20,0.019266105954451416,0.0067484209049429875,0.0273365508294965,0.03757285791599246,-0.040827606190638084,-0.011923558738531952,0.057653287805277474,0.05771215025418368,-0.020709523434619116,0.002769079949881229,-0.03111307559820397,0.04244529036084059,-0.037414295388869534,-0.015517969801071133,-0.026483530080335948,-0.004565920639726784,-0.008487493745052518,-0.0067698874571680955
ANGPTL3,-0.015701191364463834,-0.024649476256097782,0.020348370764346493,0.14129782402679983,-0.06444721867746178,-0.0003075135090303418,-0.04107985512045022,0.014044220844002442,0.021497656512917532,-0.0035671640445557725,0.13453755330213465,0.023921991158133118,0.015788359492501066,0.0195702893983813,0.023799805884393885,0.01860902638786822,-0.0010686298532932995,0.00030727375862896374
LUZP2,-0.05296970866027429,-0.013104410308053469,-0.016954562314639175,-0.06113504133179874,0.05531730985090531,-0.023124893129622695,0.06935758046137773,0.028202107682401757,-0.08048722829211591,-0.009078268495185046,0.10178490283090852,-0.07150459548166288,0.048122588230873536,0.007218524960307548,0.07436186049053267,-0.020399555221331953,8.892096261486459e-05,-0.0025505419598608687
TPO,-0.03123547292687236,-0.00019021350448057337,-0.013900267874171056,-0.016352286816463286,0.019504663716304323,0.02973080997632924,-0.0117842407549702,-0.06442045217803168,-0.0058663386302962636,-0.029540658310576368,-0.06485993165018748,0.17410406317871904,-0.05673344178273006,0.02997031857390226,0.0013845574597579266,-0.04561887696551602,0.05251233864790923,0.004419621050959706
BICDL2,0.11745637479384066,0.010203260403776313,0.0225587009889845,-0.03966957075307409,0.012592678029139789,0.01039885883923521,0.08595289453661355,-0.005338509792764232,-0.02393327249101557,-0.0273940702853042,-0.10471937306994501,0.14429425140177965,0.09433494716571461,-0.018807107640091518,-0.08569005782670884,0.04461483655963066,-0.016008810390341466,-0.013571880179064254
SULT1C2,-0.031207664901071394,0.011776207044968815,0.009518675032115934,0.11335176698032709,-0.11380672317249586,-0.01920132944393742,0.05585669342162112,-0.05518089038973489,0.051141261550339524,-0.01594866082310518,-0.1257260349143029,0.0501279536862185,0.033375752751365055,-0.02135199833657791,-0.009937156769447968,-0.06252708178166977,0.045630503932835735,0.0006938918663075253
ADCY2,-0.07398985956920523,-0.01014061286817777,-0.01900174288822865,-0.06242851990425599,0.05546044697305462,-0.040522194031507884,0.10721235567057251,0.01942684572135653,-0.026687610058035157,0.003221466115934387,0.07428768919217701,-0.11140117205063788,0.09010064033997599,0.07037088250838311,0.048608117359393924,-0.039560196082848005,0.015366841735232988,0.014507270596495791
IGKV1-16,0.08757948508737579,0.03039210735770004,0.005210849231021303,-0.02791049990341224,0.04026248517099044,-0.03895805319731638,0.09367034755461619,-0.040859113955776266,0.25698059756211566,0.015727283699314025,-0.003011907995592089,-0.00021572492288531316,-0.016933638623920454,0.0005466888089275643,-0.0029361721625197684,0.021190313018471494,-0.0015066962290986828,0.007047680928824303
MFAP5,0.08104880577097513,0.02223607518690104,0.008747494719753156,-0.06062129556787785,0.06229295766344373,-0.010144542078659976,0.05014156859913964,-0.007430977118768201,0.06469713246680711,0.00927061069559016,-0.04125783409272174,0.00452355153559583,-0.011030439058246666,0.0591953638957266,-0.12971510355602514,0.04439911054148845,-0.02614058079576848,0.00645759637916812
ADGRA1,-0.07950018416010564,-0.010643900755956805,-0.010617057762400385,-0.021499252196913288,0.02081197846998855,-0.012762788515156461,-0.002555583525760477,0.03499097943291688,-0.020278127416905697,0.02365623852606563,0.023605890057616066,-0.08858714665053284,-0.06488920204818,0.04212959028714019,0.014437959520989531,-0.0521713612937565,0.016652386896876547,0.021764806958471935
MYEOV,0.08246377455244495,0.016964900699146284,0.027735396334008025,0.0040130482913533615,-0.05358729554360801,-0.03809638202156505,0.044046033397353065,0.07430920546465405,0.06303071439618808,0.026760988549374143,-0.11452415204262763,0.01303864442986993,0.027372568693285436,-0.006156430632917226,-0.1008678358195681,0.00290847773715371,-0.009362843972417215,0.008867516749448147
ACTC1,-0.020325601138508644,-0.0020612861274404747,-0.006139428354046448,-0.03199869995344473,-0.007502095794992116,-0.0031666275736411693,0.017721889680931656,0.026387915065038032,-0.015387211921506074,-0.012670848626127386,0.024689181741832378,-0.008909000829778791,0.03486371867291532,0.007515516700363247,0.06146855079619744,-0.002319845119310418,0.0005909224191589915,-0.002073403025634972
SLC17A3,-0.01209860373815926,-0.013741988778780575,-0.011834894399706496,0.11453938890130227,-0.11103403670887084,0.004447211383518974,-0.07751343129865768,-0.009375441207760833,0.026709775553979496,0.01319066894734811,-0.03196255980307811,-0.0873571809321431,0.12673980980976796,0.011738826543303193,-0.0007920208496706658,0.019801173981075282,-0.00509115867947571,0.011540509367217466
ITIH1,-0.01138666160001303,-0.024385415870784303,0.03043298149837986,0.15648016560011918,-0.05103001823431733,-0.00789529492534225,-0.05104950717970393,0.04505120679410512,0.0006740918677031201,0.008356772667751144,0.16260691572383004,0.0850495462089498,-0.03923548096608213,0.025914254513393388,0.00571173390740662,0.00303173290206285,0.006396583603319425,0.001618253974785908
LINC03040,0.05518725458929389,0.0014836935200079596,0.0010778573082487763,0.04225650346700338,-0.07540875204527442,-0.03876406561618035,0.06035281096684105,0.050716272076872904,0.04034164169083782,0.019688127576705187,-0.08993957085864285,-0.003376265652734821,0.03708680250170681,-0.04787213967212785,-0.012973978795416697,-0.01907116655677073,-0.006060178225045069,0.0025015851333861083
CALB1,0.033961683363427614,0.04116259933278856,-0.018486763757299615,-0.0447958037977839,-0.0027975626295948706,-0.03621386464069618,-0.01862929763263327,0.09544583575438367,0.001107374553483421,0.0423088288006841,0.027636329388727968,-0.05268507633371024,0.018460691981605125,-0.002240438603863611,0.029364876015527532,-0.03512143719400877,0.019366193517461123,0.0032561353602116806
TRPV6,0.02986115321338859,-0.009923975654327599,-0.0010888956216561726,-0.04628113993054741,0.07824134758956307,0.013940094678391881,0.09408436374594634,-0.037358368054917525,-0.08147414916303383,-0.05264719226758926,0.06425783726236005,0.09456925659841857,0.07927534371935172,0.002029019741827755,0.010329111607024283,0.031938599843946015,-0.016921124461028246,-0.02051302739169558
BCHE,-0.06579095936195548,-0.011404083409307413,-0.02912402954021431,0.013872979902194858,0.020185031114545605,-0.05073138195396267,0.02294960347413386,0.038004524070913814,-0.0054880913915276875,0.020375377504761306,0.12974661650076133,-0.041691315418849066,0.03575274052667814,0.04511056310800438,0.07407581090600784,-0.07745450198589898,0.05152471116396039,0.014785073671567244
CPN2,-0.04894523398369366,-0.026530336510792566,0.013112903301038746,0.10952395811381485,-0.03741984032218967,0.0024302512301108783,-0.03892406253811942,0.018131031366566384,-0.025804935982447836,-0.009123307150050244,0.13636964367794716,0.035343617429338205,-0.0234667591673196,0.017999590224919107,0.037352322842744076,0.009794199746589896,-0.0018843343059179638,-0.002206871025143948
IGKV1-27,0.08479437750955737,0.032587729916530334,0.004183286670771837,-0.02984294281020755,0.03743207796137182,-0.041234557732946694,0.09611349588736505,-0.044449856823043615,0.25741763706753185,0.013068336134215493,-0.00846359655231276,0.0024778329636143256,-0.018097928513416257,0.00026661972129182683,-3.0262853121164723e-06,0.020775625223444755,0.0008640930478098972,0.0020452406496810007
CITED1,-0.11174762156181896,-0.009917780759236118,-0.0031315006605965056,-0.07472074462339554,0.06172317333372955,0.014887153159863113,0.04391688957926032,-0.04993015092031315,-0.06346436961445835,-0.031249296950949707,-0.039921393108701825,0.08213759236645125,-0.0817023331135414,0.03218667656107232,0.04341534474535701,-0.08039995364429517,0.054792906817531614,0.0023085258389198417
DSCAM,-0.039153261589253856,0.00011781611817335508,-0.012768102008853945,-0.029507258576949896,0.011889735576919146,-0.01597510965995729,-0.01828388307120618,0.07747624554906475,-0.03631605571072812,0.02231915500893395,0.04504509077674496,-0.08226661895876371,-0.030195210970474794,0.014952503378354175,0.03521044919976908,-0.03678475663268492,0.010279722787645263,0.012722200822365961
GABRB3,-0.08800829039219195,-0.006764037011593552,-0.01152129138253115,-0.03265103895835315,0.029523726097634286,-0.034067599498858105,0.08203955684660239,-0.01044439923874212,-0.018067929426710844,-0.01936911950730707,0.050894284901506444,-0.0077309861448577365,0.05302117821576508,0.014121287161970078,0.09441156058177574,-0.06590806310144391,0.04943629297660419,0.0007129000405738005
NEFH,-0.060832547721398664,-0.008168454760898726,-0.012955341729350376,-0.07883924257627914,0.09613893605748801,0.0033365489431719238,0.08905771198776449,-0.05217493403646634,-0.02372598879315335,-0.03523913117446477,0.08673348747791228,-0.024151489832614458,0.03509051211505902,0.005811324132075728,0.09945439975364424,-0.0056819481590461305,0.0013519156393335626,-0.018162226354343756
SACK1F,0.12833505291042857,0.02616411180015911,0.0014318104027410128,-0.062286691500639126,0.004847964344148483,0.022713643213166258,0.016347612751666536,0.009488152272661055,-0.024861915170461327,-0.005962152935928474,-0.05948325804703542,0.13121660461841805,0.045096624877788864,-0.010962169441241306,-0.07346770434340365,0.04906356392738839,-0.029414086156877264,-0.017024001204925903
DNAJC9-AS1,-0.018934911973922938,-0.004661117233033001,-0.010399554871022667,0.0029078999020537414,0.0026565993942346306,0.023045967685828225,-0.03995495582111754,-0.027409767075823842,-0.051808723495641085,-0.01368665106416107,-0.018520559097422205,0.01051235885478627,-0.015910095011851574,-0.007333411517536251,0.006417900525505898,-0.001796374120672429,-0.0010325660886900251,-0.002684851576147908
THRSP,-0.009547391776178969,-0.007134764856271523,0.003990011261593606,0.04095290311410677,0.021684836356393976,0.030474050334903934,-0.03524210525284166,-0.06506560061694991,0.002489042534165786,-0.01826001718813989,0.02344385215758948,0.1259698843474725,-0.05316915844314995,0.07505728170004225,-0.09404625293884633,0.004465835933218641,0.018948803575070006,0.007817895755811419
FAIM2,-0.11330249588774274,-0.0033760700482512143,-0.00849106706292049,-0.08461009187373761,0.07333772678142103,-0.04613767123717486,0.14524317523586017,0.04482883707823607,-0.010723517813248712,0.009304657161618693,0.05231321276567978,-0.09255292711945785,-0.03671120662451726,0.05048887536759225,0.04302425409327111,-0.0714697305423637,0.01639660787460069,0.005317269381272568
ARSL,-0.03874917843292774,-0.004558611107280188,0.038649907320600294,0.1420818542894381,-0.1149055611544392,-0.06241196274374033,0.0941243371672535,0.037021962783819876,0.055340045153284785,0.018066637420095375,-0.01207271513037893,-0.054684969047700885,0.0641090507836911,0.02787181041370053,-0.038567376462643424,-0.03588623000047967,0.0165281306805692,0.012012570893639225
TGM3,0.06569297427847866,-0.00031867542762089256,0.001771239839985928,-0.015418408904915797,-0.005706278070929133,-0.008576480535513468,-0.014114484312297957,0.07527948057086355,-0.02748852363823701,0.0014297887518759213,0.10428777838359327,0.06835280871164076,0.080749727280055,-0.012150838404239321,0.025032472089759197,0.04196485398120886,-0.016038374383681817,-0.016796240980248806
RNF128,0.017139317270691002,-0.011931785390696599,0.015488856765672736,0.0957875011626803,-0.10581587665654918,-0.03115941054847153,0.031601827018360736,0.042352589563883915,0.03751666460870049,0.014888943572804458,-0.08788854957713092,0.14395646341705526,0.045682838770960445,0.01968825293493462,-0.017333316189801412,-0.05293317695963773,0.047475028204779675,0.008286813745000357
HEPHL1,0.08094659315589982,0.013337137613236447,-0.0012550776839923843,-0.05592934859453397,-0.011662013815925878,-0.0006166734060806201,-0.10916544220479468,0.1089128750050556,0.025994124719450475,0.024036007188267716,0.02073361826742574,0.021831946340661917,0.03504041467648207,0.00035949237899787333,-0.0023278913155942867,0.02345204694793271,0.006057015048025257,0.0016159968764130127
PGLYRP2,-0.014048294966371363,-0.01756871650445094,0.032680788983573926,0.09192058939679529,-0.0020224250071483704,0.002700477722580447,-0.013106779749637417,0.014919370553648684,-0.03504560581934505,0.015203291695035166,0.1239939191570233,0.014403329900746034,-0.0329065305678005,0.07394310010305839,-0.08661563510303097,0.033970172297097284,-0.03305372110535916,0.002044664818575002
CRTAC1,-0.07055406850288089,0.0016979856382956363,-0.01474259421385921,-0.06962166509906334,0.045766904250387465,-0.03376430244976156,0.02238595152817811,-0.0347892551210537,0.018799446260741395,-0.002519155877215413,0.011585614890224725,-0.011679394456038276,0.02864469914847792,0.012642257239639267,0.07871254917509973,-0.08967710998553177,0.07502776212953347,0.008693287873695221
TMPRSS11E,0.08007847286494126,0.015193072150879568,-0.01985875020463461,-0.06869128725207904,0.012688070453491754,-0.017519191595172078,-0.100666969789584,0.06242646673318705,0.025463157355204033,0.014869263456013955,0.03752602672712644,0.06277351153798182,0.08087248486988784,-0.03518438414887377,0.03827355171142485,-0.0033640261195474726,0.02788236104134795,-0.004204106294751379
SHISA7,-0.06245722007919675,-0.004740532323860013,-0.0057416274947108895,-0.010546199683823183,0.01522323828951154,-0.028698278457683697,0.012825775300618627,0.06669608582509423,-0.022611680913263484,0.016989274436133496,0.06895650705086522,-0.058952260439063854,-0.02641748142470758,0.025832989508309236,0.03728065064685589,-0.05272197479507215,0.022864990790841495,0.008418275230145314
DPT,0.06631863516266061,0.00587778266993485,0.021537225321232756,-0.04128373299085545,0.08011801770452193,-0.009639607982211607,0.0689568641199499,-0.058456991922030625,0.105923873175839,-0.007136483872307052,0.02900557766322731,0.07084292390120302,-0.0198188154877262,0.021767625352697353,-0.06083314378633174,0.04688659652791969,-0.02031147519254807,-0.00291935550112505
GGT6,0.09729871681292625,0.016046760898010742,0.013508235436587416,-0.06068143164138902,0.021372557548849654,-0.004686448791965086,0.07023610492037272,0.06166000929319744,-0.04176523366897887,0.005192068028542561,-0.05968632687485495,0.10600585722927008,0.03972522001659057,0.004831262494450279,-0.09008170484643575,0.029329481107848183,-0.019298157856439856,-0.00832393793328682
SERPINB4,0.09717589902995526,0.02309906499409543,-0.029797652378882513,-0.058876059133256824,0.0025326656587385792,-0.0029542060722864347,-0.10523060623400633,0.11721683541305877,0.030923902255470054,0.031014080107383362,0.0204380327597452,0.03178269519340533,0.07709904060695692,-0.004095969171137439,-0.004915764709522806,0.009730632672352277,-0.00420882136647245,0.006078041117932818
ARHGEF38,0.016758118898876562,-0.009252890222712206,0.034256095982263327,0.01490421548722809,-0.002407868613555517,0.004174788953627753,0.1719177762520572,-0.07887680528488761,-0.03277419633922966,-0.054115977240741915,-0.050607197841387445,0.07538007829563347,0.06873454469828304,-0.023941662981285323,-0.06821056521714308,0.0323349599023006,-0.019955530233012,-0.020245579815155224
SCGB2A2,0.005281987525631605,-0.002893074472809749,0.02290516935019195,-0.014514394476634494,0.08623881569655484,0.012074670412018202,0.06445831249836835,-0.0609968715136778,-0.0192269761302918,-0.0041841589198902485,0.022103655671846453,-0.020525932331070102,-0.0027679581938528106,0.10071587829743424,-0.1975986459833548,0.06211627031763679,-0.05729718320971585,0.009181075137997978
CSTA,0.16846181089887793,0.024823092622480378,-0.027289311595462218,-0.05036619353037224,0.018492527188469537,-0.015187473469459794,-0.10616726337060231,0.07950795992103495,0.08465310613001763,0.029111697652144677,0.04871411452563357,0.06753631122395333,0.09962246097995159,-0.00849980270290403,-0.02811448843022089,0.059643390014014946,-0.02293337165012587,-0.0005882085282558763
SPOCK3,-0.051264207653254075,-0.018859780840774696,-0.020105194061164126,-0.06880261221491668,0.04743433080733759,-0.020362073985841028,0.044679933580243324,0.03339668125763639,-0.06655518912907826,-0.006219499145329824,0.1031437196490771,-0.014328091437423062,0.038400635698960975,-0.0022047410042237534,0.12126028768429813,-0.04608891111592823,0.032634416840244304,-0.005624635550258416
TMPRSS13,0.1482924355996999,0.016944152857318928,0.017440477674781376,-0.09463971544846435,0.075624712261225,0.005602452884058611,0.00795423054908178,-0.009247077961833303,0.0323810404929928,-0.007881603852069125,-0.05834725100041557,0.11670075708925345,0.050659897948904714,-0.005269139501397929,-0.07957371842082062,0.04067476376917898,0.0002562751237164103,-0.004266293887143612
ETNPPL,-0.052408024285411164,-0.008204234983210486,-0.002364530576902534,0.037852725068098704,0.0005036922514990072,-0.039059915587294644,0.00028524947921793894,0.0954294447909999,-0.017266452537853215,0.03334890804931943,0.12187823351006123,-0.05939590494724531,-0.023953410983779594,0.041994968419099984,0.028577484479587755,-0.04853623884721451,0.02638401836657484,0.01634018605033306
TOX3,-0.04639050832827764,-0.018119918965866816,0.037039937769939656,0.036626775468690406,-0.01407158741965102,-0.04363652697444134,0.19549407431503343,0.02586320576348311,-0.06619750533645322,-0.006428432438722478,0.00606992134599336,-0.029107615708157324,0.021272603783537774,0.03187257352838131,-0.07323021073449153,-0.015034514295316565,-0.02015832347305917,-8.199386096603317e-05
ENSG00000235288,0.02936782478788952,0.004303985657182654,-0.01155618728380989,-0.03495253311461549,0.02379696467443355,-0.0047772582500964994,0.02091806550167604,0.011880209921187074,0.02955300453763333,0.018558437897323025,0.01931111081554749,-0.037482067444483666,0.045538523364461285,0.035597636361922355,-0.03959949689166184,0.012568902802399314,-0.015048708553593894,0.0015088741672902208
GLYAT,-0.019241894492737978,-0.013814160111059752,-0.008283393924366713,0.1405272413257637,-0.10479428085768674,0.011795087643781458,-0.041565257165806856,-0.033672998018588515,0.045698983115391646,-0.0016618458079741363,0.008688818999215435,-0.03061226304825666,0.12821403267346745,0.0013995187350535274,0.028497335516840073,0.011478254189452532,0.010691778246984088,0.0017189696636964321
CA10,-0.06807699892727383,-0.010618119386945816,-0.00778758191112275,-0.049637498182239066,0.03473141179353357,-0.018019018151658576,0.002361721853867238,0.04443531815385136,-0.02860447228203689,0.02330327517599258,0.05002281542744144,-0.0816335692328915,-0.02395814444140943,0.02907053500034066,0.02636078146435441,-0.05385679824553644,0.019471856356651464,0.015883257807173423
UGT2B15,-0.027912629202561455,-0.01950354633745559,0.02998135904841207,0.11432615637530817,-0.03744902978531177,-0.016069768282862176,0.034266889596964556,0.05283508501310201,-0.015129593567340865,0.008924671768887886,0.10270526077278112,0.07132907549619359,-0.0617018282789599,0.03964099092036505,-0.05023564729728443,-0.02129307147439256,0.0006785971205518608,0.003972692263946915
SLC13A5,0.02560194722342894,0.0032070758667311176,0.005668672107121348,0.0800193733858387,-0.03508658364252709,-0.045613517662899804,-0.04073409599343364,0.1024826378125484,0.014955872158695108,0.024336027554904324,0.1370548020453149,0.0450163346551322,0.007897450126557157,0.041938328642371736,0.0022929164686243636,-0.03224312855703908,0.033776288513817906,0.006647855143899676
CDX1,0.03574129849201764,0.033950679095445566,0.029427285570437698,0.007082022246711379,-0.06168292216221556,-0.028894992324567728,0.10643934060411127,0.08159069522774438,0.017996496539081887,0.03296075196997548,-0.0831494820957012,-0.009821857019399336,-0.09372054958116914,-0.012524580325354842,-0.05594648064876078,-0.002021003995257985,-0.03930146143755397,-0.0051091689361933024
ADGRF4,0.12138424301616428,0.008502540524836552,0.0021981838033877763,-0.039820697477718145,-0.03772627459803637,-0.02933082692643694,-0.0679893685705928,0.12819923361600963,0.03701368342766992,0.03740767047690074,-0.035456837186569036,0.07195271350364565,0.01727865322435443,-0.020748967162873964,-0.03275255123453868,0.004860446202708237,0.0016885951524301679,0.0026493856964740266
PLPPR1,-0.03894129508384017,-0.00720937237283786,-0.010392168268591684,0.00128642349066078,0.030853475752309505,-0.04233365802835388,0.02737478644618098,0.06589120043871488,-0.02105045636167942,0.014421773725898146,0.14200686799839138,-0.052569250455120994,0.02582293444578318,0.011272155034115926,0.07139249349138348,-0.056298825628041976,0.03480326826006881,0.006452597369802504
DIO1,-0.014496070152609302,-0.02328511930723635,0.027808432470166487,0.10674935309271302,-0.011530434839951406,0.014712840510445533,-0.01691951988348847,-0.07409463575610992,-0.0004193567582029994,-0.030235834564573412,0.05132084640640131,0.12791743422464388,-0.007632459420004013,0.0564498086399944,-0.04939778026283613,-0.0012690870495230622,0.03559018031880478,0.00494957238014916
GFRA1,-0.06433227269008779,-0.005098845745734637,0.0054748568454770245,0.02539588817515396,0.04769229279955766,-0.025714408196689558,0.09610730874625018,-0.05109918025347962,0.026711489768744493,-0.003066247345592578,0.07928975311646294,-0.07539626249331882,0.04795384113798378,0.11706794256369765,-0.08818991046227073,0.016472631520229822,-0.015139750349678578,0.012010081188412196
PEBP4,-0.08302519973790735,-0.016904484844723077,-0.015460421702173013,-0.06752461848077589,0.0696788462951344,0.005257677643598659,0.04360624073226505,-0.08706037078186286,-0.016004960508730307,-0.043661364762415326,0.038583130070038205,0.11733842047093276,0.01702306741434969,-0.025026610119686012,0.11483848046821335,-0.056487404058000526,0.06890908607783322,-0.013008440280237607
VGF,-0.08267262036097758,-0.0019372912970353953,0.012217030647105467,-0.04446339515494257,0.014272410572446213,-0.040736569425247025,0.07054749606251993,0.06883753266465012,-0.04313312012128862,0.02214093275567252,0.019474261842758377,-0.06227925216213784,-0.04949585994658006,0.029469122298776927,0.05291757661559564,-0.08765192446127497,0.0454351198711355,0.0190200489023133
TAT,-0.012559260228581849,-0.014830632478264199,0.0367771251960775,0.11417988493707364,0.0025161335965196148,-0.012449141445225777,-0.01070809725386332,0.020440434692587158,0.004930287930771367,0.0055006408821166915,0.17033318831804034,0.042498448205962054,-0.023630326262175132,0.06486494851039025,-0.07957934385882127,0.039966916434579544,-0.007380607843740639,0.005619460202060846
SOX2-OT,-0.02400777737600362,0.01769793614870799,-0.05690021431070329,-0.08400822689737188,0.07538042815021562,-0.052457291461996576,0.04296952225171019,0.0696989598973753,-0.029613315559382836,0.024208580632039307,0.09427134470810826,-0.076087551782399,0.017611854589877168,0.029836497407995547,0.07423621263836609,-0.08482134356769985,0.037146725711556555,0.01582202079400133
SOX21-AS1,0.02520574123611511,0.028419288966017996,-0.041247834535812794,-0.04872722907541279,0.012964201103888434,-0.054446539290688795,-5.216674964636914e-05,0.1067235614871268,-0.02780253459652944,0.027897467167419376,0.06084737809092909,-0.0359057527406363,0.046733055042688494,-0.009642615987041529,0.06537779343530484,-0.04337486718643064,0.015485711866698313,0.0030693318221034485
TMEM45B,0.06663078162702742,-0.005851244883044893,0.04063533968511966,0.020764959426090655,-0.03280764864896311,-0.04227164036646878,0.12937614778077397,0.07845247471825999,-0.012155767161350408,-0.009793576678029188,-0.00444150350897888,0.1669661007919846,0.0276352629012633,-0.010547706328898489,-0.035865099327394706,-0.005085969604527215,0.009373408786236796,-0.012544260855798935
FABP4,0.021746429296813054,0.0035725552159295063,0.0011176626922375767,-0.009463699019973782,0.03337181693531046,-0.0019739728020063737,-0.04473089546093937,-0.009107468359576614,0.059307545184261574,0.013160731424188684,0.01718137767613127,0.04514382995935326,0.0024937885059783285,0.06712712253900095,-0.09690018420780393,0.03097370242078232,-0.004776269414425426,0.013374164608199493
STAC2,-0.05879907634369431,-0.005294647888757119,-0.004726588669007951,-0.03558567363404986,0.07688910639224579,-0.00622196991754243,0.05800638010585576,-0.029095800559105135,-0.02286693614455609,-0.010440868588016688,0.08200458891711163,-0.07825078447394829,0.041875181007394235,0.06387175342281896,-0.0196175566549355,-0.005030275485726728,-0.002768078736731694,0.005218793391700103
PNMA2,-0.11741287612094399,0.016760142499581396,-0.018822371642924565,-0.013391066588050985,0.008982579253813407,-0.06804977363019364,0.0982173829563736,-0.005541729689083899,0.06449801137317095,0.01487089061910533,-0.03514657267559181,-0.1442013532591406,0.06083638861667283,0.05261670931901348,0.021065314371241234,-0.10231706451304838,0.05611095141695539,0.023931243880799976
CYP3A5,-0.0012253718605841845,-0.012021510286197882,0.014312640657832838,0.15043525296852467,-0.135802612668506,-0.05975511336273434,0.07216811823000568,0.10780057477061694,-0.0008481024943685696,0.020772358854230323,0.014089741532597845,0.021981601418127005,0.08288067393108482,-0.0041131312906883735,-0.010571706999263927,-0.00913306943860307,-0.017387404446890596,-0.0041106131544820105
CHRNA2,-0.009334406248587107,-0.0333576418457212,0.005609219243134662,-0.017731312647313726,0.013108548936042469,0.02868929296250419,0.04676545873818613,-0.031115341293176984,-0.09752239605560513,-0.03252628543705383,0.05921832889338585,0.004433897891257606,0.054256317448015845,-0.04206476441437908,0.06849590326154359,0.052934605914855805,-0.03593904356703289,-0.021601604087321927
LINC00958,0.08381957034788808,0.0166246123212481,-0.05064298427991287,-0.01791977246123221,-0.049442576621390774,0.01837488112692392,-0.15010419958422225,0.012956487485496639,0.04710530210864406,0.012872743431379053,-0.07302693608095609,0.03334123462619032,0.1265831928865752,-0.009031456230868581,0.007079905521513826,-0.0022589348040140743,0.023115189961856478,0.007646959470652317
CBLC,0.14919706824083284,0.01137849571635239,0.038121619427931776,-0.0017812967309173012,-0.002512893323301573,-0.012340365765373708,0.0792418112593004,0.08276367027291262,-0.0401799818688573,0.00018914253302169007,0.019964579838891255,0.08569640105212598,0.0676915974332268,-0.020250542754379833,-0.08819354236133378,0.06945271910880725,-0.044568356186966605,-0.017916194743780152
LGR5,0.00411766100683083,0.019122755065092145,0.01531294660059417,-0.0016454497929545644,-0.027388057352464475,-0.042248753275095974,0.09988973842711825,0.10302248686692975,-0.02100274075448189,0.03481990051016591,0.002393372982526429,-0.01973562274811362,-0.04105462604730328,0.021081331497483115,-0.0021914547917264767,-0.05009806336059847,0.002032707082246024,0.005568741656332035
MOBP,-0.0604888256283935,0.003272390962874143,-0.02200729882489204,-0.036906301158798525,0.03188783821700697,-0.03192175136657075,0.00912378467768063,0.07102651384676847,-0.03634722694242316,0.017342214474671873,0.07940855599745084,-0.08064673186088059,0.00313275527596675,0.029577294633387412,0.05279776807053782,-0.06578806963074801,0.03348567664194651,0.013022142396457659
DIRAS2,-0.07692529919952251,-0.015292083923512948,-0.0334095132606739,0.004763011937256716,-0.012571686009529489,-0.015230414877076777,0.0010548407691987932,0.022118465061979706,-0.013218440968489599,0.02021868688529856,0.005873881647094033,-0.10983784553982541,0.07876242261787972,0.028596899984300237,0.06441969766625279,-0.07416235170596158,0.0460113347431841,0.018858102409519524
MAG,-0.08895461171510428,0.004975696064311071,-0.021880398389066334,-0.03926964581683245,0.024788274934557684,-0.012472645011306023,0.01743320394819606,0.0031008582316003823,-0.04216977093057487,0.005779374931470258,0.0039604657837066,-0.029469050313324575,-0.022231343146764858,0.049806861429759375,0.015170300448888724,-0.0805291899462729,0.04972895321887857,0.015035542146355076
SLC6A14,0.06281437366425556,0.018208455615765024,0.01869115087790536,-0.028698149252829947,-0.005361744771181148,-0.03151556162956149,0.05333831787352382,0.0741503341491087,0.0568045895471155,0.00028798807568886233,-0.004592441593220917,0.05959902753368463,0.06144885291541145,-0.04886677590218751,-0.0014616707303088056,-0.0001227159315872803,0.002472280750044151,-0.006484944396734926
SFRP1,-0.008284361229284732,0.011330861909522899,-0.010551614031020397,-0.09343186298768488,0.104732784563104,0.013174537064575888,0.06190015862643578,-0.035685512537829665,0.017776476773475942,-0.01165991188102307,0.03293412250850198,0.0023463849712716954,0.0677469954321551,0.06673276176455929,0.005457446302633958,0.011097294786321843,0.00468438068383044,0.0027417474867812153
FAR2P1,0.05455146401657617,-0.00800930343284073,0.011505025878933012,-0.008318019741091096,0.02286145045616109,-0.000474897687675782,0.015655548511688603,-0.018140764739348,-0.03410629764422455,-0.02136020745289112,0.047157657966035424,0.007387309274791613,-0.006638978161116248,-0.017581430719562877,-0.028663864956880458,0.06955183132591308,-0.029771510750827478,-0.012999939273517738
BRINP3,-0.06805703936092089,-0.01429331376884981,-0.011070792833109576,-0.0413096797123651,0.04090181906971676,-0.008256060435575693,0.04157100530836469,0.023002250150161004,-0.0621051279842236,-0.005384526700631165,0.08529989932854797,-0.07819557584072691,0.04153521457268411,0.02324205475609573,0.049893725323017696,-0.018664642481998134,-0.0021140135751880323,0.0021552526949601834
TMT1B,-0.041215980456163294,-0.003417766508365586,0.0008407168888923862,0.14277483924524367,-0.10590517135876525,-0.05075158051536201,0.03961770757620134,0.023007111097426796,0.04706362777283424,0.01784876959773675,-0.06825350865213539,0.034867622304819365,-0.0042051991098437606,0.01809625534331146,0.01709367256398719,-0.10760179896220078,0.07839903293065159,0.01697992058577692
CDO1,-0.11103182834271966,-0.01739141488332006,0.0015826063176341697,0.030913176727768832,0.05691321495618002,-0.03438163718254607,0.05510487028874137,-0.0034643502628392783,0.014271845860262982,-0.003557531026196629,0.16354759682751568,0.044508178150346786,-0.030670879545141083,0.08262942661491582,0.0664367338056322,-0.06720503635190664,0.058749650704866006,0.009776947728891022
FNDC1,0.051495583600623264,0.023548991759932515,0.015559407661556047,-0.02722425446390521,0.03979680086418762,-0.0164210013182594,0.06048164128139797,-0.045452062177257654,0.11049150123459911,0.007476976401341785,-0.10655810726504353,0.10007735599256773,-0.047785985535617706,0.06154075062124632,-0.11168052728465748,-0.027405875396826138,0.03870861568335411,0.01699231293083738
CYP3A4,-0.0066064426564097604,-0.015082144558087577,0.028701486482718298,0.12296079255922872,-0.055313628335765815,0.009809039265885788,-0.032441430246886574,0.025709749822902403,0.006082075357060929,0.003668208227265034,0.08580409639923658,0.0745554106561475,-0.04588229636473773,0.005183139724832696,-0.010048661072748172,5.1463992923785264e-05,0.002509637839278225,-0.0003099418755152379
MUC15,0.02493413039037068,0.005751959459584829,-0.012067543418458037,-0.050097610501147034,0.04238629836615034,0.00872264005358632,-0.04767216918718123,-0.012687249934169437,0.04124714567270085,-0.010012869831931163,-0.05075824734365556,0.16431977801995074,-0.003960701461747173,-0.00033605860641760545,0.03103473748399618,-0.05691855786071358,0.07743946549957892,0.008869341918762463
GBA3,-0.028972397420128183,-0.016460854503092856,-0.005805642844336444,0.1396160628325142,-0.1124225545220135,-0.0009988515643562456,-0.04349579624623017,-0.012364774357813213,0.02769118691039637,0.0057569202124802855,-0.023539218070567587,-0.05072416979982791,0.11481649442241305,0.01643976022734441,0.011293045862105973,0.00140009182806496,0.0036025724245027173,0.006006248087926167
CYP2C18,0.06555993625218931,0.0158104653272343,0.009605312870465024,0.05539844901547872,-0.051014941062842586,-0.040127259734403835,0.010419264634253711,0.12188791739393692,0.021760244177003653,0.017984696828954216,0.06920820983390649,0.1260659776246813,0.00022026385768741103,-0.015379164569843166,-0.011469234567535576,-0.015770158064204846,0.008970765981536765,-0.0014928655043603928
CHIT1,0.03501424875666608,0.011680289761098993,-0.015402046058562009,-0.02419581843274729,0.026192629552321555,-0.01277676737341186,0.04746827677925474,-0.07429142494727838,0.12293590867625315,-0.018974755420060784,-0.024876016819141034,0.031469573163371914,0.05429711538642788,-0.011628294479157624,0.042920229921701664,-0.019562992424850968,0.038448114399797076,-0.0006898117417591159
SPINK5,0.11291431595176095,0.03418657328251441,-0.015419504527725364,-0.05652280590991436,-0.011641347957440866,-0.03305782851420348,-0.051970076420441,0.09763651528361364,0.049355315879591015,0.01844444104260937,-0.020868880967855066,0.08947715543362326,0.08546415801936555,-0.0444317515157482,0.002103167729399295,0.0009552575907039978,0.011362905190073953,-0.0010397476127869218
SLITRK2,-0.08507817935693938,-0.001856180587018537,-0.024856020422971005,-0.0013024060138346104,0.009120944070776817,-0.03035237055586416,0.0020465936348389225,0.049120884437966535,-0.030293189426408042,0.01975884629164726,0.057460365879027725,-0.09830441801702498,0.01036084153967847,0.029529108851974448,0.05620879664622523,-0.05845026215704556,0.02282810264269666,0.012240486023702245
SLC10A1,-0.004738645955986605,-0.02483287640063331,0.019939107357035236,0.09204448804931471,-0.02574443464681942,0.0008191363966970963,-0.05010758257058453,0.017725443637227428,-0.004431554225020751,0.0045836241136927415,0.12455077005745545,0.03940018642794037,-0.03486141326364596,0.014070434523961768,-0.0015154606780051032,0.0183579337222459,-0.0026693020424124777,0.0002903178137775757
SNAP91,-0.08630417247735565,-0.014517610057769022,-0.018852375208375866,-0.037989939790336706,0.031594295994319954,-0.020630585627071374,0.05318666564352846,0.04766254044450238,-0.04906527176290913,-0.0003232528578261551,0.09638033295911412,-0.06111294518760896,0.015801205822330074,0.018061889027464636,0.11026495542014443,-0.058817829226232944,0.033733283912138284,-0.0001667229140137179
SLITRK6,0.08140435238769526,-0.0002639572951999412,0.013998906611235578,-0.05406945731241452,0.04595723354491447,-0.0035160452773463674,0.01229788997522061,0.010088775832473291,-0.026702589892352368,-0.002909262808078883,0.012815509074167503,0.04449609446920426,0.05838366368152826,0.013928816935871169,-0.07834060902415985,0.06521515263404438,-0.03411821126423356,-0.007384800206851576
DPYS,-0.06462950185572279,-0.02224281768141623,0.008568150687671697,0.14780318023169844,-0.09344206174894816,-0.0019144364852916418,-0.04423852705280178,-0.019905287957081356,0.04177695584819207,-0.004587038611194283,0.10149262742607312,-0.025490791075521498,0.08181271313219092,0.012958086733338576,0.07360768318408847,0.006296643939656108,0.016329571981020346,-0.0012347058338957088
IGLV3-10,0.08785630633479939,0.029234340247992263,0.004179355709478631,-0.028533308342457556,0.04029128523794369,-0.038110360102500844,0.07765832601534407,-0.040721122818064504,0.23503874273024442,0.012210079002397336,0.0034379278022732256,-0.0075404828928415215,-0.017511054495650994,-0.014536348266454207,0.003420638460567344,0.02122222279540051,-0.004643246809926402,0.0008024622338024947
TMPRSS11A,0.05989702974142042,0.021523904008651163,-0.02974194033940289,-0.024315917592414516,-0.02187625940340096,-0.007875628887123865,-0.067116655430132,0.07837596635792297,0.02599334676831797,0.028680422238368777,0.04111823783495015,0.02212518708268777,0.024024019850584926,-0.00902907259990164,0.017181016078829284,-1.8853469028220587e-05,0.00022699939024128482,0.00341422617878034
ENSG00000260918,-0.014594055709551605,-0.004276928344031937,-0.009539983841853132,-0.03251875824251638,0.044829626067813676,-0.013434019474041629,-0.01351272281638416,0.02938786143112943,-0.01690331425416793,0.004964234909379022,0.09447674582843876,-0.04034993662764631,-0.021201025333594945,-0.0014922757432176085,0.04098903683141425,-0.022014313539371635,0.013608049860741413,0.004026117195930197
CRISP3,-0.00913607077835748,-0.01580447725467933,0.009509611786553454,-0.028324695551323918,0.018454925356430143,0.0020682509382765747,0.059625540087331834,-0.02192308702847118,-0.05276028765033123,-0.023834459684853346,0.022679650107808997,0.04606272983686475,0.03928607997720761,0.0011516649880612684,0.002776096387086918,0.011426416820973102,-0.01244958077454936,-0.007158882360429838
PTH2R,0.016515906236893592,-0.004399722412394338,-0.020610360294194763,0.06510447379362558,-0.06168590862161806,-0.01320702632229505,-0.026224228721462645,-0.015539670838262564,0.018536730690594375,0.008977663420774447,-0.02057109167482418,-0.11484073934946414,0.1521722530129031,0.02299893735661733,-0.027747091888056324,0.02259405637058758,-0.009248770591146984,0.006649613118840149
TMPRSS6,-0.0022756761959382968,-0.018659915799261344,0.03423398570609382,0.11897879870944567,-0.0048794955342026936,-0.009884886168735159,0.007670484124733243,-0.04525386811868527,0.045845104722339755,-0.021426498789875865,0.041989848828593634,0.17582666205954314,-0.03153240502539387,0.04951083019685806,-0.07497784236517237,-0.031068596451809826,0.04984435521280078,0.008850214075633453
PEG10,-0.06163654784483312,0.0025534240207479575,-0.011278479942932549,-0.004999477142396839,0.06911023398916959,-0.03302292660778767,0.011147210793149747,-0.06416273539887868,0.01723481056070792,0.009703772272872684,0.015222287479587303,-0.04780700084122897,-0.009563467319862535,0.04702273614213084,-0.0035828756035212288,-0.07483369276340522,0.05663405155901046,0.022304667573016863
FLJ16779,-0.07962010054053807,-0.004867064832252455,-0.012851222486041505,-0.0034849961465359684,0.014096174932276063,-0.03744479212559493,0.006244984364293424,0.05471787213977854,-0.022866504338525443,0.019187136487417763,0.05954897757916489,-0.08605506236579566,-0.024308667607446037,0.05083750315115944,0.03999594797309134,-0.06847445820349457,0.03562422991417709,0.019757343748666712
GC,-0.009463889039860968,-0.0235821384618186,0.030923024280728476,0.14401155808567662,-0.03646655712871532,-0.017589151546739366,-0.021918007111247084,0.05727821812166686,0.023072634603758888,0.013408024578985425,0.1632345491753428,0.10860766965614893,-0.03400409430074606,0.04631014322419964,-0.00743261807110222,-0.013425213392023608,0.017701812826248428,0.012792359592185032
SLC22A11,-0.02119904782760444,-0.015315753146827362,0.001278037811749251,0.12724220352813947,-0.1276863147191526,-0.0038661677375549847,-0.016759236945087075,-0.015253166980609913,0.03025764772954474,0.0086063096697272,-0.046628610913362754,-0.07702404943012088,0.12589842150467848,0.01144939374378505,0.009380014184669697,0.009361680195710055,0.002346828421217004,0.0007422609697810104
CA12,0.06956533372330463,0.014951785683881667,-0.028542682335657682,-0.02526872638187587,-0.02929761209590383,-0.00972094210918431,0.003569563844498656,0.0024782924350057666,0.009112456494081118,0.01968684002246662,-0.08146107639798535,-0.06620214890042925,0.1400946880757255,0.061568600648737454,-0.1613155139526518,0.040806171403326756,-0.03761454186157835,0.011447044274770776
ENSG00000274956,-0.057347032907655866,0.0020961880372593446,-0.02765356759810028,-0.005519934645823757,0.0015659822836233347,-0.02150472761266023,-0.037832814277704116,0.05151492149392513,-0.011964184310890262,0.027740503998470115,0.05097492278426237,-0.08676551397186387,-0.01525010329669016,0.018673672199002646,0.05247917508561599,-0.06183205737972019,0.029524786136826558,0.014497033598282189
MAT1A,0.0316068309057592,-0.015176409399641058,0.028719960749957144,0.13873793448588678,-0.041283595723534856,-0.0195903777906462,-0.03436820631037559,0.022586234705474825,0.03197420862312625,0.017072071380010313,0.12348330162617593,0.07885183344968924,-0.044568971626379246,0.017538329470231092,-0.022689555950845892,0.005728976637018309,0.0002637907772697405,0.002502446726731737
FERMT1,0.09307213140516643,0.037646140185145525,-0.0049045671145799205,-0.07316177938372646,-0.018742919338640942,-0.05281078326907495,0.056992997988545256,0.1745423903756696,-0.0004269725665318058,0.04067089069416034,-0.02079470612053001,0.01222144759043546,0.051471027905686084,-0.026187037159595247,0.026582093528814986,-0.031009536173218645,0.010982099535279087,0.0008629913175237367
IGHV2-5,0.0867472716331695,0.03163778130287652,0.0036365811764785894,-0.03185515009564002,0.038060785742324306,-0.04278180420106411,0.09406625952877168,-0.03644733787303515,0.24520280628612456,0.014390556362690996,-0.001494101378712544,-0.001889983180211648,-0.021520965649963142,0.0033268850905674462,-0.0030092270691549745,0.021537914345194722,0.0003570921329018135,0.002423850959650007
BARX1,0.07366895043270434,0.038708270605068325,-0.00032329358097885573,-0.013869176134259092,0.012622287301819057,-0.0371847983626895,0.0037037981967707025,0.034640577919026395,0.034284354994056576,0.007311358728277773,-0.004604656024629533,0.022479223074766706,0.0038876084168329747,-0.01831555816796876,0.008273100591783468,-0.014829491284703523,0.024436858284098757,0.0031082731601248885
GDF1,-0.09079346007703573,-0.002719433547462726,-0.01480911149034617,-0.03511638717180857,0.03236479162554631,-0.021356377015117854,0.00821681420956475,0.04337866809035392,-0.042458680103509484,0.02334788506068325,0.064835384671001,-0.09076439537726098,-0.029620967018115032,0.03247382444527175,0.07803352203414977,-0.06904436228767125,0.035054311302666064,0.013157150299213214
CLDN1,0.14224291359449784,0.01221962562866603,-0.021902835595613904,0.04731388516839421,-0.06280688290813133,-0.0030517299291488035,-0.034116192662873523,0.037963954867159706,0.06115971845508049,0.006920572879114011,-0.05399833515899002,0.18870231299125412,0.10116413994327118,-0.0002701557776091443,-0.018184179116740196,-0.012265522681533789,0.035427053073819596,0.0015281637514725436
ENSG00000280827,0.10630684740999662,0.01679983433386253,-0.023830239199259525,-0.0802982461579359,0.0355935379614926,0.004157682887535962,-0.08119997446861145,0.06354380628261554,0.027105382573713383,0.013290201889594807,0.031430686416968195,0.04054933549082752,0.07977168220538637,0.0027202982858927157,-0.018532029332189365,0.04088674729744545,-0.013896438870443988,0.0005743923799945278
NKAIN1,-0.03894855438793164,-0.01252720148744764,0.0025984045999376338,-0.061858622057195826,0.09558876834951426,-0.017108184233273937,0.06504030484928251,-0.03671038659824977,-0.07055838726695496,-0.004702228155682478,0.1103674046773727,-0.1177923756201803,0.049221608492136616,0.064747055425148,-0.02516476658147799,0.024997846339620156,-0.025363628891273273,0.0036443788444084652
LYPD6B,0.12494996617710025,0.018683202412544807,0.008931760476738252,-0.0520607156624533,0.04800961645376276,-0.013614674600456874,0.07761646724480611,0.028162534555734503,-0.04703561905586255,0.0024680710828240545,0.014953715644595564,0.04868944155927008,0.04495905787858638,-0.0021572586160290546,-0.10562248032090255,0.062070837752270104,-0.052887957877886825,-0.01243798521405563
IYD,-0.0629292653185748,0.0005113561203212916,0.019591322677933155,0.053051850281926355,-0.060214971308394365,-0.011042792144645774,0.04348475844591828,-0.005096234255223799,0.0015560872231914686,-0.008445472567459977,-0.09507425650016861,0.14287714469284957,-0.09546316324934577,0.007164595485733835,0.015537559194822848,-0.08188177996781335,0.06353689287848578,0.004279496968941839
HOXA9,0.02373173881490061,-0.009001846508883058,-0.018655809527085877,-0.0009900282152343794,-0.049768987771263394,0.030070145027849726,0.05416948845510346,-0.011304571911944158,-0.06042449258775805,-0.005368667328072861,-0.057203921095551474,-0.10256051835327608,0.11145819515586206,-0.02881788039713378,0.005576019141046157,0.08049253467317756,-0.07905716958193415,-0.01965792814605115
CDHR1,0.0020440516686386057,0.008186786855403,-0.0409458654424577,-0.06321336037240421,-0.04451160130767196,-0.029854412164157962,0.004311810939394182,0.09926882527051052,0.03231382552731972,0.05029853153101071,-0.01864766667859028,-0.1208488539888016,0.08874120952832742,0.025975899373848196,0.06531443446310163,-0.0449417263416091,0.011923037745759705,0.006610562652911059
NEU4,-0.06822679349893081,-0.0050460116180431865,-0.005943316326228413,0.035950532267543044,-0.01812962766458253,-0.050351853304177324,0.06819529369625013,0.11233701261651666,-0.029525246659452425,0.03615337674897604,0.08059028844496134,-0.06490965062043026,-0.04258996510657204,0.059000326340493424,0.01442085031785138,-0.06174131560096367,0.018701535544965387,0.018043633727223122
CILP,0.03351476874562562,0.0044876829743483145,0.02308640036395196,-0.04442339196175806,0.11551902249696676,-0.017348000315136714,0.10811017218293782,-0.08241562560593416,0.0646240959565799,-0.00814788814839672,0.011103637654233556,0.005344197860349122,-0.03250000724652371,0.06868666675405345,-0.12494806141880296,0.03307733927527693,-0.016828801726069435,0.005176079384976353
HJV,0.017657037202871324,-0.011605352741416905,0.02307710719590735,0.09068666503513298,-0.032048311570431774,0.005733664376499267,-0.05758290478225601,0.03814054515257047,0.0124481037809898,0.008354828809125843,0.12332275101977375,0.09267757032922921,-0.0532797483048287,0.0203596642201847,-0.004752172102954063,0.019954408776486705,-0.0002884152635697854,-0.0034973678478433055
ELF5,0.0696548672701739,0.00013894511960626312,0.03316684743007867,-0.05531929508996503,0.0775984337856734,-0.0025512960610316387,0.05137341411159775,-0.02902044213368917,-0.021133665960862667,-0.006735586934812316,0.03621802918182357,0.0159537876472452,0.037589307942633626,-0.012634469359842528,-0.02009473774411983,0.06239418890125458,-0.01800598393349071,-0.015204673850694734
KIF12,-0.019275664638137957,-0.01246733885203423,0.03375448094335471,0.10906296203225554,-0.07108195833235162,0.015259620676756729,0.10844496960084109,-0.07365227008097329,0.0004934804742550765,-0.03901830085299138,-0.08497291367637694,0.05467804901659243,0.10516553913520674,0.03254635971834945,-0.0938760923499108,0.010758704437368127,2.966768703272085e-05,-0.007262405183585335
GJB4,0.10376299193722224,0.024534808852686368,-0.012892437630506683,-0.04060758540676389,-0.043242713832211864,-0.02200933152014218,-0.04257637451111537,0.12567521114432348,0.009703601643325451,0.028199084766322637,-0.04478143600663437,0.09614920535329957,0.03778141207988855,-0.013770871689085907,-0.0062307592933004054,-0.001824376635469522,0.003959242626468938,-0.001715845401116735
SCNN1G,0.06662842219858209,0.0027423578795039297,0.007417195144084803,-0.051874786523059636,0.06885497472168546,0.01743152850523046,-0.01644513727045976,-0.0494119690699319,-0.010297833008250906,-0.023120384693856032,-0.014588246258827198,0.15232578916241304,0.04846514161744389,-0.021340082589179004,0.008905357321319323,0.012411306595815842,0.0238860341515351,-0.01111773781587355
CDX2,0.0003174568149070764,0.008599720226008866,0.02045276309648558,0.022619944962562952,-0.07810381332717649,-0.015336729471577503,0.09984415520174811,0.07258490243041968,-0.0331049682157115,0.022877453197934862,-0.09569203232274283,-0.0002987136875979127,-0.0592089812645427,-0.0024522338742872744,-0.03572395522771061,-0.014813203290370858,-0.027362960152990543,-0.00036373020229190565
GABRA3,0.027546394552302695,0.021431760988745316,-0.025007556082955355,-0.036761036308308924,0.03472183748579622,-0.04125896338376466,-0.035387910947159706,0.06475617097239623,-0.009479269893739817,0.03324597209372918,0.04478845982652238,-0.03868255742552126,-0.010249576767623409,0.009322656187456833,0.02844736555153151,-0.04204933521997761,0.027031655341868098,0.011394850680607745
GNG4,-0.012915900780665972,-0.006117368879349352,0.0016975135627888922,-0.09381031706079464,0.06472304250916737,-0.025530443100002992,0.07246635519954416,0.07632681077437684,-0.03351920621142814,0.019969896800260577,0.08703822350767504,-0.03330167104526551,-0.01288029495684915,0.014043657048368833,0.10726373698610903,-0.01852751331323175,0.0011856176772499498,-0.0021052873377978083
CRYAB,-0.07441230193827927,0.00033087497574813273,-0.04971182163939981,-0.03615600678600109,-0.01846571978558864,-0.010144554859029145,-0.0217696781444666,-0.012358004968000765,0.015045946750934461,-0.0018299127761923384,-0.045277291511553304,-0.12547209028421158,0.1573787475271947,0.0705138805806227,0.055741891912142585,-0.05943053854100324,0.0547982233389772,0.0292148120340342
CAPN13,0.060593873663828186,0.0031570880035210152,0.03124923931589829,0.003728682409675722,0.04329914795739775,-0.030345650262408257,0.13257434807505022,-0.05000147775554555,-0.002318775829816178,-0.013163166038004609,-0.010139425272577616,0.02003072725285954,0.05602882838856918,0.005357529226893061,-0.12273395637483124,0.036680350630244545,-0.031616066058117696,-0.010104891885045179
CAMK2B,-0.11003614558712449,-0.0223536745201299,-0.03458305055947964,-0.06809168863826905,0.06260140572643143,0.00476616344748792,0.03331053744884727,-0.03810075154156857,-0.061395816800098695,-0.030147656935930908,0.02655241561148418,0.038844182798420154,0.02980880541071007,0.05689072401503442,0.07693314583196634,-0.07327820598685161,0.06259288646862425,0.009159245520113655
ECRG4,-0.09252797558602989,-0.013963323340828063,-0.026156650635201124,-0.04520332794278727,0.04890411666985911,0.011644295779244897,0.0783679389580855,-0.08775928695316096,0.014496354327779315,-0.04145166988749722,-0.05075735358008707,0.11881192449884825,0.04893637460004829,0.04999653281815201,0.0745583180415659,-0.0855890275545463,0.09060693626682538,0.003461368781680972
COL2A1,0.017900943521220448,-0.00560952695613265,0.014137359854910242,-0.01502291308848638,0.040397803618952476,0.002542303136447854,0.01005094322648927,-0.028080920906484022,-0.041875762021324286,-0.014811558569836396,0.055826676140138184,-0.004358337431301555,0.014053097926585543,0.018625708622742106,0.0027267419534502,0.036308528761113755,-0.020701833644262313,-0.010441216830337123
TFPI2,0.012275717866188276,-0.009795867296333381,0.006360287418181834,0.0201223582333958,-0.0209044972965296,-0.01071851315489855,0.006183548877187,-0.07226288576216262,0.06702003117194365,-0.016344261981097556,-0.0581054739239012,-0.03507808139793829,0.11651146643149658,-0.021798151131482563,-0.021048965385364486,0.001141029444477355,0.014878365253495857,-0.0019605806612017964
FDCSP,0.05393223026031669,0.02404446118941195,0.006003335367771564,-0.02627263219853495,0.03934229929073838,-0.023975669816063354,0.04565333829065931,0.006274361212971133,0.11963905772330456,0.01354330564426609,0.010889332166035414,0.023872824868446732,0.008635079689454195,0.022995654895347453,-0.03589722431839682,-0.00394177872536975,0.01052583234254776,0.010868361188064949
PI16,-0.06960006785982285,0.0014727085187095654,-0.014953240992451915,-0.06148159316457597,0.08558191076701302,-0.020090344071590185,0.09796737243702626,7.774330509341625e-05,0.012402137305391322,-0.01425070379270699,0.05116003072687582,-0.004720625552315553,-0.004208820602134746,0.07244793838979721,0.01804838398168027,-0.039667865525751606,0.023340757049910656,0.009414395114811694
KLK5,0.06728075370252887,0.007594489417573022,0.007044931525537935,-0.04854830584522535,0.020980377999243058,0.015624315028461696,-0.08989761153355613,0.06553121741246892,0.03734544603225823,0.012615897678873786,0.006219240695805751,0.02944987795040976,0.04111337181221767,0.0553790792351664,-0.0870916248994973,0.03110576555971598,0.0011749584264461128,0.016097048509607713
GLDC,-0.01912170959402095,0.002339970184211742,-0.008023300178376679,0.06298672385965456,-0.020557755503713058,-0.00355864583978826,-0.011550176627247647,0.03131703144382599,0.034834959783060455,0.02602971558837542,0.08069033132500573,-0.09053339802948258,0.08921538227376981,0.036501446656581046,0.052112781213731536,-0.035241993795691325,0.02672327328098018,0.010825953351422427
SHISA9,-0.056163868079526245,-0.009381746511638825,-0.01853643800777901,0.006144695392156449,-0.0021471123054302454,0.005532458197016891,0.04690524331546212,-0.03778360809314355,-0.02298254538604433,0.005221530790577025,0.03264283334503709,-0.11706080012232777,0.09183216980852381,0.05839689574623931,-0.013065970240121412,-0.007958505253126802,0.0009315300291496226,0.006704062461515958
VSTM2L,-0.03741582636960928,-0.029925116346875183,0.017919004555648575,-0.06887821530153572,0.05864086810212832,-0.027767510261352428,0.09735214702619631,-0.032013869475749406,-0.012112255041340862,-0.03845323770616861,0.03942515268646874,0.07309620814963631,0.04723672647836049,-0.02007020473862959,0.10408268296011451,-0.06859701191880321,0.07707337592600069,-0.001247452080011015
APOC3,-0.00044003870578090986,-0.027407297690666448,0.03176302613587635,0.1674297702254606,-0.04497793790706626,-0.009955163701373665,-0.04491533730858711,0.05172665969577889,0.015517364446656795,0.006450086944775061,0.19788623020293877,0.10978166458316095,-0.04779174056728972,0.03122109858405923,0.014593300115736571,0.005556433198534584,0.01372324863896842,-0.0003792947041762
MUC5AC,-0.04889654695346464,0.011512622040158856,0.005437911901545542,0.03667369863324111,-0.04074138520071486,-0.03078503231241117,0.048441086306821646,0.05000413129008045,0.02408981230214112,-0.003371348386774683,-0.03439297660508992,8.554986441332993e-05,-0.022605676402075538,0.01280795826632988,-0.04393506279924573,-0.042655773905991845,0.0172305719179452,0.013577335650994806
CHI3L1,0.051590697044019,0.017048395043611338,-0.005686235653281291,0.00355741769059081,0.04929634003867744,-0.02940077948273794,0.020911077197361586,0.010096556467039514,0.1116829518613979,0.010499650509077451,0.015713542660287873,0.05579765476043913,-0.0075987435216479556,0.045246250997178314,-0.016891437473830925,-0.03280926591723513,0.04315758987635144,0.015622554561446409
FMN2,-0.09672354472118198,0.0005758195095570118,-0.008873365642250115,-0.04919520460877861,0.05689525212538476,-0.04254229758342262,0.05298578441864575,0.05325366494725012,-0.03491943071020561,0.01241253616588683,0.08898274851189454,-0.06797197282958033,-0.027839401764422886,0.03829528944651604,0.06900409832640696,-0.08593965946921925,0.039265226844073145,0.009094656301801094
HPR,-0.045204764146098794,-0.02250046009558339,0.011696351661530909,0.0921499477914208,-0.014106248885308861,-0.017232013337560307,-0.03843590944556364,0.07283012641486267,-0.01369292122800738,0.01864515142528819,0.16623684390720966,0.0024660247569253,-0.03520822435669972,0.051556576392594915,0.029443901074868495,-0.022730174333757153,0.020603697546427716,0.009840655778450667
TMEM179,-0.08955904986364326,-0.005711810015858503,-0.012963494714383142,-0.029160222269629537,0.03258045059174749,-0.036771950198035044,0.0232736796027005,0.034435023210611274,-0.017133271806909125,0.017347827693076495,0.06871012206756774,-0.08882832754069811,-0.0101641958266255,0.0309510878503521,0.06383978334282926,-0.06493585253923105,0.031106837168228787,0.012647220508013307
HPCAL4,-0.08884332244456726,-0.0033796624406740366,-0.026035861229929163,-0.04890288768559315,0.04772414778352172,-0.03262259337000884,0.004859757092725063,0.03451242116334152,0.0002206595106778617,0.015201181146735816,0.022780842298107336,0.019519599259134837,-0.037562582865270866,0.046652741127654794,0.08113366560738605,-0.12983425981622387,0.09678154179902275,0.0232084870074549
SOSTDC1,0.056212425785733156,0.03029348282130746,-0.015938792631791945,-0.0023036933368525718,-0.015643310787328404,-0.01653679602459623,0.03951935293218734,0.020799641366321286,0.022350844783116334,0.018138903357624497,-0.030663005211131935,-0.020051881160333185,0.1279094806235815,0.015005360743071036,-0.002696289782620659,-0.013913868173334083,0.015065446315282697,-0.0003088084287654755
PTPRT,-0.029093486379858716,-0.007210159987476343,-0.00903681339965637,-0.05130117889575215,0.0745194480025534,0.0015946713721900214,0.05616713968224769,-0.017191183732884485,-0.055825386162319746,-0.009448662637285917,0.08509912519058951,-0.06579315981619437,0.037686854500733065,0.048799188002548,-0.03831608756974955,0.016160664866484584,-0.022350953155464565,0.0008874964349970902
CEACAM7,0.0033537472594013453,0.016266994822388102,-0.002254464273962022,0.022890334730926373,-0.06898867344006436,-0.040478981867450345,0.05987033464775673,0.12268239939114892,0.011224531749340379,0.03516010455647594,-0.06609263501301604,0.026414858155384306,-0.02735564852927452,0.004055081681209436,-0.03577615033504192,-0.04508941680110679,-0.0037748734510360564,0.005154286860070799
LGALS7,0.11964630441073555,0.031074419066780563,-0.0225932797070902,-0.08148274367975496,0.02059445031793131,-0.010377943561959634,-0.11562422390314772,0.1063653621002705,0.02698271007003085,0.02100445850860473,0.017405420078788297,0.05744516720299454,0.06938402438414491,0.0015370070241994581,-0.010052800790995136,0.01651021497049779,0.0032632107610395074,0.002647156168668248
CYP7A1,0.026732518703950884,-0.010637357208639302,0.01650437968853518,0.07982178083552259,-0.0431254515129217,0.00523914036934424,-0.05105141415028238,0.061462839015161266,-0.0035122068294295267,0.015112990089145344,0.08152243946143305,0.042754542984022634,-0.03461248230597336,-0.007095229102084331,-0.010990881401288125,0.020322296272608384,-0.012266945598585792,-0.00024398051273630546
IGHV4-34,0.08833641094221774,0.03144505822641844,0.0032962275835844725,-0.03233370610978754,0.035359236156635526,-0.03965710165833367,0.08904942496782393,-0.043023593386981744,0.2570880341994135,0.015919208938706797,-0.004700354394090137,-0.002515672717193806,-0.023303315048590543,-0.008799434724981153,0.01430598395363076,0.017477011037707914,0.005936865506514211,-0.0007052635347577356
TARP,-0.012854766715157014,-0.025770188569906493,0.00024059970125804526,-0.04345101883114498,0.04068610867839396,0.03936465097502059,0.08503873597341996,-0.10498454458003058,-0.006094498793061317,-0.06311172259233773,0.09938688902194265,0.007193215689057289,0.07897925105152989,-0.0572962457595559,0.10090251374260412,0.08108105330240156,-0.04680997390048946,-0.034051891263569514
SERPINA4,-0.028324255114890857,-0.004837629065587348,0.019417646765760802,0.11913873618299338,-0.05742155656160552,-0.04401582217857284,0.013283533370374261,0.07185667940981388,0.012734234047952977,0.0031186542369828554,0.08333928258428992,0.09876833796254605,-0.05775438017834504,0.026170304657407044,0.0023600669622627197,-0.055301508646210265,0.031685413436591925,0.0071442980100298705
OGN,-0.03185935620889728,-0.0026003415910290898,0.012163851474350408,-0.028209878906350183,0.07344051046522578,-0.020865513671265976,0.13571016362897334,-0.0553888953086315,0.015313641274843996,-0.02933564020078063,0.044911351868155557,0.03671660931294682,0.021803424714342344,0.051456085088359936,-0.02479432730795567,0.004859517127804234,0.00022134777450001763,-0.004131623828073938
ACADL,-0.053060567510927234,-0.025326297185546735,-0.030010648118803974,0.05900500357795468,-0.04673786563014202,0.024859681690025687,-0.009872266958476355,-0.10145723583337252,-0.00046916493509701945,-0.043336447981246924,-0.007539097697083919,0.06564976852191778,0.13993648215797436,-0.026768419035133335,0.11324018638717252,-0.018055589870885163,0.04633320139365004,-0.013119294651002828
CDK5R2,-0.08921291478560416,-0.005781743789674371,-0.013520272099564084,-0.023944881254250136,0.023711032577507122,-0.0426920953271818,0.03439163968388284,0.062647242559232,-0.010916122816387477,0.026143109250408397,0.056476222128899856,-0.027755560348279966,-0.049197563105797655,0.04632238288561368,0.03423618849246524,-0.0901138554690319,0.04108516832236151,0.014982930482322123
COL20A1,-0.06528302399018804,0.0055623507549045935,-0.011724171280294111,-0.03677012203454777,0.027618011419717974,-0.03158159153619372,0.010626407165895302,0.06577626975801873,-0.018701205853399183,0.023375586159859747,0.0635186451029917,-0.08161071475624247,-0.012088573610932081,0.030175445444026956,0.04292111673647135,-0.051417420727199285,0.03226787467196304,0.006875422615724449
HOXA10,0.06343385699623688,-0.006972488451145702,-0.015731379317403007,0.002658048999802845,-0.039822718916265896,0.004686357640685617,0.05419414827757253,0.010691601571606691,-0.0586612502716605,-0.0005025843511304166,-0.03289445548756516,-0.09305756774974965,0.10492796657945555,-0.04087933661214837,-0.0006872063752518011,0.08687631386055225,-0.08502095705841342,-0.020118448044958312
NHERF4,-0.013838407623574939,0.0030606790248637454,0.00391975285499895,0.09280172857453026,-0.13064797665145955,-0.024428737195018216,0.07264009899255414,0.037845312263035856,0.012339772607890188,0.018428789278413193,-0.12037934684170691,-0.06122931670053882,0.07700404404165746,0.0036795823357933907,-0.029161425938798405,-0.016108968371912762,-0.010632160883706979,-0.00013804544553038783
PON3,0.017656548221280283,-0.0025137661919322225,0.02925068224560131,0.0686588415925089,0.02195880428757429,-0.048723360372504014,0.019398451138442463,0.025106363133212024,0.07874335085933404,0.008529288925504568,0.08874277477035972,0.12794017385688805,-0.04523274135177514,0.014683863123001442,-0.02328424644709506,-0.052880677276389294,0.048549935583995875,0.009429218723864492
ESRP2,0.14345550954520986,0.001286171968172875,0.03243244169842988,0.025963844479916003,-0.018976178977260238,0.013952672456282993,0.044021767587154675,-0.013569175248289114,0.0029131565096361797,-0.030277019783151036,-0.03931238300474244,0.1758257874085435,0.09422697495671681,-0.023855972871794695,-0.08429457196881762,0.07062334747530943,-0.018760461060027368,-0.018192997226486873
CASP14,0.03318664315713282,-2.8734241631585474e-05,0.003271410943857135,-0.029893381757933137,-0.0071451688349450015,0.0065489729629837,-0.08553086797580002,0.06600483546796725,0.02610134193301458,0.020301243616963408,-0.0262968401124434,0.009459973227923002,0.0060439849099231625,0.019495701070309814,-0.019271040393100333,0.00661073097193992,0.0017593116942823173,0.013311818600227048
DSG2,0.12975039660451299,0.019634563262303513,0.013739649003237289,0.018317634984302538,-0.03810165744303253,0.017183839177200202,0.040897311493269646,-0.035971469269499554,0.021926407863967573,-0.018466162512904425,-0.11290078097454093,0.10697840441754874,0.0935997304695104,-0.03180124022473645,-0.09031880978430726,0.05513036179158849,-0.02455685014290394,-0.012432190359781999
SRARP,-0.024980884259995912,-0.01187309693175938,0.005535067253235332,-0.029954366194673326,0.053008353275809904,0.0015678343904114884,0.06675158407851357,-0.007527982832363676,-0.046503156668418255,0.00754740134110051,0.07058011070026894,-0.05576622147159383,-0.002953885861187089,0.045902853002903345,-0.06585081291018154,0.03694576118107096,-0.05343728193358861,0.008048978119599245
PSD2,-0.1080886147972566,0.0009074416172218964,-0.03028181151222977,-0.05326977025483722,0.04067711446937642,-0.03624868249829853,0.028440649898679688,0.049222115794478695,-0.033153556174493844,0.019911132939138803,0.037348859219570374,-0.10881060774555061,-0.008056100025708257,0.06089226014431021,0.0439177592029048,-0.087637479390043,0.041614428814335296,0.02035501046687763
PTPRN,-0.07556596682110145,0.00023568434816806133,-0.008259763565618914,-0.06408229654180765,0.03853499754178034,-0.0674667823453202,0.06391064035342783,0.07140090990269933,0.01885472531673857,0.03216154548166583,0.037471739158677395,-0.0829160431951769,-0.005837910376873243,0.06122327867351254,0.024307473734170484,-0.09312738671316641,0.039784114752256856,0.022709676920119905
CDH2,-0.1114395563595575,-0.009897338949185638,-0.027115595160579712,0.05667746366159234,-0.011202170834253112,-0.027127247630121407,-0.001021775046785866,-0.022223493401333574,0.0534491798940529,0.011831622434208489,0.028041456941996404,-0.050501664844156906,0.04313157462085062,0.08624168687328686,0.05009819694926868,-0.09862918017357711,0.07830631874043882,0.02436016782234447
GUCY2C,0.001820562147387694,0.018324442957728265,0.033246122553199475,0.0497731005848507,-0.09146825393156113,-0.03172616995026931,0.10039760629060937,0.10693836215013057,-0.019072894165664826,0.026714261584588207,-0.05251427159635709,0.004181408905283791,-0.07926082912390824,-0.012201934220374567,-0.040747793051038025,-0.017470865724847556,-0.03438468768234405,-0.005716112643561831
KLK8,0.10011096762498553,0.03230757387055262,8.280813978474417e-05,-0.05655455028911946,0.0010593174156187256,-0.014001404031036677,-0.06491912879345806,0.11702895020112458,0.028536211075399037,0.023428379591852917,-0.018958721985758237,0.03182928658433315,0.050770671307549024,0.02075471040445534,-0.04130805096906875,0.006712630833189982,0.020652055262471807,0.002538708443417604
PHACTR3,-0.05240704773436212,0.011360550492074245,-0.008739902518615275,-0.05507949662793303,0.025363171454323645,-0.0781738000487403,0.07832043232405797,0.06950948518152773,0.007860143600821531,0.028462900280515433,-0.021525290174692607,-0.04016192887193009,0.00558716785639234,0.032632116089046925,0.02950351381421004,-0.10725734380602481,0.06849867610031603,0.021895671968165335
AADAC,0.02953841271140412,-0.004537081908992001,0.01283503816436211,0.1060358264941364,-0.04345180454352705,-0.03978873737433848,-0.0025242765000824865,0.05937650133931433,0.009094962993808504,0.010491909389630117,0.12864676694614854,0.1015094477113245,-0.012604170082097596,-0.0055773446527974824,0.01589655644652408,-0.026795630431582812,0.018849599490623547,0.00020389926721074133
SYT8,0.09783502522380592,0.013000676671337768,0.01528302788053491,-0.0331072635647788,0.02057783236616259,-0.03369644742174579,0.020581184183928576,0.0993152003560669,0.01124916441808902,0.003918530334256977,-0.04676980416672077,0.08706680435131287,0.03801685871342972,0.0006252817987822354,-0.07577600143076567,0.015425955350224124,-0.010180923347542246,0.0034478221601951914
HOXA13,0.018415361520189154,-0.009067796857800852,0.010930282308369982,0.012546743886934539,-0.03637568956531519,-0.015144063913621065,0.09086342886144871,0.05803886208685993,-0.07887402835948393,-0.0018079625525396488,0.03491930877924322,0.030210015207950046,0.001231144513988529,-0.062104274504297896,0.08186799881408977,0.023056883935054204,-0.030856434546635374,-0.022633209866918337
IQANK1,0.16970630536687967,0.03098543160256778,0.04352518104729718,-0.057590504204899126,0.021064941304304842,0.005645948558470411,0.070878278215657,-0.006402623357362109,-0.02082728239149355,-0.020562655991230798,-0.07505712519962225,0.09970126344234907,0.09911368805857398,-0.0211911527390864,-0.08835265546340602,0.067459999910596,-0.03477991448240188,-0.012698163361237219
CCL19,0.050562408499567266,0.013244357612630032,0.008766740214870967,-0.03799484434642527,0.07352411210881656,-0.01904058794684718,0.07561875069922448,-0.0545116061574144,0.18057188186697307,-0.00950166971040429,0.06754526081262467,0.053900377401259296,0.0005940625175509212,0.00897583820019085,0.018885795874663366,0.03001281629463403,2.4080006914399056e-05,-0.0046092265904449535
TENM2,0.06276200758619081,0.015596640669135187,-0.022507811770310093,-0.08179869148720602,0.033071205147260745,-0.012664598701299244,-0.06896153502042235,0.07618489353714676,0.02153871144516596,0.02230672449856168,0.08448816957698078,-0.005784827359746622,0.07309054149900478,0.04980989531680954,-0.005498418075699481,0.014839403683197392,0.004345224088697288,0.008499218387684446
CLCA4,0.04028625862990069,0.01347555499897735,-0.025847159461906348,-0.03190379683616311,-0.027836227722986488,-0.009180426709416215,-0.08943759659691287,0.09237202317858559,0.004778055724482065,0.037552520528542854,0.02400933463090076,0.02707993904462196,0.05136085667416318,-0.010874539307622465,0.02771905154426739,0.0009073665753752261,0.002590754133660461,0.0023411006881543183
ACTN2,-0.046929874732191165,-0.0023662178738081763,-0.015315605340038152,-0.019374718556594915,0.04041624642003543,-0.04120727605049212,0.015224346864061987,0.048419197374508664,-0.01395312074969531,0.013179483784952305,0.09585427939862132,-0.09392315148142687,0.02450389059247041,0.052370020147029725,0.04280695402050704,-0.04297858796817912,0.03008423710047315,0.017100062701207286
CDH20,-0.07370150807338192,0.0016241992657769347,-0.02396263648830297,-0.038952659690505154,0.034425953862799674,-0.034109791873589014,0.02752675742435476,0.07409127297287123,-0.031233599479517853,0.02281946465017661,0.0525052716066731,-0.08103406310865596,-0.009123132743586065,0.0428348804413518,0.03427321025260914,-0.07691825683546964,0.03783346293724345,0.020937981585175226
SHH,-0.017057095384650407,-0.006549753733790901,0.0208727080127731,0.10397606620838831,-0.10811932936652463,-0.040633495910823374,0.08470978992075424,0.053146358157175735,-0.013191765660490363,0.009059280228821619,-0.007727185022697603,0.001897067504023785,0.05456494713994914,-0.03029981535064049,0.025987766795959582,-0.023716305444989715,0.00054346784025445,-0.009861193073599634
DIPK1C,-0.058462503663154634,0.01703446273540741,-0.018713497781681777,-0.04738748661822819,0.04458457320098637,-0.045122418797875825,0.043260819418645964,0.07335609417906507,-0.03914844570816441,0.017430194421379813,0.049605682829233756,-0.10257000312017889,-0.005334015557375648,0.04479037658445985,0.025908196250793707,-0.06429783885345931,0.026256620809397786,0.018654114757666863
GDPD2,0.008227044099905371,0.025583566754071585,-0.010002185471598039,-0.042220614422329605,0.003745037928575289,-0.04926185587497523,0.007074741263371078,0.12702390582908735,-0.03544523263865776,0.03891999196221962,0.04709416849243677,-0.03628302932291678,0.014282092827109922,0.030555415180661006,1.7246873689169643e-05,-0.036311537537223916,0.009440741554475334,0.005904547914954979
DCX,-0.049745767200288796,-0.005228516714951664,-0.015399408102308363,-0.06511722105772441,0.055587714284491864,-0.00529104161490538,-0.014610442082158242,0.02259492744271859,-0.0302626129779519,0.013012923765517222,0.03502521415825245,-0.025751508615136386,-0.0674892206568154,0.009166058438938526,0.052336960830174487,-0.05739655242065724,0.040905007090871505,0.012245122323677882
UBD,0.0832399423213616,0.004620387458063192,0.030149911194154583,0.09143187362595935,-0.04024680417310502,-0.025536460450183724,0.0783126875513507,0.019565447392392528,0.14587573944056412,0.004527252807661801,0.05002457614859142,0.0004254920614478371,0.0454089546455066,0.0017363130071557922,-0.02847913290984064,0.05305243109598188,-0.03329318802341802,-0.0028584299951407923
SULT2B1,0.12097632639814322,0.012567955549247856,0.019035068512787152,-0.0935197542826821,0.026889395098814696,-8.43609486528402e-05,0.06109942525910784,0.05940579484525848,-0.03389932723957986,-0.019250071829218708,-0.040346032655670806,0.11972647729742564,0.09680002269493806,-0.010426331329660121,-0.06327470363989574,0.04908958154336522,-0.017163456874488024,-0.013973703070798038
SCGB3A2,0.04177287668664775,0.0164201051159171,0.016183976232665084,-0.018120954143145608,0.03769751262592473,-0.035583275623307646,0.016473180253532185,-0.04342765106620592,0.07202160428815607,0.0014483790419224259,0.03964321519348749,0.043918891829116964,0.012620440055918468,-0.09641475208914925,0.060754328480766846,-0.030321038908692994,0.04100851486890884,-0.013991355307075739
PART1,0.007918125756942705,-0.01030028623017669,-0.008052140588715272,-0.03831487646071063,0.039131121007617585,0.020616237338866975,0.048266717183494054,-0.0013594844954356294,-0.09094987865165542,-0.02832418169491801,0.1076307564703322,-0.0024506707014661537,0.06266433595669961,-0.029761021588285606,0.06230940536905989,0.039477092263121585,-0.02461472218318244,-0.023418978510997536
VAT1L,-0.11597864396819009,0.0029472543852440527,-0.01244110731962093,-0.03572173623667043,0.018035509664533652,-0.04677308783616396,0.0659023076219078,0.04718335103165378,0.009650022137427624,0.029355061577386366,-0.0015785831231468854,-0.029492835087645306,-0.0810167703882397,0.06088039340476707,0.031008157975950988,-0.1279520293946852,0.06810374845970642,0.026442332572442946
UNC80,-0.07100824000970182,-0.01903313433083216,-0.009087340086274102,-0.05070087393215113,0.031039917160859753,-0.010741040109251464,0.03464813237208137,0.04658443833639995,-0.07804097098503068,0.007930514715788836,0.07932901413915168,-0.04931110732311438,-0.02598939144315724,0.004139302820341948,0.07149043740086779,-0.03859958920489191,0.0022783646187984953,0.0006805887337097266
PON1,-0.01785669251210845,-0.02515799020472335,0.035292209571666594,0.10202816321937834,-0.017915414552740056,-0.014085933119081294,-0.025029322072169412,0.059468628547434156,0.004492461311546455,0.00440722306207067,0.17258400532058457,0.05238638053696874,-0.04075036337760705,0.01070218600494939,0.029385732560952175,-0.0004340077030715294,0.013423841888666011,-0.0014373210090118263
HELLPAR,-0.07891296885510685,-0.028046071980501377,0.0022839630005718078,0.006594186914079278,-0.016602246684435162,0.014063100701399543,-0.025391142318971226,-0.016882307791691385,-0.008421176204230984,-0.019942067306301672,0.003434189492134522,0.02998732416282404,0.025894840085032043,0.010157571846726363,0.05512385539415139,-0.042069554742166684,0.048259505541549244,0.006851069070485675
IGKV2D-28,0.09002703159706124,0.03561988364738979,0.002865208494147437,-0.027249363398125465,0.028957000421271046,-0.03877020996102192,0.09123116110426033,-0.025846164647540082,0.24715559386120897,0.01360338341499212,-0.01091083909152529,0.013860139221240613,-0.03257569901313548,-0.005571776437698768,0.0014793403241390066,0.01641971273459928,0.0009856020760657942,0.002084071224691044
GPA33,0.010597815234214433,0.01754229613074761,0.031074175440063936,0.030240845983784553,-0.07830227351982502,-0.026789357460238444,0.14331005009309936,0.08645279298709221,0.018860479019567892,0.02377384152047914,-0.09786913327659441,0.011816629558469788,-0.0701643560469867,-0.020368709764682188,-0.05821965743161405,-0.020720493802644527,-0.031892055426859085,-0.007886701499566082
ALOX15B,0.03622185218619318,-0.003822249785678167,-0.005655852827784742,-0.07592199557918455,0.06727732354897292,0.0007318652917213827,0.046256770745650315,-0.07015929452079915,0.04458063169097282,-0.03467815362495588,0.006910871944037497,0.10265909876127721,0.09678466364088438,-0.011489858428761164,0.041489312198411524,0.01047759776725743,0.034983834845694325,-0.01032840640513419
CDHR2,-0.037674812373141,0.007694647055417465,0.010473415714191284,0.10845106888090782,-0.13119218548375725,-0.05543314935664518,0.09733394293465654,0.09560281118295892,0.011557896670194088,0.025610067300970384,-0.059094212661756414,-0.06801233122280956,0.062400534196752705,0.032655071819419956,-0.037998016611860815,-0.05449087642471831,0.010766660235955463,0.013914433367516266
LRTM3,0.010734558586186944,0.0018988877122369397,0.008123346690071108,-0.018591670260852098,-0.0003161847097637431,0.007410419845639183,-0.017027763930710454,-0.02452702644652122,-0.011566484940721837,-0.014646627498482695,-0.005210604340920396,0.08707842859800656,-0.021937436596917465,-0.0476001043989033,0.010088544569463913,-0.037275170220546924,0.016438448234558364,-0.012727432081690387
KIF5C,-0.10765822733867897,-0.020397173138221647,-0.011902438324536137,-0.08668240823723986,0.10841667965326277,-0.007490805942401029,0.11914586205810068,-0.04101026402878129,-0.07263906352761988,-0.02051223110432299,0.08433358126335272,-0.07122196815496398,0.015324745302439446,0.0511612717705122,0.05475947786597432,-0.02583364780369987,0.00763832314966431,9.255332778824978e-05
NIPAL4,0.0957038605533261,0.020070025433112787,-0.02743418306654786,-0.10506077000316275,0.032880212707200956,-0.012086398544284213,-0.08979630030238203,0.12732491191187337,0.013134702846929084,0.03292069759293828,0.018161977512939437,0.025937289326551687,0.05234159531191849,0.018591501235609525,0.02168464115233837,-0.001115872007951398,0.014660534023820877,0.011088443345374102
CRABP1,0.0020621493218261305,0.020288820927785722,0.005099421240400541,-0.025091065219675066,0.06472483883355175,-0.0009948216206707651,0.0189057898849196,-0.044475338190794925,0.004310153259268517,-0.00764051877418852,-0.041391415652449894,0.07062958035065335,-0.023215080423044303,0.05391892456481503,-0.016136191595745444,-0.05342469813553568,0.05959422839145327,0.009963677589085375
DKK1,0.09303817733254542,0.004701517710800208,-0.0006586453350302952,-0.04517094863312385,0.02807445905673314,-0.04038434146679137,0.005341499751397324,0.05917005573597751,0.02790394391801511,0.010508809600936468,0.037959296732940295,0.03940843092116494,0.05486300661669785,-0.0021300010936053278,-0.020598283832186825,-0.0002921087472238214,0.008502401813345804,0.005436355967143086
MGAM2,0.014676155135150365,0.019640195577030433,0.021615053213924422,0.04515693706609275,-0.058248424773117286,-0.007704324023260665,0.05145394587118152,0.0768448020178226,-0.015533034867034766,0.01152246168130965,-0.06819791157902769,0.011017258084248365,-0.04715787533909764,-0.006121868438170637,-0.04307690727264045,0.005837942909789101,-0.024795779204783146,-0.0024107464288305068
HSD17B2,0.04549556417355901,0.004922676878329872,0.034079159635552594,0.10561460067333164,-0.08289911217621755,-0.053048814443064286,0.0404877426217878,0.12926226832528986,0.016535330537062423,0.02308728299369037,0.025704613382588302,0.07808612315067201,0.023290305451083106,0.02236799566713035,-0.05738687697809764,-0.0027098315453921375,-0.002128047822251443,0.001560861141768791
IL1A,0.10892562461357687,0.017065455316603313,-0.01393741056366854,-0.0766525676775627,-0.003327460253351895,-0.02665256692654118,-0.07040129298583515,0.14916404322441096,0.02858876419772323,0.04677161131076455,0.002824330444933306,0.028982999281757984,0.030213275758924903,-0.01095000462170859,-0.005730327554616916,0.0011729904191711974,0.0006491769096837788,0.0029897791649988363
ADCY8,-0.04216232188218685,0.0036957837331316437,-0.0228425380127684,-0.03231461266258325,0.0155429385272448,-0.005780961378110816,-0.005531381109587925,0.06423343172727992,-0.02134918679973948,0.011329181694325034,0.015779453874199913,-0.053503002199977064,-0.01674739259383295,0.014680878586899569,0.03138137681712818,-0.052139977178315776,0.021732474247503197,0.013010513952093787
MEP1A,-0.018339314277027285,0.006366449213932869,0.02674480155124056,0.052881697500985765,-0.0777764557888937,-0.017830964689356125,0.08715245261579994,0.07701471190116894,-0.026411299300966737,0.027982501539858415,-0.04156042308528343,-0.0008030232052441515,-0.08717964693111496,-0.012367988290632603,-0.02046245756047816,-0.027736449836101643,-0.022729933599966487,-0.004625567957553575
CHP2,0.06685362323647652,0.006572599115625104,-0.0012351011019448017,0.003886808983103748,-0.030915524407445532,-0.011633598037746435,0.015677876208107924,0.07920863205933082,-0.025058344995019237,0.023645844264604914,-0.00665173142474383,0.03277861480529413,0.0025738988148333026,-0.023772205754939726,-0.001702469493996004,0.02065177739541832,-0.031111594026510987,-0.013096728278749954
PAX9,0.113305514683758,0.01634895283722474,-0.00222640703604046,-0.09500026470433667,0.07013739135574636,0.010434883469698241,-0.0062573742019878306,0.0026379629596136257,-0.008600800351565857,-0.01557204180467236,0.013914362322398049,0.10890606381166038,0.05103606514533835,-0.036527188882280445,-0.03861600587811427,0.050045247090659,-0.015941850859522353,-0.012338486600183777
CDH1,0.12583605043765447,0.004512920257177637,0.026983388598353877,-0.0011751017683003916,-0.013762112874739342,0.010527747293903772,0.053242245349295364,-0.012217105657715522,-0.003540888646412644,-0.029584097037817735,-0.059651737869525386,0.1634984850984407,0.08370208096628029,-0.014473851370627224,-0.07129434960611353,0.05259149393817242,-0.004788285568357733,-0.015409414252986215
TRIM15,-0.03816944940012133,-0.004250231550872941,0.019751720343436037,0.12211425194939296,-0.12432622134247545,-0.030191748291761418,0.09764341688813748,0.0782098286692996,-0.013467927245169587,0.012447753926358272,-0.038124901549244486,-0.03905497720690162,0.023186318614882313,0.008030767131939036,-0.02385089563554779,-0.02156137488151399,-0.017033663581950187,0.0005147758264790782
HHATL,-0.08485071120981473,0.005606870513004067,-0.023748373724426262,-0.057668643595579994,0.014519080483820617,-0.0037942651615968646,-0.02906075528135083,0.00910851997976442,-0.022790709036022278,0.0039087183151156005,-0.037428941505331687,0.026273395272624938,-0.0619441731524907,0.02825193611700311,0.05756927932468237,-0.09313399377213058,0.06980402161798728,0.015383283030766621
KCNH2,-0.06703849801532724,0.009309526870565112,-0.007433636240803789,-0.04509856619060076,0.029010230548241478,-0.05427783583527735,0.145130301196476,0.019267139786124977,-0.03585100044253423,0.01109077499267964,0.023978707835900007,-0.102726366288997,0.018262283908075216,-0.002421234561268805,0.07793868283880018,-0.055135023872074466,0.005012472721752698,-0.004549071715778669
PHGR1,-0.00850493664833716,0.0035001757696459506,0.03487834446901733,0.011035818587355185,-0.062084119645237655,-0.015117530771225667,0.15817953777907104,0.07497705107808394,-0.07172392151478421,0.0063699410396826465,-0.06524251926295013,0.012666850319669099,-0.051881493340393,-0.009168795109891704,-0.04704528148486648,0.01995295431135996,-0.060700385764961,-0.014054285540514796
MAB21L2,-0.027737407980825555,-0.009911799840325385,-0.0017744659692485124,0.009951043116407153,-0.030031177610486102,0.004840058605531125,-0.004132630534327434,0.04057347100694913,0.01600593977606689,0.02435151618402709,-0.039058857172116844,0.055688363363620916,-0.05410704823726763,0.0024010932713615716,0.025789054964182503,-0.06089657261085852,0.028624864661184107,0.004776835484912463
S100B,-0.05747401246043782,0.010725080246284704,-0.020677433477379187,-0.11737923469900446,0.08820043518794327,-0.05091009291783301,0.06014354368663969,0.07722467267057949,0.06655893814816881,0.02337389765640743,0.042088990582533396,-0.06781755522238829,-0.006609509298572812,0.06333070424499136,0.05212999031148155,-0.08971747131011848,0.05412863613072493,0.0251106092400972
KCNJ10,-0.07463291422696687,0.011765759217512151,-0.028197516952498444,-0.050769470139061045,0.060123683560649205,-0.039415756725973354,0.06737217102534786,0.041673876502146705,0.03404985399918459,0.017520598528040707,0.05289965303486615,-0.13613870030798697,-0.039397553902097836,0.04577461865928867,0.0584329914567539,-0.07025035442338701,0.029363925449406105,0.01860161573639403
RBFOX3,-0.06072305646019462,-0.005293041679136434,-0.006711952489834732,-0.05231311147556278,0.04096099042412645,-0.017388377609566335,0.0787101493087045,0.015091677543523096,-0.06377052116590227,-0.01408204840299601,0.08321005005711861,-0.033378121599500606,0.03244948942166979,0.005702853892579009,0.08917310466548622,-0.036180878354200835,0.01769432133309496,-0.008522879739261259
WNT7A,0.029905600429174038,0.006997391327038809,-0.015121870433475964,-0.05677608794379761,0.013511553066717103,-0.029148963545537605,-0.0447712297305653,0.10894525238636812,-0.03324215468666685,0.0244542277481238,0.009645435264016983,-0.00012679853273389052,0.017530793748821813,0.018446226014832666,-0.0004062827755348682,-0.04410428025838605,0.03836026489588813,0.00407123104573061
KLK1,0.04347645743967456,0.018583157713276795,0.006091540052251116,-0.0328134815018373,-0.04689738075853696,-0.0019283413075781772,0.08103145179435076,0.058237720318754044,-0.010021799209353536,-0.0024522571815781607,-0.05792906704853632,0.06004675181374403,-0.017984902739507737,-0.025448824628202225,-0.029918073895713132,0.009719147649735015,-0.021064354464601906,-0.01244265155622336
PRSS21,0.09716276642227503,0.023294865257544723,-0.0023033026451613915,-0.033030812384234165,0.03686972571357846,-0.0291643604938063,0.02321589439746101,0.010076190922575817,0.017298707168264982,-0.0013265773307275998,0.008429023056688202,0.03735029729473002,0.027620841991229786,-0.027005790915921403,-0.010751809710053174,0.01590824980327399,-0.007549208766573842,-0.004602943598774256
ASPG,0.07943904833721721,0.009940244384089612,-0.013338677338674488,0.030474606658199555,-0.057735883756889345,-0.005645717692645323,-0.11952038904121261,0.09022917957199118,0.05411805512917427,0.02555315538469974,0.028647009359366222,0.04102557327066462,0.0852392276755435,-0.006149834466218716,0.015247891754016078,0.025719030477116,0.006031773647735745,0.004877633353206543
TFAP2A,0.11889553912907536,0.0221863800389551,0.01629313644378956,-0.11945629627352525,0.09869427976346405,-0.005402750243925914,0.03306054086957661,0.045023140378527095,-0.034545040893306525,-0.0014014003682916874,0.03996438557438284,-0.024843084258391206,0.05235438905698796,0.023203161624494362,-0.12707433530181844,0.08686568350045527,-0.06475014840787345,-0.0020868325061723326
CADPS,-0.09845122105230948,-0.010135752446207288,0.0002565141924752677,-0.04914797099357106,0.01922718137640086,-0.05126422172134364,0.15185114162192417,0.08361559606062215,-0.04894412431966349,0.011707531666375313,0.04868448597083232,-0.06905762950983625,-0.016930531608890794,0.04204596713700129,0.05064486349338347,-0.07734645050192682,0.013926801157429395,0.005008586374886048
IGHV3-74,0.07827163668570332,0.02901886062803877,0.00786659398287694,-0.02872239414159793,0.03822656246694459,-0.03995142910157043,0.10409217673961006,-0.0459303178974395,0.2507505302865832,0.013319144768122251,0.001078661122269558,-0.00798650198077723,-0.011635320358251204,0.0021929971856593008,-0.0023002991290740665,0.025687322152238658,0.0004127017633034944,-0.0002548705738671594
BAALC,-0.05313320333288646,0.009992062035302092,-0.028050627812745577,-0.06772407440985062,0.06746125381088296,-0.056175557588012764,0.0018407627096087714,0.04422767843342616,0.008419489356686884,0.03070534180841264,0.08836884211113383,-0.10051970752763155,0.02254474949120294,0.05310826366422759,0.030401962900501716,-0.09028382431900878,0.05214962455387873,0.024976311562664773
SERPINA11,-0.02552868351493309,-0.026143624358361088,0.025745815658839117,0.09153365346536874,0.014475270587833088,0.01737933104108499,0.010337233237967315,-0.039370355742320895,-0.04138625167930893,-0.022030271762284566,0.1303881982697928,0.04733498184631918,-0.02372367865191967,0.042941718569707646,-0.06624386796642522,0.055389141675332404,-0.04189403841763857,-0.006209646549608698
PADI1,0.06327914027037339,0.00070478927736782,-0.012397334338463831,-0.009235100755458862,-0.0387249351684256,-0.02555548846829951,-0.049988188335836244,0.09247818434900815,0.025572508176787183,0.03565389307246386,-0.03745479931254357,0.036222431975834475,0.057455857180544356,-0.014366430452372542,-0.021500167260688013,-0.006111195051302498,-0.0007894897957202087,0.0029669374188352722
C12orf56,0.11120565968544727,0.019259310787932648,-0.015230414674327475,-0.02016139278784716,-0.009184277403368678,-0.008613518263975885,-0.05757585074617908,0.02778827071583906,0.010122427127605705,0.01019550431029771,-0.011770999615630915,0.04448893376632658,0.06892337694929722,-0.05141674415933953,0.03476506688682257,0.018156879002970455,-0.0006113482714306076,-0.007908121830307726
MB,0.05328065274700056,-0.02420857763317914,0.026533004984584687,-0.07808607865827523,0.10444746430977105,0.014715445141554397,0.0770331890300919,-0.04480615896919492,-0.05191730842853941,-0.03393377498825809,0.07788559167786584,0.028290397658338025,0.06449372794241857,0.01793820921161252,-0.06347087072500282,0.07920275089494917,-0.03966714025538704,-0.010604728575602093
PRG4,0.01212909833465771,-0.015730900180211838,0.03628648847263966,0.0868289877650079,0.026433400083722417,-0.02669752350909705,0.031223418459736824,-0.006858981622391098,0.06628157516394763,0.0041401104963748065,0.12224799421097592,0.08444270453038762,-0.040949940455049724,0.041575771403606604,-0.05709079777757234,0.019061497138885202,0.0022426096533856347,0.0015116320485869241
EPCIP,-0.05795913961123227,-0.01010703654310268,-0.024407579181309924,0.01614699624783868,-0.02386590401648335,-0.02285521456357914,-0.008219433988951282,0.04210399970406288,-0.0023052015126466085,0.01326667038550578,0.017920691813026537,-0.11329797041054238,0.08489845074599528,0.030007879657145783,0.0368874502365397,-0.04648711480481099,0.011391645975531425,0.01386594517974948
SCNN1B,0.11324457495865362,0.008171481011414641,0.008771473432050514,-0.07057247413622156,0.07975139003894159,-0.010734088617835338,0.016146022493332527,-0.027262518087942847,0.050381956797535515,0.0028803643047783166,-0.02710223967299639,0.11486151786473532,0.04294935922354422,-0.01748211346851479,-0.031985257418809594,0.023908737320708678,0.007464617652308585,-0.0042358376172872405
CLDN8,-0.019416055769338053,-0.015938934052324768,-0.0062075596895733425,-0.04816444013483667,0.04594999852679744,0.039396497703539105,0.02859569442012547,-0.0855383172880554,-0.055664701191125286,-0.0398437235980281,0.03955995082522802,0.08093106028518834,0.021285764768695467,-0.010368068890136068,0.03950439027880962,0.02065565940158774,0.007418885947045136,-0.015820280149103604
DCDC2,-0.05094699913141676,-0.01507797020203352,0.000987228960940578,0.10670880656174944,-0.05148741872604456,-0.005966513230371373,0.07526680479816591,-0.08657518152057425,0.009438466579982478,-0.03138350960648613,-0.07484721097847596,0.06302577084512025,0.10491446625863914,0.04015413078383695,-0.0275182161094835,-0.0474392992075658,0.05388277387258705,0.0035838636277310894
LINC03057,0.03796714650174178,0.02311244370298292,-0.0004204775305815254,0.020562619327159,-0.095587368032555,-0.020238765419496308,0.0405530555565667,0.11201546402299287,-0.019342897612678267,0.031742961479902854,-0.09748393930929906,-0.03664177187096929,0.008920614873558006,-0.009093466022485534,-0.033586519037814865,-0.02369024413763008,-0.01300658980900469,0.00662696363536667
IRX2-DT,0.04194349925822158,0.0034882525200188104,0.006025449633543863,-0.09463066711004614,0.09039840322086998,-0.0013180876674675035,0.03662202334278892,-0.020530429817843768,-0.026684796687168697,-0.02640386452661703,0.051372098033474756,0.03793646669559047,0.049577418979445766,0.012601879780625559,-0.023508701955904605,0.024044568585544764,0.006318048459841909,-0.001847062523065423
ESRG,0.0025464193565291823,0.01726991912590392,-0.00458264493295689,0.015890519450492913,0.0033348723457716925,0.008939392758520442,-0.04321588125485131,-0.021425914762620464,0.0019884318406594432,-0.0012123574026604836,0.011995201224995679,0.01831277210283476,-0.018043169109435125,-0.016138726255108784,0.03051458820334593,5.689136663109453e-05,-0.0006494441907386111,-0.00743233746403217
IGF2BP3,0.10290988603155295,0.02836665807105698,-0.009435604647960373,-0.017974964178061693,-0.0012815487822914061,-0.055421359705041834,-0.015994303176672244,0.06983343983715123,0.06874598991284701,0.024596744817687474,-0.013424846060488401,0.005125472888159863,4.4648323598826016e-05,-0.03398765300510949,0.0029799180487500706,-0.0376084526427695,0.02702946593541126,0.005978094266859096
ENPP3,-0.05663818501018742,-0.031342638099419,0.0012383260426136638,0.07769239767429277,-0.06341301863662958,0.0037192327400130494,0.06339228143976475,-0.07783894322454814,0.038365812542715046,-0.02017072561589596,-0.03788687884216908,-0.06948954486224909,0.13142211655439498,-0.0005099475281023276,0.024124012180023992,0.015070521735305322,-0.013390679116118059,-0.006116743173518843
RPE65,-0.05571148497937387,-0.005847235968311662,-0.016250800825099877,-0.018576071866312556,0.023678164601350894,-0.005581998900904897,-0.006311108498480426,0.025267379837641123,-0.04164808930213167,-0.005326637557442569,0.041878490996763336,-0.055323265972809364,-0.009133668136873496,0.0033044810063162186,0.05202177111382828,-0.035066412812055116,0.018127491543526043,0.0035036894367998094
MAGEA3,0.05891334032914112,-0.0027307834221958595,-0.0030072328319596473,0.004138186375200277,-0.00521960822689821,-0.022701764364747024,-0.030529964999474503,0.01610382147724189,0.005656907904772901,0.021503116695710582,0.0031407374888805643,0.016640206747491407,-0.0009099957975686329,-0.007605274948944058,0.0028523994424305144,0.0158113157864831,0.0016498747263493756,0.0027921720196808163
HOXB8,-0.008391916060210749,-0.0011382410416798641,-0.007486222258722594,0.032389859700435154,-0.0761194595408341,-0.014197507286115848,0.06050329477501912,0.03361710414718561,-0.022154919301193367,0.025031094310059312,-0.1102754889919901,-0.08751150595992564,0.027417649111807905,0.00047464897471126405,-0.04856104446138036,-0.02032454003453023,-0.023022251681000687,0.0015483338120378953
SPP1,0.02583643808593905,0.004423536968895396,-0.014729334048886305,0.0368743182962871,-0.02150939695812834,-0.04072043743930347,0.02133831544099009,-0.00796578391713062,0.0628932068640383,0.021273893257482263,-0.02684075055709252,-0.13350341148960929,0.133751086579941,0.03857260665071986,-0.05445537709218366,-0.039871557057688245,0.02448573696272402,0.02191572871275044
PRLR,0.0275173448103928,-0.011441753064982397,0.04663174371761575,0.06939521066307323,0.005799471720630115,0.005844552720222028,0.105947663538176,-0.050257132435116585,-0.005429341656626762,-0.004090430428360414,0.03820658429181199,-0.023847813355163103,0.022585799243065724,0.06780703030353268,-0.15737744862656047,0.08186688945074498,-0.06866120793511503,-0.0006357190538141775
IGHV1-24,0.08225519306555792,0.03093967662116808,-0.001810488745944553,-0.03846621269102325,0.04314254678888607,-0.03889746749623178,0.07122622936875976,-0.03394421884052824,0.24644550698716447,0.01788864291495296,0.009216670481765655,-0.005377074098161378,-0.03139259107973943,-0.009452601682369386,0.014986840675813112,0.015999969405120225,0.00025317592438156187,0.0008419616084968884
TMEM151A,-0.0834374593684768,-0.004167005600935456,-0.00890734249243,-0.018682269272082032,0.011938786386982843,-0.060562092091973524,0.06948699773805891,0.08137680905417881,-0.032925085990874556,0.022261072196849026,0.054608131631323824,-0.06936070583829716,-0.037696651041923115,0.0395226517252926,0.024628931204763848,-0.08525621212792006,0.03138817198279437,0.02003430262882043
GALNT9,-0.11114045756984818,-0.004177102545245646,-0.036972919737820326,-0.0017267900394951625,-0.02695195937297088,-0.003972513605681004,-0.006872030212956129,-0.00884809338786205,0.0035785963054672837,0.0021829075132701707,-0.04470740374581503,-0.047789694525404235,0.03734270614897859,0.027670256892164284,0.06761358544487008,-0.08717986626715044,0.05585313508714427,0.01567887914827673
NSG1,-0.0069432938797556005,0.026574503210581593,-0.03096286502350948,-0.13610952951914043,0.04346707011972801,-0.026288190970112445,-0.0026181423811455075,0.09812750877802397,-0.003620562805440899,0.022980170260736243,0.023078718361698468,-0.0209741635795326,0.04257230199307937,0.02252291858534975,0.07372962869433389,-0.04037746304536472,0.023869885527745854,0.00483214203624903
SLC2A2,-0.013317077513665095,-0.02514521333886658,0.014853658680091258,0.12719122450362483,-0.05703865907898638,0.00972667207032581,-0.057257217123581325,-0.020042279429190585,0.03836796631920693,-0.002615600152408461,0.08982485594854771,0.027292211276709284,0.07049946281768016,0.03316762138728948,0.014741979961008844,0.021520292408078172,0.010905790908427847,0.0015163758231856652
GP2,-0.010994980600357489,-0.008516021215731898,0.01355223892414252,-0.010137237901844722,0.04025665310462823,0.0022702124377371614,0.10588885689339674,-0.016049576762598817,-0.0532881528449856,-0.03730660433554088,0.04180858554648049,0.04030603483109291,0.02123356458779935,0.019418199296231196,-0.051068008701087846,0.024107518913301592,-0.027882663882574377,-0.00862905483486202
ENHO,-0.08245596536259268,-0.002912286199436745,-0.012212893432053248,-0.012904302637965978,0.07497710775361632,-0.021120489574777176,0.06834142595458277,0.01678297343079515,-0.05454553199551325,0.017894655392621334,0.15481137078892665,-0.0736504901167825,-0.023430094801712254,0.0680450666352956,0.045511584289757386,-0.049089447461467484,0.016201661332870907,0.012576694069166868
STK32A,-0.09953016360494407,-0.00946674660154643,-0.013888396115610406,-0.05725440502157561,0.039873115231920074,-0.027110207817708936,0.02527318301243929,-0.03681099520178957,-0.0032306450607845114,-0.009997491937377279,-0.03762381954563225,0.039843981158253515,-0.02027557135857716,0.005601859268118084,0.06384751414813154,-0.127821142444499,0.10421132867147728,0.014888263204197994
EMX2OS,-0.04471478694429103,-0.008148550322028344,-0.026609801184213543,0.04909931322597781,-0.03971685333865722,-0.00449236024980908,-0.00871169679911711,-0.022713101384295536,-0.011238629859470804,0.00989189379021319,-0.034237919903543336,-0.15675441920482822,0.11801904732318264,0.031095030928598683,-0.016293933021535725,-0.009077110757054668,0.0027707460398361905,0.007350883227882242
LINC01287,0.020432696058576064,-0.00022549819447010175,0.0033894145110797314,0.04176555577995108,-0.011179523018473853,-0.0008270019974144811,-0.037645360303460884,0.00822127022152062,0.005806996012243113,0.011200507598076793,0.05611431881615544,0.01818472129466063,-0.02025116612685819,-0.010305403485423569,0.0015552938145698583,0.010404837259004051,-0.0013948135888802496,-0.0005870677538581979
BCL2L15,0.03017879271752162,0.015595572501598744,0.025345716339114328,0.03153181931051489,-0.043478273225757466,-0.05516610302903991,0.17646601451107502,0.07801811067949313,0.011521911928695136,0.011778464271922683,-0.08120776889173452,0.009585372269007134,0.01667381824819773,-0.04424332112122989,-0.05966371021630393,-0.02952560249894583,-0.017540421794218622,-0.006342734802877091
APC2,-0.09203977795119057,0.011367647530525948,-0.022840650443673127,-0.07545920881993153,0.04455141931186882,-0.059079215391301086,0.04747538245875943,0.09934573299489999,-0.043916936875395995,0.03215593796783473,0.08374118620417084,-0.13321301441086628,-0.023045553845743683,0.04474845164912338,0.053400319254560374,-0.08589756689637318,0.030030657438158928,0.023253185662422418
UPK3B,0.11219303529396683,0.018896490859601954,-0.0126068537523706,-0.043902156954343914,0.008048524780937628,-0.030879248359634143,-0.021200819535502877,0.05793366294518468,0.014537874972497773,0.01683553479600335,-0.03653237789055186,0.06971399421859943,0.048109373476485605,-0.02492384209819669,-0.021452741489894636,0.01880769112128933,0.001603123003085817,-0.0038634696314291572
EMX1,-0.013497143498038848,0.016742821888638928,-0.021685657638932678,0.047506504991924325,-0.06527972636040028,-0.01956877106785051,-0.008410813964814703,-0.002664975639052301,0.005501066721738735,0.007718488402449881,-0.028462713549260724,-0.10278297988281693,0.11229290732980314,0.025231423521482523,-0.05086899954915114,0.003532270117739817,-0.015891024623530415,0.01243239617724956
CYP2C9,-0.02207752225119631,-0.01388736481874538,0.00933621202245833,0.13295631706093128,-0.0662592595651248,-0.02064698720477155,0.007271416142581128,0.05785788099214205,-0.013423856390971258,0.000934789528264738,0.11921996713306737,0.06799552061988132,0.005650910037531823,0.017848497515804133,0.015914899933601137,-0.02305143263919201,0.01522904488939942,-0.001294216782799213
GSDMC,0.13695235494811553,0.022706322696715613,-0.004335622905795328,-0.0959031921280375,0.04760410507097897,-0.00791230714577652,-0.08965213789769227,0.09577080708596528,0.0429416167119574,0.023469826432414954,0.02887007598758991,0.022214001717692562,0.07148272819391344,-0.0016985166603211957,-0.036812753582313625,0.012711916166967721,0.018525366345684007,0.007717847260201491
FTCD,-0.03081203776930187,-0.024759559492742986,0.0019021244128922044,0.15620354067434353,-0.07602258787654836,-0.010580851866149337,-0.040638618949995264,-0.0063565903209651525,0.01026336020702933,-0.0005707000675893932,0.11086403500149306,-0.019323528891487637,0.07987523051421622,0.018317037872498595,0.058196608325297425,-0.001945162408215932,0.021887327055972603,-6.785114356566398e-05
HS6ST2,0.04020039617763589,0.002210139865239042,-0.006468189486539712,-0.10195179421820316,0.08480004170657929,-0.030971284570008296,0.020817013742035997,0.055615703195518014,0.0059433042533505575,0.020336239848646555,0.01924076241076881,0.05554654947422961,-0.0035781016519600066,-0.007891164944316882,0.04023950808579224,-0.05606663722275112,0.0497764553143135,0.004049535631288526
GLB1L3,-0.05115148364899736,-0.02338134222835589,0.0010132393055073989,-0.04665273639158917,0.041571605883515474,0.0031704526161429373,0.034299679098086545,-0.03378992045868261,-0.040191177178023715,-0.031207323881663637,0.06881911238903203,0.045668839823404105,0.0330989759655872,-0.04157091028666303,0.12901700022226242,-0.022619836882234297,0.033677885005664626,-0.016614701954873485
KRT75,0.059705045021683376,0.005831296037344273,-0.011610232634407988,-0.029658267091987357,-0.02373296760109832,0.006250737021652239,-0.1091753947373312,0.07001153875406302,0.03245633942335648,0.018609123304381203,-0.0003874317860407431,0.0010872536632807765,0.04244170417067478,-0.000308731643470445,-0.0019538995934797617,0.01034742814698016,0.0026311557164957872,0.004528957411374327
WIF1,0.01156147651380891,0.0014094037837726954,0.011464374270244604,-0.02089395389187506,0.037776944709862544,-0.02148929761796907,0.03783814699012763,-0.0021607371341147417,-0.0051590439828335605,0.0003450607571626848,0.053875702382173145,0.026885456684836512,0.017107876080951108,-0.027894103939659746,0.04961467086786904,-0.02569192004143673,0.03292476809811867,-0.004567985901718551
MACC1,0.08349274034239,0.019397651848994665,0.010463234556885926,0.014605951920503686,-0.052801828566655655,-0.014886971853539124,0.09685213347994312,-0.002740895038992445,0.04530112420134474,-0.006583195156159213,-0.17422664992836562,0.04327643811553231,0.1299811696727008,0.0019186352326462308,-0.12095972037262653,0.010785282195426469,-0.005448926338655493,0.00393870959620303
BRINP1,-0.10802546081355802,-0.011514587446459942,-0.027427812819804092,-0.05301884572646075,0.04359689221191179,-0.01565666741663443,0.05065169052915175,-0.019002077816859374,0.00010603299597204516,-0.008361581385106735,0.012573827966803518,-0.023528332107595945,0.039087061004476106,0.04624181136404665,0.05698875525281972,-0.09847827647824234,0.0671276844510644,0.015023479809094407
TM4SF5,-0.023072370946845205,-0.0073378817158837,0.035094321433785,0.17406185581539593,-0.13243743299130395,-0.038568066768381086,0.06351160438826049,0.07581421668476578,0.020960874710621222,0.014298200382416713,0.025839738624506635,0.03741883870539596,-0.010315451526293398,0.026281370986997874,-0.02647951284791193,-0.018987867526599932,-0.0038925704218350336,0.004331123500850423
SYT1,-0.03064917441747199,-0.005079828171162296,-0.0013161600929804376,-0.08579610144211147,0.09439852889344544,-0.050908645542667046,0.08888231906800084,0.024243652179868937,-0.021251434384470934,0.01586066068050584,0.06869688063436044,-0.0012736646558117325,-0.02044025045109575,0.045915722448861704,0.010647885752031466,-0.058756351370507214,0.02545344733296428,0.014467859009082411
CYP8B1,0.0021074322305954063,-0.023155307761813765,0.014860924325959127,0.15152656397279365,-0.08414386477163961,0.006246153173863286,-0.058670344752200905,0.0022736647769083965,0.029779740508634977,0.0067822116873192465,0.06510921510651593,0.008303103872322552,0.02702606539741116,0.015032353390977509,0.003943313728921034,0.022179619235281434,0.006690412241947672,0.004533697292442892
UGT2B4,-0.032392460514662595,-0.026997897626809462,0.023340309856893494,0.11269096917472125,-0.026939089432155946,0.004674599454494233,-0.05310653127048034,0.03789129089685087,-0.00799583711829157,0.0025775690233647217,0.15137477153986303,0.08106663760019926,-0.04126568013768169,0.017805671595476844,0.051440598433279305,-0.0054886834394151564,0.018667954290531134,8.250757675324414e-05
ADH7,0.09726160487300453,0.0347594712475054,-0.04110258048920997,-0.05097796686970262,-0.004577543013668833,-0.0025373818001862385,-0.06826280816872006,0.03406391936454784,0.03411860940550957,0.031644372798384286,-0.010770377156113203,0.04015717288519231,0.06264074093067196,-0.007873960706837265,0.00418105329675341,0.0030249551491301225,0.0047787791596392475,-0.0002638161560348182
HES2,0.14966694210234718,0.022956375257031574,-0.0028694633881366006,-0.0782463200455688,0.006424018983650378,0.011809306580202976,-0.021573428946994346,0.08005440910776315,0.015093564221511093,0.0075207185515343234,-0.03434171046994788,0.06413945570938606,0.10199063196541301,-0.017723273430760803,-0.03490567486090685,0.05681691253060099,-0.0215933736011877,-0.008081666978825787
KCNJ3,-0.0393309493731282,-0.005416481678955425,-0.012010502493315018,0.021888084711358304,-0.03208505896978442,-0.012338119968105974,0.033466809593164226,0.011099542621521779,-0.01937740152531451,0.004697871139092929,-0.002563913652339737,-0.08903321233356234,0.07623424649018401,0.04789714472883046,-0.04121955206597664,0.009322020105542514,-0.02298663114386338,0.01025601333907297
IGF2,-0.014195218115145085,-0.0056364192607153965,0.015031104008311988,-0.0065685537882207365,0.027362781463618844,-0.032021309102905696,0.027268546819308497,0.04057646968456402,0.0013190511989268998,0.026436220545667636,0.03038767687266034,0.0374729496320091,-0.060526994294983316,0.06417430305102849,-0.04218368220410971,-0.01619623594210223,-0.002170205094973129,0.008508565053645485
LINC00668,0.05080324756438276,0.010916830209140988,0.002267074934856966,-0.006827552023824372,-0.028729209157129537,-0.01353975123616228,0.041567247723643355,0.0409372538580013,-0.024810016734565458,0.01812308092853306,-0.01448710041894957,0.015753695045098128,-0.023923600439820447,-0.02985090528863406,0.03813926170634632,-0.002044814129499319,0.001508863130677076,-0.010316764046766165
CPA4,0.08429863810540557,0.012627880931441437,-0.01090319462478787,-0.06850062657145826,0.026584742798472512,-0.0002837502419987069,-0.0933524576194465,0.06636696801249053,0.046350737734280896,0.03206531188579558,0.0054935878689979225,-0.027982360605201116,0.06207829010550684,0.047343885656311126,-0.07532160634432186,0.034930845305763125,-0.02002592091404889,0.01675175055414981
SLC16A12,-0.07245981994246162,-0.018286999121845112,-0.020712152749771104,0.0754054321048637,-0.07691268194458238,0.008050574943128781,-0.0264244464924012,-0.0844915190127133,0.058816790830089075,-0.016157137442047866,-0.0790585169981536,-0.0046519003344047795,0.12406280853148212,0.006332474838287,0.025769252938318825,-0.04853221118689684,0.05235816428862209,0.008388571082938206
NRXN1,-0.07964632711139642,0.0026555555366198184,-0.02073352269415175,-0.03997446590550855,0.039875157790258194,-0.036271469802679694,0.05043719006462888,0.06414997756913991,-0.03850492224613269,0.025002320481311933,0.08591614488494173,-0.055266069175892135,-0.005812533313617817,0.0451503003766358,0.05932333022498818,-0.0808764858969176,0.03940383227535512,0.013883739603892702
ACE2,0.04496743769782044,0.013634963530028809,-0.009479011892574808,0.07234971367594623,-0.13110907141269248,-0.01818950725511331,0.01523906650468345,0.045355616501081275,0.07750520302087259,0.019751110341067128,-0.11988181665765804,0.017716692919111442,0.14449052862021486,-0.02299685596275963,0.00959914503992403,-0.030463548596074946,0.02324960004764929,0.0008184514001626287
CYP2W1,0.028118939589422194,0.01609000093727119,0.009715407820947588,-0.006906392358195927,-0.046784144913402693,-0.03242978999919537,0.06285130301481251,0.07343732610284702,-0.02478551514330647,0.020458539469539107,-0.053366514451304047,0.049496274334882726,-0.025217405302125698,-0.006675365353736078,-0.011981581317110305,-0.0025222200608027126,-0.018586898846058564,-0.004520278486684504
PTHLH,0.11473638998562745,0.02413867982298264,-0.021289213980064628,-0.10100075478993596,0.04126614540379708,-0.038776699663490406,-0.05785082290829444,0.0655111837588944,0.06907280645240695,0.0355254222924724,0.01557963400557435,-0.0195115057328296,0.1067083485068575,0.026947977747274813,-0.05610409358215206,0.009564983325194095,0.0001216243955035404,0.012867208759224529
APOD,-0.03598304943381586,-0.0014636397861531735,0.004993478239061198,-0.09860330551160121,0.1157047474474068,-0.046501162165338734,0.15813702969758794,-0.026526848213023237,-0.010837307424994932,-0.021293762829504993,0.04472577202526086,-0.02294808192716307,0.015602575199668626,0.06638704016960087,-0.02096468788310701,-0.01092366752955299,-0.0018722993473510167,0.0052126971195191885
BHMT2,-0.07207599262407398,-0.030068666726355837,0.004133962845689468,0.14631837100580927,-0.06750067913672589,-0.0056649885176973435,0.009872198370403306,-0.08925926185883314,0.06973782303501501,-0.027425083792848852,0.03476254601011346,0.017826932333726894,0.11062054107482115,0.04903881449763617,0.033700215828090276,-0.0263068517986227,0.056027204970840926,0.01022063935107776
NPTX1,-0.0633083470325162,-0.0024985021379589386,-0.0005554790225501332,-0.056910503211714814,0.05733264822800611,-0.05745037582273338,0.06489264813149394,0.04025970646489114,0.00046727826158891324,0.007319093022717515,0.08596931071207117,-0.03054236470489153,-0.00848250438595582,0.007820030611452606,0.07019779433839313,-0.06893380815517505,0.04170869045891256,0.009267932690347596
RPH3A,-0.08478819001647762,-0.008049778187573875,-0.02397102606009863,-0.04566267699229078,0.03106141334361565,-0.0391619724110489,0.0212826427993233,0.06804600598516809,-0.02830233817589736,0.022638816601978775,0.04670459186947553,-0.07874877553789197,-0.005980491921497077,0.0398964571815774,0.048635752388600254,-0.0819731499831043,0.03681522500489949,0.017164430459137795
DMRTA2,0.04919909553209834,0.008257961068737732,-0.01971532181853462,-0.0020842864595174166,0.009655972558645583,-0.019402888100595476,-0.016300293292272793,0.04382233904963815,-0.0011687238730413764,0.020885389286700973,0.035809898695023254,-0.006748877406445113,0.01741352738981603,-0.01255013964971691,-0.018378335123773806,-0.004565419322720748,-0.01155277844674021,0.004192353036600948
ZIC1,-0.028934895213464578,0.006576910245216209,-0.02194422133602791,-0.006464046263885581,0.03435581335302553,-0.019069610147189706,-0.01285676179352053,0.05325429449405788,-0.023398286379656345,0.021713452754100207,0.06951567801641455,-0.07094952312315608,-0.028730686659456342,0.024836141573686018,0.0456688946525896,-0.04527838374744113,0.024772365922213494,0.009404789210649063
IGHV3-7,0.06774496689006572,0.027133343166123706,0.009351560082422012,-0.01740770321038042,0.037466819325255245,-0.040765240749404956,0.11442798037014029,-0.04148619108677747,0.22945045422388083,0.011327918351978671,-0.015135832209316571,-0.0027814322048273347,-0.007187637209553446,0.009214763592717348,-0.018905476945148166,0.02105300786342367,-0.003096814857757818,0.0016867843743944891
HCAR2,0.15580890070478387,0.022946459484800372,-0.0052991700399935265,-0.09194921783176871,0.043977791946770414,-0.006389561558049145,-0.06037070622333685,0.048265966606261236,0.0678087480566117,0.01194455311198501,0.01217481126723644,0.0799869852305467,0.08523067477875536,-0.02757098808190314,-0.013309168874735024,0.05907698531893232,-0.015116873521471685,-0.008523771923418987
CRIPTO,-0.04389327010638174,0.012385560183473195,0.016324279659561045,0.05597809519113741,-0.05329164382911548,-0.009369902893998444,0.054863677615171226,0.06578871546899995,-0.014533289335767344,0.02468333361427374,0.0054557639195213095,0.010044091663732465,-0.0768166321482124,0.003681476925988098,0.004390800484543359,-0.02777848813775299,-0.01040942007850187,0.00020377676442390346
CYP17A1,-0.0722991835051454,-0.00747351945465025,-0.0011391280603860572,0.08636507334071226,-0.05988834793541611,0.000558904035191336,-0.042166709362057596,-0.0013431629706308684,0.005032463513950621,0.002044503808345437,0.03764063573597871,0.035581789026906493,-0.015973788333092806,0.021095974298832858,0.03213634491426873,-0.045570054660834275,0.035340861089531155,0.007418841766777103
UGT2A3,-0.04610002612639959,-0.012570531783326701,-0.002797089124353535,0.11067542911055811,-0.09682496330179975,-0.012915047698844138,0.006436668749003464,-0.00026297135735133085,0.04457626335912564,0.007541235935689439,-0.03459610385592271,-0.05197491585041236,0.11487349644327295,0.033113045514812776,0.013706455778681006,-0.01633428680233192,0.0124226475666768,0.0077533234570509105
DENND6A-DT,-0.0033543921360544363,-0.007086612728635438,0.004793963202983806,0.0036700375125490363,-0.015199535608024447,0.01598106174344435,-0.008466362013253915,-0.0034032056485532756,0.005203478768975575,-0.0031701001113319843,-0.006153125306569816,0.043267824129359485,-0.001154469064755191,-0.015971212204832216,0.010705687888245302,0.006931985679990713,-0.0013743576211843894,-0.00563623306995821
CLDN6,0.014045686228038694,0.02389084856934985,0.023323306485571786,0.012066861083015775,0.022613398014136487,-0.027801011648790043,0.015037353981886385,-0.015664355542151107,0.015103573894020991,-0.009665148880786782,-0.03270201763731721,0.03785332790041239,-0.028541034760099383,-0.017489183094519533,0.015211137231828204,-0.03806908042448446,0.04332845890036702,-0.00047661365726314275
MOGAT2,-0.002545967098965308,-0.011903533354153902,0.028195995662204276,0.06429209740937336,-0.027487626498024883,0.012353933075975142,0.0877349877587631,0.04689376355790199,-0.05532411036450114,-0.012770639225981876,0.04525234758262619,0.043035071263934827,-0.02827847182042265,0.025496482685870625,-0.04992128515754779,0.0419659263408351,-0.05131811371133714,-0.013049387613498182
TJP3,0.06716554058199913,0.015754476706377047,0.03850553177458633,0.037227663433646134,-0.0011748032063809157,0.0012467592947701211,0.13515023518301872,-0.023455103070810963,-0.03202116060789229,-0.032270409692035894,-0.07550012620468176,0.1594584967252034,0.012528101218635476,-0.004768167712894438,-0.12596100540662775,0.024374709396040327,-0.012896507382314524,-0.014743003887639088
TRARG1,0.022630469006886166,0.00443821458997051,0.012552683837185078,0.014813763933199898,0.014111124895892288,0.00746533299965176,0.011301998086375302,-0.005724584509038631,-0.030115586734231137,0.0036314603650227447,0.00580393884815763,0.008225958227375313,-0.0006241744800721084,0.02920513739580449,-0.08455050473709132,0.03412937618378335,-0.02598014817034456,0.004144298097865393
APOF,0.005623410476137208,-0.02783096982437299,0.01824976851475481,0.06067320301937342,-0.011716600023619716,0.022588638489140302,-0.009341248447213254,0.003384861089911016,-0.019345601589598083,-0.02065654569173736,0.12729618914975083,0.06618441239883523,0.020339858587194733,-0.0034785503000735805,0.04256522774626672,0.04703215976701779,-0.012483607671596507,-0.014624664665808371
ENSG00000279598,0.005902949277957187,-0.011184963704394486,0.005469580545311335,0.014402205451249895,-0.004700014629292085,0.011360393086273894,-0.03717982154900422,0.010553355375140313,-0.009392374152273822,0.00545789133511216,0.03297845332959023,0.00865918999995837,-0.039392508745677415,-0.015374907561142924,0.014162527676296336,0.008814436389874471,-0.0057309229570954535,0.0009551927491672954
LRRC19,-0.014705480837825418,-0.0010006449119783524,-0.0033059376249024676,0.08627103571546889,-0.1395591410349022,-0.011604525352138408,0.061042627585520426,0.02496731252202614,0.022294688682904802,0.018690365883236606,-0.1178276735563569,-0.07869182814769188,0.0885041486375814,0.0025652367402245004,-0.025570905600501865,-0.012135019531777761,-0.017626896008275425,0.0016367622419399292
SERTM2,-0.02051315907404242,-0.017016485876157745,0.004922790571537589,-0.0034054339345305656,-0.0015278586169260554,0.02763154195242359,-0.03204755510700354,-0.01568731361056734,-0.06017265350615662,-0.02011829797919456,0.06398173121717962,0.0330767607873589,0.007320547683719799,-0.032624705908233714,0.04973349121955456,0.02867713303493347,-0.014668000865261682,-0.022053019047662097
SEPTIN14,0.007246775923590569,0.006493472977702874,0.01143585477496338,0.021053833911288306,-0.026979824429792666,0.003132316949013749,-0.022835328935366737,0.006982492285430674,0.009620680889886359,0.0027051241825035827,-0.022007469117619943,0.0013014503348507866,-0.0305614292027975,-0.011443640356331986,0.001169773325513245,0.006340499590705983,-0.007262287610862667,-0.0021762966240949128
CXCL6,0.07789705712064605,0.012318433607205394,-0.008871625764512675,0.02318105158613535,-0.05924605511774154,-0.03258265830411697,0.0028225017692794442,0.055447222583116365,0.050790063088953424,0.016491780426088565,-0.012111401079117979,0.04184052458604547,0.12034266276092777,-0.022554438997749778,0.01647041162885307,-0.004515891625538624,0.0010546604113748465,-0.002485680090825944
ARPP21,-0.04603167461269591,0.0035448193021102303,-0.026690762904982793,-0.04682637998980577,0.013417544140864256,-0.024185405871676675,-0.013248875955237644,0.0745612237836991,-0.025974757809154737,0.02628970484996734,0.027579991653333028,-0.07858246566060578,-0.004380266972902863,0.02252578400830212,0.039315535765497324,-0.04080661645132778,0.021462649037843375,0.01673733126575746
SNCB,-0.08215928232523131,0.0076950455080662524,-0.02377153701669764,-0.045889524050642255,0.023972598952367766,-0.0392988058009725,0.0019322467637931469,0.07458330848889021,-0.032670107271765884,0.03270471612921923,0.06886848014493013,-0.08462767402536199,-0.016241172731165224,0.04315167361048102,0.06049285561543788,-0.08356286901682863,0.038520087844749765,0.0176577837765201
WWP1P1,-0.014005049025652527,-0.00826924043453949,-0.020728715100792924,-0.009986516750632248,0.012538270777658723,0.001233454796488621,-0.039323529297293554,0.0031292766796522276,0.007400124577704264,0.010843848886655294,-0.007122209080401308,0.012264144963540008,-0.020950975181589313,-0.01605210964413559,0.037022626405391265,-0.02181765059320253,0.016338470922237995,0.0003028295741807158
CWH43,0.011774416163710028,-0.019664771262834117,-0.007229917769297769,-0.05323725468622786,5.090746816590459e-05,0.04115011373789463,-0.014292028777786655,0.0012385142877290806,-0.06720415993178727,-0.03141045889372437,0.023204217701818516,0.045629948286767315,0.0718082872068996,-0.03737856838894236,0.06132091582538794,0.04141974172628949,-0.015382154465036107,-0.019085847439185927
PLG,-0.022412989920211904,-0.03408646487643187,0.031619873884775905,0.16824166626225462,-0.07809629313853456,-0.011035547257089483,-0.007588296549121459,0.032426872000818785,0.016543522973543445,-0.003214629278386335,0.16221135887122723,0.06940425997684459,0.03434488144372825,0.012333251068840007,0.04867028480913384,0.013919311250264237,0.011922077910541744,-0.008969033392547324
SYT5,-0.057395809301237506,0.008489936272134718,-0.015209370785897373,-0.05255058421171268,0.03636293143516109,-0.06088237321834069,0.053759954755988305,0.07022004947209189,-0.013664856848566581,0.025968207522750003,0.041056865658809304,-0.050094356909317975,-0.018530403714570036,0.04261912226939937,0.03236936164161625,-0.08649275250778897,0.05202368301619148,0.01664173477636211
PLA2G4E,0.05880933212957089,0.015178417882482101,-0.011000286707178833,-0.06785825282916515,0.0021876130445592275,0.0014475571699329808,-0.1054223149993967,0.07102359707086203,0.034585194517480544,0.021133758938076456,0.013355489345018012,0.016171249071139093,0.02323301577605731,-0.011546584302718101,0.009933010532553773,0.011580218038612625,0.010093698674158118,0.00245433311448919
MYB,0.08666438573377677,0.023157829810440612,0.025773974602249738,-0.03964767988156585,0.0604354054586401,0.005061421224398466,0.1522558847315039,-0.012428859990332483,-0.02123377922334639,0.002450810687772414,-0.03451476363154415,0.0021356799676693363,-0.03119899328959134,0.011489363588907238,-0.1377960507288827,0.08224749937372235,-0.08568359849505006,-0.014336454350210087
CAMKV,-0.08255468931564658,0.009235409277775893,-0.008795831997817413,-0.011761751600556234,0.013895467674011177,-0.02987176118578277,0.030194030675830097,0.047680456016981676,-0.026552084521053856,0.024200753801874465,0.053860824475483814,-0.08834969486407176,-0.01566633474900006,0.03461241982054311,0.03968197215553779,-0.06990407449883718,0.028593792703723954,0.012778023952762561
CD177,0.06202222692997833,0.006891729896063275,-0.0047239676523139216,-0.06045763487188406,0.013607038466325355,-0.009304319632294288,0.05150203715719836,0.01778954551407068,0.005056336882306575,-0.011973344517227714,0.012182182436594576,0.08930368718458534,0.057783969834604765,-0.03108982677169996,0.02062365585462477,0.03425416530083443,-0.022434377057081203,-0.01576328749915181
PTPRH,0.030977025844823113,0.01949557336571127,0.029103640352275202,0.04499294396119684,-0.05945820173077703,-0.07693643833955763,0.06955669114738235,0.16423694703983174,0.025595968593986645,0.0449563184970489,0.023004065149102783,0.021205926237229094,-0.0507538867740785,-0.0008839312232751516,-0.05822451124640702,-0.049156561253305205,0.005077828405593671,0.0039744391086921045
LRRN4,0.0022978920588131767,-0.0027478403735612944,0.006480150063911719,0.04937737383984889,-0.05393550910593075,-0.030446270036509696,0.0060148678126922895,-0.03636803821922703,0.06282512550295484,-0.003479843401535575,-0.06359545323251432,-0.030382219053891348,0.10127025430528036,-0.027987906538459978,0.009485318713982692,-0.037043737698370896,0.04824224008573352,0.002917064680280654
PENK,-0.05863454285015833,-0.003926215763170475,-0.002690977837246462,-0.043376879428859254,0.033706966237693994,-0.03185451304580033,0.046692415803620796,0.022471137999542524,0.005178096586518885,0.01150836980430677,0.07762026268463802,0.020427878204754786,0.00016752935731422847,0.008686112307100657,0.08872453749319315,-0.06382598310877394,0.043434893545313845,-0.0011704969168621748
PIP,0.0021330825042788575,-0.003633065235439287,0.012309812723535875,-0.03105376929121501,0.08087086969619538,0.013325522739205427,0.07109960549631886,-0.05877890469248933,-0.03750766954987428,-0.025434425176253227,0.0555056598289109,-0.015237975425877034,0.02705982214134525,0.06938069048692955,-0.15663415275272988,0.0728824986428217,-0.0643732986119524,-0.007984395513626109
IGKV2-24,0.07915249198862107,0.02891289387062701,0.004559873465600714,-0.02796413451060425,0.03911032628533816,-0.041427962922393424,0.09297962246109263,-0.04327275538895847,0.24526744947716494,0.013159740969216783,-0.006372821117348102,-0.002938718433943893,-0.006690553656473483,0.0025465025973063684,0.00048321064815764754,0.021629174606628377,-0.0016788064549819691,0.004187382499092878
SLC6A3,-0.02761254055574216,-0.015108736588465564,-0.0006155121226507632,0.04927820736716852,-0.03973152709757041,-0.005843842540478284,-0.036887180472433674,-0.04289443943955054,0.03720044677814492,-0.006595759295512639,-0.024331468472623616,-0.07390440291488141,0.07107288568877054,-0.023626511706231562,0.03663325684358433,0.011266964846332697,0.009124047538441305,0.0009180831008201843
SLC39A12,-0.02568081382205959,-0.00028320172588728476,-0.012701484038893367,-0.007835582468623262,0.0016270298044765831,-0.014136645160953693,0.013185476506460889,0.05931964778245216,-0.0678423018560445,0.012163560322771664,0.029837526374383413,-0.0666027764829277,0.01684826302336308,0.023720239338057735,-0.005876331064836378,-0.01573558692623825,-0.00629425475164095,0.004278242537146693
MGAT4C,-0.07730470788467636,-0.0019157355539864418,-0.017562152942515206,-0.03463235301147116,0.010812439723216882,0.007903570445993987,-0.01720874815087835,0.007628142320713093,-0.02527926084256982,0.0027230979143380656,-0.05446751208444435,0.04688370479515603,-0.06321960035184862,0.025052462613971756,0.041719634065790316,-0.09313219097628407,0.06461839777465157,0.016844146027739273
CRYM,-0.03938793781341162,-0.024713974475160255,0.00983781730008999,0.06377963413494182,-0.03881469725742295,-0.03380262900419204,0.10865397474335933,-0.012219734180074937,-0.030978250926021675,-0.024265533453808948,0.08431127063050005,-0.05229093329531878,0.1511087912055906,-0.0353219861335167,0.07227346476116789,0.003144493341389104,-0.008128003234926877,-0.02236414682549365
FOXD1,0.043764652616862736,0.013630077434841658,-0.02374451432805872,-0.07284720516290939,0.018053012145108422,-0.028492360596359175,-0.021136324980303933,0.09357283696938266,-0.010765518262182444,0.019344225554502614,0.03946209488395892,-0.09041501515157016,0.04317449113254181,-0.0028253320162381374,0.02275930853220059,0.006745191908989562,-0.01363451992695781,0.008565906653739687
GPR158,-0.022167250952949823,-0.01219570470798582,-0.0072738731020193185,-0.053318871682464644,0.04799081834389561,-0.03580253215872281,0.02578447924840479,0.07591247205722626,-0.046724240503274145,0.02094971027916041,0.09410580820880457,-0.05512707198089565,-0.016667234106433663,0.020508640792852702,0.06325945497774631,-0.04773118426374949,0.026818292666233118,0.01323397879005782
ANXA10,-0.0022701006500612532,0.02093794973421572,0.01616722651096998,0.07934441948373641,-0.052658784530851,-0.03613589091357938,0.03254487353013129,0.0785393328955058,-0.0012328557603230993,0.010654661301331176,0.022093161726993063,0.08384552997386847,-0.041940448573730096,0.003680381588551306,-0.03245807725640821,-0.04048495505442009,0.015488182276005031,0.004362611960287647
TMPRSS3,0.0531273073405198,0.011467011233627937,0.0274577679429027,0.03469485892471308,0.015695605166155025,-0.01152036380560724,0.14085347275091023,0.007600530812109665,0.039413189324777755,-0.01561248036012002,-0.06085677951331769,0.055398487736471644,0.017958177561892025,0.041222615490404034,-0.13673923731805118,0.018526265694500048,-0.02166790163819093,0.0021527118759359183
DLGAP1,-0.06873391718271411,-0.0021402083365258256,-0.025996298169937638,-0.061674091869457284,0.06923953401245743,-0.019972813097439313,0.0769588008531652,-0.031666250516565665,-0.050715848059442036,-0.005600274834895428,0.04515479511625628,-0.07037357007336885,0.06740797363313843,0.03118192900964017,0.06836744500183906,-0.055798436412898465,0.03856609224860569,0.006808714826798305
DACT2,0.01644939286497967,0.0035348377229380136,-0.011777668620289549,0.009112792055243304,-0.006680175627074448,-0.019018002330266372,0.034757641749635804,0.018423934083408613,-0.0005305915993222302,-0.011002944834643938,0.05407977212905694,0.021258770415057908,0.10981195018601264,-0.03635946895226815,0.10245572352368099,-0.020913683414495964,0.024475682904330956,-0.021069846312725175
F5,-0.0028138162853246157,-0.025686552437518127,0.0303369222576888,0.10529673907002436,-0.02944226375280286,-0.03398120873532517,0.08253413846551343,0.030171792708721345,0.026701875089732933,-0.02133367396963184,0.1294083130466011,0.09614745989158878,0.03498312531853335,0.008757628375747596,0.044824571174078356,-0.019128880507366483,0.030364631060886438,0.002112337894564116
OMG,-0.06281380740839498,0.016596406647840293,-0.02055880649680262,-0.06244593043412628,0.05715343245730004,-0.06846150049207311,0.07188022995593643,0.038559930131697576,0.0376662315397124,0.017754646131998484,0.04769347103716033,-0.10105129678157017,0.005993277402322874,0.028630145974616543,0.03561493150176296,-0.08948974045383126,0.05264288376627382,0.019003717410367552
HOXA11-AS,0.00967077472853861,-0.015630242126200046,0.0035862963251592902,-0.022877178954851828,-0.01641652136153631,0.013606527397049283,0.08701273111247977,0.017279918619676215,-0.10635711972773738,-0.014118930387548497,0.0072061685890085605,-0.007158941269024164,0.0250536172606267,-0.06101986647574154,0.06592079488338869,0.047281986575536374,-0.054317529365726785,-0.02729902463924477
TNRC18P3,-0.0015455863662223114,-0.00558867744602833,-0.003239855608038131,0.006720240830070356,-0.0021788644385395397,0.002268987101181898,-0.02704614832850709,0.006477104269790954,0.003310048418465451,-0.002945398967715556,0.022906373470302086,0.006322242776090794,-0.012222434532067417,-0.0072622858150153515,0.009190526001075252,-0.00029121563717769455,0.006180274114732548,0.0018034014547585967
SLC26A9,0.03542837262118954,0.018140935691192975,-0.005608603667150857,0.003977826750015605,-0.016586777002424242,-0.04380136860389291,0.006912261006325313,0.04959401922318901,0.07319214893224583,0.006762419149296037,-0.06091780074861335,0.039656081815800985,0.09460316827923244,-0.02991577448056575,0.022333509196435924,-0.05986894221446855,0.055898308304962466,0.010892272484588374
IGHV1-46,0.07751396079036141,0.032534681522606024,0.0027257962623044364,-0.03417809181325539,0.03769355994916132,-0.041806874722072146,0.08373461226285579,-0.025889200169395794,0.247124505063428,0.018239385026359405,0.0027190155614784535,-0.012695232453887099,-0.03307363240358373,-0.0003771973337072557,0.008038876195536362,0.011613303336181388,0.0017355812834936267,0.004032296856846799
GPM6B,-0.05815028773224451,0.01817441771977786,-0.02817986284582955,-0.12870333981282311,0.10174097834632324,-0.03602943430227017,0.07273332294591332,0.04136153948369196,-0.031172390213741255,0.009707415004064378,0.037411958895105374,-0.11761841364492844,0.04930999887897099,0.05898400186009444,0.04423428006154195,-0.06845757491122693,0.03741073542637095,0.019794973156766496
LINC02893,0.06456253339037264,0.011580667956429118,-0.02361503642736281,0.01982448033880222,-0.048562879431927095,-0.002457599125864615,-0.08778404346556785,0.020056435002493326,0.02837825951923266,0.014244335524510888,-0.033412938473885496,0.001707275949842846,0.07154068531120544,-0.025064774455900635,0.03249038713536417,0.00699277924258934,0.006745377919895077,0.00026039302552699196
LHFPL3,-0.06390555935069542,0.003952885525110476,-0.015615719945051018,-0.02955090259155426,0.028587892694462543,-0.03027825480626061,0.012315748179317179,0.0714885028851673,-0.025085624120020307,0.021543482870550117,0.042991928512268365,-0.08543685265787443,-0.008724295777582342,0.04511491840814573,0.02660331718369746,-0.06625173972746265,0.025682661179340628,0.022796692701612272
F8A3,0.009913001436023352,0.0013869845629997009,0.004148422978019006,0.00795815662751407,0.004761852661099752,-0.0009393690081853173,0.015058136077977125,0.007436980794989642,0.015488544152010071,0.004836960358043277,-0.005674971986502396,0.01120492486013811,-0.0006488323378551224,0.01052071626954232,-0.02620713947961345,0.0007389298483622489,-0.0016905206137220322,0.0038689716580089396
CADM2,-0.08921610055448766,-0.006564843771516657,-0.0157996146192915,-0.0440888822648796,0.0526012404435616,-0.026035288985614587,0.05088345312509236,0.039860185116498824,-0.0614534133409951,0.007364689022396525,0.09520469523574823,-0.09340620656009503,0.008835623599065085,0.036334841575067583,0.05219877480577292,-0.04598493637437486,0.013058818254321923,0.0111527023139741
ATP1B2,-0.1476944500632054,-0.004096627015867065,-0.030160718743298166,-0.03821922657519067,0.0456703527667757,-0.048023429360120155,0.06130136281839859,0.009018499055134207,-0.009369522859497157,0.0066871393954697185,0.04388599559108033,-0.08115450610095071,0.011730743887575093,0.07290274523412581,0.08408537891565274,-0.10731374699982899,0.06626750966122665,0.024986515045611724
SLC6A20,-0.004770115457070038,0.017417358233228545,0.013956552415827323,0.05110105894395585,-0.08704119408122796,-0.029030719674659155,0.11047273103311424,0.03182759173615737,0.024594791726673476,0.0004709544284248661,-0.12378609395017408,0.02921875294155809,0.03316872978770747,0.009549945285732794,-0.05280505537890855,-0.06520475696871682,0.032769570114328406,0.0017141762763513953
SST,-0.055326110488393594,-0.004141792648656648,-0.008781471037620095,0.010061807667902265,-0.015622459977911184,-0.04659359958777528,0.05987089155068796,0.04048031983153239,0.006306516058586802,0.015055569752516788,-0.0024112120157450813,-0.05299204924914641,0.04029942171886149,0.03692118886444706,0.006184848958016042,-0.08283027907227397,0.037977118365160094,0.011884645305903753
GRB7,0.13888997286307758,0.013255433382901312,0.018986298776388525,0.03307542467359141,-0.03438449681693675,0.009885315809528965,0.045956252143772636,-0.019046727272786945,0.018399780924695117,-0.02314653666577046,-0.10282534246007542,0.13617201535315587,0.10984765705488532,-0.010594515330481726,-0.09910218139806777,0.043246715028450775,-0.005354047899620354,-0.012180817904066287
ADH1A,-0.014895927856159499,-0.02389632522335831,0.02253493254340134,0.11824839262677546,-0.04490473558291022,2.1583543316322172e-05,-0.05618146287964805,0.05710026602378775,-0.00639262405832195,0.009840139923237597,0.13580400910478244,0.06573331080898213,-0.06306219694469806,0.03087571163348167,-0.0009508950679955492,-0.003915971810279306,0.007651570081159342,0.0002415116657328813
MYH11,0.006248035956031461,-0.009944914228124139,0.0067957843673435644,-0.012313012014444558,0.0029639607104016445,-0.014710385259382544,0.14526214631974121,-0.046156817035729124,0.011785530526202072,-0.033628342985846243,-0.002507668293488999,0.05918902587232433,0.08465879268918469,-0.019182184090071615,0.04738423803522568,0.024117264348222527,-0.009867427992516577,-0.018359667550897928
BTBD17,-0.054445222541943304,-0.0027896877805531164,-0.017646643558371616,-0.03699118972372172,0.02459554004608105,-0.01844367759869882,0.004388260838593689,0.03408817905562133,-0.03624768561019389,0.022635562950260434,0.05339830962688905,-0.09126214764173202,0.023024907726854706,0.027564189273135965,0.024904882321967203,-0.03864769825770795,0.012311734626902816,0.009551931944212468
MKRN3,0.023827452979237704,0.0148994385138726,-0.02091170163596489,-0.03930164118493965,0.037097384572178746,-0.03137303865965807,-0.02395904093950639,0.07641565981027376,-0.028949470799521027,0.03299792091449543,0.06018863141609118,-0.07470418572329005,0.0008776866581021104,0.021537906430564024,0.003796966092797232,-0.028827558889316564,0.005694576460890771,0.013105919562378537
CTXND1,-0.09425676521674076,-0.01353268343452699,-0.016193023985870594,0.03760718511244939,-0.00802853941789834,-0.01476411428435257,0.0012894458052048496,0.012471795555191496,-0.014851742059795272,0.00522028847868704,0.031413694631342366,0.04296473990477464,0.001072282021506867,0.05353642795253946,0.061454766866050774,-0.09949580030555392,0.08246790585440855,0.019282158073264093
TBX1,0.10325727093746,0.010673217475287183,0.005867166602086705,-0.10551232289451966,0.10072882449710063,-0.004973355866593709,-0.010730083774830734,-0.0369755114076373,-0.005999861089205118,-0.016330287053171782,0.05248347452168829,0.06110390146408931,0.042606390205660184,-0.017516294180221333,-0.002705713347980949,0.053552854568459145,-0.013459662484897935,-0.00952706476142546
CFTR,-0.02605752221391152,0.002094348226211564,0.015301675033414392,0.015162475321333791,-0.07277308477006701,-0.05317348268336406,0.1580526176770263,0.07322800317806859,-0.018906356640055643,0.014793266559289203,-0.03505635690628452,0.008177270870149505,0.023612815797897667,-0.027626106138105323,0.0031509732139559923,-0.06552252194286681,0.007278217737487556,-0.0035139027705380355
NR1I2,-0.0018863634486129446,-0.0015189575468722903,0.0324115645730187,0.1254483313336855,-0.10702229297222816,-0.033991344106838885,0.09971431767434975,0.10461562135988117,0.0007791072898673517,0.024692306180753007,-0.01844961131207584,0.06920937000928873,-0.07105646443622216,0.022859768151515414,-0.03287947570876222,-0.0396223408711742,0.006250646126552877,0.001886359614831203
IGLV4-69,0.08167813444924994,0.03227399556606732,-0.0019120857741477806,-0.028712049392079414,0.04467347070873113,-0.03922878815178352,0.08246362086147432,-0.038135954327731876,0.24746215156386617,0.014353262172800868,0.0012470272375997,-0.004586904225254057,-0.025464343109463036,-0.006315208378705212,0.01202862000168702,0.015308848585765849,0.0050567027349495385,0.0012414678868876766
INSM2,-0.04372287855616229,-0.004977105449374429,-0.0029026156668218173,0.014279919080122185,-0.02377231282377323,0.00608873013889145,-0.0057389457206033345,0.011441671936728886,-0.014250967688132025,0.011366695116143395,0.008551577684860529,-0.019396670283127006,-0.013960332051356775,0.012950157232792997,0.01974660401858003,-0.026167179202479292,0.010884699403996534,-0.0005355968681481709
ELFN2,-0.07380176302584007,-0.02634760148516027,0.0013267314140244556,-0.01174374610610393,0.0030309893976731496,-0.029564108063712676,0.052530447047892635,0.014071828847055904,-0.03991069137010192,-0.015608289565319348,0.04970918054837666,-0.02553586048237232,0.08290128946835067,0.0035397602556101523,0.09808231108882451,-0.06654169300340798,0.06482240185325384,0.003678049663957112
FOXN1,0.06658806041091961,0.015863639665611932,-0.03244493113493992,-0.08444581409621887,0.04088828637264413,0.0014819776351340757,-0.10482506846581431,0.09411585519981913,0.00037348911436460054,0.02727661224215702,0.07943407464995927,0.01952118243642793,0.03301478156732138,0.0021487471567923446,0.0388047769398088,0.032687547327558394,-0.015389628164616427,-0.000902790516187989
PCDH15,-0.07377856297394819,-0.01179449951874506,-0.001202764764392679,-0.014276955828118755,0.01820717056895794,-0.010375160334898766,0.031237637450768255,0.03405845926943767,-0.05442921933995424,0.005578739717991073,0.05236686167804646,-0.09886579700722115,-0.0013908412812789627,0.029399102301839848,0.017917065497342732,-0.030184806452877324,0.005390379924988166,0.013758101883333823
GATA3-AS1,-0.01793239523896051,-0.011076125198484273,0.0174381407171029,0.001658010574691461,0.0329702308388324,0.00545197129080881,0.02303202955988825,-0.021606559662804545,-0.06011408701505327,0.01870429041937197,0.01629962347287815,-0.040903917520052346,-0.021340441938067403,0.04881719452745629,-0.10479770777418948,0.03865661603845712,-0.043714722747453284,0.004920907607895552
ENSG00000280425,0.0004934037751708946,-0.004036994531997469,0.0002177796955228799,0.006172830928474429,-0.013556851100037109,0.03155984667198098,-0.06991969560997369,0.0059024913706686435,-0.021377471122893035,-0.010870692355165709,-0.005638290540844029,0.0599341116061,-0.02474184408112715,-0.014234461368794643,0.015325013609463648,0.018472075483839643,0.0004834145558844902,-0.007224515034336012
ATMINP1,-0.010961511038878591,-0.007735516389966207,0.010809647477156615,0.02160273221193718,-0.005970283733980672,0.0036729565438532157,-0.013107066184608811,-0.003089891594005284,-0.010412910065722208,-0.0033111674358724487,0.021146968403126645,0.02756771469110991,-0.029260009075424427,-0.0019515672326495936,0.015872056636734612,-0.003745510565343898,0.002076081933602441,0.00017377008220118185
RXRG,-0.09650090686850424,0.0038252667466723844,-0.013327512529287421,-0.031083088764550928,0.040016869703322674,-0.004495136993477277,-0.01466604998859172,-0.030311380449934876,0.006656233037590215,-0.005572711470274248,-0.027364733935914636,0.09343897049392552,-0.051359964865015116,0.03642078315720195,0.07031222392278018,-0.12873382194568797,0.1049431400308787,0.015584680144008423
SFRP4,0.03186413335877156,0.00022355365362911116,0.0014982293317606869,-0.04901905640928568,0.08230398336095134,-0.03047726847525062,0.14014731879815226,-0.050802370540548994,0.06930623823782783,-0.007799255909760365,0.0007948972863033085,0.000839583885945394,0.03900726471825203,0.046741074160998666,-0.05274517663017818,0.015151258944514908,-0.004286818709784365,0.004656348122919381
RTP5,-0.06560890651010419,0.0004940128334290271,-0.015922071304878684,-0.03161283613180981,0.018998738538459466,-0.016779551871771752,-0.001209083983022946,0.05590595292344991,-0.05888338882650259,0.016614465380773845,0.031200219367737304,-0.06897726007926176,-0.03716675825046893,0.029107743489708092,0.022475622694082063,-0.04858120686511349,0.012371445966119778,0.007550783313522992
NR5A1,-0.04055557829791176,0.015122768498817026,-0.009465966570281968,0.007026149982591517,-0.016396083505358677,0.01115329275552783,-0.029842390142506264,-0.04520863649582671,-0.01145953165827399,-0.013432923977230641,-0.009509470860778486,0.006366958309040712,-0.013108506784533076,-0.022249368687137613,0.00012613219459841116,-0.0064012809660876505,-0.008171727881573722,-0.016200084245738842
PCP4L1,0.058441069146068364,0.015140068396365156,-0.005094032039292751,-0.06577591297875394,0.08343824037529453,-0.03647641541792107,-0.004544155211725304,0.05169436581412192,0.018522586716525458,0.011635966939762704,0.09406592883630277,0.08063295252897257,0.049225987994281094,-0.017381069758092855,0.06511745653272427,-0.02058424417233,0.036935730448951466,-0.0028040733416522046
G6PC1,0.01130253002890413,-0.022899895060601506,0.024258664145162298,0.11563867634460352,-0.03515027238759932,0.009666799038074006,-0.05379698632518964,0.0016743572662257695,0.038690578652273364,0.005691400370111083,0.10321269962911397,0.071585691321793,-0.01002776876060668,0.01669236862001415,-0.010478161248648053,0.02741897720919733,-0.0043936876363921545,-0.001965780886525429
VSTM2A,-0.06066403247411454,-0.009627086038157049,-0.005619750102535955,-0.02905782073408784,0.03165224876874328,-0.008400285235195783,0.014230987111830217,0.00547384551415413,-0.02193436924210348,-0.0011740373947160692,0.06955070840598435,-0.0401189594366175,0.009444001917527398,0.030630272553606713,0.03332886978284094,-0.03299401521214062,0.02489732705150947,0.010668523954015713
ENSG00000280341,-0.04077901065663709,-0.011167957984680689,0.0033008074291558027,0.008625668525128605,-0.0055402066774507715,0.022111522476613535,-0.027577880150117053,-0.004103718086103466,-0.005220265526260815,-0.004611293709864176,0.020828717484780896,-0.005790127611410242,-0.030064534412947694,0.012891686818980336,0.0018003468838169866,0.004838751733017577,-0.0036586319699016415,-0.00012336455353921703
ADAMTS9-AS1,-0.0483676612533103,-0.010835965472803752,-0.026065708345791663,0.061603841476446666,-0.07055730713309274,0.003610959459610339,0.026834353422305852,-0.08195773866778351,0.04034005547955407,-0.023310929437624327,-0.07289596146879358,-0.07390505345287456,0.19903365988241592,0.013530507852841257,0.04082963853831962,-3.419083973189913e-05,0.009646157134391386,-0.002246336987702607
ENSG00000280078,0.013119555373257869,-0.008960816296498688,0.013011423645495016,0.01609764335005407,-0.012742732188140652,0.025939987331467254,-0.05297803743806149,-0.01324558673929759,0.0026687564035139943,-0.004215120170119166,-0.000688836843549164,0.05190954867110361,-0.0431707597246962,-0.01910480008185274,0.009817782502523652,0.011017906241217894,-0.006555552117642344,-0.012568676106894073
NLGN1,-0.08224645382586505,-0.0008059689378093982,-0.0459797643220404,0.009166353962423142,-0.012566811520571177,-0.036862036399212005,0.034205384131055325,0.01979564086797434,-8.717749964821935e-05,0.01720809282696286,0.0317064623940157,-0.15790217588604416,0.11581357956308909,0.03853942057781755,0.0803429436626129,-0.0621691394602016,0.022723952500351863,0.013357683496780607
C6,-0.008082924741761215,-0.008707687288200499,0.01675379677575386,0.14019101824928687,-0.06638559440030954,-0.013237567823225051,-0.005780943238611836,0.019387491291013286,0.05300383277904712,0.0013461132764548897,0.07583721972386508,0.04453364807922138,0.07803919663964647,0.04092258552809136,-0.04506060299110043,-0.004383839690567607,0.013668614104652105,0.006117774281032506
ENSG00000260714,0.01813857365947917,-0.008355912115575116,0.018524725845818733,0.0056883248431531305,-0.021713418897244107,0.017784817526716422,-0.04309074825357205,0.012437754604253316,-0.006890362952330915,-0.007370859894628456,-0.0022385415483609818,0.02702321673949231,-0.03356962940495799,-0.019847427588639308,-0.013645918227483114,0.03007072890707524,-0.025248780899781047,-0.01014206586008018
ROS1,0.009029363474644324,-0.0021313116904089413,0.004749774266075279,-0.007202126396952334,0.003487440919459075,-0.014412730514281751,-0.051212681982257376,-0.038423067734574115,0.04527575247145408,0.00016177393796321167,-0.010500397116977702,0.01574743958797831,0.013270548335757953,-0.06324019774091937,0.03517938250235081,-0.03053677370703449,0.03625957681742,-0.004597427540254556
DUSP26,-0.10669825852442237,-0.003721835030413028,-0.020366436243986215,-0.07604412958088835,0.055114136362900606,-0.042577030219660104,0.07659498880631808,0.05037180713706471,0.0036763054976704187,0.013411652479469006,0.07676696072371393,-0.04944198545783023,-0.011404533012620262,0.039728426809080494,0.114203823231906,-0.09612569744372337,0.061463260311726935,0.01314052568047583
CYP4A22,-0.018030497101938964,-0.029599200818030216,0.01139219734730694,0.09885746604964801,-0.050666133046326785,0.009722848328995266,-0.06212172717154359,0.021433610111289803,0.015612626381080612,0.010459001384933615,0.08888958098792457,-0.010761693634714204,-0.01864714302803162,0.010447041471955321,0.024939744067144644,0.019992699175833774,-0.004101718322096074,0.005283054869764264
C8B,-0.017987010096499872,-0.027280024008468826,0.024388069184874135,0.1162893587902937,-0.04463668209160945,0.0002550434532994694,-0.035628651810063285,0.0408385358135983,-0.007063327360368916,0.00230499153623736,0.1358161189397543,0.038159297199944806,-0.014447445640467757,0.008387072793241149,0.022883049263415615,0.01910425982047559,-0.008497673641902147,-0.007922442899395738
LONRF2,-0.10621336759064466,-0.021672292577842787,-0.011559681411105149,-0.0589601902516426,0.08734145389508026,-0.007697220267702011,0.07883281474243028,-0.07169098862949906,-0.055892788846524384,-0.0359425778157463,0.0156817173391276,0.06275855643394804,-0.013418469173920939,0.048158406599149356,0.014050892911666547,-0.08093355176058747,0.06352567948795511,0.008503862335269398
ENSG00000225329,0.008874128386786308,0.005112991338057952,0.006345769647171737,0.08920562786752938,-0.08996627593108812,-0.03438728066566778,0.062471068316653944,0.0055694605728406794,0.04870034256806295,0.009367523995991256,-0.07768399378090826,-0.03424948416949437,0.09377077477458774,-0.027932148746017415,0.0033788094280457126,-0.027777753036475387,0.011064593247974631,-0.0005058739854878916
TCEAL5,-0.09775765485772976,-0.0063392361793304895,-0.024135156638480485,-0.03041904506248995,0.046490759618267784,-0.03185549637434252,0.04231057154700357,0.05268815103780179,-0.036443327264511494,0.019669933098936946,0.07392858775067625,-0.062180909079265406,-0.014611812124582043,0.051341715945979416,0.07256331861103509,-0.07835775592806221,0.03366722798612237,0.012916694300151353
CDH10,-0.0659847170975224,-0.011265882341045636,-0.015841079177746957,-0.034576665872057474,0.022022361107656863,-0.011046863946599443,0.019484618307434906,0.059339176650992004,-0.06567993384361588,0.00095217447486175,0.07773194142701884,-0.06366426654218611,0.004436775462060951,0.020110189812433402,0.05844603926046521,-0.03697779581148076,0.010165250913578401,0.0051213824417345654
