,Factor1,Factor2,Factor3,Factor4,Factor5,Factor6,Factor7,Factor8,Factor9,Factor10,Factor11,Factor12,Factor13,Factor14,Factor15,Factor16
CDKN2A,-0.04882857684262144,-0.009141805790255985,0.0024747252473845617,0.0013114840140193876,0.23167879544407496,2.4774370038956227e-05,4.7529113060841314e-05,-0.0009641684437661492,3.078872610408932e-05,-0.030057692528378484,0.00019135226343499864,0.1740872020218933,0.0007486559641075106,-0.00040600377121624695,-0.0014081883287876433,-0.0008767369890766614
CSMD1,-0.19323673917634482,0.14627690586856126,-0.03475777338297272,0.013671881201599078,-2.3369242940818334e-06,-0.0333804724563178,-5.03153185334581e-07,-0.0022179316352171114,-0.04205778521123389,-0.017062990976503066,0.0001615009711177274,2.8946369791090493e-06,-0.004210504650243018,-0.0013734005811395387,-0.011478761730050155,0.01380721288372328
C9orf53,-0.04869801619554805,-0.009439693559281022,0.0022190980948518426,0.0009156441378762111,0.23246608954008205,-1.115555245471414e-05,0.00010098397631799304,-0.0006561275872498831,1.8820927413988344e-05,-0.029399100609662086,0.00027896757699665355,0.17413900767903892,0.0006241122795662689,-0.0002679990906071306,-0.0022096795472518493,-0.0012721383298838049
CDKN2B,-0.047646602114208556,-0.00818933568193782,0.001875999995353507,0.0010451973319696246,0.2348059437669317,-5.6433095255914925e-05,6.169404037161071e-05,-0.0009606380269748931,1.0430573531344882e-05,-0.028315972436568446,0.0001306819417964688,0.17586322728838122,0.0014184358952055115,-0.0006335310968254534,-0.00038615432567221916,-0.0005963432988337963
WHSC1L1,-0.0651768827604646,0.14954461957673007,5.372468529535031e-05,-0.00040271411881868436,-5.339338478787749e-06,0.23308962184331536,3.185838680811569e-07,-0.003966898323397689,-0.020750982975884406,0.00021688905383536808,1.2188318160631697e-06,-6.278095715394658e-07,-0.1786174260172455,0.028389030846392153,0.018061316602338996,-0.015159204160102682
MTAP,-0.04327166179962875,-0.00711914408727144,0.0011513581466459858,7.30737913324183e-05,0.2454449683916351,-7.207686653195934e-05,5.4059472347037574e-05,2.717202896299247e-05,4.378726241178891e-05,-0.016739141730979668,9.936477428001224e-05,0.1928983286036165,0.0003455563603112792,-1.8025349908316017e-05,-0.0008404861018441841,-0.0003900446797992587
FGFR1,-0.06612325032390311,0.14957231471268256,-3.0681733176731586e-05,-3.5402398434963825e-05,-4.327605882803816e-08,0.23196701563674113,9.23683449437153e-08,-0.005421615305727667,-0.020501918053613167,2.9966445866095507e-06,1.619014508819459e-05,-6.872524162117305e-06,-0.172056064689053,0.02745380275364574,0.019447445061737855,-0.016411569430193885
LETM2,-0.06514101889529544,0.14986357742969325,-7.749640077719785e-06,-8.764310871485277e-05,-7.497732161738925e-06,0.23262658204604095,4.810678472446137e-07,-0.0034679731860414115,-0.020135422193234175,4.612299641167012e-05,6.949032476841071e-06,-9.409829498323375e-07,-0.17617963311818186,0.027331508138636013,0.01896644285592261,-0.014229637831425291
DDHD2,-0.068317468825463,0.14967869574071635,-4.8955703876212585e-06,-0.0002412051534945482,1.349685600092898e-06,0.23191480590461086,-2.1923017773981446e-06,-0.0040077605884448995,-0.01982528077415577,0.0017857975301176165,8.739888742398027e-05,-8.20204175557572e-08,-0.18606942271115726,0.027536688258008674,0.017188160754612637,-0.01628409128853048
C8orf86,-0.06642172437511644,0.15003728118880766,-6.273890946535285e-05,-3.193499758991282e-05,-9.948001643791418e-07,0.2306526036228372,-2.2742628488462857e-07,-0.00470658488689465,-0.020278703510033844,1.4641625981489155e-06,1.9385616316287798e-05,-4.944485265694868e-06,-0.1642693869051453,0.02794742300904813,0.018261081192919727,-0.015171468892099846
PPAPDC1B,-0.06916010585006574,0.14988347109057099,-1.2936649355805981e-05,-0.00012222777871024094,1.168046527187752e-06,0.23146858747035473,-3.944854138060548e-07,-0.003238173939370751,-0.019241525709925853,0.00027436354632092694,0.00011317816101332859,-5.411277420639079e-07,-0.18585439863479677,0.027235087182716586,0.01551392656258997,-0.015278957764216337
RPS20P22,-0.06653442993385315,0.14983984498038122,-2.7494953194822774e-05,-7.528672861730242e-05,-4.3695528480384656e-07,0.232290885900743,1.4929966042301448e-07,-0.004614375344712651,-0.019874934240887192,6.590792662713103e-06,1.6551420332510634e-05,-2.2624508759631287e-06,-0.17279455921643627,0.028400918482110443,0.01935591773105395,-0.014768957863071829
BAG4,-0.07046856322115902,0.14949805124420057,0.0002609210782329038,-0.00011521430260391409,5.5464578854725035e-06,0.23081032991751732,-5.834297297974646e-08,-0.004189345766412505,-0.017831067188563244,0.006288256460954137,1.7785740762726848e-05,6.249471851202214e-08,-0.1902664814410182,0.025730723815701847,0.015372275572185037,-0.014013421359129714
ASH2L,-0.0718214912241612,0.1501967074229036,1.3648680456130753e-05,6.3183794756454795e-06,3.515429750462562e-06,0.22804816101316516,1.8984495665087244e-07,-0.002733885946532413,-0.017066486590770362,0.0076119140336802,-2.6782738505811527e-06,-8.281288659398596e-08,-0.19357434371886104,0.02597608602249896,0.012302245808922236,-0.012212429371873721
GPR124,-0.07801334277047854,0.15111921655480312,-4.16178570200014e-05,8.175456221788186e-05,1.075076810312633e-06,0.2122625759895008,-1.7774203223630487e-09,-0.00043419947832262155,-0.012549988048210458,0.008976391376525015,-6.936592562101707e-05,0.000162731968139415,-0.19038641541720985,0.02513225072896556,0.005223011932122782,-0.006899884946589573
LSM1,-0.07123194942231627,0.1497325254861062,5.6228915059241167e-05,-7.900394634053724e-06,4.451601092959171e-06,0.2305432539552627,-5.31897525859938e-07,-0.003657815292127418,-0.01783034377661636,0.006737300581582486,2.8202966174345713e-06,2.2694105818764476e-07,-0.1903464085187911,0.02650269966750108,0.014783111104434319,-0.014127299843664622
EIF4EBP1,-0.07284526491699715,0.15055603084398175,-9.817024551950526e-06,-2.56647518673151e-06,1.2003736784747234e-06,0.2248952550834494,1.651578355090643e-07,-0.0027139371758289088,-0.017123802564279953,0.008520671319076436,1.6012361593144233e-05,9.29626490782464e-06,-0.19286726223094167,0.027183350062635305,0.011115717539709904,-0.01030077288856351
STAR,-0.07214053591369707,0.15036616923881108,-1.2176051809880344e-06,-1.395006983303074e-05,3.020601833009894e-06,0.22863139831777501,-1.975489838889517e-07,-0.0029723052622067643,-0.01754993613540179,0.006768542969935538,8.964529572172424e-06,1.064354996757487e-07,-0.19323054358306185,0.025725315301231847,0.01427418172120672,-0.012413895635207775
ERLIN2,-0.07949290254486933,0.15134508818071382,-4.190001998262972e-05,3.723885739548651e-05,-2.5280377570135154e-08,0.2104049202868282,5.190730459770953e-07,-0.0002456464707297015,-0.011866020779972975,0.010203510122296356,-0.0002774712908334026,0.0013162650683956588,-0.18600280198988758,0.023911575042941825,0.0012041744211543162,-0.0039408930376300675
RAB11FIP1,-0.07680190091231201,0.1513374543375822,-0.0001415086430091995,6.8860202189603e-05,3.005280543961036e-08,0.2161760302645491,-1.2032796350550234e-07,-0.0028622516557532326,-0.014565851705817399,0.008696317316736764,-5.4949859030986e-06,8.62755306867551e-06,-0.19024286972127596,0.026091087521236147,0.007892830500423052,-0.009571237486105631
PROSC,-0.07962469911165532,0.15145238201978675,-6.0722583735502724e-05,5.616105500998798e-05,1.312161190489424e-06,0.21026031149458407,3.5700958301456475e-07,-0.0003003740731150069,-0.011908716655337503,0.00930262426036136,-0.00016485804758823122,0.001426589303288707,-0.18884688194464405,0.025059341570481473,0.00045013870464438656,-0.0020433436788725627
BRF2,-0.07790720342582597,0.15141075966276105,-7.834172809485577e-05,4.9290809164559715e-05,1.0511782936486323e-06,0.2148766374782689,-1.3438028981610842e-07,-0.0020828064787878505,-0.014134160340619767,0.009089233443924089,-6.727393018273891e-06,8.836099376230895e-05,-0.18943948732583019,0.024509659762885785,0.0069021278344942975,-0.008737867895293466
ADRB3,-0.07527387594226453,0.15104186344544054,-0.00014936581242244956,4.354498004770909e-05,1.0539497702329348e-06,0.22122157644011625,1.6780921551638535e-07,-0.003370215520176236,-0.016176322210992744,0.009341605823981339,2.943652071278644e-05,0.0017188775644193857,-0.1917281311384909,0.027579344531459903,0.010083552013887023,-0.011513769927367683
ZNF703,-0.08021940674943168,0.1507208678348514,-0.00025677229373886255,7.709095611172573e-05,-7.979599613601842e-07,0.2079365025315897,1.096589337533038e-06,-0.00011271886471356295,-0.01002328577030362,0.010134656914169609,-0.000534890742292491,0.000732653646652609,-0.18171643061177023,0.024226519112107048,0.0011025547963787205,-0.002391240471526283
GOT1L1,-0.07663254126913902,0.1508290533156692,-0.00016858269235227934,2.5218080588128704e-06,3.0297080439097727e-06,0.2195581755862673,-4.7177774245176594e-07,-0.0032915081520585566,-0.015443473134478925,0.008378718804374824,-1.2480438812526948e-05,0.0010195488422698295,-0.1921703567912992,0.025817153444843224,0.008988501689357935,-0.01070788777417629
TACC1,-0.06686388497079801,0.149070304099489,6.767694928065198e-05,2.8242773095650107e-05,-1.062929275672507e-05,0.2309452947599222,2.5914171317899045e-07,-0.005843096192025729,-0.02064452757393201,9.981075757903977e-05,-2.1267530095416867e-05,-2.4126221746276806e-07,-0.13329387396041076,0.02620010187497923,0.016161220626586145,-0.007534467959435378
RN7SL709P,-0.07792085484288576,0.15168207806907788,-0.0005344953169839434,9.285706612348076e-05,1.3089035961836306e-06,0.2166881228916738,-1.7918153200347407e-07,-0.002234135278759565,-0.014726085702358718,0.008016808489097223,-8.985971953695953e-06,3.183897826966904e-05,-0.191365000013992,0.02522042202496491,0.007854310191216374,-0.008123656447177
PLEKHA2,-0.06717428380266226,0.15012642551778324,5.3195820251948965e-05,0.00019806383682917183,-2.1542371793014546e-05,0.22902415044312333,-3.65344791713871e-08,-0.006550552972524377,-0.020120373966217898,3.089797043420427e-06,-8.064579176052146e-05,4.2118609372736603e-07,-0.1171858502260433,0.024514085521826757,0.012289143137767947,-0.006121233590148776
ADAM9,-0.0684402160647123,0.14915734049748247,0.0025538050858401073,0.00023882901409582049,-0.0002769985108215294,0.2284487431268473,1.7958000638795538e-07,-0.0058722405787405806,-0.02168933706616453,8.900693355072663e-07,-7.999590474730443e-05,-1.965895724264105e-06,-0.09989456476359401,0.020126851655617155,0.011277999944647468,-0.001250460497605475
KCNU1,-0.10127454231005185,0.1560394739064212,-0.007652984991705154,1.6205804563072965e-07,1.83629357543053e-06,0.16791238167427536,2.9580111631627047e-06,-0.00044101095606062247,0.00016840634512375833,0.00020494395830107293,-7.022026458589074e-05,-1.0158670730351053e-06,-0.1349687496099437,0.010861981602122876,-0.016252007572496105,0.003539285019634322
ADAM32,-0.06846477492137663,0.14968673188743564,0.0022735788271441627,0.00025743788928919134,-0.0009155509259149817,0.22737552855586832,-3.296678325669363e-07,-0.005940880614535827,-0.021106270884610027,-4.507083890256078e-06,-0.00011651187796116049,-1.3292740757063524e-06,-0.09429926303910154,0.01891437515670352,0.010619291346791621,-0.0025047676225078024
HTRA4,-0.06863771177522561,0.15047721576170137,0.000605253143307036,0.0004824083809745,-7.500501116325861e-05,0.22756831622077944,2.541735845460702e-07,-0.006784774300740931,-0.020005374541927735,9.719264785028717e-07,-5.1007054080614405e-05,-6.124344361134915e-07,-0.11023394249428992,0.021852512163757255,0.012893463578488838,-0.0028352008512678014
TM2D2,-0.06888950831949296,0.1504672701647435,0.0011646858259854996,0.0004228790666202842,-6.601290696471594e-05,0.2266259968688323,1.3616030843604078e-07,-0.006726915389143939,-0.021351913299580614,6.361923927736684e-07,-6.132643854018807e-05,-6.977324394589063e-07,-0.10799614658671995,0.02146251542873013,0.011672284333724357,-0.0011435257325040954
SNORD38|ENSG00000207199.1,-0.06884001613839241,0.1509050339329496,0.0014014442327606059,0.00019170806304040071,-0.000182942842941649,0.22644215317200944,4.020165984268136e-07,-0.007492294880472223,-0.020788220280846967,6.746008246279814e-07,-2.1219107903593576e-05,-1.0836186501164488e-06,-0.10297972435396453,0.019460759484515682,0.01155617835150936,-0.0011158644724188576
ADAM5,-0.07020481002661601,0.14987234810920588,0.003801241793605475,0.000879943114691725,-1.1369649052164464e-05,0.22534522766245776,5.402360387707654e-07,-0.006898027721505004,-0.019166568060109152,-1.6772886209822764e-06,6.897214802332286e-05,1.4160446755940331e-06,-0.07579630247039637,0.012356435954295314,0.0037730459509376806,-0.0004760466245088006
ADAM18,-0.06800369893333473,0.14900116378248424,0.00315855149185474,0.0002127808381365655,-6.303466760419716e-06,0.22512478361452137,-3.978152009111423e-07,-0.0052374249013137615,-0.01862026268427945,-6.612036268324063e-07,0.00010241522895589363,3.7834571577419252e-06,-0.055444307361521235,0.004951306603993659,0.0024377635972691373,-8.221287356912493e-05
NAALADL2,0.2037394141889666,0.11595447168787024,-0.11322548704085843,-0.0007160556397423872,-1.0823077325489429e-06,-7.238379010775501e-05,-0.01398421687222295,1.2695737016210077e-05,0.001391125031348328,5.5301893797082175e-06,0.032743372121579815,-7.337987295965935e-06,1.529374819418367e-05,-1.377385857787443e-06,4.750770451719745e-06,-0.001336988573438393
ADAM3A,-0.07054885516117226,0.15072969073605227,0.0023104846648908713,0.0004678633712898745,-8.444338903198818e-06,0.22500782931451482,-1.620948665369979e-07,-0.0036574914819691518,-0.019026468745648,-3.424696413535065e-06,0.0001223402503435171,1.4668326045384275e-06,-0.07014095247216548,0.011272943135319395,0.004915299421704209,-0.0002925875030636569
RNA5SP264,-0.10630290361505051,0.15733216123647437,-0.009170963367030474,-9.689005916467659e-06,9.873995683955739e-06,0.15802776486054215,8.64015667474459e-07,-0.00020900856698218318,0.0058772240366093435,5.512993387065446e-05,-2.906954813737702e-05,-1.940604732468704e-06,-0.1275497348072857,0.002285438037545902,-0.02304536742070961,0.010367711473045528
ADAM2,-0.06716689845019667,0.14986613167751325,0.005166741182160286,9.164808524808474e-05,-8.793702308271476e-05,0.2259299805936644,7.687228014905379e-08,-0.005888662336893402,-0.01840357036954503,-4.648391729401319e-06,0.0004019609909396682,-1.1360955731895896e-06,-0.03612806041248681,0.0002678778237606434,0.0010520530106848454,-6.120668641198232e-06
IDO2,-0.06824102192749434,0.15020854281686694,0.006078689944179801,0.00043019437348105127,-0.00014207673089068338,0.22282964753491014,-7.524415065585147e-08,-0.0062043590023842755,-0.016178913927488395,-2.7624402256996637e-06,0.0011696519680259993,1.0237135903730498e-06,-0.008934848823131432,3.838720749016543e-06,4.170133743127763e-05,2.077363309575258e-05
ZMAT4,-0.06163997416178878,0.14807278691571846,0.011090472458629626,0.0032512325096147173,-8.955155244977833e-06,0.22705438863361957,4.865763785800033e-07,-0.005076058108279776,-0.017731134430553148,-7.560629810622101e-06,2.334476838816213e-05,1.04541148602675e-05,0.06274980372839027,-0.0007224736199949339,-2.2246990660021796e-05,3.255395756326116e-05
IDO1,-0.06857790222571217,0.15049378233200084,0.004581996887951191,0.00021241046354841806,-3.9880035135791904e-05,0.2236617400999726,1.3188849079181474e-07,-0.006347169999664903,-0.01699577676846168,-4.6930775447664105e-06,0.0007185154995128268,3.174608191872381e-06,-0.01734861361839508,1.6394492351176775e-05,2.3435591693249056e-05,5.256910761332448e-05
WWOX,-0.01814069012569109,-0.00016330031206939968,-0.023339462153502608,-0.025775920942311126,-9.628785199329862e-05,-0.0025434711874194804,0.027051276257897397,-0.0038116110500760977,0.0009780303509489003,0.0004259159361113391,0.0027440286559883057,0.00016664496337414763,-0.000193119153140112,0.0009143497294168474,0.012625982861465025,0.0006007096095592833
C8orf4,-0.06943939790033007,0.1495373221309915,0.007409778783444153,0.000912196598566822,-2.9616315782948644e-05,0.2214894582867604,6.465554889058707e-05,-0.005944259120339827,-0.015548752021617469,-4.074784290657212e-06,5.851080813216602e-05,2.4044825062921343e-06,0.0006985614026189685,-1.8785184458974253e-06,-6.209184824067545e-05,2.2044244754277664e-05
PTPRD,-0.020063615424755203,-0.00048395312980836406,-7.156178233779657e-05,-0.00013194680435858882,0.26549887037521636,0.002105047416414675,-0.0017994256562769958,-0.0028643043690910045,-0.00024316936752772681,-1.8470776148597535e-05,-2.047984898709206e-05,-0.07039990612467473,-5.1886795190581985e-05,-2.2684710311237846e-05,-0.00029299742245310475,8.95196369076365e-05
ANK1,-0.04986322999897551,0.1457604537787598,0.019776178344731464,0.0030201822924943397,-3.4425362432656714e-06,0.23233582819321924,5.181410425449229e-08,-0.004108046203059906,-0.017948207765584822,-2.2695987124705592e-06,-5.460757085449337e-05,-3.6354465356762824e-06,0.17408166287658228,-0.020215854568394368,0.00029204925999884397,0.0004991763762632906
UNC5D,-0.1324280088207977,0.1590590945644403,-0.015159221971760992,0.0012994403110415202,-4.347843734081209e-07,0.10752669068079881,2.6526506973925144e-06,0.00018765826770886156,0.023682968500159763,2.2445347394831932e-05,8.436057818232702e-05,4.863004718938792e-06,-0.08501448431278996,-9.138560097711244e-06,-0.050942839948529,0.035088084352733015
RN7SKP201,-0.12154418575930306,0.15847494955218647,-0.013226079514416301,0.000945745032540036,5.951125710954575e-05,0.13392621498898372,4.433213435799559e-06,-4.3594028677150894e-05,0.01370153106196121,6.198462157172665e-06,1.8080963705972267e-06,-9.653664740175838e-06,-0.10066731795029644,0.0001135870380450731,-0.038326973502996686,0.02194564254304373
RNA5SP251,-0.20338912652164473,0.15912284592819095,-0.040211479370318264,0.014274327239819255,-7.65398667150563e-06,-0.03368692604424489,-2.636643840211927e-05,-0.00038342788560337117,-0.04015203326157052,-0.011215886367240089,0.0014589899947960129,3.2289811280257647e-06,-0.00498258369394161,-0.0014439845110892783,-0.011419096830668335,0.0031329698119460835
KAT6A,-0.0490914441938473,0.14587908557071683,0.021396497305141843,0.004035373800601036,-8.096985248459476e-07,0.23281298136123216,7.578562242375604e-07,-0.004277957816919642,-0.01842920658212534,-4.216931895092771e-06,-3.1461569197071503e-06,-1.1082629421806426e-05,0.18871786533697413,-0.023573939716964122,0.0018115596292091985,0.0001435820182653183
NRG1,-0.1698595202658269,0.16681546738415656,-0.02894794680094745,0.003711962163781841,1.9224107866777285e-07,0.029979170895311137,-0.0001484646077281275,-4.362947251235966e-05,0.05368064608358029,5.4251900022409044e-05,0.004783197588959916,-7.180407484921873e-09,-0.019849552091651367,2.483689501141601e-06,-0.0814186074884787,0.08452519701628791
AGPAT6,-0.05587171564010945,0.1469262184699785,0.018442574164995756,0.0053210450836949485,-6.043742607921454e-06,0.23189870727778392,-5.545964479860798e-07,-0.004576882424198369,-0.016625103120148952,2.0666087644090427e-06,1.32214646078393e-05,-1.3475814504794978e-06,0.15159169690670787,-0.01938602122521583,-1.0591883977910423e-05,5.9932776865936694e-05
SGCZ,-0.20291629297290187,0.1721805590478995,-0.043444456134512886,0.017464035348259962,-6.234946099648154e-05,-0.03676706780710045,-3.7965366909665663e-07,-0.005638866611268832,-0.0010293611452857551,1.118722900442849e-06,3.529755859653663e-05,-3.111360001290689e-06,0.00038534236999437726,-2.9481141540488248e-06,0.03457730100279839,-0.03382369497663539
RN7SL149P,-0.05245625662464237,0.14639717711244557,0.019869246420416802,0.0036469281594879,-5.0470170274357165e-06,0.23189699969038588,1.1309422151565226e-07,-0.0045746134051142815,-0.017686330182573526,-9.098274468575452e-07,-4.99671599669293e-05,-2.9941084210961677e-06,0.17291656110799306,-0.021659698526732395,1.3230488212516486e-05,0.00043782558888519346
GOLGA7,-0.0577961235206103,0.1482643325534143,0.016672056898221887,0.006120001225915903,-1.1361411903275506e-05,0.23045962891909308,-4.0142301508593783e-07,-0.00473903974228353,-0.015617058499990273,-1.0058241734926717e-06,0.0001163830473556364,-2.2821621231821526e-06,0.1370731849328577,-0.01759312360463999,-1.8494581660521146e-05,0.00033732592896257296
MIR486,-0.055468463442441725,0.14721984843816355,0.018217168377524087,0.005205526992542617,-8.230884270074677e-06,0.23220802539264088,-9.500294530514247e-07,-0.004042513267982188,-0.01792268509204524,-9.563987092180243e-07,8.769701201492006e-06,-2.515860344186546e-06,0.15668547933759322,-0.018782827647913076,-2.9724173679013067e-06,4.421053943985037e-05
GINS4,-0.05768261978339545,0.1483410170397269,0.017429600252790462,0.005539728889369818,-1.082595120022587e-05,0.2311257123632589,6.942613449535023e-09,-0.004691964789863618,-0.015602021076468842,-2.5467863825911132e-06,9.508174827880755e-05,-1.8871029352310325e-06,0.13790957593020295,-0.017842871578750176,-2.542360558667029e-05,0.00024448678453592866
SFRP1,-0.059762758242219396,0.1495032346662496,0.015298092242796539,0.003922925840279817,2.7759137122348244e-06,0.22857491541880942,-1.3098943432204404e-07,-0.005502708176071204,-0.015525836887427692,2.1621218300619107e-06,8.559749499666712e-05,-2.9132643105142185e-06,0.11114894109635123,-0.015031496902383054,-1.894455080612377e-05,0.00024442870299073646
SNORD112|ENSG00000238966.1,-0.05021920373768626,0.14583975248600287,0.021442862814508065,0.005051328110073966,-8.817811942439645e-07,0.23338364965258224,2.3529427596001643e-07,-0.004805992413539952,-0.017882092311733995,-2.8865631992203934e-06,-3.204545046350074e-06,-7.350182190457701e-07,0.19060904859235486,-0.024152469813340134,0.003629192639303618,4.291485566793159e-05
MIR548AO,-0.06024563119581842,0.14969808135151536,0.01486883372611493,0.003909616791255539,2.19632293802976e-06,0.22826348229575666,-2.800534175883571e-07,-0.005167525209765162,-0.015428702077560025,1.7396919477153754e-06,3.8603400774795596e-05,-3.2157039856624542e-06,0.10871904269962213,-0.014719389783118637,-1.611527255077524e-05,0.00024407122185197147
AP3M2,-0.04967208778449772,0.14642478047851604,0.023082808306256263,0.004282103015939948,-2.3843402380602866e-06,0.2341674954813819,1.4827967758664863e-07,-0.00494772269655093,-0.01844089715936185,-0.000454557727648874,-2.3908296893490204e-06,3.5060651652725477e-07,0.1970727128577796,-0.025302848221716034,0.0025972058408016033,9.901829407130876e-05
SNORD65|ENSG00000238936.1,-0.05870294314223713,0.14915825736310592,0.015412858431445386,0.00559125818007154,-1.7581173747043054e-06,0.22983050436857227,-2.69261494995606e-07,-0.004596748021223824,-0.015286103207742973,-9.814943733690655e-06,7.199803495891914e-05,-4.088784353078021e-06,0.12752647960659877,-0.0159332094255748,-4.549496878144126e-05,0.0001615806107508481
PLAT,-0.049229298228697364,0.14660581961187438,0.02259770888226738,0.004516037306393393,-2.3181918172864928e-06,0.23388378809162244,1.3085978071636413e-07,-0.005009031950720716,-0.019184889166750024,-3.7919014819775805e-05,-1.0253101041689155e-06,5.779551420789909e-07,0.200027377295386,-0.026910279967546177,0.0002138007280757091,1.2791857163440707e-05
ERICH1,-0.19619685632217843,0.1614624132129329,-0.03729639086104394,0.00986177969511285,1.5273249848239582e-05,-0.031151105819217838,-4.276621539060417e-05,-1.893546173964571e-05,-0.036740167602966146,4.057548191156546e-05,-2.100486028630092e-05,-7.759433358355895e-07,-0.0001951560363137812,-9.584614390581495e-05,-0.011996194718280432,0.0063851683217985835
FBXO25,-0.19591144977705693,0.16162874823126755,-0.03695345605070807,0.009542876730292605,2.082137138755168e-05,-0.03120031281847514,-4.609931109449302e-05,-2.7031529446202316e-05,-0.03631218901790116,2.000396739564291e-05,-3.2564300157780015e-05,-2.166670180440281e-06,-9.736240151949969e-05,-9.15853658614423e-05,-0.0122554847257953,0.0030680270273809834
OR4F21,-0.19591144977705693,0.16162874823126755,-0.03695345605070807,0.009542876730292605,2.082137138755168e-05,-0.03120031281847514,-4.609931109449302e-05,-2.7031529446202316e-05,-0.03631218901790116,2.000396739564291e-05,-3.2564300157780015e-05,-2.166670180440281e-06,-9.736240151949969e-05,-9.15853658614423e-05,-0.0122554847257953,0.0030680270273809834
RPL23AP53,-0.19591144977705693,0.16162874823126755,-0.03695345605070807,0.009542876730292605,2.082137138755168e-05,-0.03120031281847514,-4.609931109449302e-05,-2.7031529446202316e-05,-0.03631218901790116,2.000396739564291e-05,-3.2564300157780015e-05,-2.166670180440281e-06,-9.736240151949969e-05,-9.15853658614423e-05,-0.0122554847257953,0.0030680270273809834
TDRP,-0.19591144977705693,0.16162874823126755,-0.03695345605070807,0.009542876730292605,2.082137138755168e-05,-0.03120031281847514,-4.609931109449302e-05,-2.7031529446202316e-05,-0.03631218901790116,2.000396739564291e-05,-3.2564300157780015e-05,-2.166670180440281e-06,-9.736240151949969e-05,-9.15853658614423e-05,-0.0122554847257953,0.0030680270273809834
ZNF596,-0.19591144977705693,0.16162874823126755,-0.03695345605070807,0.009542876730292605,2.082137138755168e-05,-0.03120031281847514,-4.609931109449302e-05,-2.7031529446202316e-05,-0.03631218901790116,2.000396739564291e-05,-3.2564300157780015e-05,-2.166670180440281e-06,-9.736240151949969e-05,-9.15853658614423e-05,-0.0122554847257953,0.0030680270273809834
GATA4,-0.20430526485452552,0.17505400868572196,-0.04163508168118774,0.01609187263223393,-0.0041527381443200225,-0.037749901805878984,0.0009497912976933998,-0.0002745170081058947,-0.03507934503559975,2.6497263237798642e-05,-1.4722509913653792e-05,-6.4618423485164195e-06,5.1673805936216816e-05,3.804347071557936e-07,0.011775261707330823,-0.012473388416278982
IKBKB,-0.05009199574221545,0.147436027566872,0.023632621451624303,0.003274515413434838,-5.0593327648735585e-06,0.23240777917738056,-3.31217389672495e-08,-0.005244888499954787,-0.019006664923527018,8.875219430867621e-08,6.132558942061652e-06,2.286100409238242e-06,0.2045873000620738,-0.02814168094318993,-5.032621717067695e-06,1.0292919461160849e-05
NEIL2,-0.20467850203955815,0.17417086409841784,-0.041782315967849294,0.01604788597390871,-0.004566358518074395,-0.037736581665193385,9.857366727058124e-05,-0.00048660876043431266,-0.03463755695510865,1.6681500685850183e-05,-6.699483554000542e-06,-6.13190936857367e-06,3.544083927894951e-05,-1.754826966643359e-07,0.010666424466680436,-0.0128841775861347
SLC20A2,-0.04856250622269836,0.14607666729289873,0.025492842092219983,0.003211874978697979,-1.6337179579805596e-06,0.23061707243671592,-1.3586138373837418e-06,-0.007228180524399806,-0.01921680610048128,-5.742696490348112e-06,0.0016371431949715365,2.1057938792883952e-07,0.20167830432487416,-0.028486412079491246,-8.195444650275937e-06,-1.4679080594452383e-05
C8orf49,-0.20447646981777765,0.17441337086129957,-0.04152802790688401,0.015910211786984933,-0.004083661197120773,-0.037609509232188545,8.620638161604923e-05,-0.0005241422967050941,-0.034308804805500595,1.725341117639649e-05,-7.954325045079787e-06,-5.361918946837207e-06,7.089434035300052e-05,3.389577847456436e-07,0.011039699709242637,-0.013106620645597044
CTSB,-0.20601845088854875,0.17511999502466033,-0.04241709481502001,0.01592648284828938,-0.002723137157154887,-0.03893202321517811,2.4240515163398094e-05,-0.00025745482210715525,-0.03153859663397262,8.299837181846185e-05,-1.217428648166512e-07,-2.4881274996027324e-05,6.075073194229446e-06,1.067986918506027e-06,0.017215072313825512,-0.015282661658293506
DEFB130|ENSG00000232948.1,-0.20601845088854875,0.17511999502466033,-0.04241709481502001,0.01592648284828938,-0.002723137157154887,-0.03893202321517811,2.4240515163398094e-05,-0.00025745482210715525,-0.03153859663397262,8.299837181846185e-05,-1.217428648166512e-07,-2.4881274996027324e-05,6.075073194229446e-06,1.067986918506027e-06,0.017215072313825512,-0.015282661658293506
DEFB130|ENSG00000233050.1,-0.20601845088854875,0.17511999502466033,-0.04241709481502001,0.01592648284828938,-0.002723137157154887,-0.03893202321517811,2.4240515163398094e-05,-0.00025745482210715525,-0.03153859663397262,8.299837181846185e-05,-1.217428648166512e-07,-2.4881274996027324e-05,6.075073194229446e-06,1.067986918506027e-06,0.017215072313825512,-0.015282661658293506
DEFB134,-0.20601845088854875,0.17511999502466033,-0.04241709481502001,0.01592648284828938,-0.002723137157154887,-0.03893202321517811,2.4240515163398094e-05,-0.00025745482210715525,-0.03153859663397262,8.299837181846185e-05,-1.217428648166512e-07,-2.4881274996027324e-05,6.075073194229446e-06,1.067986918506027e-06,0.017215072313825512,-0.015282661658293506
DEFB135,-0.20601845088854875,0.17511999502466033,-0.04241709481502001,0.01592648284828938,-0.002723137157154887,-0.03893202321517811,2.4240515163398094e-05,-0.00025745482210715525,-0.03153859663397262,8.299837181846185e-05,-1.217428648166512e-07,-2.4881274996027324e-05,6.075073194229446e-06,1.067986918506027e-06,0.017215072313825512,-0.015282661658293506
DEFB136,-0.20601845088854875,0.17511999502466033,-0.04241709481502001,0.01592648284828938,-0.002723137157154887,-0.03893202321517811,2.4240515163398094e-05,-0.00025745482210715525,-0.03153859663397262,8.299837181846185e-05,-1.217428648166512e-07,-2.4881274996027324e-05,6.075073194229446e-06,1.067986918506027e-06,0.017215072313825512,-0.015282661658293506
FAM66A,-0.20601845088854875,0.17511999502466033,-0.04241709481502001,0.01592648284828938,-0.002723137157154887,-0.03893202321517811,2.4240515163398094e-05,-0.00025745482210715525,-0.03153859663397262,8.299837181846185e-05,-1.217428648166512e-07,-2.4881274996027324e-05,6.075073194229446e-06,1.067986918506027e-06,0.017215072313825512,-0.015282661658293506
FAM66D,-0.20601845088854875,0.17511999502466033,-0.04241709481502001,0.01592648284828938,-0.002723137157154887,-0.03893202321517811,2.4240515163398094e-05,-0.00025745482210715525,-0.03153859663397262,8.299837181846185e-05,-1.217428648166512e-07,-2.4881274996027324e-05,6.075073194229446e-06,1.067986918506027e-06,0.017215072313825512,-0.015282661658293506
FAM86B1,-0.20601845088854873,0.17511999502466033,-0.042417094815020005,0.015926482848289358,-0.002723137157154884,-0.03893202321517813,2.4240515163398318e-05,-0.0002574548221071577,-0.031538596633972606,8.299837181845968e-05,-1.2174286481650738e-07,-2.4881274996027432e-05,6.07507319422932e-06,1.0679869185060693e-06,0.017215072313825512,-0.015282661658293506
FAM86B2,-0.20601845088854875,0.17511999502466033,-0.04241709481502001,0.01592648284828938,-0.002723137157154887,-0.03893202321517811,2.4240515163398094e-05,-0.00025745482210715525,-0.03153859663397262,8.299837181846185e-05,-1.217428648166512e-07,-2.4881274996027324e-05,6.075073194229446e-06,1.067986918506027e-06,0.017215072313825512,-0.015282661658293506
FDFT1,-0.20601845088854875,0.17511999502466033,-0.04241709481502001,0.01592648284828938,-0.002723137157154887,-0.03893202321517811,2.4240515163398094e-05,-0.00025745482210715525,-0.03153859663397262,8.299837181846185e-05,-1.217428648166512e-07,-2.4881274996027324e-05,6.075073194229446e-06,1.067986918506027e-06,0.017215072313825512,-0.015282661658293506
RNA5SP253,-0.20601845088854875,0.17511999502466033,-0.04241709481502001,0.01592648284828938,-0.002723137157154887,-0.03893202321517811,2.4240515163398094e-05,-0.00025745482210715525,-0.03153859663397262,8.299837181846185e-05,-1.217428648166512e-07,-2.4881274996027324e-05,6.075073194229446e-06,1.067986918506027e-06,0.017215072313825512,-0.015282661658293506
RNA5SP254,-0.20601845088854875,0.17511999502466033,-0.04241709481502001,0.01592648284828938,-0.002723137157154887,-0.03893202321517811,2.4240515163398094e-05,-0.00025745482210715525,-0.03153859663397262,8.299837181846185e-05,-1.217428648166512e-07,-2.4881274996027324e-05,6.075073194229446e-06,1.067986918506027e-06,0.017215072313825512,-0.015282661658293506
USP17L2,-0.20601845088854875,0.17511999502466033,-0.04241709481502001,0.01592648284828938,-0.002723137157154887,-0.03893202321517811,2.4240515163398094e-05,-0.00025745482210715525,-0.03153859663397262,8.299837181846185e-05,-1.217428648166512e-07,-2.4881274996027324e-05,6.075073194229446e-06,1.067986918506027e-06,0.017215072313825512,-0.015282661658293506
ZNF705D,-0.20601845088854875,0.17511999502466033,-0.04241709481502001,0.01592648284828938,-0.002723137157154887,-0.03893202321517811,2.4240515163398094e-05,-0.00025745482210715525,-0.03153859663397262,8.299837181846185e-05,-1.217428648166512e-07,-2.4881274996027324e-05,6.075073194229446e-06,1.067986918506027e-06,0.017215072313825512,-0.015282661658293506
BLK,-0.2056691904956358,0.1747874971112723,-0.04250976750204377,0.015234702365155709,-0.0037038684939620274,-0.037887604305599294,3.2747606573961086e-05,-4.388291089708213e-05,-0.03538235881641849,6.598204445443111e-06,-2.2347926468068314e-05,-3.6541023936480623e-06,6.855627957505492e-05,7.0813875785663e-07,0.011294726887055817,-0.011751804209135838
FAM167A,-0.20596283047871072,0.17477892132184855,-0.04215537116250632,0.015209361780947209,-0.0044489287079267055,-0.03778926286676455,4.9932299618424146e-06,-8.381632445226846e-05,-0.035624570595292386,3.6720148157109993e-06,-2.1865562515992297e-05,-6.8573969362276084e-06,7.861963080958404e-05,2.563451096128258e-06,0.009316478840935604,-0.010968335334778794
snoU13|ENSG00000238714.1,-0.05001186338373321,0.14746754687160105,0.02351290818581966,0.0036973129751639933,-5.475630483264036e-06,0.23320813609182783,3.949888866208062e-07,-0.0053207005467065345,-0.01876031367790391,-5.529721461909725e-05,6.6576684507037e-06,8.112263438604177e-07,0.2013394917123582,-0.027968267661246313,9.05204047280723e-06,1.7091838876455953e-05
POLB,-0.05086341466385014,0.1477644211316393,0.022927818912566542,0.0029710444225228873,1.6458505181970896e-06,0.23258993972989017,-6.763113110055626e-08,-0.004824286660404515,-0.019118683605853854,-4.295245732636764e-07,7.533032069155843e-06,3.655288104135703e-06,0.2044736778681348,-0.030017720431816653,1.6615609752378343e-06,4.462284099713732e-06
DLGAP2,-0.19715112057483486,0.1624695947473146,-0.03756062287713082,0.01137380094436324,6.350541499487098e-06,-0.03033536762077621,-4.026034092217126e-05,8.92519813571941e-05,-0.03801879217739637,5.733326523852536e-06,0.0004299996418047239,2.263733908343967e-06,-0.011407495113691338,-0.00021308658849726703,-0.004532703147359059,0.0009019171734357124
LINC00208,-0.20583193474201916,0.17510817383790667,-0.04236601807423272,0.0157495209671562,-0.0027495959177793773,-0.037729134753234396,3.841295132561239e-05,-9.770653083720476e-05,-0.03464207814925919,1.5110001224243322e-05,-1.4004580063069895e-05,-3.52115506027687e-06,3.6721878107217286e-05,2.805292750373556e-07,0.012091742019170078,-0.013062405690458046
DKK4,-0.0510345592390764,0.1477802208038964,0.022514174632520447,0.002776257027799362,2.751150960846535e-06,0.2317626698722476,-4.681470840571972e-09,-0.00561289775014823,-0.019382717164001716,-1.0470842982726829e-06,1.9471427674004288e-05,4.261009933268462e-07,0.2054142540591672,-0.029221718456202275,-3.1055963635137993e-05,4.204417784930613e-06
VDAC3,-0.05115652741077478,0.14738237369386364,0.022822189781407556,0.002891206351051873,4.061571105737055e-06,0.23201371751585362,-1.0159196678620869e-07,-0.005469231810039275,-0.019151729851966733,-1.8269413560791907e-06,1.922933252415626e-05,9.199770889877788e-07,0.20520010914590264,-0.02903650708537295,-3.806795888729553e-05,3.5049063177095057e-08
XKR6,-0.20588061968897747,0.1754170647317962,-0.04231968929783227,0.014904419467281023,-0.003974477355510527,-0.03861459242447607,0.0011452441993452787,-0.0005042448915857413,-0.040432886645455364,-1.8005854065682276e-06,-2.2933008349215163e-06,-2.0642675940302906e-06,5.900062374115298e-06,2.550660211746841e-06,0.008810835726048228,-0.009406127530967727
C8orf12,-0.20643771335307187,0.1750124186202351,-0.04228713280574555,0.01509162747481612,-0.002583293334442484,-0.037953953074988146,2.255697992068943e-06,-7.482273203058525e-05,-0.0364117799299127,5.941556804389255e-07,-3.8110109291904715e-05,-1.8706794230149643e-06,5.262355723799468e-05,1.785656062214889e-06,0.00989451161541178,-0.010602663570601651
MYOM2,-0.19957084287398744,0.16359530013529439,-0.0389196686629501,0.010841176273978834,3.820440940538599e-06,-0.0322824237995862,-7.797072077101873e-05,-1.5043168380375863e-06,-0.03696374738723053,8.605924636298664e-06,0.00012226468247448802,4.161184996713955e-06,-0.00657144252600073,-0.0004396760150324626,-0.009959970609752164,0.008876091839291441
SMIM19,-0.04957386058144223,0.1456577301384678,0.026400257049405667,0.0016961911361783827,1.4143222991407386e-06,0.22871156640370535,-1.8493519892477655e-07,-0.007104022502129153,-0.018216618338443395,-1.9452054476499567e-05,0.00045206591280245247,8.030373310424578e-07,0.20122393808942918,-0.028993216035420592,-7.836626265224728e-05,1.2615348630016497e-05
ARHGEF10,-0.19973574349546613,0.16403639984787097,-0.038735725949067865,0.011398854995768481,4.294291321565035e-06,-0.031355619291212077,-3.756736324438755e-05,7.663015285809954e-05,-0.038743969628952234,3.1075380800490817e-06,4.842572205428079e-05,2.8391206343266874e-07,-0.005529843624857883,-0.00031340870369022506,-0.010686907092391623,0.0060734421875487535
TDH,-0.20640109329298295,0.17533723049378616,-0.04232130974897338,0.014989153224982003,-0.0034107045086899375,-0.038080718720985084,5.198450251489258e-06,-8.320437456943777e-05,-0.03689242016584357,8.050792615163674e-07,-4.748785089649279e-06,-2.09903953327711e-06,0.00011245024853072964,1.8339951798764569e-06,0.0099416879800397,-0.009365394051733643
RN7SL293P,-0.20650034555407312,0.17539869104187542,-0.04224469582292993,0.015049745033810177,-0.003258270073303701,-0.038177783568879534,4.391401339339566e-06,-0.00010569326826443238,-0.03653038057430973,9.031649735628641e-07,-9.817715441566295e-06,-1.7577603976637282e-06,0.00013698165004835154,1.4791491904039922e-06,0.01034598185563974,-0.009629006494961642
FNTA,-0.0027614520906482968,0.13051979190761295,0.07327293667243699,-0.0006587675769153371,0.00032926790951224466,0.15738481968509513,-3.055407615844253e-05,0.009104019009937316,-0.012976720072549365,4.73843696883781e-06,-0.0005042275956890094,-2.1106229877390513e-06,0.1421140220078162,-0.004421574171602501,2.2768313468951293e-05,-0.00021942124182423614
DLC1,-0.20516669733559223,0.17513014256752457,-0.04191169794714065,0.017062557408301485,-3.117457069460553e-05,-0.0391331442243478,1.0883008478889414e-06,-0.0014385962141089045,-0.015599076025791029,6.505957799817281e-06,0.000327854517285379,1.8013550760365113e-06,0.0008910713081577542,-1.8646318926402442e-06,0.03070414949224959,-0.032257760983371644
MTMR9,-0.20633517385287087,0.1756886477976987,-0.04259218298012857,0.01506943692429841,-0.0033328207911797986,-0.03789730852449064,1.0142692284464735e-05,-5.4536310698682854e-05,-0.0374862504232994,6.809161098083943e-07,-1.8773363476732612e-06,-1.3017674852604502e-06,5.706513969612292e-05,-4.566180278696697e-08,0.007086072783781514,-0.008065857527994878
SLC35G5,-0.20634198343294746,0.17558591639206172,-0.04248573745896443,0.015035916376441897,-0.003814096200099636,-0.03776528968786984,7.162944252886108e-06,-5.792032745875492e-05,-0.03752703941249315,5.591717375193467e-07,-1.0636911607596941e-05,-2.0228860864746276e-06,7.24673766847891e-05,5.385980501476783e-07,0.007179200510131229,-0.008152529895225729
LINC00529,-0.20670631261420738,0.17585688598072002,-0.042165401416421604,0.014994900074525879,-0.003926282920839371,-0.03889789461363276,2.463278141496308e-05,-4.475252707419922e-05,-0.03928622173234181,8.518663723333739e-07,-5.481048772259016e-06,-1.6701320370275487e-06,4.320322047554343e-05,1.1209889550951783e-06,0.007034821053554463,-0.008090645834261879
CLN8,-0.19981694075452663,0.1636331940763093,-0.03848707930396775,0.011938114140060832,4.04992738192349e-06,-0.031162058875154747,-3.827273143661905e-05,1.8245547829909853e-05,-0.03887070704325671,4.149689844976727e-06,9.116313591172107e-05,4.063039816136096e-07,-0.005089795682663621,-0.0006902348973068555,-0.009993004419896728,0.0061203201534607305
MIR596,-0.19985324957725653,0.16356181989218163,-0.03843243525906887,0.011990237412882493,4.027069381342205e-06,-0.031065587845632254,-4.433296845870087e-05,5.580904213088501e-05,-0.03887955616912098,3.744346021969984e-06,7.826495109511392e-05,4.463831024912343e-07,-0.004148171869590114,-0.000617640112923589,-0.00995009390059386,0.006099540179783466
MCPH1,-0.20427178891767683,0.1732796261056943,-0.0400192989312807,0.01098012861245436,-0.00028160140062066384,-0.04311785689892717,-1.4668246919489056e-06,0.003650024715383784,-0.055241468865716396,6.652502462245383e-06,-4.048847708425881e-05,2.863431750047548e-05,-0.004379388644038115,-9.901012030145658e-05,-0.021269833604561347,0.02262096259331362
MIR598,-0.2075027063162948,0.17587842661941386,-0.04242960822761634,0.014159749458217722,-0.004211194179987928,-0.039227703440750245,0.001965089331346629,-0.00018313592919357523,-0.04070760294959969,-8.532254828195542e-07,-3.9314010911465074e-05,-1.1611361855509997e-06,9.752683673464805e-05,4.051241920111464e-06,0.007268804583897364,-0.008946512046774276
SOX7,-0.20770168372275052,0.17641713341944534,-0.04255395176918069,0.013391688189789155,-0.004143533759668768,-0.0393256710622117,0.0014879320386852826,-0.0037775268441672697,-0.040703148251225243,-6.153801552829252e-07,-1.0764250582258074e-05,-7.120930763073693e-07,1.8769041452628015e-05,1.2234958542327458e-05,0.005466576110796751,-0.007382617685853229
MSRA,-0.20676135825933378,0.17692156103630322,-0.04228127518213223,0.01359803102133058,-0.0009449150348701243,-0.041183905310258985,1.2577487139866177e-05,-0.0006214517771868697,-0.03946558466163568,-1.2871124524535332e-06,3.1894301556274127e-06,-2.402719333921697e-06,1.3080326691616739e-06,3.84016412291886e-06,0.0027889959189556644,-0.004575880911720821
RN7SKP159,-0.20438578941668809,0.17347870138670324,-0.04064420805835245,0.01177872120388134,-9.694287497737098e-06,-0.040608041931219294,-1.5308948836533025e-06,0.0014780069483762734,-0.049871434026794496,1.4876394852073195e-06,-4.7907388057980125e-05,3.2710018223000713e-06,-0.00015555647961503416,-1.1181248395574814e-05,-0.018981147176084578,0.015732435730263273
ALG1L13P,-0.20705051982373215,0.17759137271746453,-0.04201427848528678,0.012660648076292587,-0.0033549325852706953,-0.04928544730091669,-8.86034126749313e-15,0.0033010392937234075,-0.0670911472593891,-4.707146557126457e-14,1.044168855178028e-12,6.8532746738878846e-15,-0.0067255835249359726,-5.179412078617229e-15,-0.02434266950223767,0.024387048644757135
DEFA1B,-0.20705051982373215,0.17759137271746453,-0.04201427848528678,0.012660648076292587,-0.0033549325852706953,-0.04928544730091669,-8.86034126749313e-15,0.0033010392937234075,-0.0670911472593891,-4.707146557126457e-14,1.044168855178028e-12,6.8532746738878846e-15,-0.0067255835249359726,-5.179412078617229e-15,-0.02434266950223767,0.024387048644757135
DEFA1,-0.20705051982373215,0.17759137271746453,-0.04201427848528678,0.012660648076292587,-0.0033549325852706953,-0.04928544730091669,-8.86034126749313e-15,0.0033010392937234075,-0.0670911472593891,-4.707146557126457e-14,1.044168855178028e-12,6.8532746738878846e-15,-0.0067255835249359726,-5.179412078617229e-15,-0.02434266950223767,0.024387048644757135
DEFA3,-0.20705051982373215,0.17759137271746453,-0.04201427848528678,0.012660648076292587,-0.0033549325852706953,-0.04928544730091669,-8.86034126749313e-15,0.0033010392937234075,-0.0670911472593891,-4.707146557126457e-14,1.044168855178028e-12,6.8532746738878846e-15,-0.0067255835249359726,-5.179412078617229e-15,-0.02434266950223767,0.024387048644757135
DEFA5,-0.20705051982373215,0.17759137271746453,-0.04201427848528678,0.012660648076292587,-0.0033549325852706953,-0.04928544730091669,-8.86034126749313e-15,0.0033010392937234075,-0.0670911472593891,-4.707146557126457e-14,1.044168855178028e-12,6.8532746738878846e-15,-0.0067255835249359726,-5.179412078617229e-15,-0.02434266950223767,0.024387048644757135
DEFB103A,-0.20705051982373215,0.17759137271746453,-0.04201427848528678,0.012660648076292587,-0.0033549325852706953,-0.04928544730091669,-8.86034126749313e-15,0.0033010392937234075,-0.0670911472593891,-4.707146557126457e-14,1.044168855178028e-12,6.8532746738878846e-15,-0.0067255835249359726,-5.179412078617229e-15,-0.02434266950223767,0.024387048644757135
DEFB103B,-0.20705051982373215,0.17759137271746453,-0.04201427848528678,0.012660648076292587,-0.0033549325852706953,-0.04928544730091669,-8.86034126749313e-15,0.0033010392937234075,-0.0670911472593891,-4.707146557126457e-14,1.044168855178028e-12,6.8532746738878846e-15,-0.0067255835249359726,-5.179412078617229e-15,-0.02434266950223767,0.024387048644757135
DEFB104A,-0.20705051982373215,0.17759137271746453,-0.04201427848528678,0.012660648076292587,-0.0033549325852706953,-0.04928544730091669,-8.86034126749313e-15,0.0033010392937234075,-0.0670911472593891,-4.707146557126457e-14,1.044168855178028e-12,6.8532746738878846e-15,-0.0067255835249359726,-5.179412078617229e-15,-0.02434266950223767,0.024387048644757135
DEFB104B,-0.2070505198237323,0.17759137271746447,-0.042014278485286743,0.012660648076292674,-0.003354932585270736,-0.049285447300916684,-8.860341292945958e-15,0.003301039293723484,-0.06709114725938908,-4.7071465892221705e-14,1.0441688506615893e-12,6.8532746441695095e-15,-0.006725583524935889,-5.179412036484118e-15,-0.024342669502237613,0.02438704864475713
DEFB105A,-0.20705051982373215,0.17759137271746453,-0.04201427848528678,0.012660648076292587,-0.0033549325852706953,-0.04928544730091669,-8.86034126749313e-15,0.0033010392937234075,-0.0670911472593891,-4.707146557126457e-14,1.044168855178028e-12,6.8532746738878846e-15,-0.0067255835249359726,-5.179412078617229e-15,-0.02434266950223767,0.024387048644757135
DEFB105B,-0.20705051982373215,0.17759137271746453,-0.04201427848528678,0.012660648076292587,-0.0033549325852706953,-0.04928544730091669,-8.86034126749313e-15,0.0033010392937234075,-0.0670911472593891,-4.707146557126457e-14,1.044168855178028e-12,6.8532746738878846e-15,-0.0067255835249359726,-5.179412078617229e-15,-0.02434266950223767,0.024387048644757135
DEFB106A,-0.20705051982373215,0.17759137271746453,-0.04201427848528678,0.012660648076292587,-0.0033549325852706953,-0.04928544730091669,-8.86034126749313e-15,0.0033010392937234075,-0.0670911472593891,-4.707146557126457e-14,1.044168855178028e-12,6.8532746738878846e-15,-0.0067255835249359726,-5.179412078617229e-15,-0.02434266950223767,0.024387048644757135
DEFB106B,-0.20705051982373215,0.17759137271746453,-0.04201427848528678,0.012660648076292587,-0.0033549325852706953,-0.04928544730091669,-8.86034126749313e-15,0.0033010392937234075,-0.0670911472593891,-4.707146557126457e-14,1.044168855178028e-12,6.8532746738878846e-15,-0.0067255835249359726,-5.179412078617229e-15,-0.02434266950223767,0.024387048644757135
DEFB107A,-0.20705051982373215,0.17759137271746453,-0.04201427848528678,0.012660648076292587,-0.0033549325852706953,-0.04928544730091669,-8.86034126749313e-15,0.0033010392937234075,-0.0670911472593891,-4.707146557126457e-14,1.044168855178028e-12,6.8532746738878846e-15,-0.0067255835249359726,-5.179412078617229e-15,-0.02434266950223767,0.024387048644757135
DEFB107B,-0.20705051982373215,0.17759137271746453,-0.04201427848528678,0.012660648076292587,-0.0033549325852706953,-0.04928544730091669,-8.86034126749313e-15,0.0033010392937234075,-0.0670911472593891,-4.707146557126457e-14,1.044168855178028e-12,6.8532746738878846e-15,-0.0067255835249359726,-5.179412078617229e-15,-0.02434266950223767,0.024387048644757135
DEFB4A,-0.20705051982373215,0.17759137271746453,-0.04201427848528678,0.012660648076292587,-0.0033549325852706953,-0.04928544730091669,-8.86034126749313e-15,0.0033010392937234075,-0.0670911472593891,-4.707146557126457e-14,1.044168855178028e-12,6.8532746738878846e-15,-0.0067255835249359726,-5.179412078617229e-15,-0.02434266950223767,0.024387048644757135
DEFB4B,-0.20705051982373215,0.17759137271746453,-0.04201427848528678,0.012660648076292587,-0.0033549325852706953,-0.04928544730091669,-8.86034126749313e-15,0.0033010392937234075,-0.0670911472593891,-4.707146557126457e-14,1.044168855178028e-12,6.8532746738878846e-15,-0.0067255835249359726,-5.179412078617229e-15,-0.02434266950223767,0.024387048644757135
FAM66B,-0.20705051982373215,0.17759137271746453,-0.04201427848528678,0.012660648076292587,-0.0033549325852706953,-0.04928544730091669,-8.86034126749313e-15,0.0033010392937234075,-0.0670911472593891,-4.707146557126457e-14,1.044168855178028e-12,6.8532746738878846e-15,-0.0067255835249359726,-5.179412078617229e-15,-0.02434266950223767,0.024387048644757135
FAM66E,-0.20705051982373215,0.17759137271746453,-0.04201427848528678,0.012660648076292587,-0.0033549325852706953,-0.04928544730091669,-8.86034126749313e-15,0.0033010392937234075,-0.0670911472593891,-4.707146557126457e-14,1.044168855178028e-12,6.8532746738878846e-15,-0.0067255835249359726,-5.179412078617229e-15,-0.02434266950223767,0.024387048644757135
FAM85B,-0.20705051982373215,0.17759137271746453,-0.04201427848528678,0.012660648076292587,-0.0033549325852706953,-0.04928544730091669,-8.86034126749313e-15,0.0033010392937234075,-0.0670911472593891,-4.707146557126457e-14,1.044168855178028e-12,6.8532746738878846e-15,-0.0067255835249359726,-5.179412078617229e-15,-0.02434266950223767,0.024387048644757135
FAM86B3P,-0.20705051982373215,0.17759137271746453,-0.04201427848528678,0.012660648076292587,-0.0033549325852706953,-0.04928544730091669,-8.86034126749313e-15,0.0033010392937234075,-0.0670911472593891,-4.707146557126457e-14,1.044168855178028e-12,6.8532746738878846e-15,-0.0067255835249359726,-5.179412078617229e-15,-0.02434266950223767,0.024387048644757135
FAM90A24P,-0.20705051982373215,0.17759137271746453,-0.04201427848528678,0.012660648076292587,-0.0033549325852706953,-0.04928544730091669,-8.86034126749313e-15,0.0033010392937234075,-0.0670911472593891,-4.707146557126457e-14,1.044168855178028e-12,6.8532746738878846e-15,-0.0067255835249359726,-5.179412078617229e-15,-0.02434266950223767,0.024387048644757135
LRLE1,-0.20705051982373215,0.17759137271746453,-0.04201427848528678,0.012660648076292587,-0.0033549325852706953,-0.04928544730091669,-8.86034126749313e-15,0.0033010392937234075,-0.0670911472593891,-4.707146557126457e-14,1.044168855178028e-12,6.8532746738878846e-15,-0.0067255835249359726,-5.179412078617229e-15,-0.02434266950223767,0.024387048644757135
MIR548I3,-0.20705051982373215,0.17759137271746453,-0.04201427848528678,0.012660648076292587,-0.0033549325852706953,-0.04928544730091669,-8.86034126749313e-15,0.0033010392937234075,-0.0670911472593891,-4.707146557126457e-14,1.044168855178028e-12,6.8532746738878846e-15,-0.0067255835249359726,-5.179412078617229e-15,-0.02434266950223767,0.024387048644757135
SGK223,-0.20705051982373215,0.17759137271746453,-0.04201427848528678,0.012660648076292587,-0.0033549325852706953,-0.04928544730091669,-8.86034126749313e-15,0.0033010392937234075,-0.0670911472593891,-4.707146557126457e-14,1.044168855178028e-12,6.8532746738878846e-15,-0.0067255835249359726,-5.179412078617229e-15,-0.02434266950223767,0.024387048644757135
SPAG11A,-0.20705051982373215,0.17759137271746453,-0.04201427848528678,0.012660648076292587,-0.0033549325852706953,-0.04928544730091669,-8.86034126749313e-15,0.0033010392937234075,-0.0670911472593891,-4.707146557126457e-14,1.044168855178028e-12,6.8532746738878846e-15,-0.0067255835249359726,-5.179412078617229e-15,-0.02434266950223767,0.024387048644757135
SPAG11B,-0.20705051982373215,0.17759137271746453,-0.04201427848528678,0.012660648076292587,-0.0033549325852706953,-0.04928544730091669,-8.86034126749313e-15,0.0033010392937234075,-0.0670911472593891,-4.707146557126457e-14,1.044168855178028e-12,6.8532746738878846e-15,-0.0067255835249359726,-5.179412078617229e-15,-0.02434266950223767,0.024387048644757135
ZNF705B,-0.20705051982373215,0.17759137271746453,-0.04201427848528678,0.012660648076292587,-0.0033549325852706953,-0.04928544730091669,-8.86034126749313e-15,0.0033010392937234075,-0.0670911472593891,-4.707146557126457e-14,1.044168855178028e-12,6.8532746738878846e-15,-0.0067255835249359726,-5.179412078617229e-15,-0.02434266950223767,0.024387048644757135
ZNF705G,-0.20705051982373215,0.17759137271746453,-0.04201427848528678,0.012660648076292587,-0.0033549325852706953,-0.04928544730091669,-8.86034126749313e-15,0.0033010392937234075,-0.0670911472593891,-4.707146557126457e-14,1.044168855178028e-12,6.8532746738878846e-15,-0.0067255835249359726,-5.179412078617229e-15,-0.02434266950223767,0.024387048644757135
RN7SL872P,-0.2056005915207723,0.16686863325473816,-0.04019694045313996,0.012789887961530026,-4.948873723990753e-06,-0.0349243257950957,-6.213564910686038e-06,0.00015293484843555935,-0.03926761850401443,-0.0010587582497113628,0.0009700330535512258,2.6594718997366586e-06,-0.0050825365980247655,-0.002087618625038685,-0.014129067441074686,0.0025724518279678994
PINX1,-0.20775836557206126,0.17648127062868277,-0.04262698152861344,0.013431228576741512,-0.004129314031424919,-0.03944695803762478,0.0024666744896228404,-0.0037387719669303983,-0.040735714974693894,-8.803015024166965e-07,-1.1028910610365143e-05,-6.888274652687423e-07,1.750117451322411e-05,9.69945934693266e-06,0.004568653921317985,-0.007089372338374957
KBTBD11,-0.20032621300672052,0.16422588891511739,-0.039047969615941244,0.010859178653398029,6.751192108810652e-06,-0.032284254763627805,-3.754883838731952e-05,-2.9857552795565076e-05,-0.038380182397555966,2.7042506390369585e-06,7.655618491654306e-05,1.4604465367253944e-06,-0.007068893260899742,-0.0003663255922765954,-0.010568293374862986,0.007337015574928743
PRSS51,-0.20752212931884287,0.17643256547358327,-0.04197193149663097,0.01362990270113324,-0.0016610469984298247,-0.04093773692994796,2.6807126824366807e-05,-0.0008272430934301764,-0.038374534214896,-4.521675717909435e-07,1.0702421241406608e-05,-1.9093121964648435e-06,5.2995557195546745e-06,2.436858582087393e-06,0.005492593855244434,-0.008493344693946704
RP1L1,-0.20818369147241367,0.1763615320973572,-0.0429663981268631,0.013214707498414649,-0.0036776579000519886,-0.039361110826983736,0.00013257413910701749,-0.0008730871851319656,-0.03911810668225727,-2.5306716615205794e-06,-2.5699298269446256e-07,-2.3176393575609814e-06,1.1872397486346074e-05,5.359678962507898e-06,0.0035613176773180424,-0.008398018946552165
MFHAS1,-0.2072584020955083,0.17742676850450267,-0.041290210946081485,0.011813772564519607,-0.0024887631637635728,-0.04398821337526745,-1.680081103946281e-07,2.2523188176464466e-05,-0.04634385727491298,1.6232386809252388e-06,8.728466594826922e-06,-7.111520510009725e-08,-2.3938369516423892e-05,4.2738353553643583e-07,-0.0010976127718638682,-4.755829891216298e-05
CHRNB3,-0.04865220380208593,0.14580328563827963,0.027057131087205127,6.774385146250623e-05,7.0193565047682e-05,0.2244498389135338,-4.7230193309841505e-07,-0.006984209029923445,-0.01638822239477617,-3.100962762081362e-05,0.0012167556824945033,2.5792235360321984e-05,0.19776904483313928,-0.030134593439893373,-0.0002203170153986194,2.4413167155588235e-05
SNORD112|ENSG00000252565.1,-0.2078572766804815,0.17660985799555845,-0.042687734020992615,0.013435526207485803,-0.003929840648625178,-0.03913984713603416,0.0026933220816201943,-0.003408193420920726,-0.04011968365160467,-6.956163509834721e-07,-1.250582366394647e-05,-7.598471130986209e-07,1.775446199557865e-05,1.098267816015967e-05,0.0051321263719165955,-0.007292736857578041
MIR4286,-0.20855554331003606,0.17673093742294269,-0.04224409909447484,0.013421230388398878,-0.0027475309193335973,-0.04031780034648898,5.5685848218246996e-05,-0.0004966455405429462,-0.03925182406925237,-2.2160148908729107e-06,-1.6213153546287683e-06,-1.648142258831825e-06,7.752348219451607e-05,2.831622958072235e-06,0.0013934483329434643,-0.007597040140528214
C8orf74,-0.20855780799833654,0.17662020586553867,-0.04253887512598661,0.013093958246331321,-0.003821723929243938,-0.039215389017638734,0.00010183479439876496,-0.0006559310769253686,-0.039270173493387794,-3.5807506604354705e-06,-1.5317472958701928e-06,-1.88405993518138e-06,2.7562911420823177e-05,3.2651295118395247e-06,0.0029391411584415487,-0.008436736054231564
DEFB1,-0.2049325355904128,0.17458806498576052,-0.04106874961554611,0.010782342334391029,-0.0032981726269738533,-0.04325087833934509,-5.779285514183652e-07,0.001943560485586055,-0.05819244638278477,3.3434224380310603e-07,-4.655392166171078e-05,3.1539133582981276e-06,-0.0009175018165789478,-2.611203432456802e-05,-0.0223423826833035,0.02206139423418022
RNA5SP252,-0.208551650937534,0.17653749289574988,-0.04233418592211042,0.013227809271159467,-0.003825656172123736,-0.039429274809540865,8.223250708415477e-05,-0.0006199172751956894,-0.03960605522570776,-3.086132827547838e-06,-2.219150574284047e-06,-2.9655579817685324e-06,3.6268920766968326e-05,3.081753815948488e-06,0.002102553714179209,-0.007862423514229413
PSD3,-0.20679301106882578,0.17783203327764716,-0.04122229803201024,0.01579700125485299,-7.351091735889361e-06,-0.03974722829713944,-9.107909477692674e-05,0.0032129821951907304,0.016647674198802233,2.1946589186960183e-05,-2.6507866612212627e-06,8.007379086391014e-08,0.0013875807984260297,3.26030031126104e-07,0.04944521481846848,-0.05309559252740768
AGPAT5,-0.20498490959068794,0.17397999137459352,-0.04080965901530069,0.010822611794663935,-0.0004883744884307639,-0.04280001936424326,-2.903348846197295e-07,0.0007921808438503056,-0.05678629759491589,2.448639239442722e-06,-2.6397454542221985e-05,1.4142107147593188e-05,-0.002471428711167453,-0.0008466540084921706,-0.021281194797182445,0.022869992765851107
PRSS55,-0.20870819289099685,0.17666246329536847,-0.042237485317346724,0.013192409219086385,-0.0018702988433834471,-0.04072507715136638,0.0001393298674046022,-0.0005999352651932548,-0.03808633762347853,-1.0820495615283741e-06,4.216012868656099e-06,-4.815967085512067e-07,8.840028342718718e-05,2.4440640765950264e-06,0.006057081040740476,-0.01019688324840921
ERI1,-0.20759544005330532,0.17773783030173837,-0.04152672673725072,0.012037669694690086,-0.003722186471399377,-0.044362699465616655,3.466811669330855e-07,-2.9200972292845796e-05,-0.04458335594275626,4.353110190209897e-06,-6.009981356981912e-05,-3.501541797190133e-08,-1.9433991761213335e-06,-1.0893346184142824e-06,-0.00011356852944106641,-0.0038103661428483893
TNKS,-0.207421070785185,0.1775070749173184,-0.041923077604620704,0.013020974696776422,-0.0029455588756029526,-0.04268638915682677,8.267975396138838e-08,-9.455211762824216e-05,-0.03929591964367999,1.0582894345904145e-06,-1.8912351557834e-05,-1.6396090988479263e-06,7.282249440556247e-06,7.385431570635784e-07,0.00011350245088462784,-0.006113393180515688
XKR5,-0.20528985208107783,0.1750255447454862,-0.04097286429133664,0.010701636405668166,-0.0028253505017629965,-0.04323561230375994,-2.124760857916706e-07,0.0013875700113167092,-0.0583414055345404,2.5175011220707364e-08,-0.00013151142159883498,5.08198630114085e-07,-0.0019687182215269677,-6.626203702917006e-05,-0.02240878642546963,0.021778777565254256
DEFA4,-0.20585851386238424,0.17495152484320206,-0.04082355592409332,0.010930160117566033,-0.001871047417797043,-0.043346262224783674,-6.560309342032686e-07,0.0006888977140367833,-0.05944152868300765,1.0748795909482885e-06,-7.697809851013552e-06,1.494134216283449e-07,-0.004674882281930777,-4.064342444149891e-05,-0.02435109034467541,0.023040672601219954
MSR1,-0.20569609221744467,0.1754130230636943,-0.04343862493852877,0.01519415182169356,-4.75545914213181e-06,-0.036759977947554846,-6.9643331781911426e-06,-0.0001929831875566896,0.003621316796959586,-1.320750394788122e-06,5.790880915971654e-05,2.156613387332173e-06,0.007791826156141064,-3.8278892177752244e-06,0.041029798775616556,-0.044322899577005095
DEFA6,-0.20572245593879745,0.17510626054495437,-0.04090869664650032,0.010934805470170667,-0.0015910798426190097,-0.04322551956590157,-6.139586588532654e-07,0.0005113448354395349,-0.058939150786276415,8.671404730596347e-07,-8.19313752046302e-06,2.2670652873732175e-07,-0.004579454122838502,-7.382562294020984e-05,-0.023867769007238554,0.0225342454585194
PPP1R3B,-0.2076645172066059,0.177728206906831,-0.04122291792587773,0.011911447521398989,-0.003445126425906254,-0.04456046209722594,3.018927515723654e-07,-2.993810857768457e-05,-0.04436002559417103,8.402189595686727e-06,-6.466484023183068e-05,-1.0279520939514445e-06,-4.409809497355716e-06,-1.9483486859931495e-06,-4.624665085952975e-05,-0.00352344188051778
U3|ENSG00000252543.1,-0.20766451720660586,0.177728206906831,-0.04122291792587774,0.011911447521398987,-0.003445126425906249,-0.044560462097225924,3.018927515723676e-07,-2.9938108577684618e-05,-0.04436002559417106,8.402189595686761e-06,-6.466484023182974e-05,-1.0279520939514417e-06,-4.409809497355732e-06,-1.948348685993143e-06,-4.6246650859529735e-05,-0.0035234418805178084
CHRNA6,-0.048793654031157506,0.14636301703368204,0.02717785861221845,6.531911889600653e-05,0.000413982089155904,0.22218775671969831,-2.5549513212095027e-07,-0.0070472640797763185,-0.01621625809619177,-7.455537436682426e-06,0.00025325658316400427,3.933536121620602e-06,0.19650462668408,-0.029358069033587557,-0.0006436987481224777,0.00013725971622770283
snoU13|ENSG00000239065.1,-0.20766658166747423,0.17693318256452018,-0.042206233634069626,0.01254881539070612,-0.0041375830763382415,-0.04205809187684544,3.6296046008544174e-07,-0.0005209459147870323,-0.03887308298388783,1.3116440236989769e-06,4.946822805469376e-07,-1.1118134369907856e-06,9.203930364252986e-06,8.265890185630129e-07,0.0002548413061052668,-0.00627355441099486
MIR4659A,-0.20549161700459873,0.17471298956601952,-0.0410070426647906,0.01116980059893768,-0.0013740710649350434,-0.04292366201965527,-6.338762567322939e-07,0.0012004190329387905,-0.05673599398201454,2.6847964804686015e-06,-1.8965894606789644e-05,3.0596421914636584e-06,-0.0018969109759260866,-0.0003705760451210242,-0.021720293565122385,0.022710178480960037
ANGPT2,-0.20551541530574005,0.1740156933827631,-0.040529431080354346,0.011400937807787474,-0.00025963067246087513,-0.0424644926548014,-1.155841936937237e-06,0.001792735981637361,-0.054592645264808205,1.4062229773332185e-06,-2.0757264690654518e-05,5.544510205290286e-06,-0.0004897357396869055,-0.0002303211030219584,-0.020782717194697223,0.021610041982826622
SNORA70|ENSG00000207244.1,-0.20741268785011105,0.17787947089692524,-0.0414106925876026,0.012757684758123259,-0.0030298383135052296,-0.044665070831257966,4.1674295605948436e-07,1.7557062534788513e-05,-0.04591361930512412,5.6768844312193305e-06,4.394068250148501e-07,-8.43988047249799e-08,-2.214251725404951e-05,-3.9823311302410947e-07,-9.558890996960037e-05,-0.0036726569466083393
MIR4660,-0.20749424679792905,0.17790123019243004,-0.041435318835023466,0.012520519434521978,-0.0027808880734654143,-0.044626173028847436,9.970130323828849e-08,8.863462298807932e-07,-0.04456145842297454,5.658570801694841e-06,6.666375205721788e-06,-9.265061150591904e-07,-3.37001084520758e-05,-1.2456783084371616e-06,-5.2869622326626726e-05,-0.003149791323692594
LINC00599,-0.20789600045872197,0.17691339931406116,-0.042348554147869616,0.012525077610332055,-0.004099388142809485,-0.04206472310450868,4.7306720105982175e-07,-0.0006241596827602153,-0.038267594001547584,6.164750099980532e-07,2.7610688512144542e-06,-1.204239933770259e-06,1.2400007626984952e-05,4.4817908614228354e-07,0.000496089471198913,-0.006290976568135015
TUSC3,-0.20707837511504035,0.17607858131703957,-0.04399091981995034,0.01505588901940048,-3.644989981078469e-06,-0.03799299641440322,-3.22180436118536e-07,-0.0006390704181903467,-1.2355798368171248e-05,1.2544217789244537e-06,2.8913050583192226e-05,-4.477601715534709e-06,0.007889816224836862,-2.418598301347613e-06,0.035238303221228555,-0.03734272788265619
C8orf48,-0.20779804979139435,0.17662043526626206,-0.042616845234001235,0.01660320109617447,-0.0001677353692810599,-0.03924129189111507,-3.4960626940940503e-08,-0.0020763733274040833,-0.015951106744951437,2.256219317268574e-06,0.00014696928933810965,2.363062181325956e-06,0.0009369473965237548,-1.97909987497936e-06,0.03066077868597875,-0.03293375539746204
KIAA1456,-0.20822665310171196,0.17689726902558095,-0.04283744176559668,0.01609689617183635,-0.00046313385872903283,-0.03970399368779793,-1.314493139496388e-07,-0.001028638394156117,-0.01798540380902155,1.4094562386620573e-06,0.0007075905873336149,5.932838979746101e-08,2.9221023039922624e-05,-6.78613746161085e-07,0.028921463671778804,-0.03089608543635661
RNA5SP255,-0.20742283984145624,0.17676979083168265,-0.04248157212720574,0.016609913594085424,-3.504240177463884e-05,-0.039258883480390534,-1.9318267977872119e-07,-0.0031466985882507253,-0.015238356281453445,2.397830547646274e-06,0.0001990572433900064,1.091771325116214e-06,0.0005682983523581427,-2.0961648944443046e-06,0.03001474491145884,-0.03342930881162554
LINC00681,-0.2074179803928851,0.177156683584961,-0.04229686250866917,0.01625989213985954,-4.862563224324434e-05,-0.039006529676482084,-2.5070432819245866e-07,-0.0022712271272277798,-0.01993482650408799,4.191444825246831e-07,0.0013432700112557144,6.286186550430292e-07,0.00022867314060917286,4.7140666662797047e-07,0.02488401039298581,-0.02851393976633673
LONRF1,-0.20793927611985624,0.1772069944419573,-0.04271107167094928,0.016434795539357432,-0.0001356520075275058,-0.03901130893402069,-1.71697214848577e-07,-0.002820775791595238,-0.020172975501921098,4.940337308683842e-07,0.0012752174694087303,8.857110747995874e-07,0.0004950607989389734,3.042881770597872e-07,0.024194287837912404,-0.02852390807358723
snoU13|ENSG00000238496.1,-0.20770009192105557,0.17721737588515568,-0.04253517889135124,0.012529687158843561,-0.0036624732457621397,-0.04206215351115177,8.36753639766495e-07,-0.0017890430043979932,-0.0380158698554253,8.457276968814812e-07,1.0059365884606106e-05,-1.140970173998764e-06,3.139506302081481e-05,-5.976869383453237e-07,0.00040960523083280074,-0.006950230756354486
MIR5692A2,-0.20778201081515368,0.17703262730363337,-0.0426446065614974,0.016536622775235238,-0.00033889412105349737,-0.03807625284229158,1.3479471790234327e-08,-0.002183978460107874,-0.02119245623945457,5.619465634130573e-07,0.0009175682761874343,5.080938541251983e-07,5.940889897895537e-05,7.778223197723138e-07,0.024073002933973308,-0.028275361554390456
MIR597,-0.2078812859680455,0.17720567542117405,-0.041905061096331145,0.013148181650155924,-0.0037746867128169836,-0.043040458631108135,1.643027784989379e-08,-2.163380382257196e-05,-0.04021647673487687,7.305459051342795e-07,-4.006856729921348e-05,-2.2406049579259085e-06,6.121137640875747e-06,-5.888276911269691e-07,1.859351289680223e-05,-0.006774878387520453
PEBP4,-0.2106411063361622,0.1784981839390393,-0.04199316473867921,0.012189849980663917,-3.319521793844398e-07,-0.0395827830408,1.184741024091294e-07,0.0033368513579233755,0.03765361656147215,-5.48952205116014e-06,1.553566612803591e-06,1.9739949341782874e-06,0.002063995309691725,-3.5282810465275103e-06,0.049523449507162094,-0.05058598276669181
FUT10,-0.1673749668834927,0.16655578721157024,-0.028115789006718944,0.004760864416672927,-1.0183510015645069e-05,0.048270841496386684,-3.477125331312354e-06,-9.226501657729131e-05,0.043784409940731725,-1.6844956593715495e-05,0.006612785397517575,-7.090043650370704e-06,-0.03833736908378397,-4.0409740311838185e-05,-0.07436842722867766,0.07174479922206892
RN7SL318P,-0.2056176795520108,0.1734327606998072,-0.040982803608165606,0.012251421961049055,-8.560037496484188e-06,-0.0379644944365008,-3.7011881206976387e-06,5.685992635831634e-05,-0.04550986200381485,-8.251176379632797e-07,8.006652596781779e-05,2.5238157719647193e-07,-0.007603503745412777,-2.730017336581384e-05,-0.016687037979862207,0.008514714058651316
RN7SL178P,-0.20775618048026653,0.17772702466117202,-0.04231061901020602,0.012052267936615365,-0.0036567457723128936,-0.046366275885344956,-6.580870981449969e-08,8.590628607594164e-05,-0.04955280707685831,6.037332307416855e-06,-5.60217700438024e-06,2.136356229807227e-08,-5.9798242096472216e-05,-0.0003184716033296163,-0.007173615577999363,0.0004292346859463428
LPP,0.2125492020610629,0.12691537672632733,-0.12528960551249693,-0.007357804072842777,0.0009763773861281995,-0.01004490685917315,2.1142488530502063e-06,0.0009619280715124114,-1.695666196300799e-06,-2.3246087346231734e-06,-0.015738797331177088,-2.4549079151586107e-06,1.4568476639397892e-06,-1.3358295564512185e-06,-0.00019608095229819,-0.0014333297088363161
SNORA70|ENSG00000206661.1,-0.2056257385537836,0.17339215423930168,-0.041012082824798186,0.012233985212413527,-9.438805649114186e-06,-0.037720847559798105,-3.6190132235390964e-06,8.349832508947017e-05,-0.0455615544642146,-9.608145392013684e-07,8.60509607514564e-05,8.34759298091145e-07,-0.007825706297917567,-3.423258828893412e-05,-0.016420487996095072,0.008646248216750686
CLDN23,-0.2078606829735464,0.17827531384050888,-0.042595577012017966,0.01254921598114715,-0.0039231103578296934,-0.04551532467859841,-2.9558412139415876e-07,7.883913355922231e-05,-0.048794908203736144,8.476785582041184e-06,-1.8615457891395754e-06,-4.55935302939178e-07,-0.00016998376070284285,-3.2669378679784614e-05,-0.006332279634224825,7.804311097301279e-05
MTUS1,-0.2068057627335083,0.17843176493085738,-0.04225492068222979,0.01583695373127346,2.024996902675338e-06,-0.03934277097644681,-1.2265576415325453e-06,0.0003391269266359213,0.013459250338259086,4.9825894135631825e-05,0.0003901909858341754,-2.596331689605466e-06,0.00393969855889507,-1.3817854056500206e-06,0.04778305584668936,-0.05290704022770526
CSGALNACT1,-0.20810466257567284,0.17885803461714414,-0.040995169514504944,0.014347213034718554,2.9297954041654405e-06,-0.039356266166320486,-7.466367433458321e-05,0.007277648137241534,0.025586751752983528,6.916287228108446e-07,-4.056207170207516e-06,-2.890525207739552e-06,-2.442678844132845e-05,3.003652804901075e-05,0.055665353851823175,-0.05620935821811524
HOOK3,-0.04737001060157984,0.14535666926179042,0.031645059413248876,4.753514501350941e-05,6.35383562383772e-05,0.2167518501930778,-5.345420120735162e-07,-0.007286885353968525,-0.015738543570058296,-3.1906449075333556e-05,1.1289995962406561e-05,2.6411864417430436e-06,0.18981916663173548,-0.026491169802516673,-0.0017008405835218336,0.00020451416069563387
THAP1,-0.04897710074671104,0.1463844718826453,0.0286385525183859,3.9878454095747346e-05,0.0013620089294177832,0.2205767593300764,1.1695910658027346e-07,-0.0065245265762207206,-0.015620794760067969,-1.0044527432280243e-05,0.0001602766708560476,1.3193450515330983e-05,0.19476803661239517,-0.02745030234249633,-0.0005958878216897474,0.00016051124428993586
DLG1,0.21007779031644647,0.1255217711146263,-0.1259826124434767,-0.006898187832991093,0.0021153311518156974,-0.00956656296264461,-3.1572792842280175e-06,-0.004475264096211921,0.001844246474955027,-5.672301221924308e-07,-0.06946250468057322,-2.886524691103663e-07,-6.558268308922983e-05,1.111676438344566e-06,0.0037804892212932053,2.854068816699212e-05
RNF170,-0.04847061064152942,0.145929014901198,0.029711133521562058,-1.134080660362972e-06,0.0017168028795349996,0.21982472308301182,-2.2176911111311716e-07,-0.007639180960122007,-0.015830936301879074,-1.3306054064516182e-05,7.106120137099199e-05,1.6335183874774964e-06,0.19462292626658073,-0.027372645286993746,-0.0004960730377314927,0.00011629089005351867
PIWIL2,-0.2093251921961675,0.1794812428740932,-0.04218886702067132,0.012302231974806146,6.572971579145851e-11,-0.039164072645253144,-1.0142534165827055e-06,0.005904694048033403,0.03642135347364277,1.3135980880389293e-06,8.250249978290972e-05,3.2293762227675426e-06,0.004818003677647436,-1.530930843304553e-06,0.05799916029345669,-0.05826149921845401
RN7SL457P,-0.16529351096198192,0.16672409601779878,-0.027025767090666668,0.0009795788109134887,-6.890968448810814e-06,0.05259606658720205,-2.2647033563547817e-07,-0.0007419890151471783,0.04363099753131952,-2.8471797465398374e-06,0.00582814834253063,-2.222503273677939e-06,-0.04700038498367151,-4.338997230181454e-05,-0.07355620845108506,0.06759822219217632
RN7SL151P,-0.035814980045522776,-0.0019439626508119556,-1.6438862836779917e-05,-9.599267753763374e-05,0.26806043846246225,0.00010302283761478322,1.581951870501985e-06,4.585736353615447e-05,1.1231539915515259e-05,-0.0025743995176462724,9.62695325433204e-05,0.2105703985437364,0.00026517949198448163,-5.858639423697512e-07,-0.000155408873073305,-6.523074372504184e-05
PCM1,-0.20645024367179918,0.17895525811282045,-0.042032672951204074,0.0150834430513148,2.6704211078116137e-06,-0.03961857688633672,-7.583792227497634e-06,0.0019915807125246575,0.014018367464807417,1.6084836019011764e-05,7.05987779123454e-05,-6.692965047011281e-07,0.00015072155065719392,4.220418661027386e-06,0.04899405051913719,-0.05325740827136426
SLC7A2,-0.2069743154602403,0.1788231616267063,-0.04269307481603199,0.01521315034991058,3.6205662322415904e-07,-0.040264240928582766,-2.2402575703934896e-06,5.644577372281395e-05,0.01122999142778087,2.5565723172715347e-06,0.0018244485235754785,-7.774019839794378e-07,0.007976287197520767,-3.3332386407116825e-07,0.045956420031721124,-0.0486598348578864
TTI2,-0.16817731539274025,0.16608207235682457,-0.02753397228609706,0.00399327163521418,-5.216093037499935e-06,0.04875234117632046,-1.5604094644883758e-06,-0.0002038133678346091,0.044170914823656184,-7.350499366239435e-06,0.005722616171676493,-6.3113418940569915e-06,-0.03965025027726178,-2.8097204387025563e-05,-0.07679121733573864,0.07054561269616345
DUSP26,-0.1661744966513829,0.16654221427725444,-0.027656570403260406,0.0009332661371743775,4.042798955001941e-06,0.051114014925833465,-1.7131045156648516e-07,-0.0006600110935878969,0.04359873638658748,-1.6110615004313662e-06,0.006152958063539276,-9.029901457070221e-06,-0.04510656332875233,-4.774080180801396e-05,-0.0736669956025116,0.0700269437092322
HGSNAT,-3.918906612572325e-05,0.13023291303672072,0.07682945155401807,-0.0006472894836796589,0.0038538310181141073,0.14931470250206927,-8.444905597132502e-05,0.009548251619841169,-0.013349141327673494,6.930785243821617e-06,-0.0010834650102659645,-2.7413019964609295e-09,0.134974407207348,-0.0014514229048926354,2.8844827461420516e-05,-0.00034739024046762947
POTEA,-3.918906612572325e-05,0.13023291303672072,0.07682945155401807,-0.0006472894836796589,0.0038538310181141073,0.14931470250206927,-8.444905597132502e-05,0.009548251619841169,-0.013349141327673494,6.930785243821617e-06,-0.0010834650102659645,-2.7413019964609295e-09,0.134974407207348,-0.0014514229048926354,2.8844827461420516e-05,-0.00034739024046762947
RN7SKP41,-3.918906612572325e-05,0.13023291303672072,0.07682945155401807,-0.0006472894836796589,0.0038538310181141073,0.14931470250206927,-8.444905597132502e-05,0.009548251619841169,-0.013349141327673494,6.930785243821617e-06,-0.0010834650102659645,-2.7413019964609295e-09,0.134974407207348,-0.0014514229048926354,2.8844827461420516e-05,-0.00034739024046762947
SGK196,-3.918906612572325e-05,0.13023291303672072,0.07682945155401807,-0.0006472894836796589,0.0038538310181141073,0.14931470250206927,-8.444905597132502e-05,0.009548251619841169,-0.013349141327673494,6.930785243821617e-06,-0.0010834650102659645,-2.7413019964609295e-09,0.134974407207348,-0.0014514229048926354,2.8844827461420516e-05,-0.00034739024046762947
U3|ENSG00000201329.1,-3.918906612572458e-05,0.13023291303672072,0.07682945155401809,-0.0006472894836796523,0.0038538310181141355,0.14931470250206927,-8.444905597132503e-05,0.00954825161984119,-0.01334914132767349,6.930785243821621e-06,-0.001083465010265962,-2.7413019964417435e-09,0.134974407207348,-0.0014514229048926428,2.8844827461420513e-05,-0.0003473902404676296
MAK16,-0.1682789571093614,0.16625719091071062,-0.027641337449465384,0.0035940406984088006,-4.775161468654901e-06,0.04824967324365213,-1.7323838122522986e-06,-0.00018947459953112927,0.044288029876882413,-9.317250800797706e-06,0.005762117033177285,-6.605881856209144e-06,-0.038577156639873794,-2.5666484163748184e-05,-0.07712527220372933,0.07066304837468083
SLC39A14,-0.20996491820830698,0.17960468046970804,-0.04227024701372171,0.012954511378981673,6.568546263476966e-07,-0.03872686500327231,-1.0629158568270779e-06,0.005878510971970851,0.036249881761411966,2.9945481615192473e-07,9.967369744754722e-05,3.232542364499454e-06,0.004800192251790727,-5.981801773932854e-07,0.05662044470716821,-0.057450840647178876
RN7SL621P,-0.16669135533112428,0.16681371629068445,-0.027589820203191465,0.0022904985290853113,2.28035900703968e-06,0.05014685222338977,-1.0592619190580273e-06,-0.0006309198053275542,0.0437967547124178,-4.107480217956227e-06,0.006150598535872381,-7.312197268893552e-06,-0.043217296676381925,-5.0297985047831765e-05,-0.07514671842213753,0.07012187102552268
PPP3CC,-0.2099925735921567,0.17968302489513824,-0.042432310846387204,0.013017468448466709,5.342330122018825e-07,-0.03896505724459045,-1.1889795384009935e-06,0.005837636829611449,0.03625361733968245,3.8444369829471875e-07,8.512121492893819e-06,3.0924959959925973e-06,0.004911749160122928,-2.35199626383403e-07,0.056587574555366074,-0.057511055096222403
RN7SL303P,-0.2113225929033845,0.17856343680981454,-0.04218713556714641,0.012112498713759157,-4.293631014969363e-06,-0.04001900380723995,2.743477984586761e-07,0.0037910846819643016,0.03777221302683667,-2.063943147404872e-06,4.3473953091928126e-06,1.6730654531822835e-06,0.005010997806263317,-1.4529113775340398e-06,0.04860845950057363,-0.049818477663228
LOXL2,-0.21141475382287603,0.17888144220592095,-0.0418623620256548,0.01154282127192272,-5.460316363292323e-06,-0.03768859148673504,-2.124400669376054e-07,0.00453857147193831,0.04094224207748946,-3.548406614245674e-05,6.469753982059227e-07,5.242717225571996e-07,0.0077916209487897264,9.385620088799924e-07,0.040933377249488825,-0.04087943728719233
RN7SL806P,-0.048448544804671895,0.14574683617218193,0.029796740561496074,-3.224224715194786e-05,0.0014935399076345902,0.21868496047316327,-2.3231987765510874e-07,-0.00761864044366306,-0.015796840915777544,-1.9545161489365866e-05,6.33706838170794e-05,5.470923635860393e-07,0.1932756022771985,-0.02738992516401731,-0.0007319940119037997,9.655711276065067e-05
NOTCH2,0.05979727166477032,0.006284006773459052,0.03048569676619491,0.27340819633461316,7.23157740225716e-05,-0.0001118560127590836,9.45614787926627e-07,-0.00031079310538187523,2.0602970791954413e-05,-1.6996318707673773e-06,-0.00013146517795600046,-2.946729244403843e-06,2.872377564195552e-05,-6.299525645090929e-08,-0.000714778178463544,-0.004320531957299118
BIN3,-0.21102039879281478,0.17945864462444924,-0.04242162516943101,0.01188952432016174,4.790495203815391e-07,-0.03916169966556866,-1.934824874264244e-07,0.004791892990112363,0.037603480619927486,-8.476300986209362e-06,-7.251181591175704e-07,4.1590236184604965e-06,0.004534812430928122,-1.0242225323367518e-06,0.05192186452789249,-0.052812512036468855
PDGFRL,-0.2077699107820821,0.17905602277005908,-0.042403932006990275,0.015022288827432699,-9.524035485965432e-07,-0.04056969949429976,-8.422718984656898e-06,5.6787051101409776e-05,0.012253015313111083,2.7838214745481033e-06,0.0001744386793480524,-9.516676999084346e-08,0.006478054892106025,2.644835130980635e-08,0.04665302741096099,-0.049736462675993645
FGL1,-0.20697371791193733,0.17887271591155848,-0.04154663570691292,0.015471899051268865,1.7731582267637632e-06,-0.03943413025847348,-3.185084166341318e-05,0.0016813048700507285,0.013475558589104198,2.9401563554060695e-05,0.00014268658811008594,-3.3940859734983534e-07,0.0018426439532254952,2.210513686695654e-06,0.048902382217835896,-0.05399216371212292
TNFRSF10C,-0.21161012051597333,0.17837252256104116,-0.04224065001124466,0.011698634778780604,-2.1780907039838175e-06,-0.039280067287804345,1.1859243370512114e-07,0.00286311103602317,0.0379427746224103,-7.847787192252206e-06,7.046862998274905e-06,1.1527009068277988e-06,0.0037840011578545592,-1.25268341755791e-06,0.046063483766575083,-0.04620597155263471
RNF122,-0.16653320308292205,0.1663755867784724,-0.027352597075287664,0.0022834688852073175,4.269755807341433e-06,0.05040568316733157,-1.0908771086074264e-06,-0.0006798444389009982,0.04370454961629314,-5.895080258183105e-06,0.00614975054521414,-8.065135507775295e-06,-0.04193873159064652,-8.391038552997432e-05,-0.07515782721776412,0.06976957586137261
TNFRSF10B,-0.2116623070013107,0.1783880967650179,-0.042348831506261134,0.011618612006926822,-1.2518284056754592e-05,-0.03973859229752641,2.1005957526562602e-07,0.0038308289269427206,0.03742510349429829,-3.4746321664810073e-06,3.5450515195004014e-06,1.0537021648311314e-06,0.002902109117230912,-2.7069694997561985e-06,0.04839747672962972,-0.04753087483866045
SNORD13,-0.16798014019024232,0.16617582660939698,-0.027676167733559416,0.004043523243681544,-7.235826163017385e-07,0.04905109717245628,-1.545544507937853e-06,-0.0001715436762524246,0.04428323294664506,-2.105097688395093e-06,0.005900251786416027,-6.488705185814902e-06,-0.03964718031819867,-3.3530720845252994e-05,-0.07673823173270186,0.07072836101338198
NAT1,-0.20688997919733432,0.17914834467264254,-0.04176277776151997,0.015634505258982898,-1.029789143409489e-06,-0.039819259956889494,-0.0009604844296881773,0.0024351141382410535,0.015693813474779113,8.620929397350066e-06,0.00041281230908310766,6.645169310104176e-07,0.0004580285449825153,2.0755743741104738e-05,0.05038570963296788,-0.05381112717605806
RNA5SP256,-0.20711842039239922,0.1784420540372038,-0.04211676324829456,0.01571126855486548,4.2669820936858336e-07,-0.03928670444090205,-6.367479972530144e-06,0.0006625378302688857,0.01485595902811822,1.5462666477223743e-05,0.00018204671345883636,-1.4263299074497167e-06,0.004683467673553299,4.664614131917744e-07,0.048393980935146186,-0.0545181679212591
RHOBTB2,-0.21153023388294329,0.17855693729206937,-0.042210797378308226,0.012223066874544915,-2.34873768310619e-06,-0.04008429111480019,2.1648149931658037e-07,0.0038387157239160516,0.037945199973459035,-2.414186788873864e-06,4.0115591760164265e-06,1.568875735172336e-06,0.0036426035472589082,-6.687717412978789e-06,0.048464080670041945,-0.04939823230463006
ASAH1,-0.20660068566875367,0.17946443867863945,-0.04250091437573966,0.015629524487300858,4.51786508760969e-07,-0.04052672772167652,-3.794653191644824e-05,0.0034724409859615358,0.01487356059469404,2.6568718577982338e-05,3.357200936773574e-05,2.286984683561216e-07,0.0005200592097712071,7.974387892032413e-06,0.04967542236226993,-0.05409786054407593
ENTPD4,-0.21173110075943571,0.17862625865041865,-0.04184183862433691,0.01159680173689494,-5.133387694582067e-06,-0.03727031872146123,-7.08860216602089e-08,0.004405693393156017,0.040780809344424976,-1.9711757244234072e-05,-2.587847228412565e-07,6.184739115611699e-07,0.007519826402785402,3.841755677193873e-07,0.03976434651156156,-0.039463794340392384
NAT2,-0.20768119649102812,0.17918905836578647,-0.042011572192527324,0.015570069781865611,-7.903580257451912e-07,-0.03982522202951602,-0.000860762410631744,0.003070148144142721,0.015698259229130426,2.617391714340305e-06,0.00028727768772154644,2.798002367011501e-07,8.234691436459619e-05,1.4364598693218983e-05,0.04944457423120692,-0.054008259838937096
SH2D4A,-0.20825435681085974,0.1791284289598828,-0.04162092645685881,0.014600840109219776,-9.718328942864812e-07,-0.03770881952652563,-0.0004511765549479614,0.00689481790225883,0.023980075191323662,7.2177938734993774e-06,-9.876741308722276e-06,-3.7294970166514774e-06,3.824375445712417e-06,1.578721643791296e-05,0.05277289475665695,-0.056211129573184915
SLC25A37,-0.21135033290705962,0.17867590703766367,-0.041598099924358437,0.011774737500785337,-0.001327373307599882,-0.0364120183969552,-5.179307935127845e-08,0.0049728503459993455,0.042044042648268005,-3.489257425119951e-06,3.850279186274352e-06,4.1268303755269074e-08,0.006749805620567587,4.3066410178966205e-07,0.03636315816346932,-0.037707740708614795
SORBS3,-0.21048895623445069,0.17981198719271288,-0.0419457442419911,0.012201638572208502,3.2961152380172364e-06,-0.03821312958662577,-1.8954645195892557e-06,0.004992621663960398,0.03740798463371874,8.604495816738478e-08,1.06511207168482e-05,6.05265380537641e-06,0.0050121871681306955,-2.408213674916938e-07,0.05429466449041215,-0.055320068790493455
U3|ENSG00000251944.1,-0.2081711209747778,0.17919141773079195,-0.04200797463619967,0.014523177425138133,1.592301324563052e-06,-0.03912662758869056,-0.002634246585401686,0.007690733457868991,0.026952057080772415,-3.0829314983163468e-06,0.0004968215997716408,-3.186822717342029e-07,-6.913330963660282e-06,1.1165274255538106e-05,0.054841375453149564,-0.05625437166124184
R3HCC1,-0.2116288988772321,0.17909938695785893,-0.0418195026152504,0.011387985654090535,-1.8045352955531946e-05,-0.03753085104736981,-8.088150566352282e-08,0.004698145631349953,0.040650983773116024,-0.00014739653226639523,3.0094212683391334e-06,1.3550244266590552e-07,0.007115752684722217,-1.656894278721874e-07,0.04218759216057823,-0.04186398886649216
SNORA70|ENSG00000252505.1,-0.1668005473458105,0.1662856682318806,-0.02738117672394264,0.0037266287887012337,4.246236809853935e-06,0.05023893239844669,-7.529507608158354e-07,-0.0004116417141604937,0.04390756411454096,-6.210564445379665e-06,0.006160737846159205,-5.100868913971561e-06,-0.03923222471096539,-0.00013814569493458167,-0.07522624340322401,0.07082269831069452
RNA5SP262,-0.17708771885025282,0.1698131044444312,-0.030818999038118525,0.004708441060286915,-6.492789620214525e-08,0.029331666542189997,-5.564277908034204e-06,-4.0247377671161274e-05,0.05208142094984227,-1.5291663899575636e-06,0.005653390145408937,2.8026262123037386e-05,-0.02218544440797889,-2.3495428685306574e-06,-0.08423389250757088,0.08560522230793874
FGF17,-0.20954778513189395,0.17979027546402915,-0.042514921224404326,0.01379348165075847,1.1691634128661956e-06,-0.039324459479200456,-4.935370584266639e-08,0.007137443767302093,0.03260608758900429,-5.892349654397795e-07,0.0002765757647372235,2.4359664611498515e-08,0.0034224881083231404,-1.4935289045663962e-05,0.061144890399781895,-0.06316026931064904
POLR3D,-0.20971357873286045,0.1795898252704705,-0.04237393933538526,0.012561257542594254,-6.054944182552747e-07,-0.039363946498308724,-1.1577110792150918e-07,0.005920661068296758,0.0347292953752739,2.0758557476673108e-07,0.0017002279209232867,1.7550823671510902e-06,0.0006574429967041008,-3.152739840233392e-06,0.05961401506406937,-0.061610006348544605
KIAA1967,-0.21093614151691673,0.1793972182807996,-0.042373433762883564,0.012198754287931693,1.3648136002529728e-06,-0.03906110054177879,-4.3116281075261226e-07,0.00475332102036898,0.03745296654888319,-1.2257871914912903e-06,2.331829630060122e-05,5.69469468156202e-06,0.005079042642145171,-2.270737305226886e-07,0.05243977585488281,-0.05320605170217569
EGR3,-0.21139419328472622,0.1794546352464588,-0.04220083057121059,0.011740836320991039,2.1075181691261807e-07,-0.03930931431260361,-5.573172778486743e-08,0.005528759921398814,0.03783189395272824,-3.663651030890057e-06,6.705514578757223e-07,1.2944132322426235e-06,0.0036132563948880845,-5.917559493487293e-07,0.05153858077420588,-0.052044791319795954
PDLIM2,-0.210951677047005,0.17959691435372493,-0.042233609281456856,0.012044870670756058,2.5736740430174154e-06,-0.03865912974789538,-4.763236321238354e-07,0.004518697388083807,0.03694853783791822,-3.459605113169968e-07,3.854675770577323e-05,3.217194424882917e-06,0.0046138466683649584,-1.6943650122030604e-07,0.05381763828683692,-0.055354921700708895
TNFRSF10D,-0.21191645540470405,0.17850028469179624,-0.04228504073352666,0.011663780797362053,-2.372814388077517e-06,-0.03908782349450403,6.813546217433539e-09,0.002833782185774885,0.03891241446134881,-9.002253299922434e-06,3.1935048518879636e-06,1.0401252454549287e-07,0.004633329897377697,-7.658364848699893e-07,0.04449132321039251,-0.04476267792717985
MIR383,-0.2086312918853699,0.17827125284628456,-0.04503595523991196,0.015855445963021485,-1.6056631834819945e-05,-0.037113592377922534,-1.0415098278293281e-06,-0.00014722585566868444,-0.004639080400760599,2.364766096194176e-06,4.632539533690314e-05,-2.9702430565053047e-05,0.0013506543747907052,-4.262015057922804e-06,0.03231094137102307,-0.03667566915916826
MIR4469,-0.0484464443283696,0.14612177215147476,0.030040705284236878,-1.8187823204280896e-05,0.0011125922082601606,0.21878374942498616,-1.6452897093745837e-07,-0.00760332167291266,-0.015697390532608806,-3.882525949823816e-05,5.4485396801284766e-05,7.143163110269893e-07,0.19373026758953701,-0.027570464029926644,-0.001751846457982587,9.44356734854718e-05
SLC18A1,-0.20857859247157887,0.1789040119080355,-0.04151526182435386,0.014894341003099882,-9.64072048926201e-07,-0.039038935703105654,-0.00423587999029265,0.007614277484863461,0.025921321001080806,-1.265192634159498e-06,0.0005311205663488128,-2.7896160674329447e-06,1.7473400141981448e-06,1.3316597989400555e-05,0.05413519356583098,-0.05592290305596793
CEP19,0.2114800815825825,0.12599721232911434,-0.12607816129641222,-0.007220015461975831,0.003180091268414267,-0.009464660540431123,-1.7975458795469167e-06,-0.004960013567049691,0.0013807450854148061,-4.2023840813065007e-07,-0.07003756323642797,-2.567141677134782e-07,-0.000125777137815515,2.880756043444355e-07,3.2271623475255774e-05,0.000122444799615478
MFI2,0.2114800815825825,0.12599721232911434,-0.12607816129641222,-0.007220015461975831,0.003180091268414267,-0.009464660540431123,-1.7975458795469167e-06,-0.004960013567049691,0.0013807450854148061,-4.2023840813065007e-07,-0.07003756323642797,-2.567141677134782e-07,-0.000125777137815515,2.880756043444355e-07,3.2271623475255774e-05,0.000122444799615478
NCBP2,0.2114800815825825,0.12599721232911434,-0.12607816129641222,-0.007220015461975831,0.003180091268414267,-0.009464660540431123,-1.7975458795469167e-06,-0.004960013567049691,0.0013807450854148061,-4.2023840813065007e-07,-0.07003756323642797,-2.567141677134782e-07,-0.000125777137815515,2.880756043444355e-07,3.2271623475255774e-05,0.000122444799615478
PAK2,0.2114800815825825,0.12599721232911434,-0.12607816129641222,-0.007220015461975831,0.003180091268414267,-0.009464660540431123,-1.7975458795469167e-06,-0.004960013567049691,0.0013807450854148061,-4.2023840813065007e-07,-0.07003756323642797,-2.567141677134782e-07,-0.000125777137815515,2.880756043444355e-07,3.2271623475255774e-05,0.000122444799615478
PIGZ,0.2114800815825826,0.12599721232911446,-0.12607816129641222,-0.007220015461975892,0.003180091268414266,-0.009464660540431132,-1.7975458795465614e-06,-0.004960013567049728,0.0013807450854148055,-4.202384081305684e-07,-0.07003756323642787,-2.5671416771347084e-07,-0.00012577713781551818,2.8807560434463485e-07,3.227162347526046e-05,0.0001224447996155016
SENP5,0.2114800815825825,0.12599721232911434,-0.12607816129641222,-0.007220015461975831,0.003180091268414267,-0.009464660540431123,-1.7975458795469167e-06,-0.004960013567049691,0.0013807450854148061,-4.2023840813065007e-07,-0.07003756323642797,-2.567141677134782e-07,-0.000125777137815515,2.880756043444355e-07,3.2271623475255774e-05,0.000122444799615478
U4|ENSG00000272359.1,0.2114800815825825,0.12599721232911434,-0.12607816129641222,-0.007220015461975831,0.003180091268414267,-0.009464660540431123,-1.7975458795469167e-06,-0.004960013567049691,0.0013807450854148061,-4.2023840813065007e-07,-0.07003756323642797,-2.567141677134782e-07,-0.000125777137815515,2.880756043444355e-07,3.2271623475255774e-05,0.000122444799615478
FP15737,-0.21146407219437954,0.17881992452149847,-0.04179610519940646,0.011606506195286918,-0.0008233129810657632,-0.03616969339876806,-1.2166042578277928e-07,0.005032974283658853,0.0420223297408748,-6.521290535029859e-06,4.556552466571673e-06,2.839853100116985e-07,0.006790381977545852,2.8524851491609726e-07,0.03688022391133666,-0.03729808004429417
CHMP7,-0.21175694439192833,0.17917990947126586,-0.04203312936944898,0.011575159737911409,-1.3820924327296457e-05,-0.037639908253809876,-1.0295023929546002e-07,0.004621274059977011,0.040368401356419455,-0.00011396952853133231,3.378254841640109e-06,1.5549005924748937e-07,0.007156426268184642,-1.2886611180014262e-07,0.0423640396640537,-0.04341146961061035
NRROS,0.2116003784864564,0.12604503053021526,-0.1260915132209051,-0.007123634023209313,0.0030628810271743014,-0.009668084884588821,-1.1447933884280807e-06,-0.0044706552471007275,0.000348850474384755,-5.396963101010771e-07,-0.06999500578275938,-2.488483472703938e-07,-0.00019973174518854735,4.055124450518334e-07,1.1157235314077211e-05,9.730616652164185e-05
PIGX,0.2116003784864564,0.12604503053021526,-0.1260915132209051,-0.007123634023209313,0.0030628810271743014,-0.009668084884588821,-1.1447933884280807e-06,-0.0044706552471007275,0.000348850474384755,-5.396963101010771e-07,-0.06999500578275938,-2.488483472703938e-07,-0.00019973174518854735,4.055124450518334e-07,1.1157235314077211e-05,9.730616652164185e-05
PHYHIP,-0.20984927128363767,0.17994837823109466,-0.042320034984907495,0.01255881552029605,-1.2120661301307721e-06,-0.03960306721009245,-9.370350476829436e-08,0.0059571758643271735,0.03471090694019648,-2.2155841450506155e-08,0.0005107980048196104,1.5123692771413293e-06,0.00074164114751102,-1.547481431720968e-06,0.059360741654632024,-0.06113956755894219
MIR320A,-0.20977945904333428,0.17971181206239273,-0.042352864056203976,0.012435680135308132,-6.719390621023097e-07,-0.039356604505609905,-9.584951150494822e-08,0.005947294496075761,0.0347389856193263,2.1415646773124362e-07,0.001722581356744174,1.6315358227193763e-06,0.0007350815492026818,-2.716950954790489e-06,0.05973278850376395,-0.061415552916005256
TNFRSF10A,-0.21186077648427362,0.17883692658862418,-0.04196427250578804,0.011796202944795206,-1.302782718920739e-06,-0.03859754264005624,-4.299187647226814e-08,0.0026488178969157664,0.04037655725459637,-1.2834056620146632e-05,5.121702798756628e-06,2.0685280530692351e-07,0.005487164438387136,-1.013412792297578e-06,0.043469882468527204,-0.04323648071350879
XPO7,-0.2095262159919114,0.17993136433889076,-0.042931535905060304,0.013948982644078305,2.2242579346014676e-06,-0.038903286653275845,-3.186300275172291e-07,0.0057326349212227234,0.03299333794251742,1.9736692642691429e-07,0.0008865074098516155,-1.3355944770854368e-06,0.0027740046761410646,-2.640032506250335e-06,0.059954452297203406,-0.061964785663827515
SFTPC,-0.20965758634246448,0.17981688274717444,-0.04236644979507437,0.013396767221151514,-1.181204141749169e-07,-0.03938814009266962,-9.187676964079938e-08,0.006240130706177748,0.03271596171732687,4.820045614988584e-07,9.858004687504795e-05,-1.0705647649485119e-07,0.00044362107882428363,-2.9701728519684743e-05,0.06232840247683582,-0.06359450338014302
BMP1,-0.20986582031385467,0.1799111837871185,-0.04236281467834077,0.013051838386271407,-2.3693600002426442e-07,-0.03960654634956017,-7.297361419261658e-08,0.00577242860602562,0.03329001650806982,3.073176490141354e-07,0.000493485692397464,-2.9304922064786927e-07,0.0009352577292924604,-9.28761461272969e-06,0.061113930387776516,-0.06269987677003062
RNA5SP263,-0.17621333966420227,0.169756077171168,-0.03052882958716193,0.004592286514810976,6.17433813282461e-07,0.030310162212452717,-8.640691565471942e-06,-7.500131226034584e-05,0.05133774452391138,-1.3360162632934965e-06,0.0056364769329846276,4.828211488808728e-07,-0.023495384036255385,-1.5031423777384507e-06,-0.08272410128260563,0.08502119163432785
snoU13|ENSG00000238466.1,-0.20975839094385546,0.17986213204315735,-0.04248290157658558,0.013852094364052507,7.375575936471068e-07,-0.039309111211491075,-5.327730089085872e-08,0.007252988384571038,0.032597568425890004,-4.609977933231415e-07,0.00034051870972236486,1.3624608380506683e-07,0.003987321228863949,-7.3807487471970675e-06,0.06112764864560451,-0.0632589903021676
GFRA2,-0.20970542818358176,0.1800317477233065,-0.0429085869322288,0.014426922355693204,6.763308707631334e-07,-0.039235868539701985,-1.2657503865897887e-06,0.0057902922870654355,0.03142730894996457,-8.592367182690191e-07,0.0012721019263264906,6.020741757959879e-08,0.0006890709047596603,-3.2784200866688866e-07,0.058090903617026,-0.06091159477200348
NPM2,-0.20981275760605383,0.18000747986488064,-0.04247702942071966,0.013583509940972523,6.113467839032485e-07,-0.03917905899574854,-1.2472438329860628e-07,0.007264489074846892,0.03254928646058467,-4.398321505308258e-07,0.0003519895475292753,1.1311500762720655e-07,0.00404884266627971,-1.0430835052515308e-05,0.06132994562178918,-0.06262768870359986
DMTN,-0.20965122389350221,0.1799151812003566,-0.042566272130241355,0.014025495477152728,1.0033809107441176e-06,-0.03935007302426114,-1.0736632053499471e-07,0.006976606102799364,0.032423845938191406,-1.0506320303089145e-06,0.00021283108622681185,-7.950285793571446e-08,0.003586962445373421,-8.770283341665557e-06,0.06099869799522021,-0.0629480016534805
FAM160B2,-0.20957014935048962,0.1799523981899895,-0.04235722741314996,0.013629550362988664,9.43030933083037e-07,-0.03957089005696306,-9.71925718846447e-08,0.006242843312411579,0.03238775053765136,5.108789583299794e-07,0.0005601331364219435,-3.0463523358483467e-07,0.0018101669057945006,-4.11837710862445e-05,0.06255080656589926,-0.06376657673838342
LGI3,-0.20973946081407568,0.17976003499067605,-0.0421527399264609,0.013506089754269085,-3.7247891089280473e-07,-0.0396250437396641,-4.519100817025787e-08,0.006399424620834273,0.032401506934675944,8.07706185642411e-07,0.0006255583000736885,-1.0047753286682463e-07,0.0008716755239862974,-2.1977483896843e-05,0.06261587792272225,-0.06408844268912946
ZDHHC2,-0.2075412322785136,0.17847066846640564,-0.043173059529480765,0.014874055859851588,7.076123010012713e-07,-0.04079317711158452,-1.5582286040992227e-05,-1.4026682878842998e-05,0.008526648097817318,5.901117103209737e-06,0.00012644330773960245,8.035557755165409e-07,0.010222770370340447,1.2647852091905172e-06,0.040558993155826666,-0.044455341606351846
REEP4,-0.20974711685810796,0.17981432047777313,-0.04219032004750446,0.013578382186677434,-3.722024901213738e-07,-0.039624713446112465,-7.183396564604964e-08,0.006379076396445581,0.03240410819427577,8.000052509015227e-07,0.0006294399949468666,-9.824122874155485e-08,0.0009112828069917694,-1.6658905874065924e-05,0.0625114339137351,-0.06396103493253306
HR,-0.20973249502857838,0.17989309736729,-0.04219728932813835,0.01362046321981587,-3.849205292560825e-07,-0.03957777994891985,-9.853183102705401e-08,0.006371746212818568,0.03247036968221023,7.491469745680544e-07,0.0005228998221539426,-4.0621221698800917e-07,0.0008886765744262904,-1.941453676501795e-05,0.06231559149890409,-0.0637162632742329
MTMR7,-0.20759081094742196,0.1790744937592662,-0.04357209645118331,0.015051254108618652,-1.8611140463146846e-06,-0.04074640668714611,-2.5171596144524486e-06,-1.9742299649398275e-06,0.009083651248986933,2.119153731923227e-06,0.00034664634495797347,-9.356765000030559e-08,0.009644438026183113,2.6169010364064397e-06,0.04433860126492592,-0.04660733726468289
ATP6V1B2,-0.20883749832659157,0.17955317130825899,-0.04205437683703731,0.014929366815919493,6.97642374293898e-08,-0.039014030853938966,-0.003953686594749614,0.007577917962015437,0.026050724439874523,-6.655775421638469e-07,0.0006404682868180373,-2.2102998388486464e-06,1.894541546818969e-06,6.251650163104047e-06,0.054093081343594876,-0.05574881920867381
C8orf58,-0.21124705453194534,0.17953272988225086,-0.04260283291027697,0.012048009779568526,3.6106973107738336e-07,-0.03899611635792505,-3.8313100250662533e-07,0.004474705691616514,0.037189507883697535,-1.3929523719280148e-06,2.0304936077214342e-05,2.097545187165634e-06,0.005151116686185165,-3.0373941927599764e-07,0.05224760610275853,-0.05352902026167042
FGF20,-0.20818244335385627,0.17767217409567734,-0.04391931375049093,0.014783500141874985,-6.850529375897209e-07,-0.03907361203972873,-1.5100688467824364e-05,-0.00016473001712055747,0.005905854220812297,1.3041041994358944e-06,7.727452682594301e-05,-5.338539723362925e-07,0.008718008781251054,-1.1639853115414052e-06,0.0383837334468345,-0.04456679159331765
NUDT18,-0.20971273112630573,0.18001180888254958,-0.04225880048704217,0.013662422130300571,4.04040120971423e-07,-0.039556017191340706,-1.0323341656536947e-07,0.006259001179945026,0.032409255776640465,5.444104637322244e-07,0.0005872506745695112,-3.520816920463682e-07,0.0019606801556949762,-3.586851776874313e-05,0.062494801640663566,-0.06379586145594214
DMRTA1,-0.038251121560855826,-0.00410528589487528,0.00013520357878416372,9.062384314954129e-05,0.2586445458335304,-0.000513867685386945,0.0005090153766278117,4.3502612792321977e-05,1.9962858114797643e-06,-0.0008072768054988249,2.096435683308104e-05,0.17662048043419185,1.0329105582829515e-05,-0.00011237549930667362,-0.0003509196431358691,0.0003775029410255322
MICU3,-0.20792402565690138,0.1783982018509111,-0.04362900398571359,0.014685039862436857,-6.489285633650351e-07,-0.03974499949701144,-3.6226476527394385e-06,-5.8876716037501645e-06,0.007266177135285491,5.3169937676921725e-06,0.0001139102554147776,5.259642401877316e-08,0.010888323234214889,-2.5109779644845224e-07,0.03905304940135391,-0.042628383320609094
LPL,-0.2086070652659908,0.17919330506947426,-0.041234107461280436,0.015058098840420633,5.445794051051358e-07,-0.03876511349568782,-0.002982293924508149,0.007238562221222011,0.024808033042833865,-2.995171855458703e-07,0.0002502969908405343,-4.166907396008202e-06,-7.722736436424782e-07,3.090563736739645e-05,0.05523617726257953,-0.05487673493214199
LZTS1,-0.20906056386276617,0.17947984591236316,-0.04213114062696337,0.014833186568859305,6.46102310254531e-07,-0.0390212694723835,-0.0024123335369995846,0.007513276928625145,0.026401722779004076,-9.631414745769288e-07,0.0006008058634088671,-3.999696234428339e-06,6.546228408283749e-06,4.773450072224044e-06,0.05391221921059985,-0.05535920191227946
MIR548V,-0.20788881960970332,0.17921974159388587,-0.04258408380032563,0.015596273351017566,5.176239168890753e-07,-0.040034524476819745,-3.526121272817097e-05,0.0007454678046667872,0.014070633848385923,4.716832922120667e-06,0.00010028315977080721,-1.2401761812551105e-07,0.006698432249460626,-3.152480466801183e-07,0.04744169865792439,-0.0528974229083544
DOK2,-0.20984184057752386,0.1796360584113109,-0.04275549104181809,0.014329243582084875,3.0866277447008394e-06,-0.03926264737877615,-6.586997968917034e-07,0.005578450074882344,0.03222772000244881,1.9465641312611964e-07,0.001419179517435251,-4.9280926852313e-07,0.003429488518436062,-1.0485790959042611e-06,0.05985287928610816,-0.06184460183956466
RN7SL474P,-0.20833882506804322,0.1775152887797897,-0.04373825326303866,0.01548686427756967,-1.6168659250261986e-06,-0.038383515333384806,-2.4037687431009123e-05,-0.00012879099097444873,0.004702218551203281,4.6876798617644864e-07,0.0005956513628954066,-5.513221955908715e-07,0.0066605466540869355,-9.422837807982866e-07,0.036988966473483514,-0.04519954574319054
SNORA67|ENSG00000207027.1,-0.21107900062951343,0.17901313886949893,-0.04164037618642708,0.011320499007690837,-0.0007912971456476932,-0.03380799353532806,-9.904016930578173e-09,0.00625601529792708,0.04403402032300493,-2.8319916131588108e-06,3.349605898979651e-07,8.449857933892113e-08,0.007871148988506165,-1.4318852979682679e-08,0.032838764086403675,-0.03032732605117759
STC1,-0.21090716192229336,0.17928832266378583,-0.04163733830986094,0.011450139122607223,-0.0015560276947936486,-0.033625631771572705,9.970626420282163e-08,0.006063912212424163,0.04387817167503313,-3.054184492501436e-06,-6.075670366674457e-07,5.411228730330336e-08,0.00805640998453924,3.7115422447461777e-07,0.031030908753249514,-0.028033893540316802
TCTEX1D2,0.21230204793766372,0.12667288339651742,-0.12718096462433018,-0.005630075262198758,0.0036014141600685177,-0.01111226375110289,4.170494987501333e-08,-0.003808158064729442,6.076103893761267e-06,-7.296597563646055e-07,-0.06811025179302731,1.2481620490850684e-07,4.318454729542019e-06,-8.720794071326797e-07,-6.105211354531605e-06,-2.777706899935818e-05
PCYT1A,0.21274502613789478,0.1266970427860783,-0.12710010880551995,-0.006103472488533014,0.004155184472312968,-0.011497306413001979,-1.3309453741752798e-07,-0.003724594976686691,7.51232518587042e-06,1.9281825945792124e-07,-0.067550134491063,-4.383985400478853e-06,3.623873447165252e-06,-2.8174929795454015e-07,-4.111022464291623e-06,-2.8056207484759737e-05
INTS10,-0.2085628185829266,0.17918883999896196,-0.041882479758839186,0.014819433694674727,3.8657597276992905e-06,-0.03890633264707295,-0.004646984071274874,0.007557720393976497,0.02544177696799692,-5.519293771283704e-07,2.4577064943840408e-05,-1.1692365979638272e-06,2.0852333680091044e-07,4.8494487915915055e-05,0.0550675126021037,-0.055327341344723606
ACAP2,0.21380948792412252,0.127536662232945,-0.12660834747653502,-0.007309024090384525,0.005081910536945129,-0.011955217291275867,1.7060191280688012e-07,-0.0018219528185484729,-2.3014106281389716e-07,-9.703696462787036e-08,-0.0650392950702095,-9.353825100573145e-07,9.759580874932044e-07,1.0731483287436599e-07,2.851032531273258e-05,-4.43202122511574e-06
SLC51A,0.21278783926207462,0.12665968295285215,-0.1270773795808081,-0.005992682876454173,0.004114691761207546,-0.011347861831850837,-8.38599874526412e-08,-0.003725247856360642,1.547780861286432e-05,5.541133370576483e-07,-0.0676046571806512,-4.834197572718089e-06,8.470811406279838e-07,-1.7289696178419444e-07,-2.4182191927187453e-06,-2.8945045910550387e-05
ZDHHC19,0.2130387348496521,0.12636849056121002,-0.12683228270704439,-0.0065935030996660485,0.0037245663660675017,-0.011291088716884985,-1.1876755282540637e-08,-0.003167454693750353,2.8896071674600455e-05,4.241034150482266e-07,-0.06756943746766007,-1.5005449952227243e-06,2.906315660188861e-06,-1.2767378424898665e-06,-2.8237105919264687e-06,-9.991641519445762e-06
MIR4797,0.2092983165239242,0.12513243127642545,-0.12643578451704834,-0.008227731752881667,7.232286458007088e-05,-0.00938427692590078,-2.253846853523323e-05,-0.005367273135311265,0.0010441797197807705,-2.2944037038238968e-07,-0.06645272241774444,-2.1476761882964087e-07,-0.00028415757120998697,1.3764131573893994e-05,0.003965985660797878,3.582804170650002e-05
ADAM28,-0.21075980367046684,0.1784750312138629,-0.041245311850478174,0.012089540161846697,2.800843846261088e-07,-0.03159594616634683,3.728963218126531e-08,0.00502122277507624,0.046809352214252135,-6.346217336832211e-06,-4.141157731940395e-06,3.36218201617751e-10,0.003680607397288595,1.8497086606574216e-07,0.0245363533902949,-0.01971260507626031
snoU13|ENSG00000238491.1,0.209360990331935,0.12525330057056547,-0.12623842555750744,-0.008689528494534025,0.0002427033934702558,-0.009118015530108685,-2.3186844333164716e-05,-0.005428037124970016,0.0017053995875214393,-5.222921244125353e-07,-0.06579219328139654,-3.3691890111909014e-07,-0.00028635954047346695,6.805697760601146e-06,0.002218097263237163,3.692406073042901e-05
BNIP3L,-0.20801139630828552,0.17753284008113532,-0.04103765591121803,0.010312961593553169,-1.372803832216641e-05,-0.026355539969693965,-1.852921511529741e-08,0.004002681745376516,0.05377344410794741,6.611573410927278e-08,-3.574881324836821e-05,-3.802049874903638e-06,1.5924743388815202e-05,-7.31963653389108e-08,-0.011921721929551628,0.01900640125599138
ADAM7,-0.21086277670137005,0.17831664468673863,-0.04186758471323284,0.012184483746828892,-2.510550179252471e-08,-0.03225454897845798,-8.166359359636463e-08,0.004958592199994631,0.04648693509287062,-4.513394484481701e-06,-9.137516813416592e-06,8.044120068717851e-07,0.004361085309464121,1.943044911380845e-07,0.024238911050540258,-0.01884745045268987
BDH1,0.210246129075135,0.12552179287186765,-0.12595907815585425,-0.007354548774602498,2.1184263668214238e-05,-0.00900716541909494,-2.979934814231901e-06,-0.004721869389944912,3.775085422988564e-05,-3.3601098316796787e-06,-0.06311395429365327,-3.9916784317537495e-07,-1.6877566471702568e-05,2.0656815733609385e-06,0.0034261202198356392,2.7230153188243247e-06
TFRC,0.21299919002473774,0.12687742645227368,-0.12708086531184468,-0.006577896706963307,0.003989271924769969,-0.011482439331127563,1.1471916584598102e-07,-0.0032216623771832557,1.2570275533157405e-05,3.8914967252389876e-07,-0.06757851276498753,-1.953209513127832e-06,8.870137937636706e-05,-6.25720684620402e-07,-2.959572700803107e-07,-7.151049424503909e-05
ADAMDEC1,-0.21084235694129963,0.17846953239925856,-0.041339692095016985,0.011810059959918134,1.2275665013590447e-07,-0.031665759308296654,4.6177852924274475e-08,0.0048932852384493564,0.047084370927942806,-5.561254964014517e-06,-1.167083371542147e-05,-1.7671860595230446e-08,0.004535283431104736,-9.770610507869265e-08,0.02275730436350625,-0.017507222610738532
SNORA62|ENSG00000201157.1,-0.20922928593139317,0.17906209680133817,-0.04218708330069022,0.015005256302633585,-9.75250687521395e-07,-0.040388972394602395,-7.723345606223534e-05,0.005070176393110835,0.019244296764974123,5.243279216432155e-06,0.00010589018489439792,-1.436194951614692e-06,2.4671457131127393e-05,1.6754953533863153e-06,0.0507329424873139,-0.05517215133019563
VPS37A,-0.2079785378795308,0.1789368888690796,-0.04344707126888899,0.01583391278509793,1.2856640806937939e-06,-0.04077400152793471,-8.880005486192958e-06,-2.3362982386646926e-05,0.008245730247405748,3.195555598667508e-06,0.00028816806693290117,-3.3133414916684035e-07,0.009631445007397273,-5.108699889008816e-07,0.04184633945007162,-0.04562511926166499
TM4SF19,0.2123650170865695,0.12711072778646249,-0.12735957160348166,-0.006166849041769953,0.0037789507335427024,-0.010366165234411164,-4.367949050073819e-08,-0.004084947246469075,0.00019970387080917734,-1.0973296423753576e-06,-0.06791255348588146,2.510976193054519e-05,2.1312319288886106e-06,-3.1567116215127257e-07,-2.8182523397097325e-06,-0.00017334996318064128
WDR53,0.211781423832724,0.12734099892554426,-0.12656295455197203,-0.006535755626724092,0.003806506994059979,-0.0101635851972916,-1.0115850685765805e-09,-0.0038063727633868352,3.273721904865004e-05,2.8491958905973714e-07,-0.06831981431566521,1.334317481513217e-06,3.8129502358788206e-06,-3.141755276692501e-07,4.559206590474368e-06,-2.878950763816683e-05
UBXN7,0.2122871042348575,0.12721724167716902,-0.1271576034509961,-0.006427842212957574,0.0037075193473248285,-0.010378593443458674,-1.0675593614723594e-07,-0.004026599213405939,0.00017046090381750206,-1.1409430838070077e-06,-0.06766489978290205,1.8977255973583805e-05,2.1914178600625092e-06,-2.962465221904866e-07,-7.31061105571859e-07,-6.685878230488895e-05
CNOT7,-0.20823216975649517,0.17881245186418354,-0.043319123848627065,0.01538995822609277,-3.2497375145894646e-07,-0.041244537540511994,-3.1871553041120017e-06,-3.034766431420898e-05,0.008383303077295618,1.6396714540756542e-06,0.00022627607684391998,-4.53330491842227e-08,0.009538056274798364,-2.949901556156789e-07,0.04082543670581881,-0.04569088355594502
RNF168,0.21186048017053902,0.12729578080400844,-0.1265819195154012,-0.00604582008719471,0.00455031137872364,-0.010406740558068988,5.029976323810752e-08,-0.003807987698136681,3.5011258013980495e-05,1.2876047797821407e-06,-0.06761426970917997,3.83606206558553e-06,-4.78523004270812e-07,3.579938141542916e-07,3.4751053280474955e-05,-1.540519236691382e-05
LINC00885,0.21327871879885307,0.12666679279031356,-0.12720282574713535,-0.006723828630029332,0.0038545657032147745,-0.011295814903358202,1.6934416202984658e-08,-0.0026751977640460463,3.555946167629014e-05,3.1684874559147187e-07,-0.06733745234696428,-3.9321605810725445e-07,2.533748082536401e-05,-5.299705729205351e-07,6.795643440582698e-07,-9.27595237461466e-06
APOD,0.21390632938048068,0.1274713411960586,-0.1267805443931896,-0.0071022131227187375,0.0050628898492530395,-0.011979363102031184,5.357099060247651e-08,-0.0019538416043984735,1.3622298001352472e-06,1.3536555314360352e-07,-0.06572429413836844,-1.1145915057869318e-06,-9.269605889153468e-07,2.7639756499725164e-06,4.027324708462155e-05,3.0608160943938417e-07
LINC00969,0.21390632938048068,0.1274713411960586,-0.1267805443931896,-0.0071022131227187375,0.0050628898492530395,-0.011979363102031184,5.357099060247651e-08,-0.0019538416043984735,1.3622298001352472e-06,1.3536555314360352e-07,-0.06572429413836844,-1.1145915057869318e-06,-9.269605889153468e-07,2.7639756499725164e-06,4.027324708462155e-05,3.0608160943938417e-07
MIR570,0.21390632938048068,0.1274713411960586,-0.1267805443931896,-0.0071022131227187375,0.0050628898492530395,-0.011979363102031184,5.357099060247651e-08,-0.0019538416043984735,1.3622298001352472e-06,1.3536555314360352e-07,-0.06572429413836844,-1.1145915057869318e-06,-9.269605889153468e-07,2.7639756499725164e-06,4.027324708462155e-05,3.0608160943938417e-07
MUC20,0.21390632938048068,0.1274713411960586,-0.1267805443931896,-0.0071022131227187375,0.0050628898492530395,-0.011979363102031184,5.357099060247651e-08,-0.0019538416043984735,1.3622298001352472e-06,1.3536555314360352e-07,-0.06572429413836844,-1.1145915057869318e-06,-9.269605889153468e-07,2.7639756499725164e-06,4.027324708462155e-05,3.0608160943938417e-07
MUC4,0.21390632938048074,0.12747134119605852,-0.12678054439318956,-0.007102213122718734,0.00506288984925302,-0.011979363102031146,5.3570990602504336e-08,-0.0019538416043984328,1.362229800135154e-06,1.3536555314359767e-07,-0.06572429413836846,-1.1145915057870466e-06,-9.269605889153549e-07,2.763975649972606e-06,4.027324708462215e-05,3.06081609439271e-07
PPP1R2,0.21390632938048068,0.1274713411960586,-0.1267805443931896,-0.0071022131227187375,0.0050628898492530395,-0.011979363102031184,5.357099060247651e-08,-0.0019538416043984735,1.3622298001352472e-06,1.3536555314360352e-07,-0.06572429413836844,-1.1145915057869318e-06,-9.269605889153468e-07,2.7639756499725164e-06,4.027324708462155e-05,3.0608160943938417e-07
RN7SL773P,0.21390632938048068,0.1274713411960586,-0.1267805443931896,-0.0071022131227187375,0.0050628898492530395,-0.011979363102031184,5.357099060247651e-08,-0.0019538416043984735,1.3622298001352472e-06,1.3536555314360352e-07,-0.06572429413836844,-1.1145915057869318e-06,-9.269605889153468e-07,2.7639756499725164e-06,4.027324708462155e-05,3.0608160943938417e-07
RNU6ATAC24P,0.21390632938048068,0.1274713411960586,-0.1267805443931896,-0.0071022131227187375,0.0050628898492530395,-0.011979363102031184,5.357099060247651e-08,-0.0019538416043984735,1.3622298001352472e-06,1.3536555314360352e-07,-0.06572429413836844,-1.1145915057869318e-06,-9.269605889153468e-07,2.7639756499725164e-06,4.027324708462155e-05,3.0608160943938417e-07
SDHAP1,0.21390632938048068,0.1274713411960586,-0.1267805443931896,-0.0071022131227187375,0.0050628898492530395,-0.011979363102031184,5.357099060247651e-08,-0.0019538416043984735,1.3622298001352472e-06,1.3536555314360352e-07,-0.06572429413836844,-1.1145915057869318e-06,-9.269605889153468e-07,2.7639756499725164e-06,4.027324708462155e-05,3.0608160943938417e-07
TNK2,0.21390632938048068,0.1274713411960586,-0.1267805443931896,-0.0071022131227187375,0.0050628898492530395,-0.011979363102031184,5.357099060247651e-08,-0.0019538416043984735,1.3622298001352472e-06,1.3536555314360352e-07,-0.06572429413836844,-1.1145915057869318e-06,-9.269605889153468e-07,2.7639756499725164e-06,4.027324708462155e-05,3.0608160943938417e-07
FBXO45,0.21182226844598587,0.1274856827995038,-0.1265627667121116,-0.00662838668970787,0.003738024314783621,-0.010237794837435456,3.498183351792816e-08,-0.0036611483659338196,4.197820969999813e-05,7.838046561496513e-07,-0.06823080262045222,1.349215704538277e-06,3.789655382597385e-06,-1.1634607194375317e-07,1.0090952190052908e-05,-1.8538429368011975e-05
SCARA5,-0.20386477725909266,0.17803615347628401,-0.039226543013787384,0.009111853339153535,-4.667690789002713e-08,-0.020032800727622046,1.9158682065075297e-06,0.003984406557726022,0.06233889643509388,-2.287023809754465e-06,0.00047609876533124504,-1.9746183715820226e-05,-3.682904688876765e-07,8.3984548122643e-07,-0.057824933043226966,0.06193661385968644
SMCO1,0.21199130201920746,0.12735505509502462,-0.12676933992551487,-0.006321032192751169,0.004503343947240829,-0.010365030236376045,4.348090542767135e-09,-0.003992621866020485,3.6990703830256274e-05,7.691587507930295e-07,-0.06763326565505282,1.080292935672609e-06,1.0042131938649716e-06,1.4027615335326536e-07,1.9385265399948663e-05,-1.2656315382462759e-05
KIF13B,-0.19887589937480177,0.17494823426324785,-0.035685719066270036,0.007492546464204196,-1.0872810644166884e-06,-0.01215170032298903,-5.332256882439157e-08,0.004721899075552232,0.06583011697345496,5.515724304044717e-07,0.0015348926679725635,-7.176397944035624e-08,-1.3504234152642943e-06,4.884948665444251e-06,-0.08544738727008669,0.09473265357200886
RNA5SP261,-0.18289817339915315,0.17197154426432687,-0.03216341924821334,0.004006601393450815,-4.125545195385664e-06,0.01864601144067129,-3.4377991457228834e-06,0.0004136888706441495,0.05880944655500029,-6.952086385866349e-08,0.006307443265847991,9.450890516014188e-06,-0.017173107680384613,-2.610030595566833e-06,-0.0916944638229015,0.0952882160558398
LINC00589,-0.1943545458417307,0.17324998256963556,-0.034816863719256595,0.007182433465415343,-2.388129604886183e-06,-0.004273226701790514,-1.0040501669512759e-05,0.004906984226003986,0.06633297270952546,6.632858260266877e-07,0.003255092741120659,6.719957821617003e-07,-0.006090605516912151,-9.642154810026012e-07,-0.09436489417467746,0.10492748458648826
DUSP4,-0.1968639902053285,0.174401772018812,-0.035925974286154426,0.005874021618882504,-1.1870565302749691e-05,-0.006812683629340929,-1.3410461660646942e-05,0.005024383047783963,0.06528524515895741,3.6532573539452934e-06,0.0026670161080027503,7.658035586511212e-07,-2.9802135156818846e-05,5.893187075479576e-06,-0.08914551659305338,0.09873911564279539
RN7SL434P,0.21252698311801368,0.12734018969082772,-0.12738382370331527,-0.006479254321259364,0.0035289977042613847,-0.010175783496893763,-3.739449181900575e-08,-0.004362656725443421,0.00029677793005498953,-9.271429706247468e-07,-0.06738115379330915,1.8387371348951167e-05,3.5972800783509886e-07,-4.4159689553608757e-07,-1.2339028703373791e-05,-1.742891585956382e-05
RN7SL738P,0.21252698311801368,0.12734018969082772,-0.12738382370331527,-0.006479254321259364,0.0035289977042613847,-0.010175783496893763,-3.739449181900575e-08,-0.004362656725443421,0.00029677793005498953,-9.271429706247468e-07,-0.06738115379330915,1.8387371348951167e-05,3.5972800783509886e-07,-4.4159689553608757e-07,-1.2339028703373791e-05,-1.742891585956382e-05
PTK2B,-0.20585846844634298,0.17756837606577783,-0.039996616599231545,0.010761489245581762,-1.7361612651748399e-06,-0.02150981498431019,-3.424136324360207e-08,0.0063185749406640315,0.05964279616678793,-2.7561438982619e-06,-1.628042624408551e-05,-1.4728034791871743e-06,-5.588002612920183e-05,7.128254181266591e-07,-0.03754496820569755,0.042877559656416264
KIAA0226,0.20899958924194417,0.12566176426528425,-0.12586056748356078,-0.0074982406539494785,0.00011545311851922381,-0.008081062428358198,-1.6889473916429744e-05,-0.0035375727343994958,0.00011463875706827521,-4.4130575774829705e-06,-0.06317619524492273,-2.2113213370499073e-06,-8.054539594613557e-06,-3.772865440924312e-07,0.0018832676593489894,4.545124787925913e-06
DOCK5,-0.20945603749532232,0.17876967877092684,-0.0425615315802126,0.011183526142034661,-3.9347978241477706e-06,-0.02881198948435693,7.791013632114539e-08,0.004259075598123489,0.051613639846088036,-1.2020256436350215e-06,4.094544226730951e-07,6.391334915463115e-07,3.64726026071877e-05,-6.884036385533823e-07,3.5576129985973204e-05,0.0007008035245609972
MECOM,0.20806310501682826,0.11910651262794858,-0.10799533765174477,0.0005235849767039916,6.23738444215198e-06,-0.000256038340654204,-6.5243709852488784e-06,0.002212381196161571,1.8352911849247744e-05,1.376706886271938e-05,0.03651009587297632,-2.196945646844611e-06,0.0006720031591912534,5.46427182326087e-06,2.608937508502079e-05,-0.0004899724073952101
MIR922,0.20969614973321166,0.1255673473693675,-0.12612178862614967,-0.007608125610695846,8.828243831220979e-05,-0.0082565275166088,-3.83493002002586e-05,-0.003535424950131682,0.0001474852155700781,-3.14766364769087e-06,-0.06329588445409064,-1.0893231165144705e-06,-8.123353656669383e-06,2.2059091777816396e-07,0.0010669010199020436,-3.4621135151433792e-06
LRCH3,0.20856093511856927,0.125782917795215,-0.12486144383573605,-0.008375222885708938,0.0003758812260723384,-0.0070552662501797685,-9.771255848321202e-06,-0.003304354565562425,4.6178814505538425e-05,-3.2662948656271456e-06,-0.0607193224717263,7.17586005725513e-07,-2.60083989562999e-05,-5.945860600423633e-07,0.0006739820195855112,2.1036658582247873e-05
NUGGC,-0.20319515226573812,0.17845122810922817,-0.03962156463227444,0.009769198415972803,-6.406126027031461e-07,-0.019289244014826738,1.610277654493332e-07,0.004292669820085988,0.061769918126117186,-2.811415749904998e-07,0.001171170742173832,-1.4157164559305742e-05,-5.9188862465790026e-06,4.0480229297397574e-07,-0.06202256294190402,0.065664465593353
DPYSL2,-0.20836953958654342,0.1778956410257688,-0.04008413244106922,0.011537638702581975,-6.0879852978267985e-06,-0.02559039380988951,5.5596085414090043e-08,0.0047387340470164095,0.055929729313499904,-7.712364194654974e-06,-4.49167782983413e-05,-8.087289624528455e-06,1.027870315934125e-06,-4.042008163528422e-06,-0.01836830169241799,0.02482750116282948
NEFL,-0.21082421117670608,0.17927589163744287,-0.042746927408504026,0.012034579104314332,-7.149088239669672e-06,-0.031230316041771376,1.3415790628462506e-08,0.004257574674368968,0.04817775726255893,-1.2110110267785036e-06,1.9178198737765395e-06,2.310048205733854e-09,0.0030091267803597876,1.1428856928382161e-07,0.008743343076300664,-0.0077657623503641785
CHRNA2,-0.20558074438843577,0.17756848581852186,-0.039936716864102315,0.010705337556740909,-2.192937107223635e-06,-0.021681884547033133,-9.490012720060413e-08,0.005746750398016462,0.06029794917315312,-2.992973849710947e-06,5.470480232427143e-05,-1.4817556394484403e-06,-8.029994343322207e-05,8.213865832405238e-07,-0.039472878483885275,0.04475805244907114
RBPMS,-0.19188980778830164,0.17370197378216293,-0.03279377404805893,0.007647094858771565,1.9712641863837184e-05,7.499950979563463e-05,-2.822212990661064e-07,0.0036074095550058384,0.06377817343411246,3.4377148099098746e-05,0.0050062013975809725,-1.5220999448544892e-07,-0.011031947399225596,-1.3073219309138603e-06,-0.10058572314350389,0.10580903502036128
FBXO16,-0.20241318896571062,0.17727546791624646,-0.03817077940275774,0.008282827950170237,4.0548165936896717e-07,-0.019136544085093615,3.244910594498546e-07,0.004595155911661506,0.0636329836394349,7.928707385349321e-06,0.0010421218451590834,-4.0401105610143743e-07,-8.973348821159886e-06,1.191711482608109e-06,-0.06970329660498045,0.07399834260320637
EPHX2,-0.20532882102009475,0.17792992060453952,-0.0396607953351242,0.011014083583828984,-1.5010729121271775e-06,-0.02145475433353164,1.0367546881102659e-07,0.005792721239526808,0.0602600873683741,-1.4652320354783803e-06,0.0011914361983120197,-9.466381047428492e-07,-0.0001279669882810298,1.6501022733743841e-07,-0.04038232628730571,0.0451030902098801
PPP2R2A,-0.20902695908250837,0.17841185598919934,-0.042286693910788355,0.01059708849821555,-1.999755684705056e-05,-0.028598350267375436,-2.6522773146044358e-08,0.004661575036509307,0.051288025094942895,-2.6709665252572858e-06,-1.7238495873974152e-05,-5.019426937153672e-06,1.006801930880384e-06,2.0954465995696604e-07,-0.0023556808347856965,0.009795225739644697
RN7SL651P,-0.20928286404969648,0.17900703872624202,-0.04246246425833424,0.011427393301334791,-2.369675990565736e-06,-0.028924630340790524,2.4065015205126937e-07,0.004588928899431924,0.051077817187277004,-3.1186685888218306e-09,6.004902105875693e-06,1.2118356486567848e-06,0.00011252908045635675,-2.2012626129688123e-07,0.0011134595963798039,2.0180923095353418e-05
NEFM,-0.2111110947036769,0.17936804248678725,-0.04292442450800914,0.011824796317058916,-3.731506828899517e-05,-0.03154739732828126,4.0066285045003004e-08,0.004243377012060785,0.047578249050495805,-4.878478999841184e-07,-2.4386162828965245e-06,7.211439394548624e-08,0.0035022443936803148,-2.5745313103979794e-07,0.010906633548938567,-0.009963982712576425
ANKRD18DP,0.2082198435156451,0.1255510965746531,-0.12439335051855069,-0.008183984273165256,0.001725431717972872,-0.007165228132829657,-9.21796273788032e-06,-0.004605151319245635,4.6383607661483394e-05,-1.8702752080317768e-06,-0.06066362785095886,8.402939768872032e-07,-0.00013846200622322853,2.9783999040800814e-07,0.00021629821687179198,5.902052746776275e-06
FAM157A,0.2082198435156451,0.1255510965746531,-0.12439335051855069,-0.008183984273165256,0.001725431717972872,-0.007165228132829657,-9.21796273788032e-06,-0.004605151319245635,4.6383607661483394e-05,-1.8702752080317768e-06,-0.06066362785095886,8.402939768872032e-07,-0.00013846200622322853,2.9783999040800814e-07,0.00021629821687179198,5.902052746776275e-06
IQCG,0.2082198435156451,0.1255510965746531,-0.12439335051855069,-0.008183984273165256,0.001725431717972872,-0.007165228132829657,-9.21796273788032e-06,-0.004605151319245635,4.6383607661483394e-05,-1.8702752080317768e-06,-0.06066362785095886,8.402939768872032e-07,-0.00013846200622322853,2.9783999040800814e-07,0.00021629821687179198,5.902052746776275e-06
LMLN,0.2082198435156451,0.1255510965746531,-0.12439335051855069,-0.008183984273165256,0.001725431717972872,-0.007165228132829657,-9.21796273788032e-06,-0.004605151319245635,4.6383607661483394e-05,-1.8702752080317768e-06,-0.06066362785095886,8.402939768872032e-07,-0.00013846200622322853,2.9783999040800814e-07,0.00021629821687179198,5.902052746776275e-06
RPL35A,0.2082198435156451,0.1255510965746531,-0.12439335051855069,-0.008183984273165256,0.001725431717972872,-0.007165228132829657,-9.21796273788032e-06,-0.004605151319245635,4.6383607661483394e-05,-1.8702752080317768e-06,-0.06066362785095886,8.402939768872032e-07,-0.00013846200622322853,2.9783999040800814e-07,0.00021629821687179198,5.902052746776275e-06
ADRA1A,-0.2082673083187564,0.177312279051169,-0.04007900262454855,0.011335137697606721,-2.4283836685819438e-05,-0.025025551573291553,-1.0681271709520862e-08,0.005048741469018914,0.05643159511957815,-1.522769431925887e-06,-1.9264438719378965e-05,-4.246162558093536e-06,-1.3422458942516932e-06,-6.466681761424187e-07,-0.027515792079729068,0.033214578531754226
MIR31HG,-0.03348209687342599,-9.36130523103765e-05,5.865172139161582e-05,2.6950363249838833e-05,0.27550538699134186,1.4486542356230224e-05,1.3567680518862745e-07,2.437181249823738e-06,-1.3164288699131434e-05,-0.0005893990786432412,3.248498881866823e-05,0.21529188108072916,2.4200989360350724e-05,-7.764865903378058e-07,-9.573893709495518e-05,7.171834509026707e-05
MIR3622B,-0.20404145341707364,0.1772409622110509,-0.03994855576088692,0.010036727926522864,-3.712980075891338e-06,-0.020004003972180016,-1.3201372894646578e-08,0.0053553230157194955,0.06229916310835018,-6.63456027547687e-06,0.0003481957139417883,-9.010559378207845e-06,-0.0004972532712653519,2.313157668477464e-06,-0.05352225396687543,0.05672294021345109
HMBOX1,-0.2000235031340816,0.17554866424693114,-0.0354377178381688,0.006737147930705055,2.9640978227595174e-07,-0.014002799728533643,1.2091153045016316e-07,0.0031185490119622203,0.06498272710454978,6.835684269335388e-08,0.0011405904243572019,-6.50874891558661e-07,-2.1420106583458908e-05,-8.52953718966324e-07,-0.08415571505195588,0.09349538413190966
WRN,-0.18878526666271772,0.17235307429176566,-0.03177162818436671,0.005844995711249212,-3.472481689105246e-06,0.009128505528802032,-4.971812208136676e-07,0.0003815114095202111,0.06251757179322874,-1.0250903198135817e-07,0.005044900945926492,1.1450700640484404e-05,-0.007602107383628636,-1.4026946451087505e-05,-0.09668983172947813,0.10106634545737607
EXTL3,-0.20126908779343736,0.1765585223490095,-0.037825980264520144,0.0075629581724576764,-1.979216833127927e-06,-0.017080757431875492,9.507644470550696e-08,0.004137823100359209,0.06452755326924044,-2.3815059644230704e-07,0.0015852637754201764,-1.2363712342466282e-06,-1.4812947192181954e-05,-4.774573227746335e-07,-0.07448063433977102,0.0815408470760521
FAM183CP,-0.19412146596271088,0.17370081014561506,-0.0346414864426404,0.007418467584030935,-4.411767080944006e-07,-0.002729544897471278,-4.875658868132048e-07,0.004850934514770367,0.06569315693016631,1.950977108399005e-06,0.003952920728624348,1.4215925666872962e-05,-0.00829521786785454,-4.839822913842851e-07,-0.09848008930652444,0.1048177652461455
FYTTD1,0.20906445103709298,0.126555494591517,-0.12547007241766195,-0.008378407902729455,0.0003819470084432696,-0.007297935826821643,-5.176671289303641e-06,-0.003714434373996016,9.721236279596131e-05,-3.0825710657042735e-06,-0.06160706922022923,-9.002710501478354e-07,-7.514954014740502e-06,-2.0072740968539654e-06,0.0003513511294953348,1.5866197315874787e-05
EBF2,-0.2087346055703255,0.17914355893310271,-0.04227812929794776,0.010855006160348898,-5.449375992120775e-06,-0.028907452643996634,1.6846075056861847e-07,0.004317693867610889,0.05247452740344949,-6.945441905914679e-06,-5.19763232954352e-06,-3.097941210581896e-07,1.0462573521746773e-05,1.8411347843123823e-07,-1.9126547959830435e-06,0.006491520117219417
MIR3148,-0.19422585707291803,0.1737778353353615,-0.03475784360974413,0.007321159904144467,-1.3091145413541286e-07,-0.0026304118816855133,-8.121131157879625e-07,0.004833744052983032,0.06568077101308697,3.2028677285655056e-06,0.0035109468121585123,1.3907992299276603e-05,-0.007994758390702437,-7.668872847604625e-07,-0.09861717917209735,0.10474188348791108
ESCO2,-0.20421636295515122,0.17828936366354178,-0.040021173202713055,0.009243595022168665,-3.4324225603590887e-06,-0.019904213778719385,1.2103099879154081e-07,0.0051323864270274066,0.062247901902791294,-4.931220011437643e-06,0.0004134958218147284,-8.414202477048577e-06,-7.221364103124428e-05,1.9625439718866413e-06,-0.05390912043793993,0.05946164048825071
SDAD1P1,-0.20907060679328582,0.1781654438410393,-0.04144299655827842,0.010500507293388701,-2.3142871821828802e-06,-0.027306758131094445,-5.701120986920034e-08,0.0049112196837099425,0.0526458534041008,-9.028697716417147e-07,-2.5957484242224775e-05,-1.8260965214959619e-06,4.73325546514784e-06,1.1821230602951654e-07,-0.007551449606315281,0.01376168230478185
PBK,-0.20440372591542977,0.1782359568055563,-0.040022264374271865,0.009137986184500345,-4.216075243437338e-06,-0.020019015744947702,4.9143374891470366e-09,0.0045847251683694456,0.06223252018798824,-2.6500268230623836e-06,0.00042754636891215376,-9.111852839833688e-06,-7.948149435669411e-06,2.5831712347790655e-06,-0.05519669520086252,0.06045587699377838
CDCA2,-0.20953171510727295,0.17925201430908005,-0.04248937244073439,0.01101926016449479,-3.1954542393411445e-06,-0.028307395898940175,8.445611442494742e-09,0.0045217983673970594,0.05201358021566918,-9.169884115512764e-06,9.787658440681942e-07,-3.3269774667893977e-07,1.7330795442172642e-05,-1.0472277874495397e-07,2.379129979787952e-05,0.003433808754669443
LEPROTL1,-0.1928272136283338,0.17336418535183185,-0.034030116688147045,0.007638699758885432,5.032923869255311e-06,-0.00012071150233103887,-2.6902237396174486e-07,0.004062131632116746,0.06389191750374533,1.9348016465464764e-06,0.003756621868731116,6.58426889052649e-05,-0.010639251152166216,-5.61560336833556e-07,-0.09980714534819282,0.10487669023599318
MIR4287,-0.20373172311171497,0.17836122499525764,-0.03964071473897428,0.008729770883778682,-3.592824617199832e-07,-0.0195269691765698,1.224634624106091e-07,0.003863537814052889,0.06297447950172784,-4.1829118405450055e-06,0.0003309131302153077,-4.921009572723677e-06,-4.198209270386406e-06,4.2385032294229374e-07,-0.0596641055084186,0.06197984170346553
CCDC25,-0.2044682622719897,0.17804373191940942,-0.04018970640624676,0.010013394229361493,-5.019536261353273e-06,-0.01986225367604064,8.258143911858682e-08,0.005184895139153911,0.06235845417796259,-1.5988267696632576e-06,0.0004894180496897787,-1.6787889972490255e-05,-0.00020393503055374262,2.846360555369602e-06,-0.053107441180149435,0.0578813464267034
RNA5SP258,-0.20964121271705544,0.17891335309406647,-0.04259260794221696,0.010815317492118677,-6.607522229837134e-06,-0.029441689373765893,2.496995304980402e-07,0.0044005152328162635,0.05262939712224721,-1.854459135242368e-06,-1.7706432798946568e-06,-8.028784530826785e-07,4.923841411992886e-06,-1.6956709970810203e-07,-2.178481771066391e-05,0.005950658639201513
INTS9,-0.20058274655162447,0.17660643317008434,-0.03690438761388549,0.006829042966268358,-5.17768484825356e-07,-0.015527785404855571,-2.8920289606228603e-07,0.003684135026058762,0.06386000557124083,4.589720057739186e-07,0.002170831342771811,-2.142770193324256e-06,-3.0476084276955715e-05,-2.2428446094395297e-07,-0.07849632569697627,0.08700049418426395
CLU,-0.20514389216171172,0.17807739980816314,-0.040009223173698504,0.009901524709729227,-1.6422858501348752e-05,-0.02158790013413742,1.3893995395932115e-07,0.005764962815717371,0.06141124587568333,-2.686278558999125e-06,5.053970007901532e-05,-2.4584406633388147e-06,-7.938750653023004e-05,2.9146417171557067e-06,-0.04482209681039431,0.048974269174077496
GNRH1,-0.20946366282605972,0.17943429587518023,-0.042609920261339106,0.011206265940849837,-3.5268809773612765e-06,-0.02832268401172912,3.2979543143512823e-08,0.004265417414151838,0.05170858548712528,-5.957961439085527e-06,1.072621330537445e-06,2.408175485417638e-07,1.7878015574737488e-05,-3.365513296606327e-07,0.00011718537800912011,0.0015572757526059208
FZD3,-0.20124328158627242,0.17700699501076106,-0.037359451076096305,0.007539295452455236,6.863760898219342e-07,-0.01694053264495007,5.804346007209333e-07,0.0039725218027154814,0.06515722202127248,2.393468060230769e-07,0.0014545774234352219,-7.110155510798618e-07,-2.1457645277309167e-05,-1.177995993524922e-06,-0.07648721732061803,0.08015142465130067
snoU13|ENSG00000238624.1,-0.20455752464594096,0.17797690703521757,-0.04025337845696899,0.009981167375322682,-6.828890418384421e-06,-0.01983820903683557,5.967306284501359e-08,0.0051713964084705855,0.062368760766300636,-2.378454563866411e-06,0.0004996874053083263,-1.787502897511368e-05,-0.00021431524959686057,2.0700286179732273e-06,-0.05305985086315912,0.05793316771554055
SCARA3,-0.2047429289222205,0.17787373394683867,-0.04023059946097883,0.009905225461395628,-1.3488392772463828e-05,-0.02036886905518686,-2.8990093650345733e-08,0.005465852176613748,0.06169715589561742,-1.0106212058831684e-05,0.0014127783176731388,-7.881268349569516e-06,-0.00020450757422809448,5.270371386174701e-06,-0.05046864747207288,0.054082072872990536
KCTD9,-0.2094897839686513,0.17944704088065547,-0.04256361333226736,0.01117878028151089,-3.3142699419992743e-06,-0.02839892561224344,3.6269120418835343e-08,0.0042708055788733944,0.05172577177139201,-6.268389681115004e-06,9.817199390459478e-07,2.5241288650503647e-07,1.6307702674062926e-05,-5.280936997070505e-07,0.00012403854493904808,0.001612411736591303
XXYLT1,0.21441622494560075,0.12757660523358152,-0.1259799436940363,-0.008105779966532877,0.005752954532414705,-0.010385858931099836,8.658697981415721e-08,-0.002175585970885046,-9.304093936838626e-07,-4.787514794499763e-08,-0.06158341241296405,-2.033588728643706e-06,3.410167812751802e-05,-1.7534518618955552e-07,4.847229822574959e-06,-1.1032155138171046e-05
PNMA2,-0.20869958566191665,0.17828026949889464,-0.04088307028389574,0.011216194012320236,-1.1016275704420298e-05,-0.026082715092573053,-2.2253952137134392e-08,0.004976883860506586,0.05444959069915828,-2.4277037461287044e-06,-1.1035790771677476e-05,-2.910914301934684e-06,7.2667462118254965e-06,-2.3876750062436653e-06,-0.014541955544990232,0.021392844562349037
MIR548H4,-0.20767804061818174,0.17763249067477346,-0.03979112734192813,0.010409705082946646,-2.947514098747327e-06,-0.02532570239485496,-6.527827926334908e-08,0.005381300817644723,0.05857595588834729,-9.891542420417014e-07,-8.853233374435494e-06,-6.73036642066113e-07,3.550227521601421e-07,-1.617706427857506e-07,-0.030407761662334727,0.03737892989388988
TRIM35,-0.20617697871334098,0.17743164377688325,-0.039742378735505346,0.00989967101755402,-3.989248705278928e-06,-0.02203574180543416,-5.7420627944924934e-08,0.00615911172146166,0.06059065028685541,-2.8409488433796487e-06,-3.581636168727647e-05,-1.118581037821513e-06,-1.804914941935841e-05,-6.563667334362953e-07,-0.03627106328418499,0.04290913992515663
FGF12,0.21316539405987706,0.12757902635892862,-0.12691465649843692,-0.007677147439120554,0.004890443993927009,-0.011491602271386944,1.942349784225432e-07,-0.0008997431910240466,-1.1660017188116162e-05,1.9334934773625365e-07,-0.04514318094168695,2.494219879728149e-06,4.802943166551444e-05,6.465883035962808e-06,-6.0224611400782654e-05,-0.0006545478309081296
ELP3,-0.2046659082758072,0.17833857429314637,-0.03966125036584099,0.009764199028479843,-4.7221240523995057e-07,-0.019965072444901394,-2.733303731334465e-07,0.004461595251675567,0.06153726594148147,1.0755775059656908e-06,0.001876969836701473,-2.32858934439727e-06,-4.184985166857958e-06,-5.0079805267318e-07,-0.0616653434138107,0.06606621043120706
MIR4288,-0.20191085891622298,0.17740186458056934,-0.03780106653637064,0.007310489180776995,6.03523128103978e-07,-0.018036186421013768,1.1826632042879356e-06,0.003731041648976453,0.0643895757789744,4.7389514786089946e-07,0.0017904888851511043,-7.425944694737666e-07,-2.389430133295521e-06,1.1730193501367953e-07,-0.07483915711453995,0.07799097924136508
TPRG1,0.21694971840123348,0.1287492339093125,-0.1260041134730484,-0.008159708571029718,0.0017248812153012705,-0.010391794158336668,2.309532582540955e-06,-1.716353481466654e-05,4.018335349292542e-06,3.1113963242401993e-06,-0.02040852207133204,-1.7585607006624315e-05,4.2105089811086097e-05,-2.861133536026265e-05,-0.00033221793659615946,-0.0008607578396498271
PURG,-0.1895670882334188,0.17270384282929976,-0.032052231317505245,0.005990133624241313,8.92408426404556e-07,0.008293661932445039,-8.534044754033603e-07,0.0005356618047228835,0.0626518481677973,5.032533141119781e-07,0.005117607575916816,2.187332181809556e-05,-0.006678098331718561,-4.72874832418631e-06,-0.09660519588807073,0.10135324289949021
TEX15,-0.1901505429809633,0.17202058330718026,-0.031638608277437814,0.005729772405451037,2.4756340091023958e-06,0.006607950322646732,-1.5457941336194082e-07,0.0002551603846496063,0.06345113284968464,5.1160866647749444e-06,0.0053468654325286155,2.513524538240211e-05,-0.0006162091265565925,-1.5005619826532095e-05,-0.09508707023707309,0.10138610136566445
TMEM66,-0.19400229499168684,0.17362491279688383,-0.03409102226791776,0.007507579800733134,1.5032208471916835e-06,-0.0012481673840664723,-3.9851368814900567e-07,0.00457944619558177,0.06419251129940341,1.6018573840482411e-06,0.003732282004334684,0.000253392946123089,-0.009341481393262427,-1.8836468440294936e-06,-0.10024256492738867,0.10463762214430661
STMN4,-0.20682139654009793,0.1775516188238095,-0.03951257331523369,0.01064591154121869,-3.59066071714792e-06,-0.023281499117599715,-1.5625819156958103e-07,0.00569668245068457,0.05937902769769307,-5.8054347681298775e-06,-2.012749309516697e-05,-1.3069898791480644e-07,-1.6588983685275282e-05,-1.6249806474350223e-07,-0.03403719393555128,0.04084182319280121
RNA5SP259,-0.2021337661902975,0.17707739827748545,-0.03760280659974182,0.007378805535262572,2.188497510235005e-06,-0.01682451836011546,5.42827647133022e-07,0.0035722401020320234,0.06466751557862888,-5.439276661526148e-07,0.0017397195065167771,-6.995115018392635e-07,-8.375241907978843e-06,-4.0725094598273677e-07,-0.07560299942396827,0.07984134640966294
GTF2E2,-0.19226296586665864,0.17378869672877095,-0.0331389124310763,0.00731432936776892,7.455747041937859e-06,0.0007328681248972501,-1.0647154264399025e-07,0.0016249774521951907,0.06266666374739813,6.003372786393049e-06,0.004761704512721917,4.3078627042029037e-07,-0.00860418823175927,-4.345016598371488e-06,-0.09739873062780653,0.10341941237828792
EIF2B5,0.22204187176048187,0.12855350665955936,-0.1279036703789766,-0.0051466815903937115,-3.8571271123085075e-07,-0.006171547953099255,-2.620462197031688e-08,0.001502403101860804,4.077708701366569e-06,-2.6948735773152112e-05,0.027973349597880042,8.772675868929901e-07,-2.670757447008389e-05,1.4421779423459115e-06,4.79189142983082e-05,-1.6530125548681886e-05
PNOC,-0.20385492098184257,0.17758915023532854,-0.038537894097662936,0.008218773923040875,1.6930869028097873e-06,-0.01913746883912187,-1.2876485536538156e-07,0.0047497094363883954,0.061896590526207884,1.8658520451984317e-06,0.0020052851183025478,-7.678187768761515e-07,-3.965599016405438e-05,1.3385897571219418e-06,-0.06736248227617335,0.07172367429818767
ZNF395,-0.20369001382387894,0.1777388779455659,-0.03867206201406423,0.008347238563161658,9.244839439963531e-07,-0.01944254814549141,-6.260014588033884e-08,0.004798567150160026,0.06248609018051769,1.0380300553151538e-06,0.0016222580608295394,-7.983442666835532e-07,-1.6693300568486614e-06,1.3214741820455673e-06,-0.06904112554234637,0.07360809474079785
PPP2CB,-0.19151044868009856,0.17334351409337984,-0.033271886377037645,0.006416744275062288,4.265987551850279e-06,0.003874342722783995,-8.465799266778299e-07,0.00021614123907124234,0.06224519063543839,1.1993896000632615e-05,0.00529808139575716,4.967968203052537e-06,-0.007312745336370025,-3.518322921748765e-06,-0.09458049404827212,0.09924512443456887
TP63,0.2172781937473356,0.12911042409741919,-0.12697255787991438,-0.007613175050172827,0.004636842170335212,-0.009572091715645662,4.900896934247416e-07,3.912792907421282e-05,-1.2269986137031145e-05,0.00010279607963878452,-0.021106835806755972,-1.9428438030677597e-06,2.6524824863636395e-06,4.1633595391525385e-07,-0.00017130345285618645,-0.00015081257869866907
DCTN6,-0.19334644371044976,0.17342435086466104,-0.03448802815129259,0.006907897274204447,2.025592556869778e-05,-1.911550156180575e-05,-8.631564934573548e-07,0.003942973401976689,0.06356125208531356,1.1974638767021425e-06,0.0039685376150084195,2.9086133207441333e-05,-0.011720508452860516,-1.238602823085733e-06,-0.1007688295045623,0.10553767351036346
RNA5SP260,-0.20070880981774655,0.1753331337789995,-0.0362633199871577,0.007639519513965758,-1.5365297683839543e-06,-0.013190472979768924,2.3155568230016666e-07,0.0033952979696638217,0.06527070175074136,-3.593164247865394e-08,0.0015044725868053523,-5.361199315155675e-07,-1.4646105159058644e-05,-5.854233902553447e-07,-0.08534490413068276,0.0931671794951512
UBXN8,-0.19199670708697186,0.1731088936282664,-0.03368001535654175,0.007154909181442754,4.2808212557586945e-06,0.003909516640591564,-7.725819141847247e-07,0.001465214317092066,0.06175933434191456,1.5006984314522974e-05,0.005202404081651407,2.53793845100344e-06,-0.00832645876290946,-1.4356576695367978e-06,-0.09634262642283666,0.10109336996422238
HES1,0.21502066267056383,0.12839073024185807,-0.12640383205303365,-0.007056951224964262,0.004503055280585527,-0.011059787279278845,1.1018943407267599e-07,-0.0010680904301813424,-1.0887258202829432e-06,1.2215688166232808e-06,-0.05306004354806161,0.00011197298842933327,3.582642433740741e-06,-1.8838242165488981e-06,4.8804769476969605e-05,-5.918772075409443e-05
RN7SL215P,0.21502066267056386,0.1283907302418581,-0.12640383205303365,-0.007056951224964263,0.004503055280585523,-0.011059787279278834,1.1018943407267611e-07,-0.001068090430181357,-1.0887258202829307e-06,1.2215688166232736e-06,-0.05306004354806159,0.0001119729884293363,3.5826424337398357e-06,-1.8838242165488761e-06,4.8804769476968765e-05,-5.9187720754096096e-05
RN7SL781P,-0.1992657863776392,0.175781600701552,-0.03633600045892082,0.008569575624402527,-4.6623739874718204e-06,-0.012150091237206905,-2.3324512302529332e-07,0.0036518384699413538,0.06542165902031338,4.837991792713177e-08,0.002207746488741853,7.869581376152579e-07,-0.00034612048538267855,2.9185504980303963e-06,-0.08329868537268591,0.09518980446500029
SMIM18,-0.19263928738661731,0.17374636102138094,-0.033719971435966625,0.007348601179337394,4.808869903534632e-06,0.00019321867683281502,1.5666917577018743e-08,0.0018429336352925728,0.06282175364050022,1.163321898856138e-05,0.004825271397596263,8.978619791122125e-07,-0.00813738148587112,-2.0494272855246122e-05,-0.09757788555673437,0.1033519918700913
GSR,-0.1925492806536236,0.17330388867659868,-0.033482260085688255,0.007599126373817586,4.96844521132021e-06,0.0011588261689901202,-3.0370488522788276e-07,0.0008189766694185252,0.061972852246295944,1.0458135156178476e-05,0.0052595721090901775,1.009670199100253e-06,-0.008996449022586938,-8.12983693396304e-06,-0.09701956710454535,0.10327872608758584
RN7SL36P,0.21452553036356656,0.12798882371820858,-0.12669090033562977,-0.008339929455558035,0.005680369406914756,-0.009885109930822004,-1.293517428900127e-08,-0.002142777280143622,-3.4652409997281786e-06,3.102238373256226e-07,-0.06105172882742155,-1.2567539544216905e-06,7.469019073716825e-05,-8.105112016878832e-07,5.057170464831545e-06,-4.156859116769425e-05
MIR3137,0.2145785953057394,0.1278599515882904,-0.12648264206696583,-0.008348231589662901,0.005578209640711729,-0.010001943243099028,5.5920267815861655e-08,-0.0021426214990203753,-3.3771547240752683e-06,3.7845989592323463e-07,-0.06097978790049939,-1.1677063530565497e-06,5.6947588844997755e-05,-5.724919916862649e-07,8.508294604024141e-06,-7.016342244626535e-05
TUBBP1,-0.19374091817510114,0.17415664764974628,-0.033489170494427116,0.007429347671120764,1.5241770080653349e-05,6.715218299324836e-06,-1.0869009901453914e-06,0.004422052068116503,0.06320248248845112,1.2321365661860243e-05,0.005106771062066127,2.7298651836840574e-07,-0.010867453455487938,-3.1844867418503227e-06,-0.09981951637724926,0.10468393432308752
TMEM44,0.21418921899879936,0.12762639669158354,-0.1260955749488744,-0.007097860099454436,0.005975909730406843,-0.010345173009985572,-5.182583814516057e-07,-0.0011078231650797448,2.773978500862138e-06,1.2560489201646805e-06,-0.05774473365216684,7.378116204901948e-06,-8.823805954146437e-06,1.061705829975521e-06,-3.0217881818900586e-06,-2.4779546868748468e-05
OPA1,0.2154073941616596,0.1289566493837612,-0.12668403331057004,-0.007130636737659677,0.004721952208438237,-0.010860000544804665,6.630517194493795e-07,-0.002838358788350411,-2.6626207060695154e-05,2.076227702017303e-06,-0.04814166747987622,-7.842499650754876e-07,3.1408391328909694e-05,-2.557308742368038e-06,6.584849650487435e-05,-3.447832744438875e-05
ATP13A3,0.21459065874441946,0.12797755756312817,-0.1259238474210719,-0.0072168490960699515,0.0053905074587171945,-0.010269721116299623,-7.741544577509666e-08,-0.0013864499274788753,4.284798428677881e-06,2.1991672871861686e-06,-0.05691086017476834,4.390340451635582e-06,5.378306650880274e-06,2.6668529423559984e-08,1.810651457435275e-06,-6.699482595630784e-05
MBOAT4,-0.19447697478752815,0.17411851948400184,-0.034417558002271115,0.0066980411371641395,7.510942585980047e-06,-0.00024960401689398665,-7.580154346238145e-07,0.0046059326432104485,0.06452245542588089,6.831365230984903e-07,0.0041909709852623895,1.1425443284529982e-05,-0.010357700995967407,-8.025351543390242e-06,-0.10022733757103912,0.10446627177868092
KCNMB2,0.2196412362836118,0.12586284192719888,-0.1201481971281591,-0.00018596538103759317,3.172924631610448e-06,-0.004922566211542457,-8.812562469272529e-07,5.0961206723682506e-05,1.7374984765087726e-05,6.619245903864229e-06,0.03480474202835296,-1.3033638772728224e-06,4.266848382970528e-06,6.437433021614208e-06,-1.1861755945515099e-05,-4.15841205706428e-05
LINC00578,0.2188450690963128,0.1265914456002965,-0.11908540339425416,-7.959394828360361e-05,1.5196543089162473e-05,-0.003558375771221268,-9.548373288009255e-08,0.00030350032775018117,9.66659175520626e-05,1.4572401734738863e-05,0.035302906915586275,-5.699585757222779e-07,-2.2814848935069295e-05,8.426434633615994e-06,2.152514979102208e-05,-0.0009314898260812034
ATP13A4,0.215721489531958,0.1288324961213729,-0.1271633479864406,-0.007745031308216522,0.004112076723330496,-0.010784525776508453,2.5718174018902587e-06,-0.002663538916495371,-1.781957675783793e-05,6.859604842083805e-07,-0.047799986230534594,-1.6616405100566473e-06,1.721309576406439e-05,-1.0604162371906035e-05,2.127689600768973e-06,-3.382396093681419e-05
RN7SL447P,0.21573523027431274,0.1284057786877827,-0.1266550793734738,-0.006711596392761559,0.0051194646746881445,-0.010564617968953796,2.31104901333004e-07,-0.002666886553621671,-3.1810920165088324e-06,3.985184704230957e-06,-0.048566453768103576,-4.026811402478513e-07,1.5705096352391597e-05,-1.5633166441093445e-06,8.649280628461237e-06,-1.7017580646466607e-05
LINC00887,0.21463720014404933,0.12813782110345162,-0.12653584455666797,-0.0070039231263314865,0.0048805057056513414,-0.010454345879042757,-8.567780849971173e-09,-0.0010779753219332402,-4.600906157801315e-06,2.2097118906551727e-06,-0.05490802373625342,0.00019595849193630637,2.9881549341916516e-06,-4.5678030869172506e-07,5.353401765153062e-06,-2.467934610453945e-05
MCF2L2,0.22265013912098744,0.12898147039191,-0.12804304420541035,-0.005462867985380073,-2.2542174233703844e-06,-0.005586499288761003,-4.1636291615298255e-06,0.0016401152430622766,3.043284389707633e-06,-4.078739829307558e-06,0.030412743108023717,8.282784169830215e-07,-2.4090852871804828e-05,3.9973750151955084e-07,0.0026772620240338193,1.4368817825529464e-05
CPN2,0.21458961651644393,0.1280596797207757,-0.12686071204805388,-0.006997384799210202,0.005005452705496998,-0.010334551921237082,-5.843003166012829e-08,-0.0013442788722181436,3.876558544813723e-06,1.077230424236099e-06,-0.05531425118779832,0.0002625801300378949,4.161859067729137e-06,1.3911494867790965e-07,1.2835343045507974e-06,-0.000174070248515811
LSG1,0.21444076223763178,0.12790864785151942,-0.1263013567844146,-0.006985699221966501,0.005936107438767886,-0.0100202190365856,-6.105725211685156e-07,-0.0013153623026294213,1.6681308254059904e-06,4.422233622845893e-07,-0.05792184738744885,1.2786205181590583e-08,-2.507066223224175e-06,2.2942088873070902e-06,-2.6418968924692933e-06,-1.3276708985544311e-05
LINC00884,0.21436541436047427,0.12791780262436023,-0.12564107865354399,-0.007532793916547813,0.005599989166959255,-0.00988310839234719,-3.246109350095708e-07,-0.0006383602629943016,5.9491457675196065e-06,1.7801559182123772e-07,-0.05754259654628976,6.937827513706565e-06,2.491490081647159e-06,2.9237514765267616e-07,3.1030926798660486e-06,-1.6787860791199977e-05
LRRC15,0.21466957844081158,0.12782458244687853,-0.12683121517235318,-0.00699014733015821,0.004835709254962011,-0.010407838244992633,-1.2340820986113047e-07,-0.0013811090467687383,3.8894923098362084e-06,4.2714019350572966e-07,-0.05533424783950257,0.00023981902445930841,3.6935060658594858e-06,-6.077632417788934e-08,1.5828926522283198e-06,-0.00021378128872954913
GP5,0.21479234049377208,0.1279834353832049,-0.12681316009205507,-0.007070834736002462,0.004913285529681343,-0.010378921008681761,-7.049160036041151e-08,-0.001364903984251362,3.620768469312768e-06,4.4411935818730067e-07,-0.055493551495129585,0.0002597750578423324,3.3505039045719854e-06,-1.1703255440891051e-07,2.7160033575675126e-06,-0.00012290547190390886
TBL1XR1,0.21809439227389188,0.1272111718659154,-0.12021808312583,-0.0006279467146601633,4.864484276496752e-06,-0.003953302168920883,-4.6077117163948445e-08,4.228485047993673e-05,0.00025361546909409436,4.281129765615569e-06,0.03419182112480321,-1.6129825004232474e-06,-3.970736290917127e-06,9.998805043468203e-07,9.798080749366707e-05,-0.0014294506345477278
LEPREL1,0.21762189349750943,0.1295565801879982,-0.12721802427027215,-0.0075595818365264186,0.005192896562542975,-0.009929872559879817,6.384906832629732e-07,1.0706083146881702e-05,-8.032008479148146e-06,2.997765130177741e-06,-0.02254895037999678,-3.7056894483481285e-07,1.9316107484779923e-05,2.8233321457494016e-07,-0.0002186596298804265,-0.00021744889969695287
ATP11B,0.22280812873434253,0.12862658226505172,-0.12750798293788113,-0.005247435992386641,-1.0204788437783026e-06,-0.006060990120883424,-1.5641820636956991e-06,0.003134401700342505,1.6006020141457657e-05,-6.29540825306498e-06,0.029571085626022217,-3.270864775968822e-07,-7.625343712516438e-05,6.244897220893599e-07,4.659221769743915e-05,-1.8104601798794897e-05
SNORD39|ENSG00000264379.1,-0.03375594468081758,-0.0005104258684083501,2.8060924278329412e-05,1.4891335492638789e-05,0.27698000705566556,-2.6564141600006248e-05,-1.4948749933589603e-07,3.4943299379984495e-05,-1.3516327436946901e-05,-8.792915964382086e-05,3.29121793491742e-05,0.21761026430297925,7.951203381103946e-06,2.5242257581764435e-07,-2.5123639064203808e-05,9.983889204062737e-05
PEX5L,0.22205961361659546,0.12741980934287012,-0.12363798797190824,-0.0023132957476087643,1.4951528493520913e-07,-0.005583538268697065,-1.524119607638742e-07,0.0018950409268591688,7.789431995815712e-05,-1.6224229701837382e-06,0.03333665213858361,1.253826125165527e-06,-3.09804865669488e-05,-1.216995651702175e-06,-3.2703608330840585e-05,-9.031263387151508e-05
FAM43A,0.2147193952700254,0.12801587866704162,-0.12625340406966462,-0.007343781472610682,0.006099299036058007,-0.010204326242506459,-6.599004739912711e-07,-0.0005968684657097625,1.318030330316698e-06,8.054466011194909e-07,-0.05825625956855837,-1.66915568854656e-07,-2.363057724725707e-06,1.8724650873269492e-06,-1.0637766271051444e-06,-1.538742726690047e-05
DCUN1D1,0.22301770874856283,0.1288444237845051,-0.1279859300657576,-0.005169387830591737,-6.345944472135027e-07,-0.0061913064416665164,-7.10750822149171e-06,0.002841134700140693,5.917837287317175e-05,-1.3182154182880905e-05,0.028723180190849042,-3.2578356583995544e-08,-7.393310562978644e-06,6.772533188001954e-07,8.521965324570129e-05,-8.525181512633251e-06
MCCC1,0.2231426643192255,0.12861908029800684,-0.12800664134102258,-0.005614173488010329,-1.0221173021901666e-05,-0.005933525467134866,-2.0989764596458235e-05,0.002725596657509511,4.446325198367025e-05,-0.00020762324238449056,0.02984648618645794,2.2095338088455354e-06,-1.2966294120276929e-05,7.376121003079692e-08,0.0007818810005683506,-1.166815251050921e-06
PIK3CA,0.22054373913433287,0.1264455262318328,-0.12190085681578414,-0.0005037762029651241,-6.82275371472182e-07,-0.003173454196200104,-6.786858912558239e-07,3.706061574445147e-05,2.398137525718235e-05,1.9357467551970244e-06,0.03402302896222976,6.065718740344139e-07,-5.2295841395949e-05,7.2489060553803015e-06,-2.7119396117414376e-06,-0.00020093741662000506
MIR4789,0.21775190170122416,0.1251176051594845,-0.11995989958051805,-0.0027484364017358507,2.08335322738997e-06,-0.000657099145164439,-1.7161957081773097e-06,8.170989576234051e-06,0.0001728035588201568,-1.9561930374444096e-05,0.03229595944387521,2.71353070550111e-07,-6.240303838675214e-06,1.5979502688602465e-06,-2.52398086002956e-05,-1.3909092230179903e-06
snoU13|ENSG00000271842.1,0.21775190170122416,0.1251176051594845,-0.11995989958051805,-0.0027484364017358507,2.08335322738997e-06,-0.000657099145164439,-1.7161957081773097e-06,8.170989576234051e-06,0.0001728035588201568,-1.9561930374444096e-05,0.03229595944387521,2.71353070550111e-07,-6.240303838675214e-06,1.5979502688602465e-06,-2.52398086002956e-05,-1.3909092230179903e-06
ZMAT3,0.2209473246213336,0.12696763927081922,-0.12166382618717368,-0.0009537039173213698,1.2768107776686118e-06,-0.004698176917462045,-1.3026395880077565e-07,8.784613403566192e-05,5.239899355668407e-05,7.495315663138572e-07,0.033940425952255215,7.620880630723458e-07,-3.025939322251435e-05,8.925474946497656e-06,-5.52595764664592e-05,-0.0003442598473721526
FNDC3B,0.21313901183985645,0.12324814698993851,-0.1136808441891224,3.483532548371063e-05,1.1729921527128647e-05,-0.002838598562905539,-4.1246853357516286e-07,0.004180267303632082,8.158624337628607e-05,0.000306964849246925,0.037246248358576046,-3.7995963895594786e-07,5.324681129344026e-05,4.432202826863758e-06,1.8406275633725733e-05,-0.00011690704511612995
B3GNT5,0.22309032886015237,0.12943379719637382,-0.12861453270554923,-0.005450709711706395,-4.5366295956488795e-06,-0.005550985064110138,-5.339558570787128e-06,0.0013497442625797047,6.808265754610348e-05,-4.619345892146026e-06,0.029048350094501126,1.0438418859906682e-06,-3.729434222057843e-05,4.6159566309199106e-07,0.0008270417698151401,7.947869490739057e-07
RN7SL703P,0.22187742937901156,0.1292264773611773,-0.12755631213435933,-0.004959542527338234,-7.535816279945236e-07,-0.006703400476899992,-6.071305473695997e-07,0.00014078575690315264,0.0009213505353132754,-1.1569407157696293e-05,0.028710614846223753,1.8903926947585594e-07,-1.830536890414101e-05,-2.0791373323399843e-08,8.762111095870388e-06,-3.821362972340013e-05
RNA5SP150,0.22187742937901156,0.1292264773611773,-0.12755631213435933,-0.004959542527338234,-7.535816279945236e-07,-0.006703400476899992,-6.071305473695997e-07,0.00014078575690315264,0.0009213505353132754,-1.1569407157696293e-05,0.028710614846223753,1.8903926947585594e-07,-1.830536890414101e-05,-2.0791373323399843e-08,8.762111095870388e-06,-3.821362972340013e-05
FXR1,0.22135193122145388,0.12833528572395406,-0.12521708962168518,-0.0051629931286525915,5.662020246071303e-08,-0.006343960793594702,1.0928583644843054e-07,0.00034744615153597946,4.3736060297878394e-05,-0.001206099098075812,0.03189032362039343,6.59651223753834e-07,2.3323122158059786e-06,1.3169741979333229e-06,3.933056616235838e-06,-3.9131884362843714e-05
NLGN1,0.21523695355834357,0.1246989183671715,-0.11654594900168229,-0.00041869862278987095,1.1381584410007143e-05,-0.0006807497407668152,-5.014864863335991e-07,0.004510941111247343,5.879720814081674e-05,-2.2501029785715476e-06,0.0341311531359103,-4.368754550759796e-07,3.903191289047529e-05,2.897813365944013e-06,-3.5413516237871964e-05,-0.0026448836404501857
LINC00501,0.21884625402369612,0.1276518587889078,-0.12006612061259103,-0.0015988162869144762,2.2912856029181427e-06,-0.002106667212435116,-2.4168608814729123e-07,0.00014122922586026022,0.00018898531434339313,2.8092936198444493e-06,0.035402785425912395,5.683409586514279e-07,-6.898422502340724e-06,1.1967059894530903e-06,0.00020575524532274412,-0.0008797267327391085
MIR944,0.2176929053202937,0.12953319202397726,-0.12780268065056102,-0.007881078922822875,0.005522284902264264,-0.010308072788182448,1.1155532440143553e-06,9.106684963730411e-05,-7.273877620807779e-06,1.3792126144597697e-05,-0.02204966346404019,-1.526201146032115e-07,9.248037492789362e-06,-8.867053339162642e-07,-0.00028000554743987495,-0.00016135570165145462
MIR28,0.21530974806652947,0.1284837964402649,-0.12713881002607882,-0.007338768582077714,0.0008152756378639165,-0.010506659652503582,1.100004242007878e-05,1.7811412167742054e-05,-1.4385481191076927e-05,-1.201387301837255e-05,-0.017648744868708845,6.21002444836243e-07,2.5220237185623104e-05,-8.011946829197845e-06,1.1362309533219962e-05,-0.00033763115665318323
SOX2,0.22222343049032567,0.1293431196023809,-0.12739529673332659,-0.0053615967399668,-1.1078365174800136e-06,-0.006768656604797437,-8.759963174075077e-07,3.5195522246527054e-05,0.0006973244361704793,-8.581389256815243e-05,0.028790652904401397,1.5587638222174207e-06,-2.330790684023024e-05,-2.47445102444851e-07,8.809289106935327e-06,-4.689421722518609e-05
LAMP3,0.22302637134928874,0.12897084514845572,-0.12870002399525315,-0.006117356913076238,-4.935683802942058e-06,-0.005856843098881553,-1.5318525466056217e-05,0.0013730549537920506,3.237834959799699e-05,-1.31306081552867e-05,0.029168159955513553,7.38692611611917e-07,-0.0006726328100676577,-8.877545368157446e-08,0.002704171719017987,1.1843296720577497e-05
MB21D2,0.21539427626934246,0.12852735974717283,-0.12785309694746871,-0.007232556689594436,0.00449780341054263,-0.011187383217503703,1.8971982351386757e-07,-0.0034710795712517193,-1.5956608812061235e-05,1.9612281763454847e-07,-0.04522398308870499,-2.8566645075013564e-07,2.2323181351163497e-05,-6.3189651221264e-07,-0.0008833259903990584,-0.00016305943766553254
RNA5SP151,0.22303394769560098,0.1294704104439137,-0.12861967534567942,-0.005360984877872281,-2.911257519866347e-06,-0.005495047589467053,-2.9298759953979674e-06,0.0018327670178467776,7.439001102953857e-05,-7.820221217817547e-06,0.02920942009825022,1.55483963706155e-06,-4.1430435871335296e-05,1.276179574203781e-07,0.0007571336568264434,5.777686986380465e-09
ATP13A5,0.21609360980855916,0.12879971613272864,-0.12792319369735272,-0.00809198408063602,0.004496290576666687,-0.01105698024770094,4.6594566753667575e-07,-0.002833356903037626,-8.28182628268862e-06,-1.0550395029258949e-06,-0.04669817867769404,-3.869463162755174e-07,3.20634452416127e-05,-2.9932002107046184e-06,-0.00011885711162714008,-9.07126892051634e-05
AP2M1,0.22269363288475225,0.12973893966457856,-0.12888303078805063,-0.005520196696205412,-3.0189554195273154e-08,-0.005808968499032793,-2.74142157138759e-07,0.0032341933150658417,1.2531020044871468e-05,-4.535031689336558e-05,0.0295748878227401,-9.313747907417855e-08,-4.375089039287694e-06,1.9995200068623065e-08,0.0005528630475998671,1.0684052505237852e-05
RN7SKP265,0.22222788253651748,0.12927351429642292,-0.12749035696568398,-0.004978872399435911,-9.865687784200917e-07,-0.00630631074026548,-7.658024313743885e-07,0.000639555561179042,0.00027057817289892857,-0.00020357494570353028,0.028868886960987543,1.1119152987928083e-07,-4.5368482275743324e-06,-2.272254884552187e-07,3.544490011741313e-06,-0.00012179841012437473
GNB4,0.22137048493734574,0.12700007872337649,-0.12300992855186454,-0.0013496041200923748,3.1867667267512042e-06,-0.0051504711341217434,-3.2861116557088736e-07,5.2144977979962754e-05,2.5148826795052646e-05,-5.836932766497465e-07,0.03239442081598309,1.2030866420909468e-06,-0.0001827033093361182,1.3023811195180613e-06,-1.5846386647853786e-05,-0.0002351859805551943
RN7SKP52,0.2196911606934845,0.12712131761435302,-0.12035667542155709,-0.000370898025426732,3.948467614245457e-06,-0.0033412883475416005,-1.6424250724919226e-07,0.00022570198756393316,0.0005410126917405032,5.375748968704171e-06,0.03516347426926568,1.5360720185477298e-06,-1.2613335850430707e-05,1.985381443235489e-06,5.1430731161220775e-05,-0.0014913663642180245
MFN1,0.22139105921464627,0.1267699197634954,-0.1227716423645066,-0.0007594406764540611,6.386148365692163e-07,-0.004969901998166437,-1.0484141284022953e-07,6.163597413748911e-05,2.196984331262324e-05,-1.388393831708421e-06,0.032415274729282795,1.1055893394390837e-06,-0.0002471145407574163,9.820778181104079e-07,-7.933026498049677e-06,-0.00018158161359128804
KCNMB3,0.22134826318338724,0.12666305336842737,-0.1222543463516682,-0.0020017651858601085,1.0535630596224368e-06,-0.004006530656609131,-2.5804547081772533e-07,4.5903911232636945e-05,0.00011698678361665933,2.2343068851507527e-07,0.03314313468352296,1.9709298139226854e-06,-3.0818597064753604e-05,4.315890317853384e-06,-2.5147081761491286e-05,-0.0011144382563442314
ABCC5,0.22272614083663317,0.12981900455564813,-0.12896499337034542,-0.005597272016781627,-1.3041374111684437e-08,-0.005884842495107226,-2.713856592990132e-07,0.003226612039688115,1.092758753825414e-05,-4.632642812089557e-05,0.029409591748292836,-9.465083220559041e-08,-7.303970269815197e-06,-3.0342271037004856e-08,0.0005982340763858909,9.44594586487499e-06
CYP2AB1P,0.22272614083663317,0.12981900455564813,-0.12896499337034542,-0.005597272016781627,-1.3041374111684437e-08,-0.005884842495107226,-2.713856592990132e-07,0.003226612039688115,1.092758753825414e-05,-4.632642812089557e-05,0.029409591748292836,-9.465083220559041e-08,-7.303970269815197e-06,-3.0342271037004856e-08,0.0005982340763858909,9.44594586487499e-06
DVL3,0.22272614083663317,0.12981900455564813,-0.12896499337034542,-0.005597272016781627,-1.3041374111684437e-08,-0.005884842495107226,-2.713856592990132e-07,0.003226612039688115,1.092758753825414e-05,-4.632642812089557e-05,0.029409591748292836,-9.465083220559041e-08,-7.303970269815197e-06,-3.0342271037004856e-08,0.0005982340763858909,9.44594586487499e-06
HTR3C,0.22272614083663317,0.12981900455564813,-0.12896499337034542,-0.005597272016781627,-1.3041374111684437e-08,-0.005884842495107226,-2.713856592990132e-07,0.003226612039688115,1.092758753825414e-05,-4.632642812089557e-05,0.029409591748292836,-9.465083220559041e-08,-7.303970269815197e-06,-3.0342271037004856e-08,0.0005982340763858909,9.44594586487499e-06
HTR3D,0.22272614083663317,0.12981900455564813,-0.12896499337034542,-0.005597272016781627,-1.3041374111684437e-08,-0.005884842495107226,-2.713856592990132e-07,0.003226612039688115,1.092758753825414e-05,-4.632642812089557e-05,0.029409591748292836,-9.465083220559041e-08,-7.303970269815197e-06,-3.0342271037004856e-08,0.0005982340763858909,9.44594586487499e-06
HTR3E,0.22272614083663317,0.12981900455564813,-0.12896499337034542,-0.005597272016781627,-1.3041374111684437e-08,-0.005884842495107226,-2.713856592990132e-07,0.003226612039688115,1.092758753825414e-05,-4.632642812089557e-05,0.029409591748292836,-9.465083220559041e-08,-7.303970269815197e-06,-3.0342271037004856e-08,0.0005982340763858909,9.44594586487499e-06
KLHL24,0.22272614083663317,0.12981900455564813,-0.12896499337034542,-0.005597272016781627,-1.3041374111684437e-08,-0.005884842495107226,-2.713856592990132e-07,0.003226612039688115,1.092758753825414e-05,-4.632642812089557e-05,0.029409591748292836,-9.465083220559041e-08,-7.303970269815197e-06,-3.0342271037004856e-08,0.0005982340763858909,9.44594586487499e-06
KLHL6,0.22272614083663317,0.12981900455564813,-0.12896499337034542,-0.005597272016781627,-1.3041374111684437e-08,-0.005884842495107226,-2.713856592990132e-07,0.003226612039688115,1.092758753825414e-05,-4.632642812089557e-05,0.029409591748292836,-9.465083220559041e-08,-7.303970269815197e-06,-3.0342271037004856e-08,0.0005982340763858909,9.44594586487499e-06
LINC00888,0.22272614083663317,0.12981900455564813,-0.12896499337034542,-0.005597272016781627,-1.3041374111684437e-08,-0.005884842495107226,-2.713856592990132e-07,0.003226612039688115,1.092758753825414e-05,-4.632642812089557e-05,0.029409591748292836,-9.465083220559041e-08,-7.303970269815197e-06,-3.0342271037004856e-08,0.0005982340763858909,9.44594586487499e-06
MAP6D1,0.2227261408366331,0.12981900455564815,-0.12896499337034542,-0.0055972720167816225,-1.3041374111688e-08,-0.005884842495107227,-2.713856592990112e-07,0.0032266120396881115,1.0927587538254237e-05,-4.632642812089671e-05,0.02940959174829283,-9.465083220558771e-08,-7.303970269815066e-06,-3.034227103700695e-08,0.0005982340763859008,9.445945864874663e-06
MIR4448,0.22272614083663317,0.12981900455564813,-0.12896499337034542,-0.005597272016781627,-1.3041374111684437e-08,-0.005884842495107226,-2.713856592990132e-07,0.003226612039688115,1.092758753825414e-05,-4.632642812089557e-05,0.029409591748292836,-9.465083220559041e-08,-7.303970269815197e-06,-3.0342271037004856e-08,0.0005982340763858909,9.44594586487499e-06
PARL,0.22272614083663317,0.12981900455564813,-0.12896499337034542,-0.005597272016781627,-1.3041374111684437e-08,-0.005884842495107226,-2.713856592990132e-07,0.003226612039688115,1.092758753825414e-05,-4.632642812089557e-05,0.029409591748292836,-9.465083220559041e-08,-7.303970269815197e-06,-3.0342271037004856e-08,0.0005982340763858909,9.44594586487499e-06
SNORA4|ENSG00000251730.1,0.22272614083663317,0.12981900455564813,-0.12896499337034542,-0.005597272016781627,-1.3041374111684437e-08,-0.005884842495107226,-2.713856592990132e-07,0.003226612039688115,1.092758753825414e-05,-4.632642812089557e-05,0.029409591748292836,-9.465083220559041e-08,-7.303970269815197e-06,-3.0342271037004856e-08,0.0005982340763858909,9.44594586487499e-06
SNORA63|ENSG00000199363.1,0.22272614083663317,0.12981900455564813,-0.12896499337034542,-0.005597272016781627,-1.3041374111684437e-08,-0.005884842495107226,-2.713856592990132e-07,0.003226612039688115,1.092758753825414e-05,-4.632642812089557e-05,0.029409591748292836,-9.465083220559041e-08,-7.303970269815197e-06,-3.0342271037004856e-08,0.0005982340763858909,9.44594586487499e-06
SNORA63|ENSG00000201229.1,0.22272614083663317,0.12981900455564813,-0.12896499337034542,-0.005597272016781627,-1.3041374111684437e-08,-0.005884842495107226,-2.713856592990132e-07,0.003226612039688115,1.092758753825414e-05,-4.632642812089557e-05,0.029409591748292836,-9.465083220559041e-08,-7.303970269815197e-06,-3.0342271037004856e-08,0.0005982340763858909,9.44594586487499e-06
SNORA81|ENSG00000253092.1,0.22272614083663317,0.12981900455564813,-0.12896499337034542,-0.005597272016781627,-1.3041374111684437e-08,-0.005884842495107226,-2.713856592990132e-07,0.003226612039688115,1.092758753825414e-05,-4.632642812089557e-05,0.029409591748292836,-9.465083220559041e-08,-7.303970269815197e-06,-3.0342271037004856e-08,0.0005982340763858909,9.44594586487499e-06
YEATS2,0.22272614083663317,0.12981900455564813,-0.12896499337034542,-0.005597272016781627,-1.3041374111684437e-08,-0.005884842495107226,-2.713856592990132e-07,0.003226612039688115,1.092758753825414e-05,-4.632642812089557e-05,0.029409591748292836,-9.465083220559041e-08,-7.303970269815197e-06,-3.0342271037004856e-08,0.0005982340763858909,9.44594586487499e-06
HRASLS,0.21613366556288344,0.12894418959165105,-0.12816291872725855,-0.007926961421432985,0.0046005314864236615,-0.010975936074170821,7.58313333156214e-07,-0.0028962891378891365,-1.5832295573600992e-05,-1.0233364977860294e-06,-0.04610397417603759,-3.5308163338267565e-07,4.241681998187119e-05,-2.6561016716659865e-06,-9.591888382889437e-05,-0.00044419971728966754
MIR31,-0.03369869130541884,-0.00029124837246644405,5.488171275772334e-05,6.921754704800662e-06,0.2777434445543589,-2.8764116607555225e-06,-2.0872412480129532e-07,4.6398817625181676e-05,-9.094931563614061e-06,-2.5824057007655726e-05,1.646391610854838e-05,0.21930092010651975,6.251176518867602e-06,8.680056347029981e-07,-2.1189284924632776e-05,4.395823398074409e-05
SNORA18|ENSG00000200288.1,0.2198588437628749,0.12696789607198333,-0.12000266916299007,-0.00026626071664424865,3.2002765431830402e-06,-0.004040375912823448,-1.018616491010445e-06,0.0002859794686031392,0.00010860568400104625,9.254629307978961e-06,0.035658371653694836,2.0907516390906333e-06,-1.3636604138868036e-05,4.847932505985426e-06,6.335477030910786e-05,-0.0006147209615346885
ZNF639,0.2214965054497395,0.12675492430885624,-0.12285523348650003,-0.0018569821820951997,1.6444129735126392e-06,-0.004117433840345215,-4.0096839945164685e-07,2.4041551262069517e-05,5.350665549161333e-05,-4.737131885963402e-07,0.03258223731031266,1.918331880456425e-06,-0.00027189365400618926,2.1262124858317147e-06,8.74885475978946e-06,-0.0024693439890546382
CCDC39,0.22223887424663813,0.12863207505091676,-0.1253706826393386,-0.005710610483220137,-1.1207835377929611e-06,-0.006719046327328473,1.0993030135692815e-08,0.001646533180084847,0.0006816038630209898,-7.929370816663506e-05,0.031791238068499345,-1.3317789995521702e-06,-5.41630465107716e-06,7.557742274314081e-06,1.6132439263068641e-06,-8.501171921553706e-06
RN7SKP222,0.21558497699696863,0.12837150908695102,-0.1278336421516293,-0.00794099822222369,0.004270369921235043,-0.010550749777399936,2.4886470389551095e-07,-0.0015527580333365447,-5.637597592699063e-06,-4.959748352187851e-07,-0.04211907837627073,1.2731659411154893e-05,6.191923119703751e-05,2.8474231761482043e-07,-2.8745235529185778e-05,-0.0013969229165865986
RN7SKP40,0.21490163773038448,0.12431954497710679,-0.11725596994467109,-0.00027270390433663304,1.618973439486823e-05,-0.006114177695663853,-8.995079342896529e-07,0.00023109850909158259,6.676460537299536e-05,2.0013934227721816e-06,0.03410921277851381,-7.2395106650642686e-06,5.2667702104316244e-05,-9.960856826432247e-06,-1.7889383136852286e-05,-0.0002651822733586247
RNA5SP148,0.21998509866323773,0.1268003872159777,-0.12103732316066942,-0.0004185968236882054,3.371919394828898e-06,-0.004988584190296773,-1.0823322391991277e-06,1.7724294321076325e-05,1.8929210165675595e-05,2.638344632159668e-06,0.034471397464959246,-6.248796281241905e-07,-4.080607074098158e-06,3.465369734619419e-05,-1.2522505535505745e-05,-0.0002448007311943192
USP13,0.22152830730347198,0.12787405457324205,-0.12415084291959194,-0.002879996115041582,1.0355697455984724e-05,-0.005706653711411702,-9.696664139864006e-08,0.0016704313566664527,0.0003479948405504425,-1.9865173254739505e-07,0.03363277835480274,1.8429500997160271e-06,-1.811605641433417e-05,5.398839263134227e-08,-2.273289537420704e-06,-0.0010877100020062912
SNORA25|ENSG00000201957.1,0.22121069969282642,0.12693467169272707,-0.12203900413649199,-0.000494537522834182,5.11081673405698e-07,-0.0038788648049734517,-1.6685510077765858e-07,1.6388293292542382e-05,0.00014942780160515643,9.269375575927771e-07,0.03385527991110712,8.752663595944015e-07,-4.15911715534417e-05,3.3105520682371475e-06,-9.980051615319187e-06,-0.0006731885611586355
CLDN11,0.21279953996103257,0.12287969008391521,-0.11203529660559053,6.328004758982648e-06,7.33573880746575e-06,-0.0009505842944683109,-6.686520496464619e-07,0.0018242517311670586,-4.909967976004711e-06,0.00104408283700854,0.03652748406096356,2.2087553948719723e-07,0.002068996298276539,2.7234164302364967e-05,0.00011056924981102037,-2.6574735941148662e-05
ACTL6A,0.22197150781078975,0.12738378316733923,-0.12352503005751553,-0.0010889711517813334,5.036302878010403e-06,-0.005180778833463513,-1.915020849665469e-07,0.00031728750773696545,3.309036383671749e-05,2.493557385870558e-07,0.03289374716601526,9.966542979498787e-07,-8.169506612491518e-05,8.074756786182596e-07,-7.532724077731157e-06,-8.897540305467282e-05
TNIK,0.21394370998986847,0.123147087141414,-0.11326058278232876,3.2295079730246145e-06,-1.3763286489853168e-06,-0.0016451919978120219,5.924518472566002e-07,0.005204675702464501,6.831399769308643e-05,0.001958564421540284,0.037177578545742704,-1.609036897413058e-06,0.0005163674834941655,1.1630463460072158e-05,9.314562045058681e-05,-0.0008848617609667525
MRPL47,0.22201562168996494,0.12739160938691169,-0.12349456662225607,-0.0010625721137664582,6.005670658365007e-06,-0.005169285647329992,-1.5462979797668418e-07,0.0003156842814562769,3.2511198497250654e-05,2.887174357919686e-07,0.03266865783061019,9.708907703297028e-07,-8.603276182179695e-05,6.856170661148131e-07,-8.078369724519246e-06,-8.93758935919053e-05
NDUFB5,0.22188768055284802,0.12745395220293407,-0.12353196014858746,-0.0015230027830006128,6.11895439728234e-06,-0.005296843394597051,-1.9591439841103134e-07,0.001353400848570649,3.609248264259726e-05,-7.087901632773777e-08,0.03312518084454606,9.989655771613647e-07,-2.4980127611472558e-05,8.156834662831545e-07,-6.902038220383718e-06,-7.257625831001067e-05
snoU13|ENSG00000239096.1,0.22191868367127124,0.12746256192107427,-0.12350996525752803,-0.0015031507254862314,7.365707672480419e-06,-0.0052911484959700964,-2.0504957118603097e-07,0.001349528632782804,3.590510963992416e-05,-4.7528530885390296e-08,0.032906329385683226,9.82492025214627e-07,-2.5363961654079594e-05,8.659802460118793e-07,-7.476233512595686e-06,-7.34984559488714e-05
DNAJC19,0.2220358331528528,0.1287259896869007,-0.12550544655748855,-0.00570828074893855,-9.478561622228288e-07,-0.006674100697113662,-2.4028260713419398e-08,0.0009643461067656031,0.00010218368279458158,-0.005032004420689892,0.031608244139267015,9.261965855371315e-08,-3.569325838717812e-06,4.456782033950237e-06,-9.593202494909435e-06,-2.554499718026428e-05
CLDN16,0.2170951217590543,0.12943319990351812,-0.1296837869899152,-0.008027565918186767,0.005039704451567177,-0.009469447756338246,6.852038501251152e-06,-0.0002767602681160674,5.394381315205307e-07,-1.4438615631106154e-06,-0.027425421463911945,-3.3436993666499665e-07,3.099775506023502e-06,-2.5345173255550443e-06,-0.00027727832334737,-0.00159413587518621
IL1RAP,0.2168345419939842,0.12944035298219472,-0.12966011888345524,-0.008032811576775673,0.00502734223019668,-0.010670376228463984,4.2079091994553165e-07,-0.00019519780707289832,-4.187475869762754e-06,-1.1104826947217923e-06,-0.030855036632948047,-6.350924861952158e-07,-4.923490957097833e-07,-9.800186616115554e-07,-1.4991178494239906e-05,-0.00010384024780224809
TMEM207,0.21698749529594277,0.129521370546479,-0.12971152333636923,-0.008149647506144492,0.005068550775722221,-0.01017248328418957,3.3720962992501006e-06,-0.00023696119333857827,1.580064890323101e-06,-2.8440525316800377e-06,-0.027478565411553933,-8.391323952310637e-07,1.4791069201318312e-06,-4.013134152521311e-06,-8.397534688568738e-05,-0.00045017392555487526
EGFEM1P,0.20910167051363832,0.12299609588167011,-0.11236108984611265,0.00015188162228661428,-3.4324583536882623e-06,-0.0004679523919822284,-1.2002296384778764e-06,0.0012096085676349727,3.836047378137317e-05,1.2544203107374447e-05,0.036068390625986484,-1.697115706442329e-06,5.270569253526582e-05,4.403426263446844e-06,-3.552004565933548e-06,-0.0002767962614693916
TNFSF10,0.21578690477486348,0.12486399089107388,-0.11418916679255314,-1.4500049977662249e-05,1.717235602850588e-05,-0.0036043337165195415,-1.3763593581683262e-06,0.004537095905506457,0.00012735077298113326,2.7209480742229286e-05,0.03560074689689074,-2.9734911764688503e-05,0.0003518958690312326,1.621263168982769e-06,-3.108971774761537e-05,-0.0015011548145112887
MAP3K13,0.22146874981452616,0.12898853718101141,-0.13019810919768993,-0.006328179554706816,1.2908311030203778e-07,-0.008042039463434496,-4.483642989332566e-08,3.6522999865821134e-05,1.3026783080325627e-05,-0.002406283190308998,0.015211650724202337,3.348798478532233e-08,-4.2246681724632395e-06,-2.540838292575595e-07,4.53323103805462e-05,-0.0009926413966632826
DGKG,0.2202516707795306,0.12919079048699705,-0.13095107537650494,-0.006248407125164827,1.2788734917287293e-05,-0.009002084885120871,2.7314182944094484e-06,0.000811849934503927,2.279230070938522e-05,-0.00031281755226956353,0.0050848615373555355,1.1119659185684257e-06,1.3021138153080197e-05,-3.7766162220502953e-06,5.853510849021706e-05,-0.0007073822321184658
CCDC50,0.21657956308696924,0.12892900039256006,-0.12868979336677444,-0.008713677081254378,0.005276606831067308,-0.010491250632393893,4.4874137420197934e-07,-0.003139139698300911,-4.449801010347726e-07,-3.6394431010899966e-06,-0.03642303819885426,4.1742233024543735e-07,2.9582092762285374e-05,-5.915693095816666e-07,-0.00018469920521011916,-4.349802072502634e-05
snoU13|ENSG00000238902.1,0.21574417240601204,0.1288491391983634,-0.12842380525989575,-0.008234969043793972,0.005258949302255119,-0.010992652724385594,-6.579322054179812e-08,-0.0016390164953263618,-2.5577678869237635e-05,-7.57708356049893e-07,-0.04302001925248959,7.149004219974173e-07,2.849559366847361e-05,1.461413069661181e-06,-9.570440366992041e-05,-0.002585264848965345
RN7SKP296,0.21649794288789148,0.12942037885491553,-0.129725593640206,-0.008605189072786937,0.004555787712167566,-0.010748478778417883,1.4074556597487505e-06,-0.0021618791001088784,-9.93388490141228e-06,-2.1528051698069598e-06,-0.031819773910273165,-3.221994928360502e-07,4.307212538985499e-06,-1.1486305752834028e-06,-0.00014780521671926735,-6.0897775640429336e-05
GMNC,0.2167820700459926,0.1292481181021683,-0.12944175029726174,-0.008204408868719993,0.004324762890865967,-0.010849344887454012,4.4786121539784015e-07,-0.002200863066886058,-9.79251247906544e-06,-1.6537175678514733e-06,-0.03259151396475936,5.451062031392664e-09,8.357797007995405e-06,-6.134637298538719e-07,-0.0004273369357955378,-7.986901266750975e-05
UTS2B,0.21699898194896086,0.12908423874459318,-0.12884004829499185,-0.00837106502110136,0.005235392319518039,-0.010811283550979413,1.5960677063743398e-07,-0.002577397224602232,6.92400870711176e-07,-1.706185949236202e-05,-0.03422658893990209,7.155475518763559e-08,1.242648043357168e-05,-1.9462675675193037e-06,-0.0004362474816953381,-2.0241944441653455e-05
OSTN,0.21702692797517784,0.12915895059188928,-0.128788635902284,-0.008724175408755018,0.0051134714490491204,-0.011104153661673149,1.4216985548644409e-06,-0.0033019184574255194,-8.387030469506919e-07,-1.5777801927598492e-05,-0.03399217146324521,-4.505452699657597e-08,8.581415121574966e-06,-8.420329002190996e-07,-0.0010235239092817679,-2.7105148163474828e-05
ST6GAL1,0.2185986415229206,0.129271804751776,-0.13035472686592015,-0.007940494291672984,0.00022347765876119078,-0.009962542438923576,9.77399807874613e-06,8.95949634621715e-05,-2.216596650718987e-06,-2.2003988857610453e-05,-0.0003908203965159539,-6.019986827859797e-07,1.2509383800778394e-06,-1.4708507172218841e-06,6.5736881804561266e-06,-9.107634682651757e-05
RN7SL486P,0.21820582531470367,0.12987355690248623,-0.12859951678961423,-0.00792564564489141,0.004853447463560796,-0.010039440820926664,4.328471324715149e-06,-0.00020155692670853828,-2.9730060783026355e-06,-4.633511401304758e-06,-0.02607942406289295,-6.986916932993337e-07,4.431766464056593e-07,-3.5009052554642015e-06,-0.00010786638995434709,-0.000123351219647737
RNA5SP147,0.21894430594605335,0.1276504420367452,-0.12048529245117129,-0.0009657867357091502,2.4075895408003494e-06,-0.003912671898677863,-8.331334531649584e-07,-3.168307858820507e-05,0.000142880099350311,1.2034583915615188e-06,0.03330270159818219,1.2767225976615424e-06,1.865511430652998e-06,1.4625460910878782e-06,-2.4730060507106187e-06,-0.00024835557091886537
LIPH,0.22134960442198529,0.1294073017930659,-0.13044418617663808,-0.0067792093041073465,-6.342322042602819e-07,-0.008993519210763407,2.089472289811612e-08,0.00011263593763687015,5.244033877688028e-06,-0.002880523550888392,0.013216088560581296,6.692588576920244e-07,-2.0928606246751494e-06,-7.919985769882829e-07,0.0004050862138524789,-0.0013704972905313581
IFNE,-0.033851826705674284,-0.0001487514357399511,6.551617732432486e-05,3.629402076600116e-06,0.2789483023638522,3.032514771084562e-05,3.2273268771526173e-09,1.7869805283298585e-05,-9.283684016671582e-06,-1.1852702557101697e-05,2.107131489280071e-06,0.22185259562529244,1.78860752159229e-05,-4.387707828010847e-08,-8.999727471704021e-05,5.2448103625508067e-05
NCEH1,0.21591821878565057,0.1249879102860534,-0.1152363685229705,-0.00010739149395448714,3.2323895325596096e-06,-0.0027333663302316308,-7.314453762432171e-06,0.0018169599230279825,3.294069802158312e-05,2.188675593149182e-05,0.03627234696355589,-2.892155234392125e-06,0.0002880522183920119,1.114488296648352e-06,-2.5367528341057854e-05,-0.0011204184358699514
RNA5SP149,0.22235640479895583,0.12849513333721654,-0.1248365596475613,-0.003711690906800517,-2.9351500509483956e-07,-0.005952067842373249,-3.6940499872730586e-08,0.0022897312788137487,0.00025652748307148596,-5.6054550540346454e-05,0.03240946817006283,1.6455274887079899e-06,-4.066912852882039e-05,-6.123389765957766e-07,-1.63728088195837e-05,-1.5698643336046624e-05
PYDC2,0.21623996836378476,0.1289392915287942,-0.12880904936864773,-0.009064829067612757,0.005227193543912613,-0.01018335198216718,2.7875891123280633e-07,-0.003668803585769916,-2.73829684069757e-06,-4.312597779393433e-06,-0.037699110360358994,2.4500082470057085e-07,3.218918645849876e-05,4.345381625876061e-07,-9.37279948754723e-05,-4.3367837441812077e-05
RN7SL229P,0.22226111341582522,0.12920552831966564,-0.12558010132025413,-0.00525262586113367,2.796363354465553e-06,-0.00660428804016646,-1.9138620721851716e-08,6.403197120745194e-05,0.00015752965471520135,-1.3302062105712206e-05,0.030336282976377988,-1.1750043511139903e-06,-1.3270919797312885e-05,5.392218164941921e-07,-8.379352110512011e-06,-1.0214951861189396e-05
RN7SL637P,0.22083719083235562,0.12924926141635754,-0.13060922905413108,-0.0054288757787170575,1.7394759171446065e-05,-0.007973151532925039,1.8972013538301825e-06,0.0003448476989610519,1.6535441817296497e-05,-0.0003391037961081387,0.007285803450106173,1.301159520156083e-06,1.1533705197467657e-05,-4.118250109405255e-06,5.4120594688221766e-05,-0.002525145241801666
IGF2BP2,0.22123463623993309,0.1299206629065181,-0.1307267881404589,-0.0060793504946112555,2.3513001045378702e-05,-0.009076304731875678,1.9033954787050393e-06,0.0001343728738013902,3.180594577843716e-06,-0.005355161172342568,0.00907782569134134,1.3854141255909327e-06,8.010097501147056e-05,-4.1295082949675656e-06,3.740367491171223e-05,-0.00017637789194155322
CLDN1,0.21757812343259017,0.12956736417957215,-0.12935802033859392,-0.007800920560465226,0.004908766770243991,-0.009891809160244942,4.399870116834432e-06,-0.00030476298939073886,2.782472116593887e-07,-1.3737523434916074e-06,-0.027069854821514278,-6.8249976234094e-07,3.0356284700145134e-06,-1.3845842862825799e-05,-0.00015397188264684814,-0.001915601248817985
LRRC31,0.21244107511370286,0.12181288523703586,-0.11066620780396919,3.646218347723063e-05,-1.1455546816947736e-06,-0.001635809807609183,-8.038219252105564e-07,0.00517036094943847,6.466415301453382e-06,0.0001184171645849744,0.036827559190936714,7.947005796345451e-07,0.000526984215985786,1.2385416053591294e-05,6.350486031721663e-05,-0.00034975592245994284
TRA2B,0.22069247320552784,0.12968761484932198,-0.1310469424408599,-0.0056493916962891315,3.344394291054623e-05,-0.008709460512897895,9.970280632233302e-07,0.00015945950463830795,4.069570540361367e-06,-0.004656306067434221,0.006265693362808398,1.183468189982582e-06,6.282894471245584e-05,-4.073005504448841e-06,1.0449993402405516e-05,-0.00024123599033468114
TMEM41A,0.22155474785095433,0.12898350161631963,-0.1301367726114528,-0.0065117815383981285,-1.7726888165150713e-07,-0.008262574285955667,-3.6851308110317534e-08,3.8755707108421835e-05,1.1910735991600812e-05,-0.002081686873375767,0.014530432335472614,1.7377304813550615e-07,-6.555776405045575e-06,-5.124625650568224e-07,5.7436173911409684e-05,-0.0003013518655162683
GPR160,0.21220399597103146,0.12254515128331306,-0.11078745799378538,1.517320565188929e-05,2.681441534895009e-06,-0.0005995140762605258,-7.585795338465962e-07,0.0050907262635644015,5.247626597263609e-07,0.000497567786029683,0.037399991365509005,-1.0649442653739707e-06,0.0011400205920793908,6.513478980816412e-06,0.00012642489585933188,-0.00022491075720305797
SEC62,0.2124228811356067,0.12225862346426446,-0.1106552469607546,3.2264073914246226e-05,1.2070986542265447e-07,-0.0005460777617617409,-8.793181273853944e-07,0.004797388240774204,3.0897215417550144e-07,0.0002737261410043931,0.036875743370738664,-4.5066147385237236e-07,0.001284864380095792,1.661813500326215e-05,0.000129730151456514,-0.00017204685977121727
SENP2,0.22128180191624874,0.1295535270661171,-0.13064044516872955,-0.006277290118951336,7.756136356226146e-07,-0.008948928095684148,2.6050637193709125e-07,0.00029910775259816603,3.8933680127116935e-06,-0.0036244584702343156,0.011543436609874709,7.262082266418979e-07,5.433246107762487e-05,-3.979847440983618e-06,0.00011405567261265499,-0.0005042181754454001
U8|ENSG00000201810.1,0.22226674212903397,0.12914909229030908,-0.12564771487040116,-0.004628792194470658,8.987852392110068e-07,-0.006201232395352654,5.0445911525380803e-08,0.00018533800281252992,0.00019344254763408407,-1.5701735074536801e-06,0.03103824947451919,-2.0949190703032408e-07,-0.0005961143149731565,4.5523825739828796e-08,-6.403235367685328e-06,-2.2418840019998196e-05
PHC3,0.21234277796348022,0.12255281187193208,-0.11101398373579628,1.8218277304402054e-05,4.137507462207524e-06,-0.000408943409701714,-1.077143229168161e-06,0.005128871739526733,2.1227805900853957e-05,0.00018807655770145313,0.037582981336241404,-1.7996265389242671e-06,0.001973923488906183,6.218473779781928e-06,0.00022568908851107792,-8.405456651474765e-05
VPS8,0.2226872561065287,0.12944346713108865,-0.12871174432201068,-0.005826008579033044,-2.5899013683001197e-06,-0.0067638234767481015,1.8360902272373127e-07,0.0002876113078638344,-3.743067514034595e-06,-0.006199267306034627,0.01978387081897321,-6.818338831900785e-07,-0.0004003230257971484,-1.8134169799779448e-07,0.0015177381058754291,-3.421108168807346e-05
MYNN,0.21249233129512274,0.12176200519431778,-0.10984219512728943,5.3723310630555065e-05,-2.5104041065216717e-08,-0.0008884376755544826,-8.760724286008021e-07,0.00481981622813824,1.1417205408531114e-05,4.5283217045765766e-05,0.03671283734697137,-6.719409048407497e-07,0.0004102128472038253,1.1079807934437624e-05,1.473973142467705e-05,-0.00010455424303666794
MIR548AQ,0.22092905102139254,0.1299013222206417,-0.13102350199672474,-0.005877311318140023,3.5147514073194394e-05,-0.008941845962160494,3.238237723378493e-06,0.00011253263101381526,2.8654084281888797e-06,-0.004958157267231913,0.008260809373211189,8.158535919053209e-07,1.8135000126288094e-05,-4.6333678731723545e-06,7.788613518039993e-06,-0.0006567174716222503
PRKCI,0.21318420674713676,0.12272924108789468,-0.11162433279936462,3.488147259107112e-05,1.0562169494013937e-05,-0.0006843110981075676,-2.875287167179865e-07,0.004849762733071709,1.7157479255535775e-05,0.00012570936176283277,0.03843726029680431,-2.135145250824211e-06,0.002940304343923452,6.463703471826773e-06,0.00017315254114813543,-7.472351341019527e-05
ACTRT3,0.2120519265651868,0.12205404289072834,-0.10982208965849556,7.380292863486369e-05,-1.3454631118229296e-06,-0.0012135021285690905,-6.29030534096176e-07,0.003707707463651163,1.3428730363328177e-05,4.724187983421839e-05,0.03669368756328717,-1.1093123570110935e-06,0.00031338224270874347,7.75910800343989e-06,6.402674531771032e-06,-0.00011124433093648796
ETV5,0.22088060889388458,0.12939934206208667,-0.13113082098402631,-0.005940553271020001,1.1857711620097588e-05,-0.00871851932042296,3.221917241086568e-06,0.00036138100733427905,5.460976282209653e-06,-0.0021696543322575596,0.006050079390811639,9.529247118233933e-07,3.151375739841338e-06,-4.3573650613753374e-06,4.2331530051047675e-05,-0.0010048186783516062
EPHB3,0.22220622666023612,0.12909446060604463,-0.1289494473294921,-0.0052631123872660755,-1.9261948751717103e-05,-0.006691712637079117,3.1845605507020266e-07,0.00013094892078595934,-0.0002245377965234944,-0.006296780210497924,0.0240702933923885,-2.4157157180210367e-07,-0.00023185172234043994,-1.2869221160325564e-06,8.766555398551613e-06,-1.8155487548555135e-05
TTC14,0.2222255726116977,0.12935816998548436,-0.12572560603689395,-0.004937351565848902,9.729742945210597e-07,-0.006716452058727339,-2.7986692736792127e-08,0.00011326088650023067,8.990489717473732e-05,-1.7684310830006089e-06,0.030705366926488373,-5.57707305093091e-07,-6.773068065225825e-05,7.392380330330341e-07,-4.995250085735596e-06,-4.924407616227832e-05
SAMD7,0.2128567105662852,0.12195083995748074,-0.11120491463835659,3.426271462080353e-05,9.199011036063856e-07,-0.0008620152640253337,-6.280463624881922e-07,0.004993122410009647,3.224311893331385e-06,0.000209689072273188,0.03684155919385468,-5.0536797788042075e-08,0.0014475094012685907,1.1096280240386049e-05,0.0001684786532685481,-0.00021679667860921174
LRRC34,0.21261180952200445,0.12186401217397703,-0.1101228987785959,4.559234344049286e-05,-5.890847974418926e-07,-0.0009452315929172261,-9.259275993942781e-07,0.00492284139704417,1.217521804835957e-05,5.4739613615779226e-05,0.036705714493597386,-6.384314927909185e-07,0.0004298497484874281,1.5067752561960528e-05,2.2300847477268043e-05,-0.00010797653931558213
LRRIQ4,0.21238939858684378,0.12186858643654717,-0.1104506687908859,4.8392493082187975e-05,-1.9175970309638086e-07,-0.0017619331961842009,-6.057797154133352e-07,0.005143343418745267,2.2293753760542383e-06,0.00011863759141128259,0.03688589979747333,-1.2080569034536441e-07,0.0004911120262444115,2.5059113178710963e-05,6.190108313715092e-05,-0.00031674923214011585
EHHADH,0.2222663631461693,0.12947023821098239,-0.12946975927487783,-0.005693790616149485,1.408950742086877e-07,-0.0076507664444799475,2.3449654144644734e-07,1.0665447459612793e-05,4.1514154407634374e-06,-0.003548639004009191,0.016000125959777355,3.409538903813918e-08,-0.00019239844823712194,-5.22751862700971e-07,2.9375281640079333e-05,-0.0002808142021567118
snoU13|ENSG00000239146.1,0.22191978818948604,0.1291931819898024,-0.12984145590430127,-0.006392616974617475,-1.0222842448998297e-07,-0.008264736407226655,2.2896803069323767e-08,1.3496580375807928e-05,9.34753324539794e-06,-0.0034784655820597737,0.014688059486832104,8.364768257498578e-08,-6.089281076920579e-06,-5.681508396010886e-07,2.9032543213988798e-05,-0.00021807675014815184
C3orf65,0.22089065866172872,0.12995948541928004,-0.13104030901088135,-0.005791011860288284,1.9551169368027876e-05,-0.008898627911997203,1.3402171150966082e-06,0.0001345701579250495,2.981727438123085e-06,-0.004731885145434569,0.00869645122558203,8.169929151032441e-07,2.1003246454470898e-05,-3.011117599047946e-06,1.128874241958101e-05,-0.0004724998115697551
BCL6,0.21844997129386812,0.12910154057139106,-0.12952098428557848,-0.007187838626096635,0.0042690812663305055,-0.011132944386199606,5.065169515303958e-06,0.0003760976798276902,-5.0142205059566665e-06,-2.2291931379115258e-06,-0.01401010697536313,5.7284510853167136e-08,0.00037900932358120515,-1.233029970144885e-06,2.5035439436907083e-05,-0.0018597169077727179
C3orf70,0.2219362110616159,0.1289921823825718,-0.12920299117689732,-0.005641319730034819,2.2516057333166951e-07,-0.007096908019777369,2.886252570342595e-07,-1.1641301745247869e-05,-3.5320330994509443e-07,-0.005357925897853327,0.01797408794399252,-2.3604501867913846e-06,-0.00038191077012139104,2.8524033188906327e-07,4.3699291415234455e-05,-0.00016236833577319744
GHSR,0.2156859435629168,0.12493580391834093,-0.1148355543261613,-2.823826879160057e-05,4.1942262724706556e-06,-0.0019186195228233073,-1.200441508325244e-06,0.004327935324022072,0.00014496072161702627,5.097391703744272e-05,0.0359104904507944,-3.1136011786472526e-06,0.000747203439860098,1.7353307821104925e-06,-3.6298261778934795e-06,-0.0012816392057614463
TERC,0.21200689608901277,0.12203228440145593,-0.10974418375406514,8.003879467361551e-05,-6.955289213441069e-07,-0.0009078905767326561,-8.830763551808536e-07,0.003734474022768888,2.377972443780482e-05,3.943950974945455e-05,0.03673742002493111,-8.978807736904852e-07,0.00031772005149440256,7.90103190795189e-06,6.653927507074291e-06,-0.00012744588897372944
KNG1,0.21986482831416032,0.12905562094066195,-0.13061450206224837,-0.007100527581121495,4.470953321454484e-06,-0.010555732825818382,3.913446747239932e-07,0.00092515040056741,2.8588657814790684e-06,-3.713022124146186e-05,-1.4841130826001707e-05,1.8575559146123883e-07,3.5615167110164875e-05,-3.259622351699136e-06,-4.576924562071868e-06,-0.0004637218486196172
SKIL,0.21321636699532753,0.12260835805692863,-0.1120743768908234,3.0313378183413604e-05,1.6745333754510634e-05,-0.000594273774022484,-2.3111270485973373e-07,0.004315166617105208,1.1247467399362662e-05,5.583310903333239e-05,0.03794587104681833,-3.0030303975282935e-06,0.0034764691004115166,2.0482051136622356e-05,9.865906299338506e-05,-4.299473026759973e-05
MASP1,0.21888072266552677,0.12992746702856167,-0.13025171274224548,-0.007477251213150617,0.003424445782190565,-0.010233667029026772,1.9504029258048283e-05,0.0010668351121571496,-7.208712106543472e-06,-3.848490091733975e-06,-0.006200181857145485,2.7803001032818127e-07,1.049473198967607e-05,-1.1812145494617462e-05,2.5371471870313594e-05,-0.00022400270339926174
MAGEF1,0.22255593668684484,0.12919047432347097,-0.12852113296722173,-0.00519661011319619,-5.676831770746656e-07,-0.0068850087987467855,-8.473567308437637e-09,6.563137958657399e-05,-6.467245027911466e-05,-0.005199590378565624,0.02367369738266916,-1.7432610257701644e-07,-0.00108555167424951,6.280172798567802e-08,2.1371860393381344e-05,-2.933854055157165e-05
SLC7A14,0.21332393681517112,0.12343471584054785,-0.11278591017129865,-9.135852490941691e-06,1.592905417806812e-05,-0.0006399551215195378,-6.656805244810291e-07,0.0029830704270123,-1.1824469145060888e-05,0.0001843762659813831,0.03749293935025918,-1.2645294922734883e-07,0.002057840888209894,2.207795228680141e-05,8.95018533666257e-05,-4.80753602299562e-05
RTP4,0.21856752967514434,0.12977810373045967,-0.129685808963459,-0.007519904589734513,0.0031993991622564955,-0.010923725962718015,5.8588392062998734e-05,0.0002802068579946367,-1.4723527990996022e-05,-2.5566428575671055e-05,-0.008729316096104634,-4.0481604223779183e-07,3.400098552436495e-05,-1.5851913505284576e-06,4.896779454080765e-06,-4.810033292098857e-05
EIF4A2,0.21964341656524367,0.12951546971588404,-0.1306519051068772,-0.007537102481706575,1.7572108141178443e-05,-0.010126088037319297,2.6864978179627457e-06,0.0014251543571892325,3.2726464010330956e-06,-1.2687775488386955e-05,-0.0008567482892179772,7.957601560350948e-08,2.045552893941875e-05,-1.9677298813238534e-06,-1.9865827819973024e-06,-0.0003838833463802746
PLD1,0.21567055373364477,0.12396312155449964,-0.11462369788976835,-1.87144030115919e-05,1.6624639423723968e-06,-0.0025858673609032014,7.068613034792349e-08,0.004865084703766528,6.072061088120923e-05,8.838568576546009e-05,0.03702867569412698,-1.4345482431882943e-06,0.00017441002020506706,6.614000427582007e-06,-1.5738536996759482e-05,-0.00017094989249892467
RPL39L,0.2188517486634028,0.13007976941563631,-0.13069520157003833,-0.007680256790839987,0.00344281642905973,-0.009831027633335855,3.061152194633328e-05,0.0016110898414589587,-8.845066963919369e-06,-3.2683160054321575e-06,-0.005867441455045713,-4.3572643826889505e-07,1.0280527029147472e-05,-2.5268098505661414e-05,1.689755768275041e-05,-0.0003407496014935714
RFC4,0.2196932168491035,0.12968854337774519,-0.1308864427644491,-0.007369169818994785,3.301735171043844e-05,-0.010114614703218082,2.428226963712472e-06,0.001565326929104054,3.228681190895909e-06,-1.7553941984611112e-05,-0.0008539055886470398,5.310681190887787e-08,2.4433157321861225e-05,-1.2892902361667787e-06,-2.7119784349981965e-06,-0.0004227243434731746
snoU13|ENSG00000239093.1,0.21853445405119296,0.1298303085508325,-0.12995487401915173,-0.007379959006738445,0.003173057639112823,-0.011609597018401236,2.819851867086247e-05,0.00020596436540578386,-1.2573685991364988e-05,-0.00011946751946778895,-0.00918742466497855,-3.4605318840289323e-06,0.00011094506994515904,-4.387733165591431e-06,2.836700622395852e-06,-2.7196695287521258e-05
RTP1,0.21910216344243438,0.12998073046779385,-0.13053816765120108,-0.007550158487282429,0.0032451519700307427,-0.010045084778270605,5.3900364327073585e-05,0.0015219187426077836,-7.918240047878999e-06,-3.836223377547766e-06,-0.005991410696208736,2.7709076539014186e-07,7.882074106358291e-06,-2.8554479381975835e-05,1.4350021721285549e-05,-0.0006377991212523862
SNORA4|ENSG00000263776.1,0.21976430417575163,0.12962179417988695,-0.1309258481164048,-0.007429797909547405,2.4459645181077204e-05,-0.010120116654059185,2.401895769375696e-06,0.001567549924070623,3.1903858840021544e-06,-1.7624217190827276e-05,-0.0008923943338431871,3.971293671433032e-08,2.3868273544029722e-05,-1.5316368795753087e-06,-3.0419397167676483e-06,-0.00045284644375398014
SNORA63|ENSG00000200320.1,0.21976430417575163,0.12962179417988695,-0.1309258481164048,-0.007429797909547405,2.4459645181077204e-05,-0.010120116654059185,2.401895769375696e-06,0.001567549924070623,3.1903858840021544e-06,-1.7624217190827276e-05,-0.0008923943338431871,3.971293671433032e-08,2.3868273544029722e-05,-1.5316368795753087e-06,-3.0419397167676483e-06,-0.00045284644375398014
SNORA63|ENSG00000200418.1,0.21976430417575163,0.12962179417988695,-0.1309258481164048,-0.007429797909547405,2.4459645181077204e-05,-0.010120116654059185,2.401895769375696e-06,0.001567549924070623,3.1903858840021544e-06,-1.7624217190827276e-05,-0.0008923943338431871,3.971293671433032e-08,2.3868273544029722e-05,-1.5316368795753087e-06,-3.0419397167676483e-06,-0.00045284644375398014
SNORA81|ENSG00000221420.2,0.21976430417575163,0.12962179417988695,-0.1309258481164048,-0.007429797909547405,2.4459645181077204e-05,-0.010120116654059185,2.401895769375696e-06,0.001567549924070623,3.1903858840021544e-06,-1.7624217190827276e-05,-0.0008923943338431871,3.971293671433032e-08,2.3868273544029722e-05,-1.5316368795753087e-06,-3.0419397167676483e-06,-0.00045284644375398014
ADIPOQ,0.2198451921311118,0.1295664999022184,-0.13065045860561442,-0.007268036094383106,0.00013338396826199548,-0.010257960875310166,7.848886203519085e-06,0.0012241394577321935,3.2893667321410926e-06,-2.057668461521872e-05,-6.14955161398641e-05,-2.1739744204520435e-08,1.6024650385779244e-05,-1.321168279342134e-06,3.681837335505478e-06,-0.00020570761898567106
SST,0.2187701513196112,0.12935567312799207,-0.12922687745210132,-0.006960563233948674,0.004078003049158442,-0.012003548821548983,7.263274194963663e-06,0.002210944659629559,-1.2865275407987177e-05,-5.286647072173833e-06,-0.0114214328434671,-5.113619993435967e-07,5.886288936280838e-05,-1.132544735472088e-06,1.579767902503228e-05,-0.0013099578093215478
ECT2,0.21605107459646766,0.1256030566497194,-0.11536373043686202,-9.557048032728644e-05,3.804051006776484e-06,-0.003427731496821264,-1.0023550055793825e-06,0.001207220896109962,2.302412872566008e-05,1.630423200329597e-05,0.0358153032147996,-4.673014749014257e-06,0.00016698173502888657,-1.200209654953673e-06,-3.197605006018196e-05,-0.0004161649714215026
SNORD2|ENSG00000238942.1,0.21971978754454768,0.12962316478175004,-0.13105998396778865,-0.007591634314249203,3.0386485661050628e-05,-0.010110656539913896,3.0945723573299307e-06,0.0018315040824453137,3.319260208757063e-06,-3.0362936699781045e-05,-0.0001687641474540624,2.3419836848049014e-08,2.5549062856738137e-05,-1.6006023708583308e-06,-2.501730227968624e-06,-0.0005119790672164832
CHRD,0.2231994603452296,0.1296406010819472,-0.12928493308380837,-0.005672673833593244,-4.2917530556017105e-07,-0.006319092211893734,3.9293093620179776e-08,0.0022287697045854375,-1.7938804391774042e-05,-0.0061911487918812624,0.026120854847929257,-3.0384310388065415e-07,-5.164686861448315e-06,-7.672929485413116e-07,9.15186107635634e-05,6.360291731388842e-07
DNAJB11,0.22052702012934486,0.12919682456273957,-0.13099013888995187,-0.007155087881435697,5.694974075450233e-06,-0.009917408728681763,6.798938898042506e-07,0.0006865070365277736,3.0131353398137526e-06,-0.0004355556873916222,5.386954491173136e-05,4.948942285017733e-07,2.743958725605689e-05,-8.559709003510747e-06,-2.6162025698879166e-06,-0.0015847453288351059
HRG,0.21978620753823452,0.1294133210479233,-0.13102415219195582,-0.007194143846475324,4.966726160650412e-06,-0.01079262304984789,9.868221507155816e-07,0.0013860626992727384,3.2754722820971143e-06,-7.553561743425746e-05,-3.816486176650163e-06,3.1914822875871476e-06,2.831413349409033e-05,-1.4626967652262128e-05,-3.9593235882944735e-06,-0.00029240879459898754
RTP2,0.21863227583755265,0.1294496733201197,-0.12995868608687985,-0.0071458899794003125,0.00445067526460046,-0.01154753424479751,8.373688400825607e-06,0.0020694798029413657,-6.501837034595181e-06,-2.1332089321437114e-06,-0.01219096344845709,-6.806274365977003e-07,4.1936995073988634e-05,-1.8099341647319445e-06,4.209554372396067e-05,-0.0005927365961082196
PP13439,0.21582154348415813,0.12400003197075589,-0.11496625502686426,-2.414432444913418e-05,2.300392037833462e-06,-0.0025978510296123507,1.5468638944508355e-08,0.004815688402953775,6.617532386892179e-05,7.825667989523744e-05,0.0370160549331565,-1.4023993880282143e-06,0.0001718841494540737,5.711923945468669e-06,-1.1946939021568612e-05,-0.0001898684701854855
TMEM212,0.21582154348415813,0.12400003197075589,-0.11496625502686426,-2.414432444913418e-05,2.300392037833462e-06,-0.0025978510296123507,1.5468638944508355e-08,0.004815688402953775,6.617532386892179e-05,7.825667989523744e-05,0.0370160549331565,-1.4023993880282143e-06,0.0001718841494540737,5.711923945468669e-06,-1.1946939021568612e-05,-0.0001898684701854855
snoU13|ENSG00000238359.1,0.21582154348415813,0.12400003197075589,-0.11496625502686426,-2.414432444913418e-05,2.300392037833462e-06,-0.0025978510296123507,1.5468638944508355e-08,0.004815688402953775,6.617532386892179e-05,7.825667989523744e-05,0.0370160549331565,-1.4023993880282143e-06,0.0001718841494540737,5.711923945468669e-06,-1.1946939021568612e-05,-0.0001898684701854855
THPO,0.22302172121449962,0.12982733801402688,-0.12967257473225713,-0.006093027927991333,-3.021994855909161e-07,-0.006532894709290923,9.093724467545183e-08,0.001961215233328491,-1.6251720616913473e-05,-0.005722660915617888,0.025956324482863436,-5.476504599822179e-06,-4.2862778963114805e-06,-2.8643037224994928e-06,0.00014781758730124142,6.821135394473096e-06
ABCF3,0.22332346257092917,0.13003579618622713,-0.12941060714726663,-0.005413459672208602,3.0601344656602454e-09,-0.006476968414322489,-9.645943902325343e-08,0.002516641392670082,-4.536102484898734e-06,-0.005257131208658406,0.02682855127223877,-2.854307608403249e-06,-6.701226833536504e-06,-5.03046478056539e-06,0.0006652490720418506,4.096351619974901e-05
RN7SL141P,0.21576919016548204,0.12456747383441177,-0.11459145803070638,8.701341659964152e-06,5.858771485905201e-06,-0.0039292465700541505,-5.112185500848114e-07,0.004336257414883391,3.462900974974756e-05,5.003812074118888e-05,0.036548294828483555,-2.588730449029474e-06,5.587011139352467e-05,8.660478344693427e-07,-5.962198491569973e-06,-0.0003862509423030593
SPATA16,0.21599267443325662,0.1255315779299584,-0.11646970065837457,-6.687215610865056e-05,2.638675837507026e-06,-0.002924997225650555,-5.064078157233776e-07,0.003771730212815133,1.1876548963336626e-05,1.496797661184213e-05,0.03527758631772582,-6.176623947149804e-06,0.0016666055374020398,-5.142961904104941e-07,-3.437011507900301e-05,-0.0009089660989800942
POLR2H,0.22301506018763245,0.12996056051381288,-0.1296630103038871,-0.005982680262819645,-5.743246504579638e-07,-0.006556376075267985,1.9300025117799895e-08,0.001972324359534581,-1.4977343717064965e-05,-0.005504948225033852,0.026241650580376433,-5.2511646585372714e-06,-4.295433620593794e-06,-3.8125422531705977e-06,0.00017292295969086746,6.80328035464395e-06
IFNA1,-0.03348503784524464,-1.1756343506375434e-05,1.2548938190450422e-05,4.4216788836988784e-05,0.28014979878961327,2.4642416278011843e-05,-1.246684384955507e-07,-7.095912245383672e-06,-9.970554683427295e-06,-1.7824708865950908e-06,-6.983541688240639e-06,0.2230307762500001,2.2510335961715983e-05,-1.913568835505923e-06,-4.5952949438335456e-05,5.225082451596321e-05
SLC2A2,0.21450489259712796,0.12343538119539953,-0.11366943665038855,-3.50428528599308e-05,-5.261918345192517e-07,-0.001427558246661071,2.55181439397402e-07,0.0032544575421813,3.019908499188617e-05,0.0004964422420982381,0.03731309338224746,-5.132020082978223e-06,0.002014785192873703,1.3938769836504188e-06,3.497007027299023e-05,-0.00014473730679148475
SNORA72|ENSG00000200355.1,0.21614447636085007,0.12550828117666865,-0.1156578597508874,-0.00013333994871561798,2.5982139894579507e-06,-0.0030481408159892327,-2.0044543600863136e-06,0.0012090083136115527,1.9985655446703717e-05,1.554303347757006e-05,0.03588675884439366,-2.472805447779897e-06,0.00045658853960627255,-9.942849320753604e-07,-2.894436941840995e-05,-0.0003193072010373227
AHSG,0.22027238632573024,0.1292388949283802,-0.1313163411031427,-0.007295228227176074,7.418148603332825e-06,-0.010593468798314663,6.951838759628481e-07,0.0012744765057404344,1.82570705083408e-06,-0.00019595703839553214,-4.3920083956304236e-05,2.5433769075798736e-07,4.633870069811713e-05,-1.173109629669045e-05,2.529636790193306e-07,-0.002352283223770617
CLCN2,0.22300291734557054,0.1299567532821783,-0.1296853388759357,-0.005866836820883615,-4.457644021636547e-07,-0.0065584169669219055,-7.575118189498234e-09,0.0019702841708668256,-2.355516921041526e-05,-0.005588304262364504,0.026325829885448886,-5.541695196472323e-06,-4.0261568069877835e-06,-3.242145124701693e-06,0.0002246481625056454,4.36705956834736e-06
RNY5P3,0.21435276153348928,0.12383326137071637,-0.11380073886723019,-1.736978100113644e-05,2.116352931596952e-06,-0.0017091919818177663,-5.4111735680575316e-08,0.002945906217098958,1.4595618058533536e-05,0.00016311214221251044,0.03666969328811429,-2.352805197384253e-06,0.0019129516141705757,6.970962160792365e-06,5.331636681793439e-05,-7.282135165685661e-05
EIF4G1,0.22303302947184567,0.13002515740603782,-0.129612096512673,-0.005757323095846409,-5.982277397551174e-08,-0.0066367873264663625,-1.3795983622582108e-08,0.0020444684516638047,-2.5226344183816673e-05,-0.005581866192677222,0.026397652395546166,-4.739226398592754e-06,-4.313666009285937e-06,-2.120968658729666e-06,0.0009055437451519246,1.1481392254027107e-05
FAM131A,0.22303302947184567,0.13002515740603782,-0.129612096512673,-0.005757323095846409,-5.982277397551174e-08,-0.0066367873264663625,-1.3795983622582108e-08,0.0020444684516638047,-2.5226344183816673e-05,-0.005581866192677222,0.026397652395546166,-4.739226398592754e-06,-4.313666009285937e-06,-2.120968658729666e-06,0.0009055437451519246,1.1481392254027107e-05
TBCCD1,0.22048902075872404,0.1293258732635746,-0.1311148014109015,-0.007460208323353841,5.1856309451705576e-06,-0.009941182036770657,6.003124648211699e-07,0.00019285077678356122,2.0634539044514003e-06,-0.00042935074350592203,9.368852365841867e-05,1.153561509513131e-07,2.807282394642853e-05,-6.640757500250708e-06,1.6610334034070283e-06,-0.0009728300991051909
FETUB,0.220237029257964,0.12944753162818418,-0.13127857022951928,-0.00702957570332688,8.407614042554004e-06,-0.010400367530272993,1.0943662964710104e-06,0.0012819227196522365,5.66585617083742e-06,-0.00015425166081490364,-0.0001704322237781052,1.660590934963039e-07,0.00018426894259154363,-1.5738764682600712e-05,5.03062172280241e-06,-0.0005549822179868485
CRYGS,0.22047682746231637,0.1293249576105469,-0.1311404874453731,-0.00746637238383319,4.9631161756489914e-06,-0.009941942640232824,6.18201922304637e-07,0.00019137812297525815,2.0764633922256713e-06,-0.0004314975427795259,0.00015395221044050707,-5.06726349170123e-09,2.813345074996077e-05,-6.808108103197418e-06,1.9405848321747845e-06,-0.0009640288456266852
MIR569,0.21449457778270856,0.12353138524709856,-0.11391042143462565,-1.567687079205162e-05,-1.190210076052913e-06,-0.0015761827418433224,2.8493486523632205e-07,0.0037150482779686822,5.11642543093878e-05,0.0009929561249855518,0.037591207182125344,-4.683293626913479e-06,0.0011449752311431581,4.678425359668374e-06,1.9138015848070844e-05,-0.00029849523383000735
RPL22L1,0.21431685121557134,0.12387171167042992,-0.1138802732909438,-2.47813771782649e-05,2.450858603761382e-06,-0.0015573443031274296,-1.2744625559754904e-07,0.002947360341087991,1.4073433075622461e-05,0.000147034382500461,0.03683968085213766,-2.3675327884008415e-06,0.0019798548105097783,5.7847672183048204e-06,4.841739798807696e-05,-8.345057076853386e-05
ECE2,0.22319918453376905,0.13012705847324257,-0.129474265029114,-0.00558526006594121,-5.960936710516471e-08,-0.006611186574497445,-7.733814398901159e-09,0.002103181739427966,-2.1189728739017322e-05,-0.005396384469969191,0.02675011832675315,-7.4365510870817685e-06,-1.8479397680366638e-06,-2.448479838025978e-06,0.0011683589902471451,1.3284646786265317e-05
EIF5A2,0.21454533527972489,0.12385178166614459,-0.11379602091445008,-3.13325789225786e-05,2.1023406172990056e-06,-0.0020128817605490883,1.3634946032141525e-07,0.0032977707597164744,2.4800322261489798e-05,0.0002794363118489584,0.03697444542219563,-4.034257890606647e-06,0.001684751322802266,4.80575323355008e-06,3.847732317994372e-05,-8.668061696555714e-05
VWA5B2,0.22317344623653373,0.13017049761722757,-0.12954138618446612,-0.005558169811387029,-9.558803237955587e-08,-0.006541303767358944,-1.1050626659420527e-08,0.00208786473997465,-2.129433443603237e-05,-0.005363724778788875,0.02657615161528803,-7.956410602881597e-06,-1.7382256041046518e-06,-3.0907718426434615e-06,0.0010359006106159102,1.2918439262075265e-05
ALG3,0.22317344623653373,0.13017049761722757,-0.12954138618446612,-0.005558169811387029,-9.558803237955587e-08,-0.006541303767358944,-1.1050626659420527e-08,0.00208786473997465,-2.129433443603237e-05,-0.005363724778788875,0.02657615161528803,-7.956410602881597e-06,-1.7382256041046518e-06,-3.0907718426434615e-06,0.0010359006106159102,1.2918439262075265e-05
MIR1224,0.22317344623653373,0.13017049761722757,-0.12954138618446612,-0.005558169811387029,-9.558803237955587e-08,-0.006541303767358944,-1.1050626659420527e-08,0.00208786473997465,-2.129433443603237e-05,-0.005363724778788875,0.02657615161528803,-7.956410602881597e-06,-1.7382256041046518e-06,-3.0907718426434615e-06,0.0010359006106159102,1.2918439262075265e-05
RN7SKP234,0.2169468295457191,0.12624274694214316,-0.11812784611730726,-0.0020294215922066453,2.655461454872411e-05,-0.00325207607573307,-2.1288176246394437e-07,0.0017332563541898544,1.143015649663392e-05,2.684402383105718e-06,0.033287312482428555,-1.2936182093914079e-06,0.0001352139857626363,-3.4653541009078817e-07,-5.208840875008785e-05,-7.029122090099641e-05
CAMK2N2,0.22318985803267344,0.1301901515625822,-0.12956490267970788,-0.005667399361860751,-1.629878889144159e-07,-0.0066023650886742336,-4.376492604442457e-08,0.002100161524970495,-2.5015668993965558e-05,-0.00530362241634222,0.026458795705435037,-9.091304636339488e-06,-4.412490909915808e-06,-3.84448775356784e-06,0.0008923348430043762,1.0124351055814582e-05
SNORD66|ENSG00000212158.1,0.22318968050029206,0.13015200822051645,-0.1295671385781985,-0.00571521860921068,-7.848061495224656e-08,-0.006686449271803283,-3.3591784673883436e-08,0.0020885662499527252,-2.5210194572267702e-05,-0.00547759053705434,0.026514205781014138,-7.964506532296264e-06,-4.460786083859e-06,-1.7343111515777459e-06,0.0010829502892350086,1.1142311319521379e-05
PSMD2,0.2232114372028619,0.13015069215116848,-0.12953101968846825,-0.005702437547537695,-2.502786312646785e-07,-0.006675183374513015,-3.586428576134988e-08,0.0021038597462078833,-2.490989378662872e-05,-0.005342822687206185,0.026618795757937085,-8.472880880424667e-06,-4.648201510293911e-06,-3.1751379669975826e-06,0.0010432713721369316,1.0524427276852195e-05
snoU13|ENSG00000239141.1,0.21610421477174055,0.12571017893150552,-0.1166975963070087,-0.00023740559838775704,3.774579412051889e-06,-0.003373629738432575,-8.694720933555692e-07,0.0031717192611979018,7.732321694614616e-06,4.6931704510592236e-06,0.03524736251058064,-1.0295081374513004e-05,0.0007154257565007817,-9.550323747484795e-07,-4.4837025145785774e-05,-0.00044678502992914916
MACROD2,0.02191094031343353,0.02982100612337609,-4.6442308718632835e-06,0.0024793752963601463,2.0865244883042695e-05,-9.075606916560432e-07,0.0006994812939385163,8.069333684228205e-05,0.002801167314728407,0.005492687254285945,-0.00011023039492232749,-2.7205490758374037e-06,0.0018770937237402934,0.04383949619675955,-6.550852224882726e-05,-0.0025870718340920114
IFNA8,-0.033967260435009645,-2.8242863545942735e-05,3.606333802888771e-05,4.949898947858202e-05,0.28089017885226764,9.879373023113695e-06,-2.670180147459224e-07,-1.4873592514075262e-05,-9.086923750967983e-06,-1.5281841637554328e-06,-4.69341537171765e-06,0.22377274537265887,8.099589716788887e-06,1.560271678000078e-07,-3.4938468700120216e-05,4.6523131856294656e-05
IFNA2,-0.033565206528339275,-2.764345320310042e-05,3.0272013388329146e-05,6.220125208852693e-05,0.2814036055649531,0.0001604484889192997,-2.2049534276349947e-07,-1.015735365179386e-05,-6.917260064245851e-06,-1.0626804338789384e-06,-9.656391298396466e-06,0.22506403977251557,6.005962443748686e-06,5.457932014938696e-07,-1.2884637753107745e-05,2.4659222759787306e-05
LINC00393,-0.0013963519773446333,0.004546152336863494,2.9816716795959536e-05,-0.011690984319620014,0.007956857697180028,0.000697973425559844,0.30502701674159055,0.004406454711711249,9.783753295810165e-05,9.662721521155671e-05,0.00010684036181725242,-2.514148224976618e-06,2.650412774069761e-06,1.5443344202849536e-05,0.05764351932230075,0.04409554095944046
TRAPPC9,0.10156836738767862,0.12986025291329337,0.20574389169399177,-0.020739694308321163,8.764742279426334e-06,-0.01753650226054566,2.644716930279678e-07,0.015200622436480788,1.1613159227791688e-05,-1.0390507767014e-05,-0.00031056105138966953,-2.583697069030321e-06,-2.0166611065266155e-06,-3.7927729592718376e-06,0.007710399368166213,-0.000355279936034237
MIR551B,0.21103721600196257,0.12360291445315776,-0.11412279760298642,3.222908141026421e-05,-4.3962644221615003e-07,-0.0022882799558588745,-1.6845409184426664e-07,0.0006303313011963631,5.4077208890140846e-05,1.3236976924913983e-05,0.03579044125884274,-3.6981414563757432e-06,3.232792556920171e-05,8.867559070407216e-07,6.8927673864255235e-06,-0.0001390694063929812
IFNA13,-0.03355754934074337,-2.3586239988449924e-05,4.267075046309933e-05,6.444101062690273e-05,0.2815677502350259,9.702184547744217e-05,-4.515185127792815e-07,-9.379467200368309e-06,-5.932307134642091e-06,-1.3470768481751584e-06,-5.795018174660472e-06,0.22645710909084135,2.9218753623586936e-06,8.046180880703305e-07,-1.2749627343672793e-05,2.214879812937309e-05
PVT1,0.11437999762941962,0.12151641181754769,0.19118560111082053,-0.010652848844384109,-1.1979882151214954e-06,-0.007123269914628707,1.6452361081868166e-06,0.1000761039093817,-2.7699559304392814e-07,2.1735039284128774e-05,-5.991907213556765e-06,2.0497709156476243e-06,0.000765564271522462,0.0003548373128327762,0.000503696858048995,-0.0008272235124433066
CASC8,0.11557925194608026,0.12263704696201633,0.19169679964969719,-0.011404775322951605,-8.343342752201402e-06,-0.0073176434281534905,4.21461537937287e-06,0.09900628414789753,1.6238157051634978e-05,0.0009954726918649558,-0.0004535543174419817,-3.884728522229301e-06,0.0001507615925611541,4.62267246174057e-05,0.0002359707440926124,-6.898057171924037e-05
KLHL9,-0.033895947292013916,1.3356995154208605e-05,2.7239668928722765e-05,0.00012380672476260736,0.2824191249085409,0.00013112310435502158,-1.7102244496634381e-07,-2.0828179891483984e-05,-4.507592375393424e-06,-1.351796756400585e-07,-4.433744975236976e-06,0.2324307914886139,-4.797998256092006e-07,4.309401858188304e-06,-6.878009203525505e-06,2.3191697624230555e-05
IFNA6,-0.03349778162771864,4.516339961742602e-06,3.744399354426851e-05,5.662990086021488e-05,0.2820765411096892,8.553392954036435e-05,-3.149621149929258e-07,-1.3146633018535792e-05,-5.7349095850461865e-06,-8.063351761008317e-07,-2.5554564715363448e-06,0.22995797280024172,-1.1823759916082136e-06,2.6712345612558173e-06,-7.06100638374604e-06,1.2481796157095362e-05
IFNA5,-0.03354698593250563,1.7251858130530124e-05,2.161489335645752e-05,0.0005544378721999888,0.2833371149028875,1.7618158544376358e-05,-1.440720934289534e-07,-2.328685294415091e-06,-2.863847763804608e-06,-1.8703568613518226e-07,3.96452342279132e-06,0.23491560594563124,1.130741293902114e-06,7.592725693289134e-06,-4.0449659063235497e-05,1.5218842600629391e-05
GOLIM4,0.21030360729075484,0.12325492894719162,-0.11419030547162157,2.047513522252048e-05,-5.834931198258362e-06,-0.0030257499005920166,-1.0602241599094539e-06,0.0012245934699185088,3.2409755038934845e-05,1.4134000731719227e-05,0.034915151298341746,-3.1509939741340675e-06,2.8368371102592422e-05,1.8542313639705278e-05,-3.2123383717236056e-05,-0.00019554762874971846
WDR49,0.2094504781933249,0.12267363365638596,-0.1131494491606453,5.530715646648469e-05,1.1361487663212136e-06,-0.001343314518857789,-6.215804716383668e-07,0.001328440961657098,1.0356658599978555e-05,7.666380298546161e-06,0.03437518545790067,-6.321382725457903e-06,-1.9762759944585396e-06,3.632332481843585e-05,-2.637094272412138e-06,-6.780994544654926e-05
RB1,-0.033641776386507005,-3.5170681588428423e-06,1.3476504617434324e-06,-0.01914886944217917,0.004030406219969413,2.4900392132568747e-06,0.31735428100610474,1.7767007926747733e-05,3.8116510611750602e-06,-5.812000964555025e-06,0.00020147815900675332,3.1097833022220615e-07,2.9389391842423228e-06,-0.008871585062236505,0.21665302097503122,0.203338726976126
PDE4D,-0.07833187026417564,-0.0304231460167494,-0.0012140570620939406,-4.436606699532368e-05,0.02617546002490829,-0.02246704086983004,-1.661066101993757e-05,-0.010775885300460065,0.0070836372508374474,-6.654338572346943e-05,-0.0020710101525461774,0.004576163102418508,0.0016177340381236353,0.07937823954381613,0.0074411995279550155,0.00188752621341323
SERPINI1,0.20994549874687932,0.12339926001979225,-0.11427159836131148,3.417100185481919e-05,-4.557777195699261e-06,-0.002890243961552956,-4.1783160509411333e-07,0.00047929813857129335,8.039812162920892e-06,1.1481601948443504e-05,0.03436326300602615,-3.492539719119662e-06,6.4648377578061695e-06,1.783502360393673e-05,-2.459511551782739e-05,-0.00010711843687353263
ZBBX,0.20965150173981076,0.12303761617230669,-0.11387064743704431,4.734583934884348e-05,-7.781487962921086e-07,-0.0025521163196701264,-4.950157302443974e-08,0.002304633978453658,2.623064666836806e-05,9.396189607857167e-06,0.03487307064893067,-2.4480580977370917e-06,2.5031100748360265e-05,2.942250168674976e-05,1.1991852237927774e-05,-9.956596311325176e-05
MYC,0.11630114049062686,0.12212477518138488,0.19115698356234387,-0.010507945249507593,-5.22242309219194e-06,-0.007282898441320724,7.297665546132208e-06,0.09871667384157741,5.7011451040786695e-06,0.0003087363947460414,-0.00010463782199812946,-1.527984399453555e-06,0.00032245055879990517,0.0001558312509418731,0.00039284068838829134,-3.315799517218076e-05
CCND1,0.059520085655619046,0.010920254951285001,0.009430305320864732,0.003102950557531694,-0.014537708200079007,0.009443640862673849,-4.9051765806634594e-08,6.763757917120975e-05,-1.5059963870673747e-06,0.49177183225188836,1.2568774611885437e-05,-1.3443623627040244e-07,-0.005189162154915332,-0.010374187596648855,-4.630857539247438e-06,5.636127941918586e-05
IFNA14,-0.033612816217339414,0.0017299887898073248,-6.983202077365862e-07,0.00012461715293147978,0.2848520386382457,0.0002733343226030087,-2.6386355622621044e-08,-1.3135364702281648e-06,-8.07928480639105e-07,-6.071053578784883e-06,3.604397947425276e-07,0.24203351271249093,-7.063044945753195e-07,7.17670994018825e-07,2.0259829552839363e-06,6.747540306929728e-07
SERPINI2,0.20960234455762422,0.12321222350763424,-0.11415412215271711,4.661354325236655e-05,6.000178380079254e-07,-0.0025710391927618167,-1.2922351223336205e-07,0.0014325484687298985,9.671342095295735e-06,6.40508658087741e-06,0.033989888962298424,-5.65856649944652e-06,8.355257554613488e-06,3.511245208444057e-05,-1.147863589904658e-05,-7.024443376396453e-05
ORAOV1,0.05955101303761106,0.010731849143090224,0.0093980206097913,0.003125854682859144,-0.014472279883288402,0.009405817256085889,-5.292503066078184e-08,5.3766722574090656e-05,-3.4435166433395404e-06,0.49201731757536266,1.2554504987475471e-05,-9.954090883264562e-08,-0.005164131362672733,-0.010217431570616355,-7.434206634080097e-06,5.0254932136417366e-05
PDCD10,0.2100709803680094,0.12333465733204978,-0.1142895342405783,3.446402485393854e-05,-1.582200612338414e-06,-0.00165250101280029,-3.6669774454552764e-07,0.0005940505424106632,5.564154801481221e-06,1.0165468452856396e-05,0.03468033353548624,-5.523336277950501e-06,6.863644891141178e-06,2.5127187167228587e-05,-2.246179113908746e-05,-0.0001297594658919569
SHANK2,0.05625987705004422,0.010988848957440922,0.004047744597899504,-0.0002597452678745455,-0.013025128328401378,0.005925859271056412,3.4722256334594376e-06,0.00026385782305483283,3.322568486617004e-05,0.4525101502344295,-9.639998547863934e-05,2.4242118637368365e-06,-4.706563501287196e-05,-0.009336499202167363,2.3483752908494128e-05,-1.7548025821571063e-05
IFNA17,-0.03309136782366132,0.0019130029479218038,1.6556885851106963e-06,0.00013468300582449716,0.28587203793263877,4.401754513153548e-05,-1.9919698995622197e-07,2.054328762025516e-07,4.988457486018679e-07,-7.813782729714025e-08,5.2631741588997924e-08,0.24439081491449408,7.535616856913036e-08,5.449829622091396e-07,-2.753807588299331e-06,2.2770326810989434e-06
FGF19,0.059153564791763424,0.010643344070882193,0.009470126808455123,0.002907605992432312,-0.013966396465964105,0.009907977160888736,-3.2286760154930776e-09,-3.7076232108779564e-06,-1.2183735519300446e-05,0.4932776911720718,1.4737589184753697e-05,-5.628017595204142e-07,-0.00510712602327392,-0.010132743200607983,-1.3842893737144112e-05,3.2600145846731905e-06
IFNA4,-0.03277383796781579,0.0028746899823675447,1.9847506200593427e-05,4.521321624998859e-06,0.2856975445648382,4.845654401532008e-07,-8.824358552826347e-09,-2.475021426196563e-07,-1.9013462198853978e-06,-5.861621763910994e-07,-5.098162363444848e-07,0.24306985239086984,-2.5673859428601757e-06,-1.1613626632772478e-07,1.2164197398287898e-05,-3.970821585094843e-06
CCAT1,0.11471100410981282,0.12392345631905373,0.19326746829166117,-0.013251764055766897,-2.2412840530002362e-05,-0.006621580844145993,1.0032178207662966e-05,0.10106147608537698,3.013733990694807e-05,0.003629812907096598,-0.00034064611995193126,7.773084833225096e-07,9.581840678833114e-05,4.360892745755975e-06,0.0020798165010029947,-9.263429688453653e-05
TMEM75,0.11307940967422475,0.12377846135348644,0.194237007028073,-0.01219594591200368,-1.1241241493947305e-06,-0.008230976499758371,6.338412745165848e-06,0.09992362077598517,4.74436207503094e-06,7.3830488519913535e-06,-0.0003011696031487986,2.1612626499220905e-06,0.00015277533909322655,0.0001605457970258619,0.000187335761088343,-0.0003097409678614293
POU5F1B,0.11592895141525272,0.12314697254842764,0.19373398621493398,-0.012052969055582733,-5.6042576943928555e-06,-0.007851632422418885,6.571269367772888e-06,0.10012290308153914,8.921497231945808e-05,0.0005095368857657126,-0.00032065148320320084,-4.506729186964259e-06,0.000412151757765858,2.1547862562316995e-05,0.0002633947176125752,-2.636687992922911e-05
RNY1P8,-0.0032458411504558992,0.0035294492919083604,0.00016671843942899184,-0.013140583631637946,0.009383266375503973,0.0004061730297711227,0.310335873209046,0.002591332287548631,0.00015878956920162602,2.4906879092002895e-05,3.387641587664147e-05,-1.141041332498114e-06,2.263302273180614e-05,1.4888043356030163e-05,0.0587189705028539,0.048162267821342926
IFNA10,-0.03308620731253288,0.002338964541267404,-1.2352375407209415e-11,-1.593206697434366e-11,0.28597181954063267,-1.563544439640694e-11,2.57575063528933e-14,4.3961197912532244e-13,1.6077005285549963e-12,1.04513398251973e-12,9.212460491870132e-13,0.2459730750781829,2.6802857410355017e-14,-1.3005828329459713e-13,3.587507840608252e-12,-2.9057503195913822e-12
IFNA16,-0.03308620731253288,0.002338964541267404,-1.2352375407209415e-11,-1.593206697434366e-11,0.28597181954063267,-1.563544439640694e-11,2.57575063528933e-14,4.3961197912532244e-13,1.6077005285549963e-12,1.04513398251973e-12,9.212460491870132e-13,0.2459730750781829,2.6802857410355017e-14,-1.3005828329459713e-13,3.587507840608252e-12,-2.9057503195913822e-12
IFNA7,-0.03308620731253288,0.002338964541267404,-1.2352375407209415e-11,-1.593206697434366e-11,0.28597181954063267,-1.563544439640694e-11,2.57575063528933e-14,4.3961197912532244e-13,1.6077005285549963e-12,1.04513398251973e-12,9.212460491870132e-13,0.2459730750781829,2.6802857410355017e-14,-1.3005828329459713e-13,3.587507840608252e-12,-2.9057503195913822e-12
RN7SKP298,0.20930454550000951,0.12175542225979424,-0.1131623275279599,6.142015142315912e-05,1.083931522709973e-05,-0.0023391154702142114,2.895839721200385e-08,0.0007752438725108675,4.848812131014688e-05,2.093786997360035e-05,0.03454936123917722,-3.9304490744711464e-06,-8.443097798777503e-06,2.065001529012834e-05,-1.5233820809969036e-05,-0.00023900886165237575
AGO2,0.10477500499466774,0.13449183502695963,0.20852268124341633,-0.022042593348208808,1.388341861656772e-05,-0.019237270983178782,-1.9972614697064975e-05,0.005593148003790117,-8.327092850845984e-07,-5.992859001295193e-08,-0.00017027610434030196,-2.811475674275334e-06,-1.7427246669994537e-05,-1.4060595711970092e-06,0.008849329765833733,-0.007012325467279678
SPATC1,0.10623785519443935,0.13730040603331023,0.210261123973526,-0.02388299367356647,-0.00020903525654641274,-0.02160914161307341,-4.536115710983303e-06,-0.05135066431392759,-1.4321464597735885e-06,-1.1274455437100546e-05,0.0015826764095203567,1.3519444792662164e-07,-0.00018466135349567324,-2.527053196611262e-06,1.1652005095971193e-05,3.5107210925279048e-06
OPLAH,0.10629844822155585,0.13707329939071547,0.2104900433014083,-0.023829421927120353,-6.104482761202979e-05,-0.021701719354821777,-4.0076624643868626e-05,-0.05317164195463822,-6.643794323183501e-07,-6.550245926463365e-06,0.0019061588528485832,3.324067463618081e-07,-3.08174262021333e-05,-1.1168407253226434e-05,2.7824644324000946e-05,2.109989700433474e-06
MIR1205,0.11408930936790505,0.12381215249113632,0.19498405254517784,-0.011976110290736832,8.492085164288468e-07,-0.008521180748669047,2.3157501228943935e-05,0.10000763550697847,4.877304889390428e-06,1.4179012276820181e-05,-0.0006423764083819006,-1.3823462829759336e-06,0.0002512915895004832,5.758833643381078e-05,0.0001776125208215736,-0.000275729536476353
MROH1,0.10615066191139949,0.13776437647176337,0.20981467505956372,-0.02366336105895821,-7.236593919848715e-06,-0.023316969150943744,-2.1526527576682126e-07,-0.06419382993161091,7.166618942468759e-06,1.5313032364464446e-07,0.0017280372314251954,2.712754965461993e-10,-1.5775592282853693e-05,-5.57046856199216e-08,1.7614360108595434e-06,-3.6692427700429775e-06
PARP10,0.1062776405668764,0.1372811304714954,0.2104166448443087,-0.023820017644304893,-1.6965469220519072e-05,-0.02152257011497317,-1.3175183497208897e-06,-0.04902258407267918,-2.6079979707293135e-06,-4.4870814219942895e-05,0.0014474137159539782,2.715658849704605e-07,-0.00027567336530976143,-1.7146113480107882e-06,-2.5980397600566946e-06,-1.0035692126947106e-05
EXOSC4,0.10608548442085525,0.13714530762433455,0.21069160524049474,-0.023870711272510982,-1.95494848361279e-05,-0.02213835623316368,-6.24481313517526e-05,-0.0540683869472625,-9.145573426832199e-07,-2.6061432232253913e-06,0.0015689414983948084,3.92262307287192e-08,-6.119620754060321e-05,-3.1236201836767832e-06,2.9102781990130334e-05,-1.559717309968918e-06
GPAA1,0.10640296208517419,0.13730443224731145,0.2104699907235649,-0.023696539860864407,-1.5103362413628844e-05,-0.02232942461530731,-3.7304165486506206e-05,-0.05629764449367992,-1.0498996096070044e-06,-7.740905207320764e-06,0.0014175666408945168,2.8604918119079713e-07,-4.984253075173627e-05,-2.3617094357973513e-06,2.38491360552141e-05,-9.787571701150981e-07
FAM203A,0.10616153738117794,0.1377240576445077,0.21006280996629853,-0.02389128437165259,-2.5916475529895538e-05,-0.023020321156308244,-1.6864728870286459e-06,-0.06146773101635598,1.773013630393793e-06,-9.783504797872886e-08,0.0016786461891525168,3.673234541701963e-08,-3.659292482083436e-05,-3.390606109952251e-06,7.087821903169949e-06,3.1318340879556646e-07
SHARPIN,0.10630675692721714,0.13745788473853848,0.21020901711103765,-0.023726056979784582,-4.791627271175373e-06,-0.02259007226614403,-0.00011913292200036651,-0.05873009158898886,7.544525967855102e-08,-1.3506083688937982e-06,0.0015397506052215867,1.6974808412929943e-07,-7.373725482817641e-05,-9.079411842915997e-07,2.051802939385731e-05,1.2990276584926857e-06
CYC1,0.10631564679345994,0.13754735024641676,0.2101898786081606,-0.02378980932859131,-3.1812739469281775e-06,-0.022535734736447065,-6.112042093841852e-05,-0.058427106750100585,5.099784155562992e-08,-1.357849104526593e-06,0.001648529934088755,1.7207517637442945e-07,-7.028943247528412e-05,-1.2215408613711501e-06,2.1289192014068358e-05,1.2936161664267521e-06
MAF1,0.10626431720911236,0.13751069288843215,0.2102326198013062,-0.02378566101294204,-3.4198033892297676e-06,-0.022539925795288764,-7.122363106400789e-05,-0.058746698588015456,1.2986379774810393e-08,-1.2433934681813454e-06,0.0015071172613932088,1.5850941386990858e-07,-7.27219970359001e-05,-1.1450663194123288e-06,1.8895552071479875e-05,1.2330069517606915e-06
ADCK5,0.10540025804140757,0.13791759940973047,0.20907789917907502,-0.02351691843638855,3.6170389199306095e-13,-0.023559223900839855,2.5923769510441298e-14,-0.07230122559585893,0.0010122294389471077,0.0018851960210073506,0.0018047650698585678,8.044758408642127e-14,6.974066696743254e-05,1.492392130111158e-13,1.7310724138734017e-12,-2.6972803576772283e-12
ARHGAP39,0.10540025804140757,0.13791759940973047,0.20907789917907502,-0.02351691843638855,3.6170389199306095e-13,-0.023559223900839855,2.5923769510441298e-14,-0.07230122559585893,0.0010122294389471077,0.0018851960210073506,0.0018047650698585678,8.044758408642127e-14,6.974066696743254e-05,1.492392130111158e-13,1.7310724138734017e-12,-2.6972803576772283e-12
BOP1,0.10540025804140757,0.13791759940973047,0.20907789917907502,-0.02351691843638855,3.6170389199306095e-13,-0.023559223900839855,2.5923769510441298e-14,-0.07230122559585893,0.0010122294389471077,0.0018851960210073506,0.0018047650698585678,8.044758408642127e-14,6.974066696743254e-05,1.492392130111158e-13,1.7310724138734017e-12,-2.6972803576772283e-12
C8orf33,0.10540025804140757,0.13791759940973047,0.20907789917907502,-0.02351691843638855,3.6170389199306095e-13,-0.023559223900839855,2.5923769510441298e-14,-0.07230122559585893,0.0010122294389471077,0.0018851960210073506,0.0018047650698585678,8.044758408642127e-14,6.974066696743254e-05,1.492392130111158e-13,1.7310724138734017e-12,-2.6972803576772283e-12
C8orf82,0.10540025804140757,0.13791759940973047,0.20907789917907502,-0.02351691843638855,3.6170389199306095e-13,-0.023559223900839855,2.5923769510441298e-14,-0.07230122559585893,0.0010122294389471077,0.0018851960210073506,0.0018047650698585678,8.044758408642127e-14,6.974066696743254e-05,1.492392130111158e-13,1.7310724138734017e-12,-2.6972803576772283e-12
COMMD5,0.10540025804140757,0.13791759940973047,0.20907789917907502,-0.02351691843638855,3.6170389199306095e-13,-0.023559223900839855,2.5923769510441298e-14,-0.07230122559585893,0.0010122294389471077,0.0018851960210073506,0.0018047650698585678,8.044758408642127e-14,6.974066696743254e-05,1.492392130111158e-13,1.7310724138734017e-12,-2.6972803576772283e-12
CPSF1,0.10540025804140757,0.13791759940973047,0.20907789917907502,-0.02351691843638855,3.6170389199306095e-13,-0.023559223900839855,2.5923769510441298e-14,-0.07230122559585893,0.0010122294389471077,0.0018851960210073506,0.0018047650698585678,8.044758408642127e-14,6.974066696743254e-05,1.492392130111158e-13,1.7310724138734017e-12,-2.6972803576772283e-12
CYHR1,0.10540025804140757,0.13791759940973047,0.20907789917907502,-0.02351691843638855,3.6170389199306095e-13,-0.023559223900839855,2.5923769510441298e-14,-0.07230122559585893,0.0010122294389471077,0.0018851960210073506,0.0018047650698585678,8.044758408642127e-14,6.974066696743254e-05,1.492392130111158e-13,1.7310724138734017e-12,-2.6972803576772283e-12
DGAT1,0.10540025804140757,0.13791759940973047,0.20907789917907502,-0.02351691843638855,3.6170389199306095e-13,-0.023559223900839855,2.5923769510441298e-14,-0.07230122559585893,0.0010122294389471077,0.0018851960210073506,0.0018047650698585678,8.044758408642127e-14,6.974066696743254e-05,1.492392130111158e-13,1.7310724138734017e-12,-2.6972803576772283e-12
FAM203B,0.10540025804140757,0.13791759940973047,0.20907789917907502,-0.02351691843638855,3.6170389199306095e-13,-0.023559223900839855,2.5923769510441298e-14,-0.07230122559585893,0.0010122294389471077,0.0018851960210073506,0.0018047650698585678,8.044758408642127e-14,6.974066696743254e-05,1.492392130111158e-13,1.7310724138734017e-12,-2.6972803576772283e-12
FBXL6,0.10540025804140764,0.1379175994097304,0.20907789917907504,-0.0235169184363884,3.617038905565296e-13,-0.02355922390083991,2.5923769467618542e-14,-0.07230122559585955,0.0010122294389471283,0.0018851960210073697,0.0018047650698585077,8.04475838035285e-14,6.97406669675331e-05,1.492392117902349e-13,1.7310724071677777e-12,-2.697280361983792e-12
FOXH1,0.10540025804140757,0.13791759940973047,0.20907789917907502,-0.02351691843638855,3.6170389199306095e-13,-0.023559223900839855,2.5923769510441298e-14,-0.07230122559585893,0.0010122294389471077,0.0018851960210073506,0.0018047650698585678,8.044758408642127e-14,6.974066696743254e-05,1.492392130111158e-13,1.7310724138734017e-12,-2.6972803576772283e-12
GPT,0.10540025804140757,0.13791759940973047,0.20907789917907502,-0.02351691843638855,3.6170389199306095e-13,-0.023559223900839855,2.5923769510441298e-14,-0.07230122559585893,0.0010122294389471077,0.0018851960210073506,0.0018047650698585678,8.044758408642127e-14,6.974066696743254e-05,1.492392130111158e-13,1.7310724138734017e-12,-2.6972803576772283e-12
HSF1,0.10540025804140757,0.13791759940973047,0.20907789917907502,-0.02351691843638855,3.6170389199306095e-13,-0.023559223900839855,2.5923769510441298e-14,-0.07230122559585893,0.0010122294389471077,0.0018851960210073506,0.0018047650698585678,8.044758408642127e-14,6.974066696743254e-05,1.492392130111158e-13,1.7310724138734017e-12,-2.6972803576772283e-12
KIFC2,0.10540025804140757,0.13791759940973047,0.20907789917907502,-0.02351691843638855,3.6170389199306095e-13,-0.023559223900839855,2.5923769510441298e-14,-0.07230122559585893,0.0010122294389471077,0.0018851960210073506,0.0018047650698585678,8.044758408642127e-14,6.974066696743254e-05,1.492392130111158e-13,1.7310724138734017e-12,-2.6972803576772283e-12
LRRC14,0.10540025804140757,0.13791759940973047,0.20907789917907502,-0.02351691843638855,3.6170389199306095e-13,-0.023559223900839855,2.5923769510441298e-14,-0.07230122559585893,0.0010122294389471077,0.0018851960210073506,0.0018047650698585678,8.044758408642127e-14,6.974066696743254e-05,1.492392130111158e-13,1.7310724138734017e-12,-2.6972803576772283e-12
LRRC24,0.10540025804140757,0.13791759940973047,0.20907789917907502,-0.02351691843638855,3.6170389199306095e-13,-0.023559223900839855,2.5923769510441298e-14,-0.07230122559585893,0.0010122294389471077,0.0018851960210073506,0.0018047650698585678,8.044758408642127e-14,6.974066696743254e-05,1.492392130111158e-13,1.7310724138734017e-12,-2.6972803576772283e-12
MFSD3,0.10540025804140757,0.13791759940973047,0.20907789917907502,-0.02351691843638855,3.6170389199306095e-13,-0.023559223900839855,2.5923769510441298e-14,-0.07230122559585893,0.0010122294389471077,0.0018851960210073506,0.0018047650698585678,8.044758408642127e-14,6.974066696743254e-05,1.492392130111158e-13,1.7310724138734017e-12,-2.6972803576772283e-12
MIR1234,0.10540025804140757,0.13791759940973047,0.20907789917907502,-0.02351691843638855,3.6170389199306095e-13,-0.023559223900839855,2.5923769510441298e-14,-0.07230122559585893,0.0010122294389471077,0.0018851960210073506,0.0018047650698585678,8.044758408642127e-14,6.974066696743254e-05,1.492392130111158e-13,1.7310724138734017e-12,-2.6972803576772283e-12
MIR939,0.10540025804140757,0.13791759940973047,0.20907789917907502,-0.02351691843638855,3.6170389199306095e-13,-0.023559223900839855,2.5923769510441298e-14,-0.07230122559585893,0.0010122294389471077,0.0018851960210073506,0.0018047650698585678,8.044758408642127e-14,6.974066696743254e-05,1.492392130111158e-13,1.7310724138734017e-12,-2.6972803576772283e-12
PPP1R16A,0.10540025804140757,0.13791759940973047,0.20907789917907502,-0.02351691843638855,3.6170389199306095e-13,-0.023559223900839855,2.5923769510441298e-14,-0.07230122559585893,0.0010122294389471077,0.0018851960210073506,0.0018047650698585678,8.044758408642127e-14,6.974066696743254e-05,1.492392130111158e-13,1.7310724138734017e-12,-2.6972803576772283e-12
RECQL4,0.10540025804140757,0.13791759940973047,0.20907789917907502,-0.02351691843638855,3.6170389199306095e-13,-0.023559223900839855,2.5923769510441298e-14,-0.07230122559585893,0.0010122294389471077,0.0018851960210073506,0.0018047650698585678,8.044758408642127e-14,6.974066696743254e-05,1.492392130111158e-13,1.7310724138734017e-12,-2.6972803576772283e-12
RN7SL395P,0.10540025804140757,0.13791759940973047,0.20907789917907502,-0.02351691843638855,3.6170389199306095e-13,-0.023559223900839855,2.5923769510441298e-14,-0.07230122559585893,0.0010122294389471077,0.0018851960210073506,0.0018047650698585678,8.044758408642127e-14,6.974066696743254e-05,1.492392130111158e-13,1.7310724138734017e-12,-2.6972803576772283e-12
RPL8,0.10540025804140757,0.13791759940973047,0.20907789917907502,-0.02351691843638855,3.6170389199306095e-13,-0.023559223900839855,2.5923769510441298e-14,-0.07230122559585893,0.0010122294389471077,0.0018851960210073506,0.0018047650698585678,8.044758408642127e-14,6.974066696743254e-05,1.492392130111158e-13,1.7310724138734017e-12,-2.6972803576772283e-12
SCRT1,0.10540025804140757,0.13791759940973047,0.20907789917907502,-0.02351691843638855,3.6170389199306095e-13,-0.023559223900839855,2.5923769510441298e-14,-0.07230122559585893,0.0010122294389471077,0.0018851960210073506,0.0018047650698585678,8.044758408642127e-14,6.974066696743254e-05,1.492392130111158e-13,1.7310724138734017e-12,-2.6972803576772283e-12
SCXA,0.10540025804140757,0.13791759940973047,0.20907789917907502,-0.02351691843638855,3.6170389199306095e-13,-0.023559223900839855,2.5923769510441298e-14,-0.07230122559585893,0.0010122294389471077,0.0018851960210073506,0.0018047650698585678,8.044758408642127e-14,6.974066696743254e-05,1.492392130111158e-13,1.7310724138734017e-12,-2.6972803576772283e-12
SCXB,0.10540025804140757,0.13791759940973047,0.20907789917907502,-0.02351691843638855,3.6170389199306095e-13,-0.023559223900839855,2.5923769510441298e-14,-0.07230122559585893,0.0010122294389471077,0.0018851960210073506,0.0018047650698585678,8.044758408642127e-14,6.974066696743254e-05,1.492392130111158e-13,1.7310724138734017e-12,-2.6972803576772283e-12
SLC39A4,0.10540025804140757,0.13791759940973047,0.20907789917907502,-0.02351691843638855,3.6170389199306095e-13,-0.023559223900839855,2.5923769510441298e-14,-0.07230122559585893,0.0010122294389471077,0.0018851960210073506,0.0018047650698585678,8.044758408642127e-14,6.974066696743254e-05,1.492392130111158e-13,1.7310724138734017e-12,-2.6972803576772283e-12
SLC52A2,0.10540025804140757,0.13791759940973047,0.20907789917907502,-0.02351691843638855,3.6170389199306095e-13,-0.023559223900839855,2.5923769510441298e-14,-0.07230122559585893,0.0010122294389471077,0.0018851960210073506,0.0018047650698585678,8.044758408642127e-14,6.974066696743254e-05,1.492392130111158e-13,1.7310724138734017e-12,-2.6972803576772283e-12
TMEM249,0.10540025804140757,0.13791759940973047,0.20907789917907502,-0.02351691843638855,3.6170389199306095e-13,-0.023559223900839855,2.5923769510441298e-14,-0.07230122559585893,0.0010122294389471077,0.0018851960210073506,0.0018047650698585678,8.044758408642127e-14,6.974066696743254e-05,1.492392130111158e-13,1.7310724138734017e-12,-2.6972803576772283e-12
TONSL,0.10540025804140757,0.13791759940973047,0.20907789917907502,-0.02351691843638855,3.6170389199306095e-13,-0.023559223900839855,2.5923769510441298e-14,-0.07230122559585893,0.0010122294389471077,0.0018851960210073506,0.0018047650698585678,8.044758408642127e-14,6.974066696743254e-05,1.492392130111158e-13,1.7310724138734017e-12,-2.6972803576772283e-12
VPS28,0.10540025804140764,0.1379175994097304,0.20907789917907504,-0.0235169184363884,3.617038905565296e-13,-0.02355922390083991,2.5923769467618542e-14,-0.07230122559585955,0.0010122294389471283,0.0018851960210073697,0.0018047650698585077,8.04475838035285e-14,6.97406669675331e-05,1.492392117902349e-13,1.7310724071677777e-12,-2.697280361983792e-12
ZNF16,0.10540025804140757,0.13791759940973047,0.20907789917907502,-0.02351691843638855,3.6170389199306095e-13,-0.023559223900839855,2.5923769510441298e-14,-0.07230122559585893,0.0010122294389471077,0.0018851960210073506,0.0018047650698585678,8.044758408642127e-14,6.974066696743254e-05,1.492392130111158e-13,1.7310724138734017e-12,-2.6972803576772283e-12
ZNF250,0.10540025804140757,0.13791759940973047,0.20907789917907502,-0.02351691843638855,3.6170389199306095e-13,-0.023559223900839855,2.5923769510441298e-14,-0.07230122559585893,0.0010122294389471077,0.0018851960210073506,0.0018047650698585678,8.044758408642127e-14,6.974066696743254e-05,1.492392130111158e-13,1.7310724138734017e-12,-2.6972803576772283e-12
ZNF251,0.10540025804140757,0.13791759940973047,0.20907789917907502,-0.02351691843638855,3.6170389199306095e-13,-0.023559223900839855,2.5923769510441298e-14,-0.07230122559585893,0.0010122294389471077,0.0018851960210073506,0.0018047650698585678,8.044758408642127e-14,6.974066696743254e-05,1.492392130111158e-13,1.7310724138734017e-12,-2.6972803576772283e-12
ZNF252P,0.10540025804140757,0.13791759940973047,0.20907789917907502,-0.02351691843638855,3.6170389199306095e-13,-0.023559223900839855,2.5923769510441298e-14,-0.07230122559585893,0.0010122294389471077,0.0018851960210073506,0.0018047650698585678,8.044758408642127e-14,6.974066696743254e-05,1.492392130111158e-13,1.7310724138734017e-12,-2.6972803576772283e-12
ZNF34,0.10540025804140757,0.13791759940973047,0.20907789917907502,-0.02351691843638855,3.6170389199306095e-13,-0.023559223900839855,2.5923769510441298e-14,-0.07230122559585893,0.0010122294389471077,0.0018851960210073506,0.0018047650698585678,8.044758408642127e-14,6.974066696743254e-05,1.492392130111158e-13,1.7310724138734017e-12,-2.6972803576772283e-12
ZNF517,0.10540025804140757,0.13791759940973047,0.20907789917907502,-0.02351691843638855,3.6170389199306095e-13,-0.023559223900839855,2.5923769510441298e-14,-0.07230122559585893,0.0010122294389471077,0.0018851960210073506,0.0018047650698585678,8.044758408642127e-14,6.974066696743254e-05,1.492392130111158e-13,1.7310724138734017e-12,-2.6972803576772283e-12
ZNF7,0.10540025804140757,0.13791759940973047,0.20907789917907502,-0.02351691843638855,3.6170389199306095e-13,-0.023559223900839855,2.5923769510441298e-14,-0.07230122559585893,0.0010122294389471077,0.0018851960210073506,0.0018047650698585678,8.044758408642127e-14,6.974066696743254e-05,1.492392130111158e-13,1.7310724138734017e-12,-2.6972803576772283e-12
FGF4,0.05906932939923956,0.010868327101915414,0.00899147186365597,0.0021723403808446536,-0.014490100562097893,0.008183368540084715,-1.0837653165012249e-09,-2.2894428008704767e-05,8.461897991286908e-06,0.4931333265424461,-1.7925891386442213e-06,-7.010834066385737e-08,-0.00396393807119467,-0.009492167553465936,9.85484289189964e-06,-0.001978293014324619
KIAA1875,0.10641177661228186,0.13753076378501808,0.21019587458983324,-0.02368415524384881,-2.8703803749452323e-06,-0.022580645124403415,-4.080224582567129e-05,-0.059241144665385194,5.571750241956563e-07,-3.3583559275970746e-06,0.0015707297999196829,1.6176119344804374e-07,-2.566032763831787e-05,-8.381531444064362e-07,9.76178906989844e-06,-2.0404553830760003e-06
PLEC,0.10655556009652362,0.13743254926343312,0.21051813491126223,-0.024059980710279875,-3.3141277823539907e-06,-0.021288833820258184,-1.6869929995710394e-06,-0.046529306361928376,2.118066496261143e-06,-0.00035605682593359007,0.00011805607351131965,2.695681366347963e-07,-0.0006585799754984471,-2.328832723151165e-07,-3.401414431488929e-06,-1.6800927437127406e-05
ANO1,0.058620231739078266,0.012615873670942478,0.006466744221858032,-5.799563818580098e-06,-0.012589950430718018,0.007412454065570529,4.406873310786905e-07,1.9430966575515104e-05,-5.884763162308101e-07,0.4800647996428714,9.829230195073825e-06,4.543584828358727e-08,-8.433547195698624e-06,-0.011308501922658904,1.0244924571769948e-05,-0.0005117740522430431
FGF3,0.058812659784223335,0.01170606946108425,0.008307557555397898,0.0018939590545258994,-0.013617194026012958,0.007658400226985088,-1.810415188857386e-07,-3.0602534412442355e-05,1.4545058194210209e-05,0.49118535029499677,-1.5200458378874775e-06,9.578352517108697e-08,-0.004016677567985218,-0.01073951690305583,0.00015637601855487916,-1.8565994756144074e-05
DENND3,0.1048630696525206,0.13546879799728206,0.20934178296253197,-0.021356675662162664,1.0614805052785043e-05,-0.01871639754890063,-7.977323102179138e-06,0.005049995089877146,2.0799101801652752e-05,-9.349185075069365e-07,-0.0001071243865397915,7.10126611021992e-07,-2.1045239821681236e-06,-6.158850713428505e-07,0.0076778117145708995,-0.00575556594213895
GRINA,0.10631245549998353,0.137557406321145,0.2105896868652131,-0.02424119980284772,-3.0962229210529003e-06,-0.021122163431792226,-3.861284579565999e-06,-0.0469323752916168,1.7448310843345506e-06,-0.0001469676827613929,0.00015689261110582954,3.3165730648592445e-07,-0.0015805850593830681,-1.9591068999063655e-07,-3.7869665740475444e-06,-1.5347932095745877e-05
PPFIA1,0.05769166355486091,0.013718969241840236,0.005014916088405491,-0.0012417256358782157,-0.012940220547662402,0.00781653050673622,6.482854906583147e-07,8.919219939706987e-05,-7.80875732481859e-06,0.47387912452527164,-0.00010041936320866235,1.2162200719760977e-07,2.404134487451507e-05,-0.010482723147554976,5.114282307621718e-05,-3.073491924582181e-06
MIR1207,0.11416925229360468,0.1243652985777249,0.19569435648000236,-0.01253949657021364,-2.563646653068566e-06,-0.007942888367594214,9.002948951829965e-07,0.09882366818631005,1.3373398878184462e-05,3.212811904561395e-06,-0.00012821342063482256,-4.214691391996763e-07,1.5126588495084053e-05,0.0002144946064306535,6.912364037735396e-05,-0.00011297888936904513
CASC7,0.10361669341602855,0.13498093843593345,0.20733240853530172,-0.02253514207352176,5.7999995380666934e-05,-0.018167698923238506,-8.367540987062595e-06,0.008185792442743398,-6.876070390369546e-06,4.106063304542325e-07,-0.0010959722278086,-4.247559604194688e-06,-1.0469018169835507e-05,-1.4239403985638421e-06,0.0077017941184237115,-0.004735325729354235
RN7SL5P,-0.023298875246678827,-0.00031036021790164885,-0.00029065413515541106,-1.9135771635297124e-05,0.2843443139663115,0.006557579784591529,-0.004776001596017081,-0.00020198092933631948,-5.2767036800871024e-05,-2.4145071584562293e-05,1.2487262864547276e-06,-0.0711595930906612,5.010501138781647e-06,-0.00034605772222698144,-0.0004302511097809905,-2.1957777443476624e-05
MIR661,0.1065014349914763,0.1373793132978953,0.21074727704961044,-0.02390694656087435,-3.739545014016385e-06,-0.021287823072486823,-6.453306172236028e-06,-0.04540672870087188,1.0660814287636945e-06,-0.0016890404660673908,0.0001838159574355518,1.7805033105654458e-07,-0.00013304457560757066,-2.505698533113027e-07,-1.0400170384158094e-05,-2.6273044305093906e-05
IFNA21,-0.03297131337781545,0.00288206518380466,3.8209617869309115e-05,9.200184974981214e-06,0.2855571326636693,-2.3622162280024896e-05,9.586375095489173e-09,4.742688183525215e-06,-5.231244018520062e-06,-2.0283160048279274e-06,1.4883785239414966e-05,0.23568048935809816,-4.656995388345651e-06,-6.324297681032045e-07,-1.04827026001435e-05,-2.5291131087374288e-06
BCHE,0.20906903153393092,0.12157853032264176,-0.11355939257567225,-1.1927241074118841e-05,9.085470949224117e-06,-0.003292368533745826,-2.3736248570203506e-07,0.001013122885482728,8.933140846882065e-05,2.1793925084267733e-05,0.03196970846084963,-1.907881599729582e-06,4.027593253354045e-05,7.722141735256354e-05,-2.088951901380496e-05,-0.0006927006480257661
KLF5,-0.006801153453332202,0.0020019847927728296,4.647984775233798e-05,-0.015924060746818215,0.009000895530630727,0.00017807977146819568,0.3136140538975557,0.001284579059868231,0.0001329111595504271,3.0993305778110914e-05,-3.904002243132928e-05,2.3347004521345404e-06,1.577676485258734e-05,1.788717816919391e-05,0.05921050841717911,0.047194248527799396
CHRAC1,0.10357355400755368,0.13509473073725922,0.20742032080732825,-0.022634199813613105,4.0365971316593926e-05,-0.018324935737419678,-8.00498663495806e-06,0.008474620919589969,-5.869594669505678e-06,1.5904361279925915e-07,-0.0011348189005255538,-2.8041656858359996e-06,-9.924019060295887e-06,-7.043519591770885e-07,0.007682719374454041,-0.004661897325166093
TOP1MT,0.10577022659250337,0.13723784704563252,0.21011138682592934,-0.022939875947184708,0.00012127145093677915,-0.020808559829827118,2.0871411100961898e-08,-0.018779275489349143,-4.6855257275545944e-05,-0.00015356212907868474,-1.0519858043470994e-05,-7.0395598588721595e-06,-0.00033862414391638704,-1.855441217710782e-06,6.652583389820462e-07,-0.0003650369371179311
PCAT1,0.11448565359501162,0.1244377714962308,0.19464777925106383,-0.012942112456642618,-2.5025681610443523e-06,-0.005650160835374812,6.851841773913743e-05,0.10369122729836881,0.0008085210824747599,0.0010713822979037757,-0.00028957800226343637,3.95764509066694e-06,0.0019067335711192004,4.8160908217167e-06,0.0006419123002946451,1.1229805607492598e-05
ZC3H3,0.10680452222438663,0.13700199148810768,0.21001378101059653,-0.02303244129893047,1.3704956027768137e-05,-0.020720835613975044,-1.666819331035283e-08,-0.027853422056617796,-4.77804132443254e-06,-9.7080441202528e-05,5.294859820664424e-06,-2.2547157594757935e-05,-0.00039103276578741713,-4.987002509719197e-06,-2.2773538656088934e-05,-2.4276075694401708e-05
LINC00392,-0.0036395981432519255,0.0036019287429729053,9.608331824335854e-05,-0.011182611832052852,0.011053028521003119,0.0012687464488410733,0.311214107408443,0.0010107897453675123,5.023224016426401e-05,1.8069943093337e-05,5.993084058105545e-05,-5.5271047798900085e-06,-2.381505934350478e-05,6.433380239335388e-06,0.05721064398417179,0.04534548133549689
MIR1208,0.11473813745022797,0.12375265813779567,0.19653993272204534,-0.011982694939009211,1.143055802744561e-05,-0.006611311621138809,1.1350315113196018e-06,0.09675486062583546,-4.1633222589089866e-05,6.9466668622015635e-06,-6.21817072191163e-05,2.8463102784414414e-07,1.0591672344387356e-05,0.00035683044959483335,1.0676868813253907e-05,-0.00013772418595243592
EPPK1,0.10648651689056077,0.1370461487120276,0.21096881229137784,-0.023558316109132577,3.6691021503374064e-07,-0.02136801595010409,-1.611024809902595e-06,-0.041641471544168876,-1.9836441910297872e-07,-0.0026809001668596415,2.7880435197695952e-05,2.05362415862535e-07,-0.0004498466782055528,-2.317737568616433e-08,-8.264010432935382e-06,-1.818065078747813e-05
ZNF623,0.10627422053539252,0.13747078314987562,0.21063867462393301,-0.023895657926115983,1.9711706748739086e-05,-0.021300990403228994,1.1332073550986605e-07,-0.03630792477559136,-4.847320008789204e-06,-0.0011256865278500613,-8.293025243023665e-06,-2.7275296639045652e-05,-0.0017164385803647077,-2.029788062609694e-06,-1.4606985761488401e-05,-1.041562172720473e-05
7SK|ENSG00000254144.2,0.10669923596743942,0.1370535705064347,0.21041620651929913,-0.023287033499933198,4.7046105803255266e-05,-0.021331506576980283,2.356031628768049e-07,-0.03267126823350761,-3.2696205603062977e-06,-0.00026698571928202144,-7.281513022831666e-06,-1.5273948414816796e-05,-0.000275012736979327,-2.4737350601425555e-06,-1.2072170888989805e-05,-2.531278503355343e-05
GSDMD,0.10669923596743942,0.1370535705064347,0.21041620651929913,-0.023287033499933198,4.7046105803255266e-05,-0.021331506576980283,2.356031628768049e-07,-0.03267126823350761,-3.2696205603062977e-06,-0.00026698571928202144,-7.281513022831666e-06,-1.5273948414816796e-05,-0.000275012736979327,-2.4737350601425555e-06,-1.2072170888989805e-05,-2.531278503355343e-05
PCAT2,0.11475377471411681,0.12444931560601914,0.1946936723664544,-0.014028395348023106,-3.909486826707584e-06,-0.006229241403628266,1.8329384643803862e-05,0.10312772242069122,0.00021311676863496835,0.0023361427194439543,-0.0006557246873233714,8.015410291154655e-07,0.0029643211546478638,2.8193448330868223e-06,0.0008579417955395967,7.1721574027174555e-06
MIR151A,0.10445441592785416,0.13550246619506287,0.20959010470197903,-0.021933215164690278,5.646235801585306e-06,-0.01863294603715567,-8.21055490083812e-06,0.005523855314880635,4.24221707887248e-06,-1.2533981323489201e-06,-0.00029426687557308106,3.5980952829061e-07,-9.740088839646502e-06,-1.1294137634654721e-06,0.008597179888796663,-0.006894142176975609
PTK2,0.10445441592785416,0.13550246619506287,0.20959010470197903,-0.021933215164690278,5.646235801585306e-06,-0.01863294603715567,-8.21055490083812e-06,0.005523855314880635,4.24221707887248e-06,-1.2533981323489201e-06,-0.00029426687557308106,3.5980952829061e-07,-9.740088839646502e-06,-1.1294137634654721e-06,0.008597179888796663,-0.006894142176975609
RNA5SP278,0.10445441592785416,0.13550246619506287,0.20959010470197903,-0.021933215164690278,5.646235801585306e-06,-0.01863294603715567,-8.21055490083812e-06,0.005523855314880635,4.24221707887248e-06,-1.2533981323489201e-06,-0.00029426687557308106,3.5980952829061e-07,-9.740088839646502e-06,-1.1294137634654721e-06,0.008597179888796663,-0.006894142176975609
TSTA3,0.10604661746248732,0.13751818831277837,0.21074721478316055,-0.024269941273713045,3.818784851926434e-05,-0.021111675146066513,1.7287956616141905e-07,-0.03536239551760934,-6.154624369662374e-06,-0.0007533596194149043,-1.3931220458048829e-05,-2.7862600659869887e-05,-0.0008726826376885493,-4.47287023078105e-06,-2.336437261659156e-05,-2.0615183551071472e-05
SV2A,0.06261085214418147,0.006739696710512167,0.034318561239423236,0.2817957135565531,2.947104339483008e-06,-5.388095314592765e-05,9.140764308877133e-06,-8.68608588653955e-05,6.63149691205148e-05,2.197849004063863e-05,-3.5746161984095136e-05,-1.0524059093483758e-06,1.544757098771941e-06,5.649065004310877e-05,5.628147632938029e-05,-6.278310390688895e-05
NRBP2,0.10586622496284864,0.13630448596809744,0.2108412188293237,-0.02337499048310996,2.3630448590489003e-06,-0.020956906674225544,-5.048096709012149e-06,-0.040450211189419695,-5.680746518851524e-06,-0.00013816578906790869,3.4781164629605836e-06,-7.078102762354382e-07,-0.00014117233654426764,-5.43226705099969e-06,-6.0215465281816336e-05,2.9948063688775454e-05
TIGD5,0.10657874413060169,0.13734961099201676,0.21062115722252847,-0.023825489888460748,0.00035632412349329446,-0.02101982582069393,5.393246780223676e-07,-0.03366219224577061,-4.025498726138255e-06,-0.000504686609741943,-3.4702212999548676e-06,-1.2188830493750262e-05,-0.00026572784176299085,-9.43621684448115e-06,-1.2249086643242954e-05,-3.124889881375638e-05
EEF1D,0.10657732409974978,0.13740899173812465,0.21066670298721402,-0.023300942102250533,7.212742645524733e-05,-0.021348196829849085,3.595711241670545e-07,-0.03274242860437274,-2.8859526657323584e-06,-0.00018636588978041354,-6.0635398997471e-06,-9.634117425010995e-06,-0.0002985254024477007,-3.990730575350239e-06,-1.5648878566965578e-05,-2.9628077548382905e-05
SLC45A4,0.10549354603790521,0.135811193611616,0.20904385799438924,-0.021567664073626654,3.0268877905695265e-06,-0.019412534594723023,-1.3361309542630957e-06,0.0001815444262985351,1.9795210868356867e-05,-2.467752562751661e-06,-6.365423062914168e-05,-4.472583184597227e-06,-1.0173764133006464e-06,-2.4484225202312676e-06,0.005109877040315154,-0.006431609522038138
RN7SKP226,0.11417872258712239,0.12415956849141932,0.19717015421691925,-0.011693001744999303,7.182094131370451e-06,-0.0065292417432300685,6.727053082186416e-07,0.09539702417674714,-2.475515224213625e-05,7.62353278495742e-06,-0.00013126743606683983,3.6919253072224663e-07,4.540251739781258e-05,7.49618772365411e-05,1.741286174305752e-05,-0.0006458333225019408
PYCRL,0.10645192380906239,0.13739011352915767,0.21067462386577435,-0.023917871354581854,0.0005140274129389295,-0.02102588951409715,3.725749815269398e-07,-0.033881485865476714,-4.837530109931002e-06,-0.0007818581391955945,-3.1523591166496675e-06,-6.433195133774455e-06,-0.00031811462243042245,-1.0964936673051571e-05,-5.968235723176584e-06,-2.962963846441305e-05
PUF60,0.1058390435381209,0.13626458835524732,0.21099041960781517,-0.023552984621204635,3.4170708471517164e-06,-0.02075778764598207,-5.726243947613667e-06,-0.0399340651879166,-6.533034974082398e-06,-0.00010344942139931347,1.2372725134059006e-06,-4.118827710808345e-07,-0.00014592130593915387,-9.290736535164567e-06,-3.602573816849758e-05,3.864910932371075e-05
MROH6,0.10659802451019684,0.13737860217524012,0.21067331252515156,-0.023332189490339876,6.478900870258572e-05,-0.021296855592821382,2.4098711695604933e-07,-0.03275410418784345,-3.1545958604046302e-06,-0.00011739790036548955,-1.1483033121030761e-05,-1.1118341915293935e-05,-0.0002971820242144144,-3.4463135240205175e-06,-1.215525101932997e-05,-2.3994137791371213e-05
NAPRT1,0.10659802451019684,0.13737860217524012,0.21067331252515156,-0.023332189490339876,6.478900870258572e-05,-0.021296855592821382,2.4098711695604933e-07,-0.03275410418784345,-3.1545958604046302e-06,-0.00011739790036548955,-1.1483033121030761e-05,-1.1118341915293935e-05,-0.0002971820242144144,-3.4463135240205175e-06,-1.215525101932997e-05,-2.3994137791371213e-05
RHPN1,0.10568837341441398,0.13713993993096515,0.20984220009699217,-0.02254057448251838,7.650142543464368e-05,-0.020681727392149317,-2.8826309538986006e-07,-0.021540438324224382,-5.455963295895509e-05,-4.833026787779051e-05,-3.4778558390992405e-05,-1.208178577957648e-05,-0.0002214385680194697,-1.9429436643596697e-06,-1.7119243446936506e-05,-0.0001681805182990653
MIR548K,0.05800890100357683,0.013601556182979773,0.005224956723102246,-0.0003148272016666168,-0.012577484497809302,0.0072052435660336,6.029845433785665e-07,-2.80020793958853e-06,-3.4214404736173178e-06,0.4754526899034655,-6.278484662492984e-05,-4.881058877866811e-07,1.0187934757967049e-05,-0.010352609537375771,2.8163856334429984e-06,-4.210365109541878e-05
GLIS3,-0.019071039988476216,-0.0005318547996303764,-5.5784102093118607e-05,0.0012884846382854329,0.30049812807181103,7.363474735644482e-05,-1.599915456155053e-06,0.0019567679870210364,2.239823064268396e-05,9.84960955237743e-07,0.0005408690950240836,-0.12598961647203755,1.313672460066014e-05,-2.2561134811491705e-06,5.773396837411125e-05,-3.939798284661122e-05
SCRIB,0.10612784423630127,0.13654277187617503,0.21099805535942867,-0.023697755029203994,3.7926374659369033e-06,-0.020985247211266742,-3.7012141101740665e-06,-0.03972504118500787,-5.092215482066298e-06,-0.00017334768973334676,4.101318711797435e-06,-1.2007812500578248e-06,-3.17573568195575e-05,-1.1307429675578665e-05,-3.4724559392647826e-05,3.240227573259767e-05
MIR937,0.10587619180416237,0.13633207668219283,0.21098771197253063,-0.023661382287088882,4.323926374538862e-06,-0.020758293320350903,-3.29862645330246e-06,-0.03940106806068591,-7.013680619229373e-06,-0.00012961068233373495,1.0916894545365784e-06,-8.453257364858119e-07,-8.441754761990067e-05,-1.0741571310628903e-05,-3.8800164092941676e-05,3.957985924265678e-05
CTTN,0.05791226080800147,0.013312594711206792,0.005167337360951012,-0.0007332889066721806,-0.011424190204835705,0.007746550904370997,2.7604339512135437e-07,5.2459492283997184e-05,-4.533891581689423e-06,0.4690917612208045,-1.324427754350763e-05,9.614137292378902e-07,8.942638156333641e-05,-0.011645902900350415,-1.918218480349002e-05,-6.739019374758704e-07
CCDC26,0.11195448724016403,0.12639143500056854,0.19898471174248242,-0.01732399986267917,3.37839451025562e-06,-0.012159377677653764,4.940714760496871e-07,0.08900322900257633,-5.6128794755515415e-06,-2.67716269029546e-05,-0.002917705754079605,2.920441053833033e-07,0.0018756947056127375,7.432770638383837e-06,0.0007521912698585151,-0.003479899206897268
CSMD3,0.10082651856030987,0.11986347967624278,0.18769441123990716,-0.014295319164021164,6.913233034166016e-06,-0.0014282854054026692,-5.784758694480016e-07,0.08767626715322695,0.0012310199229924402,9.93995138275583e-05,-0.004027764883859927,4.723273978058041e-05,1.8432733084135516e-05,-1.541238216679257e-06,3.3013529629317474e-06,-0.00038025248651380307
C8orf17,0.10396376549841695,0.1337404914615891,0.2081970029778533,-0.02214987278349461,4.989040352525398e-05,-0.018541446425557506,-2.0002093409319452e-07,0.01251590652503073,2.8532180512698577e-05,-2.988280675146837e-06,-0.0004468908162164398,-6.265055270790915e-07,-2.673518142128735e-05,-1.9056637184055148e-06,0.005713780404296548,-0.001691505876552825
FADD,0.058378202208910046,0.013022978315032647,0.006471179529632,-0.000236374851894628,-0.012866475430718042,0.007538029110760555,4.5115576362441237e-07,-4.9529302653149666e-05,-5.856734712251599e-06,0.47743057209732737,-8.974614614125345e-06,-4.001451449030785e-07,8.752575662964687e-06,-0.012167483394283285,2.368017083858689e-05,-3.6507097429039196e-05
KCNK9,0.1042760028643265,0.13446910700929102,0.20807344543492817,-0.02171527521535531,1.931214595334126e-06,-0.018858305003581568,-2.360192205588427e-07,0.01406780386617614,1.769657700196528e-05,-1.2588307008970376e-05,-0.0013766266889600443,9.315592528822093e-07,9.17461460877391e-06,-2.909442878909212e-06,0.007377525356209261,-0.00032374919261194735
CCDC166,0.10675809434246372,0.13713104453740413,0.21115901313931973,-0.023634343425829624,1.0634228051451314e-06,-0.021090932103265465,1.4570353359613027e-08,-0.03829033364971397,-3.148279182118217e-06,-0.0027216479134697827,4.368859724098057e-07,-1.480792309817768e-06,-0.0006268517939852106,-4.126993001212749e-07,-7.819945816053273e-05,-9.206454005135757e-06
FAM83H,0.10675809434246372,0.13713104453740413,0.21115901313931973,-0.023634343425829624,1.0634228051451314e-06,-0.021090932103265465,1.4570353359613027e-08,-0.03829033364971397,-3.148279182118217e-06,-0.0027216479134697827,4.368859724098057e-07,-1.480792309817768e-06,-0.0006268517939852106,-4.126993001212749e-07,-7.819945816053273e-05,-9.206454005135757e-06
MAPK15,0.10675809434246372,0.13713104453740413,0.21115901313931973,-0.023634343425829624,1.0634228051451314e-06,-0.021090932103265465,1.4570353359613027e-08,-0.03829033364971397,-3.148279182118217e-06,-0.0027216479134697827,4.368859724098057e-07,-1.480792309817768e-06,-0.0006268517939852106,-4.126993001212749e-07,-7.819945816053273e-05,-9.206454005135757e-06
MIR4664,0.10675809434246368,0.13713104453740413,0.2111590131393197,-0.02363434342582963,1.0634228051451714e-06,-0.02109093210326547,1.4570353359612735e-08,-0.03829033364971398,-3.1482791821182344e-06,-0.002721647913469793,4.36885972409868e-07,-1.4807923098177544e-06,-0.0006268517939852067,-4.1269930012128907e-07,-7.819945816053599e-05,-9.206454005136e-06
ZNF707,0.10675809434246372,0.13713104453740413,0.21115901313931973,-0.023634343425829624,1.0634228051451314e-06,-0.021090932103265465,1.4570353359613027e-08,-0.03829033364971397,-3.148279182118217e-06,-0.0027216479134697827,4.368859724098057e-07,-1.480792309817768e-06,-0.0006268517939852106,-4.126993001212749e-07,-7.819945816053273e-05,-9.206454005135757e-06
IFNW1,-0.033446135687973874,0.003041884367238776,1.8305345864367485e-05,2.0022430670073018e-05,0.28546789951080453,4.8399486194413894e-05,7.72353698812733e-08,2.7218899324041317e-06,-7.0243988853132126e-06,-7.149236401807518e-07,1.5764221672483622e-05,0.23017717110201516,-1.6044759183786722e-06,-1.0927049889584318e-06,3.242414774043122e-06,4.200144832079437e-06
MAFA,0.10604280831359092,0.13758335442195932,0.2099689395024105,-0.022715822317373194,4.780897447760642e-05,-0.02068690606330113,-8.334702869612207e-07,-0.023271303356255678,-2.005034967453104e-05,-0.00011491161068322107,-8.437206872536038e-06,-1.3010380792782517e-05,-2.0978219675581705e-05,-1.8428968231578899e-06,-2.3355882801140277e-05,-3.977657790253298e-05
ZNF696,0.10648022679446549,0.1375440494107942,0.21099027480951982,-0.023198952003793072,0.0001114189077235555,-0.021159790803401052,-1.958757287319105e-07,-0.01699398838026565,-2.6967268266834597e-05,-0.0010298837945008695,8.728859759918208e-07,-3.0975720670025803e-06,-0.00010401186829045114,-1.991849097494347e-06,-5.27085982983868e-06,-0.0011008460986453332
GML,0.10608336387445376,0.13665312988902145,0.21130363507094188,-0.021729480852074882,-1.7775144596032804e-08,-0.021654009896874243,-1.7601062834710356e-06,-0.012252749823630463,-2.7145069173010703e-06,-3.9443838829333164e-06,1.327743092941889e-06,-4.040562550324274e-06,-0.002017305186689226,1.436150153814247e-06,3.1874164151006414e-05,-0.003690764999877612
CYP11B2,0.10606465315085076,0.1367176640797179,0.21130403063847406,-0.021869305612175417,-6.760680928078667e-08,-0.02170205244523668,-1.8548445806366017e-06,-0.012253214650533343,-2.5869345108913232e-06,-4.954624073073487e-06,1.295915014849377e-06,-4.179027400416808e-06,-0.0019625495308445884,1.2830652925817521e-06,2.96761886754573e-05,-0.003781422597953377
LY6H,0.10650379184819786,0.13700835037109182,0.21122153353562012,-0.022544063290308357,2.629336622039628e-05,-0.02103350905968691,-2.1916598326746724e-06,-0.01833758181888211,-3.9036880463504104e-05,-0.0004052488071072225,2.3296168577718907e-06,-4.076969896302481e-06,-0.0016108559601766801,-8.189948284689043e-07,2.9139257069642213e-06,-0.0029468559073463022
CYP11B1,0.1060857213093304,0.13655453267290624,0.2113747634524657,-0.02167049965859929,1.324567983333519e-07,-0.021717337070132774,-2.137680075362165e-06,-0.012508637268656071,-5.527456557623617e-06,-4.139918182678052e-06,2.026412809225123e-06,-7.772126295965049e-06,-0.001501223576572943,1.0676013980394494e-06,7.046277744564645e-05,-0.00425088768842551
ZFP41,0.10702714701301883,0.13747155219818472,0.21105126284188733,-0.022723694786333376,2.3630870611536614e-05,-0.021063814227994967,-4.0766391879218704e-07,-0.0180784355289786,-2.211439762044345e-05,-0.00013594867763968535,3.818100733054731e-07,-4.703835298644495e-06,-0.0002462143795986521,-1.333635060854738e-06,-4.7630320087582495e-06,-0.0007628320609280154
GLI4,0.10702714701301883,0.13747155219818472,0.21105126284188733,-0.022723694786333376,2.3630870611536614e-05,-0.021063814227994967,-4.0766391879218704e-07,-0.0180784355289786,-2.211439762044345e-05,-0.00013594867763968535,3.818100733054731e-07,-4.703835298644495e-06,-0.0002462143795986521,-1.333635060854738e-06,-4.7630320087582495e-06,-0.0007628320609280154
C8orf31,0.10582929844125818,0.13714939673769516,0.21123409100713358,-0.021720394419385426,9.168311917117082e-06,-0.02168558031572322,-2.181646991335189e-06,-0.015159543702247308,-2.6083735983171174e-05,-4.54441341264542e-05,-1.0775509681863696e-05,-9.774727868271692e-06,-0.0017442447321389242,-6.851349274503673e-08,6.569184990232094e-05,-0.003927881599358256
GPIHBP1,0.10712381100209847,0.13716667484075595,0.21093968548807301,-0.02250618944513262,2.7451505365099833e-05,-0.020941289796746653,-5.105409899440004e-07,-0.017771641547588667,-4.4798105064031734e-05,-0.0008162964923439331,7.725822196183507e-06,-2.568893332056551e-06,-8.472280349603339e-05,-1.3181988255059743e-06,3.108140925434952e-07,-0.003385700138888361
PARP8,0.025708522161428937,-0.00045917902518167927,-0.0017377715688394228,0.002077093312391998,3.6686670872144673e-06,-0.0068667806686551845,0.0002505376178607553,0.0016833453648151557,0.008169710922574782,0.02106070995803857,-3.4490863842750665e-05,7.796968117754531e-06,0.06058250223472427,0.3177225420533239,0.000362998203373761,0.0004406819894345765
MYEOV,0.059150719331560186,0.008336965302286543,0.010364402785008504,0.00025671889388623106,-0.012326995294395404,0.00995555487566375,-2.0735586317482108e-06,8.491166674995977e-05,6.359838380268457e-06,0.4739018474066745,0.00016263230418736509,1.1764472078648875e-06,-7.802546485364918e-06,-0.010640828172139686,-3.345281448685225e-05,5.8798183601626085e-05
CT64,0.20362268130359565,0.1197342857881643,-0.11074741291511235,4.73466558856807e-06,4.790513078807555e-05,-0.0066287090881367,-1.7851335823039753e-08,0.00011864666178049163,4.9868343354668554e-05,1.715160612521841e-05,0.02694196491060936,-1.1620509149622405e-06,0.00013888771202331347,6.71659226762623e-05,-5.7568325298817724e-05,-0.0003452180493137904
GPR20,0.10574368305441048,0.13669540970220342,0.2098312817048571,-0.020949862849865268,2.124537472011161e-06,-0.02073751282586984,-2.0759602541239367e-06,-0.0005856733282359084,-1.1216508230736154e-05,-2.681156724679031e-06,-0.00023342020900043789,-3.308353118524201e-06,-0.0005061804404004344,2.845050877879627e-06,0.00044526673505360104,-0.0005779241281178945
LINC00051,0.10574368305441048,0.13669540970220342,0.2098312817048571,-0.020949862849865268,2.124537472011161e-06,-0.02073751282586984,-2.0759602541239367e-06,-0.0005856733282359084,-1.1216508230736154e-05,-2.681156724679031e-06,-0.00023342020900043789,-3.308353118524201e-06,-0.0005061804404004344,2.845050877879627e-06,0.00044526673505360104,-0.0005779241281178945
MROH5,0.10574368305441048,0.13669540970220342,0.2098312817048571,-0.020949862849865268,2.124537472011161e-06,-0.02073751282586984,-2.0759602541239367e-06,-0.0005856733282359084,-1.1216508230736154e-05,-2.681156724679031e-06,-0.00023342020900043789,-3.308353118524201e-06,-0.0005061804404004344,2.845050877879627e-06,0.00044526673505360104,-0.0005779241281178945
PTP4A3,0.10574368305441048,0.13669540970220342,0.2098312817048571,-0.020949862849865268,2.124537472011161e-06,-0.02073751282586984,-2.0759602541239367e-06,-0.0005856733282359084,-1.1216508230736154e-05,-2.681156724679031e-06,-0.00023342020900043789,-3.308353118524201e-06,-0.0005061804404004344,2.845050877879627e-06,0.00044526673505360104,-0.0005779241281178945
SNORD5|ENSG00000238854.1,0.10574368305441048,0.13669540970220342,0.2098312817048571,-0.020949862849865268,2.124537472011161e-06,-0.02073751282586984,-2.0759602541239367e-06,-0.0005856733282359084,-1.1216508230736154e-05,-2.681156724679031e-06,-0.00023342020900043789,-3.308353118524201e-06,-0.0005061804404004344,2.845050877879627e-06,0.00044526673505360104,-0.0005779241281178945
TSNARE1,0.10574368305441048,0.13669540970220342,0.2098312817048571,-0.020949862849865268,2.124537472011161e-06,-0.02073751282586984,-2.0759602541239367e-06,-0.0005856733282359084,-1.1216508230736154e-05,-2.681156724679031e-06,-0.00023342020900043789,-3.308353118524201e-06,-0.0005061804404004344,2.845050877879627e-06,0.00044526673505360104,-0.0005779241281178945
BAI1,0.10553716599110305,0.13703173160985338,0.21093015819882183,-0.021849251622433147,-2.9301726015323056e-07,-0.021452471521115887,-1.1060594368923421e-06,-0.009387778658558311,-4.984796358885497e-06,-1.2300118044030745e-05,1.1205653827086493e-06,-2.2714788323828802e-05,-0.0031517964658546735,3.28309140087713e-06,0.00023091215499337482,-0.0011441749293829954
LPAR6,-0.03393687390178962,-1.9526886100258787e-05,5.011206216317281e-06,-0.01940168278080762,0.003902347943430846,-9.078011619765098e-05,0.32186315573667046,6.545489437604011e-05,6.577081702664977e-06,-4.880294693222367e-07,2.4229428769397206e-05,7.19752484334958e-07,-1.6984977878621382e-05,-0.009245575306599023,0.21702475516971434,0.20327404836462765
ELAVL2,-0.03263733994747415,0.00015639085859135273,6.742968576717804e-05,0.0006836044113248675,0.26262039086367356,-0.000505836065906298,0.0013909466630495947,-4.203832910097697e-05,-4.5758914649196966e-06,-2.8745442065602616e-05,4.1025593062953694e-05,0.1457202955329133,4.4391274736218505e-05,-0.0008194730278874629,-0.00011375345248466392,0.0007361354132815739
LY6E,0.1056959586851667,0.1367457497287251,0.211941688819905,-0.0218262049009365,3.5385457815862582e-06,-0.02177280876632046,-9.436664882319616e-07,-0.014213414636648299,-1.0590951589114252e-05,-3.340926501695967e-05,-1.0962538750172556e-05,-8.735125933872095e-06,-0.0034915469748411565,1.491511585792954e-07,0.00010559121909568169,-0.0039528310093435385
ARC,0.10577493792143271,0.1365265302425208,0.2115463181880998,-0.02174767332327875,-2.782330185450455e-07,-0.021762613074283142,-9.474820607437098e-07,-0.010657256206257515,-4.2006015739293795e-06,-8.481389902094417e-06,-1.043288300201638e-06,-7.679905271851736e-06,-0.0012392400768901802,3.8423517395265474e-07,0.00013179489257017678,-0.0031251188450792653
FAM135B,0.10509134319944669,0.13332712034253266,0.20724506998691528,-0.020581586695752458,4.22349144667514e-05,-0.018383177865374852,2.1481666516856857e-08,0.021835263114985896,-2.6875374698825664e-05,-0.0007302266827070903,-6.430036853673671e-05,-3.592513748438607e-07,-1.6809909695069796e-05,-2.1554264183475703e-06,0.006294065994712974,-0.00011551179329520832
LY6K,0.10601248417693457,0.13669294166427606,0.2117428734199344,-0.02146438404573273,1.0093231082435594e-07,-0.02139807247622144,-1.4917406454524587e-06,-0.011718191582925285,-4.796636154094586e-06,-4.208453547119059e-06,5.285803126300867e-07,-1.2859478015858524e-05,-0.0023146920374548345,1.939985351500313e-06,0.0001197737926009447,-0.003544662699144456
COL22A1,0.10558941465892295,0.13302675543865464,0.20811638107347946,-0.020441257011326874,2.326110616568374e-05,-0.01775744440348379,3.755512468931323e-07,0.02050930662197364,2.861501513127032e-06,-0.0027362080209066596,-9.689842540099739e-06,9.483547844713814e-07,-1.2358507210114725e-05,-4.207661466046409e-06,0.007530984187506847,-0.00014363769381008098
PSCA,0.10611788684232838,0.13657927919114526,0.21179071567842914,-0.021471010400538428,-5.347648368869398e-07,-0.021461386782742203,-1.1206776876337386e-06,-0.011637517697025137,-4.770243792376259e-06,-4.407171139055248e-06,-8.002540461059366e-07,-1.3251831587621113e-05,-0.002455049236342005,1.8631764353234077e-06,0.00012455417230709996,-0.0035488172562523064
THEM6,0.10604685582010534,0.13661184347056143,0.21181981312248513,-0.02152475514155573,-3.709654452257372e-07,-0.02139709490047722,-1.191324307702292e-06,-0.011724510360847852,-4.903262522662273e-06,-5.086099634706339e-06,-5.057832055239467e-07,-1.3839812773869804e-05,-0.002407674783917453,1.6976278591064106e-06,0.0001173307406117892,-0.0036474344207917445
LY6D,0.10627409270033511,0.13660718529260565,0.2118501760779317,-0.02163230337575106,4.090182716848389e-07,-0.021531328833065,-1.0724996279809312e-06,-0.012614559784542387,-6.455756251815409e-06,-8.619516616971992e-06,-5.332086185069225e-06,-5.8134419834587425e-06,-0.0038687775406301174,4.19306506609753e-07,9.647169188216775e-05,-0.004752683933473263
LYNX1,0.10627409270033511,0.13660718529260565,0.2118501760779317,-0.02163230337575106,4.090182716848389e-07,-0.021531328833065,-1.0724996279809312e-06,-0.012614559784542387,-6.455756251815409e-06,-8.619516616971992e-06,-5.332086185069225e-06,-5.8134419834587425e-06,-0.0038687775406301174,4.19306506609753e-07,9.647169188216775e-05,-0.004752683933473263
JRK,0.10595502453029487,0.13661229237690434,0.21160028377396872,-0.021837866276375083,-6.358407353936319e-07,-0.021409852787044346,-1.0277417351877165e-06,-0.011644696008818322,-4.8844923381476e-06,-6.183364936672436e-06,7.732041080858318e-08,-1.4487423158421779e-05,-0.00046714552322679325,6.360581895727236e-07,6.227649878126789e-05,-0.00306593852145408
SLITRK3,0.2073592709379806,0.12196357729078554,-0.11396015172628202,2.1201429015563674e-05,1.5070563536901432e-05,-0.005771392656874032,5.717860466747966e-07,0.003083691075914317,7.642864297039042e-05,1.474506777797067e-05,0.030629588849160675,-4.3910125261725684e-06,0.0001381760665093281,2.2235627480309174e-05,-3.0348857606976945e-05,-0.0004472205858761531
SLURP1,0.10601864758464537,0.13653829448721252,0.21190122922049437,-0.02155486656263162,-4.123936063671077e-07,-0.021304709004643683,-1.2808934039840174e-06,-0.011965396539892122,-6.129119701605586e-06,-5.672187480694273e-06,-2.504968154444496e-07,-1.0942969080609891e-05,-0.002415997938715322,1.3352829099977105e-06,9.76173850437581e-05,-0.003673357690318855
LYPD2,0.10601864758464537,0.13653829448721252,0.21190122922049437,-0.02155486656263162,-4.123936063671077e-07,-0.021304709004643683,-1.2808934039840174e-06,-0.011965396539892122,-6.129119701605586e-06,-5.672187480694273e-06,-2.504968154444496e-07,-1.0942969080609891e-05,-0.002415997938715322,1.3352829099977105e-06,9.76173850437581e-05,-0.003673357690318855
ASAP1,0.11059754095663461,0.12847682348746678,0.20058315810609675,-0.01776024472797497,8.591223735093492e-06,-0.011691469304213947,6.581676587157605e-07,0.08347183793464259,-1.183459062353488e-05,-5.715113684537205e-06,-0.0031391991456939635,-9.369027793617181e-06,0.00010722760899299237,8.76451926929736e-07,5.190428180036553e-05,-0.006640696027855002
PIBF1,-0.008476344012483853,0.00042093978191507756,0.0001077566783599411,-0.014089408894279964,0.012885374972657118,0.00028742549857121156,0.3157824404214321,5.5266577052983104e-05,5.267533017792835e-05,5.03965383941144e-06,1.380941456707929e-06,-4.181040709410781e-07,-6.624667104555429e-05,9.749528280929965e-06,0.06082603034438722,0.049966756581937784
GPC6,-0.011166015858909846,-0.004960033268141422,0.00017330995332326833,0.00010975116436516818,0.020777502354710965,6.477379116977457e-06,0.3260611946564506,6.428718662907194e-06,0.00027012355713093816,-1.152007834407185e-05,-0.000550543438802862,4.500193883796225e-06,0.011371482249938138,4.16670304020121e-06,-0.030708338880610843,-0.02230363371524729
FOCAD,-0.033084203365640344,0.0017734531613681531,0.0008100257622529265,2.80068527982919e-05,0.2818594099948253,0.0001208004598952584,1.3583922901978043e-07,-0.00010658870440045327,-0.00010419157897093498,-5.089889884348697e-07,5.044664302833027e-06,0.1893765555403321,-0.00011465938838769698,-1.439214174243861e-06,1.3166126445864188e-05,0.0002583148014045507
ADCY8,0.10932580818210998,0.12912868943587896,0.2028094689505986,-0.017640573979218463,4.55313656281836e-05,-0.013034616813944747,-1.5217584787759293e-06,0.07737539034093265,0.0003999629688451026,-1.1405340690869332e-05,-0.002981925333217142,-1.406829045172033e-06,1.9373439976331185e-05,3.965630688238091e-05,0.00013090536082004212,-0.00029023461371400865
SI,0.20804790489430078,0.12202023993993663,-0.11377060526054787,-3.070929809777078e-06,1.5521637504531843e-05,-0.005841117814729603,4.400889123701715e-07,0.0032138884538188846,7.564356574021206e-05,1.0461410303516191e-05,0.0310029711772716,-4.602480576300096e-06,0.00021520209194982178,1.7500554622822934e-05,-2.660793009277824e-05,-0.0004369631264447686
KLF12,-0.008876618821418453,0.0010458071619025352,0.0003716540494475523,-0.01163951690350496,0.013676018662009196,0.0003038160504998852,0.31722820674582747,0.0017881708218182738,0.00013121704476991717,6.33452472162862e-06,1.7911447498579566e-05,-6.725192845636995e-07,4.6196624195009234e-05,7.245750106180884e-06,0.05403680992509373,0.04842802994508404
ZFAT,0.10832884799683314,0.13075270893139934,0.2051635462573649,-0.019942867656757287,8.493421423633457e-07,-0.012189475522356049,-1.4196809970382536e-07,0.05708020934469155,1.6502696116236257e-05,-1.3698389437550135e-06,-0.004198096002755308,-9.576827057254422e-05,1.0257712790094615e-05,-5.145829258435464e-07,8.446597888114182e-05,-4.8917803863869004e-05
FAM84B,0.11407231051941348,0.12473919517369886,0.19702367167835153,-0.013678097409624937,1.062355005076245e-06,-0.006936106827255409,2.4692292129323753e-05,0.10301461460849567,0.003194572135284696,0.0005914957589903343,-0.0031754852501962986,1.4038418590896103e-06,0.006830078839715885,3.6054824834725653e-06,0.0002242410534145729,-3.5711812214572336e-06
SAMD12,0.10531361430274147,0.12223122747945354,0.193399610946421,-0.01566660685902001,5.045233024928203e-06,-0.0063633523969660235,6.858509665386048e-06,0.10198071772824087,0.006140948486537164,1.98279897106052e-05,-0.004513576563921597,4.449042632997872e-05,0.0005221775262572743,-2.3270854798784355e-06,6.41961385503774e-05,-3.6884732247552775e-05
MIR720,0.2067120782712988,0.12046599136005397,-0.11214802356878745,-3.0049492430974005e-05,0.00010031598146834909,-0.00525517035604929,-3.76756685011705e-07,0.002697747917302233,6.401785300515705e-05,1.1662173007823448e-05,0.03076907261631752,-2.6920628588465135e-06,2.0365655991485544e-05,0.00013551889467181013,-8.322989633958616e-06,-0.0001397661191009373
NSMCE2,0.11309147765902813,0.12550069105620362,0.19845111258642914,-0.014792078238718233,3.4815120137986092e-06,-0.008769720565992907,1.5096954934421083e-05,0.10553605472926443,0.002300315619661142,0.00014189203313907632,-0.0018754343581549114,3.130681100357726e-06,0.0006656429135605286,4.50979679671036e-06,0.003579922611860891,-3.8133382802984876e-05
TG,0.10859260694865519,0.1304161079457239,0.20511359188135803,-0.018983525267559392,1.9176159275148215e-06,-0.010010326596627869,-3.2081128800734974e-07,0.0653758184984477,0.00010860123975397266,-5.057662125850954e-05,-0.0029544838733961605,-9.033856228085269e-07,2.867881267476903e-06,2.0280566250140364e-06,6.598188378282431e-05,-0.0006859356786020956
ACP6,0.06254898449717235,0.006927828962413515,0.033974037164091433,0.2950586650915375,-8.036145846308829e-14,-1.5163469668863986e-12,-2.3334360304179924e-15,-0.000906346683342482,-4.819534531996817e-13,-3.849173828839431e-14,-0.0004876941103043585,-8.23376001567566e-15,-2.3166801081585373e-13,-3.274982231887069e-14,-3.430556382365665e-13,3.8644435928401605e-13
ANKRD20A12P,0.06254898449717235,0.006927828962413515,0.033974037164091433,0.2950586650915375,-8.036145846308829e-14,-1.5163469668863986e-12,-2.3334360304179924e-15,-0.000906346683342482,-4.819534531996817e-13,-3.849173828839431e-14,-0.0004876941103043585,-8.23376001567566e-15,-2.3166801081585373e-13,-3.274982231887069e-14,-3.430556382365665e-13,3.8644435928401605e-13
ANKRD34A,0.06254898449717235,0.006927828962413515,0.033974037164091433,0.2950586650915375,-8.036145846308829e-14,-1.5163469668863986e-12,-2.3334360304179924e-15,-0.000906346683342482,-4.819534531996817e-13,-3.849173828839431e-14,-0.0004876941103043585,-8.23376001567566e-15,-2.3166801081585373e-13,-3.274982231887069e-14,-3.430556382365665e-13,3.8644435928401605e-13
ANKRD35,0.06254898449717235,0.006927828962413515,0.033974037164091433,0.2950586650915375,-8.036145846308829e-14,-1.5163469668863986e-12,-2.3334360304179924e-15,-0.000906346683342482,-4.819534531996817e-13,-3.849173828839431e-14,-0.0004876941103043585,-8.23376001567566e-15,-2.3166801081585373e-13,-3.274982231887069e-14,-3.430556382365665e-13,3.8644435928401605e-13
BCL9,0.06254898449717235,0.006927828962413515,0.033974037164091433,0.2950586650915375,-8.036145846308829e-14,-1.5163469668863986e-12,-2.3334360304179924e-15,-0.000906346683342482,-4.819534531996817e-13,-3.849173828839431e-14,-0.0004876941103043585,-8.23376001567566e-15,-2.3166801081585373e-13,-3.274982231887069e-14,-3.430556382365665e-13,3.8644435928401605e-13
BOLA1,0.06254898449717235,0.006927828962413515,0.033974037164091433,0.2950586650915375,-8.036145846308829e-14,-1.5163469668863986e-12,-2.3334360304179924e-15,-0.000906346683342482,-4.819534531996817e-13,-3.849173828839431e-14,-0.0004876941103043585,-8.23376001567566e-15,-2.3166801081585373e-13,-3.274982231887069e-14,-3.430556382365665e-13,3.8644435928401605e-13
CD160,0.06254898449717235,0.006927828962413515,0.033974037164091433,0.2950586650915375,-8.036145846308829e-14,-1.5163469668863986e-12,-2.3334360304179924e-15,-0.000906346683342482,-4.819534531996817e-13,-3.849173828839431e-14,-0.0004876941103043585,-8.23376001567566e-15,-2.3166801081585373e-13,-3.274982231887069e-14,-3.430556382365665e-13,3.8644435928401605e-13
CHD1L,0.06254898449717235,0.006927828962413515,0.033974037164091433,0.2950586650915375,-8.036145846308829e-14,-1.5163469668863986e-12,-2.3334360304179924e-15,-0.000906346683342482,-4.819534531996817e-13,-3.849173828839431e-14,-0.0004876941103043585,-8.23376001567566e-15,-2.3166801081585373e-13,-3.274982231887069e-14,-3.430556382365665e-13,3.8644435928401605e-13
FAM72B,0.06254898449717235,0.006927828962413515,0.033974037164091433,0.2950586650915375,-8.036145846308829e-14,-1.5163469668863986e-12,-2.3334360304179924e-15,-0.000906346683342482,-4.819534531996817e-13,-3.849173828839431e-14,-0.0004876941103043585,-8.23376001567566e-15,-2.3166801081585373e-13,-3.274982231887069e-14,-3.430556382365665e-13,3.8644435928401605e-13
FAM72C,0.06254898449717235,0.006927828962413515,0.033974037164091433,0.2950586650915375,-8.036145846308829e-14,-1.5163469668863986e-12,-2.3334360304179924e-15,-0.000906346683342482,-4.819534531996817e-13,-3.849173828839431e-14,-0.0004876941103043585,-8.23376001567566e-15,-2.3166801081585373e-13,-3.274982231887069e-14,-3.430556382365665e-13,3.8644435928401605e-13
FAM72D,0.06254898449717235,0.006927828962413515,0.033974037164091433,0.2950586650915375,-8.036145846308829e-14,-1.5163469668863986e-12,-2.3334360304179924e-15,-0.000906346683342482,-4.819534531996817e-13,-3.849173828839431e-14,-0.0004876941103043585,-8.23376001567566e-15,-2.3166801081585373e-13,-3.274982231887069e-14,-3.430556382365665e-13,3.8644435928401605e-13
FCGR1A,0.06254898449717235,0.006927828962413515,0.033974037164091433,0.2950586650915375,-8.036145846308829e-14,-1.5163469668863986e-12,-2.3334360304179924e-15,-0.000906346683342482,-4.819534531996817e-13,-3.849173828839431e-14,-0.0004876941103043585,-8.23376001567566e-15,-2.3166801081585373e-13,-3.274982231887069e-14,-3.430556382365665e-13,3.8644435928401605e-13
FCGR1B,0.06254898449717235,0.006927828962413515,0.033974037164091433,0.2950586650915375,-8.036145846308829e-14,-1.5163469668863986e-12,-2.3334360304179924e-15,-0.000906346683342482,-4.819534531996817e-13,-3.849173828839431e-14,-0.0004876941103043585,-8.23376001567566e-15,-2.3166801081585373e-13,-3.274982231887069e-14,-3.430556382365665e-13,3.8644435928401605e-13
FCGR1C,0.06254898449717235,0.006927828962413515,0.033974037164091433,0.2950586650915375,-8.036145846308829e-14,-1.5163469668863986e-12,-2.3334360304179924e-15,-0.000906346683342482,-4.819534531996817e-13,-3.849173828839431e-14,-0.0004876941103043585,-8.23376001567566e-15,-2.3166801081585373e-13,-3.274982231887069e-14,-3.430556382365665e-13,3.8644435928401605e-13
FMO5,0.06254898449717235,0.006927828962413515,0.033974037164091433,0.2950586650915375,-8.036145846308829e-14,-1.5163469668863986e-12,-2.3334360304179924e-15,-0.000906346683342482,-4.819534531996817e-13,-3.849173828839431e-14,-0.0004876941103043585,-8.23376001567566e-15,-2.3166801081585373e-13,-3.274982231887069e-14,-3.430556382365665e-13,3.8644435928401605e-13
GJA5,0.06254898449717235,0.006927828962413515,0.033974037164091433,0.2950586650915375,-8.036145846308829e-14,-1.5163469668863986e-12,-2.3334360304179924e-15,-0.000906346683342482,-4.819534531996817e-13,-3.849173828839431e-14,-0.0004876941103043585,-8.23376001567566e-15,-2.3166801081585373e-13,-3.274982231887069e-14,-3.430556382365665e-13,3.8644435928401605e-13
GJA8,0.06254898449717235,0.006927828962413515,0.033974037164091433,0.2950586650915375,-8.036145846308829e-14,-1.5163469668863986e-12,-2.3334360304179924e-15,-0.000906346683342482,-4.819534531996817e-13,-3.849173828839431e-14,-0.0004876941103043585,-8.23376001567566e-15,-2.3166801081585373e-13,-3.274982231887069e-14,-3.430556382365665e-13,3.8644435928401605e-13
GNRHR2,0.06254898449717235,0.006927828962413515,0.033974037164091433,0.2950586650915375,-8.036145846308829e-14,-1.5163469668863986e-12,-2.3334360304179924e-15,-0.000906346683342482,-4.819534531996817e-13,-3.849173828839431e-14,-0.0004876941103043585,-8.23376001567566e-15,-2.3166801081585373e-13,-3.274982231887069e-14,-3.430556382365665e-13,3.8644435928401605e-13
GPR89A,0.06254898449717235,0.006927828962413515,0.033974037164091433,0.2950586650915375,-8.036145846308829e-14,-1.5163469668863986e-12,-2.3334360304179924e-15,-0.000906346683342482,-4.819534531996817e-13,-3.849173828839431e-14,-0.0004876941103043585,-8.23376001567566e-15,-2.3166801081585373e-13,-3.274982231887069e-14,-3.430556382365665e-13,3.8644435928401605e-13
GPR89B,0.06254898449717235,0.006927828962413515,0.033974037164091433,0.2950586650915375,-8.036145846308829e-14,-1.5163469668863986e-12,-2.3334360304179924e-15,-0.000906346683342482,-4.819534531996817e-13,-3.849173828839431e-14,-0.0004876941103043585,-8.23376001567566e-15,-2.3166801081585373e-13,-3.274982231887069e-14,-3.430556382365665e-13,3.8644435928401605e-13
GPR89C,0.06254898449717235,0.006927828962413515,0.033974037164091433,0.2950586650915375,-8.036145846308829e-14,-1.5163469668863986e-12,-2.3334360304179924e-15,-0.000906346683342482,-4.819534531996817e-13,-3.849173828839431e-14,-0.0004876941103043585,-8.23376001567566e-15,-2.3166801081585373e-13,-3.274982231887069e-14,-3.430556382365665e-13,3.8644435928401605e-13
HFE2,0.06254898449717235,0.006927828962413515,0.033974037164091433,0.2950586650915375,-8.036145846308829e-14,-1.5163469668863986e-12,-2.3334360304179924e-15,-0.000906346683342482,-4.819534531996817e-13,-3.849173828839431e-14,-0.0004876941103043585,-8.23376001567566e-15,-2.3166801081585373e-13,-3.274982231887069e-14,-3.430556382365665e-13,3.8644435928401605e-13
HIST2H2AA3,0.06254898449717235,0.006927828962413515,0.033974037164091433,0.2950586650915375,-8.036145846308829e-14,-1.5163469668863986e-12,-2.3334360304179924e-15,-0.000906346683342482,-4.819534531996817e-13,-3.849173828839431e-14,-0.0004876941103043585,-8.23376001567566e-15,-2.3166801081585373e-13,-3.274982231887069e-14,-3.430556382365665e-13,3.8644435928401605e-13
HIST2H2AA4,0.06254898449717235,0.006927828962413515,0.033974037164091433,0.2950586650915375,-8.036145846308829e-14,-1.5163469668863986e-12,-2.3334360304179924e-15,-0.000906346683342482,-4.819534531996817e-13,-3.849173828839431e-14,-0.0004876941103043585,-8.23376001567566e-15,-2.3166801081585373e-13,-3.274982231887069e-14,-3.430556382365665e-13,3.8644435928401605e-13
HIST2H2AB,0.06254898449717235,0.006927828962413515,0.033974037164091433,0.2950586650915375,-8.036145846308829e-14,-1.5163469668863986e-12,-2.3334360304179924e-15,-0.000906346683342482,-4.819534531996817e-13,-3.849173828839431e-14,-0.0004876941103043585,-8.23376001567566e-15,-2.3166801081585373e-13,-3.274982231887069e-14,-3.430556382365665e-13,3.8644435928401605e-13
HIST2H2AC,0.06254898449717235,0.006927828962413515,0.033974037164091433,0.2950586650915375,-8.036145846308829e-14,-1.5163469668863986e-12,-2.3334360304179924e-15,-0.000906346683342482,-4.819534531996817e-13,-3.849173828839431e-14,-0.0004876941103043585,-8.23376001567566e-15,-2.3166801081585373e-13,-3.274982231887069e-14,-3.430556382365665e-13,3.8644435928401605e-13
HIST2H2BA,0.06254898449717235,0.006927828962413515,0.033974037164091433,0.2950586650915375,-8.036145846308829e-14,-1.5163469668863986e-12,-2.3334360304179924e-15,-0.000906346683342482,-4.819534531996817e-13,-3.849173828839431e-14,-0.0004876941103043585,-8.23376001567566e-15,-2.3166801081585373e-13,-3.274982231887069e-14,-3.430556382365665e-13,3.8644435928401605e-13
HIST2H2BE,0.06254898449717235,0.006927828962413515,0.033974037164091433,0.2950586650915375,-8.036145846308829e-14,-1.5163469668863986e-12,-2.3334360304179924e-15,-0.000906346683342482,-4.819534531996817e-13,-3.849173828839431e-14,-0.0004876941103043585,-8.23376001567566e-15,-2.3166801081585373e-13,-3.274982231887069e-14,-3.430556382365665e-13,3.8644435928401605e-13
HIST2H2BF,0.06254898449717235,0.006927828962413515,0.033974037164091433,0.2950586650915375,-8.036145846308829e-14,-1.5163469668863986e-12,-2.3334360304179924e-15,-0.000906346683342482,-4.819534531996817e-13,-3.849173828839431e-14,-0.0004876941103043585,-8.23376001567566e-15,-2.3166801081585373e-13,-3.274982231887069e-14,-3.430556382365665e-13,3.8644435928401605e-13
HIST2H3A,0.06254898449717235,0.006927828962413515,0.033974037164091433,0.2950586650915375,-8.036145846308829e-14,-1.5163469668863986e-12,-2.3334360304179924e-15,-0.000906346683342482,-4.819534531996817e-13,-3.849173828839431e-14,-0.0004876941103043585,-8.23376001567566e-15,-2.3166801081585373e-13,-3.274982231887069e-14,-3.430556382365665e-13,3.8644435928401605e-13
HIST2H3C,0.06254898449717235,0.006927828962413515,0.033974037164091433,0.2950586650915375,-8.036145846308829e-14,-1.5163469668863986e-12,-2.3334360304179924e-15,-0.000906346683342482,-4.819534531996817e-13,-3.849173828839431e-14,-0.0004876941103043585,-8.23376001567566e-15,-2.3166801081585373e-13,-3.274982231887069e-14,-3.430556382365665e-13,3.8644435928401605e-13
HIST2H3D,0.06254898449717243,0.0069278289624135105,0.03397403716409133,0.2950586650915375,-8.036145885063405e-14,-1.5163469989293643e-12,-2.333436059612313e-15,-0.0009063466833425063,-4.819534521913941e-13,-3.8491738333654044e-14,-0.00048769411030424604,-8.233760178807635e-15,-2.316680084491555e-13,-3.274982232908107e-14,-3.430556459300696e-13,3.8644436135998983e-13
HIST2H4A,0.06254898449717235,0.006927828962413515,0.033974037164091433,0.2950586650915375,-8.036145846308829e-14,-1.5163469668863986e-12,-2.3334360304179924e-15,-0.000906346683342482,-4.819534531996817e-13,-3.849173828839431e-14,-0.0004876941103043585,-8.23376001567566e-15,-2.3166801081585373e-13,-3.274982231887069e-14,-3.430556382365665e-13,3.8644435928401605e-13
HIST2H4B,0.06254898449717235,0.006927828962413515,0.033974037164091433,0.2950586650915375,-8.036145846308829e-14,-1.5163469668863986e-12,-2.3334360304179924e-15,-0.000906346683342482,-4.819534531996817e-13,-3.849173828839431e-14,-0.0004876941103043585,-8.23376001567566e-15,-2.3166801081585373e-13,-3.274982231887069e-14,-3.430556382365665e-13,3.8644435928401605e-13
HYDIN2,0.06254898449717235,0.006927828962413515,0.033974037164091433,0.2950586650915375,-8.036145846308829e-14,-1.5163469668863986e-12,-2.3334360304179924e-15,-0.000906346683342482,-4.819534531996817e-13,-3.849173828839431e-14,-0.0004876941103043585,-8.23376001567566e-15,-2.3166801081585373e-13,-3.274982231887069e-14,-3.430556382365665e-13,3.8644435928401605e-13
ITGA10,0.06254898449717235,0.006927828962413515,0.033974037164091433,0.2950586650915375,-8.036145846308829e-14,-1.5163469668863986e-12,-2.3334360304179924e-15,-0.000906346683342482,-4.819534531996817e-13,-3.849173828839431e-14,-0.0004876941103043585,-8.23376001567566e-15,-2.3166801081585373e-13,-3.274982231887069e-14,-3.430556382365665e-13,3.8644435928401605e-13
LINC00623,0.06254898449717235,0.006927828962413515,0.033974037164091433,0.2950586650915375,-8.036145846308829e-14,-1.5163469668863986e-12,-2.3334360304179924e-15,-0.000906346683342482,-4.819534531996817e-13,-3.849173828839431e-14,-0.0004876941103043585,-8.23376001567566e-15,-2.3166801081585373e-13,-3.274982231887069e-14,-3.430556382365665e-13,3.8644435928401605e-13
LINC00624,0.06254898449717235,0.006927828962413515,0.033974037164091433,0.2950586650915375,-8.036145846308829e-14,-1.5163469668863986e-12,-2.3334360304179924e-15,-0.000906346683342482,-4.819534531996817e-13,-3.849173828839431e-14,-0.0004876941103043585,-8.23376001567566e-15,-2.3166801081585373e-13,-3.274982231887069e-14,-3.430556382365665e-13,3.8644435928401605e-13
LIX1L,0.06254898449717235,0.006927828962413515,0.033974037164091433,0.2950586650915375,-8.036145846308829e-14,-1.5163469668863986e-12,-2.3334360304179924e-15,-0.000906346683342482,-4.819534531996817e-13,-3.849173828839431e-14,-0.0004876941103043585,-8.23376001567566e-15,-2.3166801081585373e-13,-3.274982231887069e-14,-3.430556382365665e-13,3.8644435928401605e-13
NBPF10,0.06254898449717235,0.006927828962413515,0.033974037164091433,0.2950586650915375,-8.036145846308829e-14,-1.5163469668863986e-12,-2.3334360304179924e-15,-0.000906346683342482,-4.819534531996817e-13,-3.849173828839431e-14,-0.0004876941103043585,-8.23376001567566e-15,-2.3166801081585373e-13,-3.274982231887069e-14,-3.430556382365665e-13,3.8644435928401605e-13
NBPF11,0.06254898449717235,0.006927828962413515,0.033974037164091433,0.2950586650915375,-8.036145846308829e-14,-1.5163469668863986e-12,-2.3334360304179924e-15,-0.000906346683342482,-4.819534531996817e-13,-3.849173828839431e-14,-0.0004876941103043585,-8.23376001567566e-15,-2.3166801081585373e-13,-3.274982231887069e-14,-3.430556382365665e-13,3.8644435928401605e-13
NBPF12,0.06254898449717235,0.006927828962413515,0.033974037164091433,0.2950586650915375,-8.036145846308829e-14,-1.5163469668863986e-12,-2.3334360304179924e-15,-0.000906346683342482,-4.819534531996817e-13,-3.849173828839431e-14,-0.0004876941103043585,-8.23376001567566e-15,-2.3166801081585373e-13,-3.274982231887069e-14,-3.430556382365665e-13,3.8644435928401605e-13
NBPF14,0.06254898449717235,0.006927828962413515,0.033974037164091433,0.2950586650915375,-8.036145846308829e-14,-1.5163469668863986e-12,-2.3334360304179924e-15,-0.000906346683342482,-4.819534531996817e-13,-3.849173828839431e-14,-0.0004876941103043585,-8.23376001567566e-15,-2.3166801081585373e-13,-3.274982231887069e-14,-3.430556382365665e-13,3.8644435928401605e-13
NBPF15,0.06254898449717235,0.006927828962413515,0.033974037164091433,0.2950586650915375,-8.036145846308829e-14,-1.5163469668863986e-12,-2.3334360304179924e-15,-0.000906346683342482,-4.819534531996817e-13,-3.849173828839431e-14,-0.0004876941103043585,-8.23376001567566e-15,-2.3166801081585373e-13,-3.274982231887069e-14,-3.430556382365665e-13,3.8644435928401605e-13
NBPF16,0.06254898449717235,0.006927828962413515,0.033974037164091433,0.2950586650915375,-8.036145846308829e-14,-1.5163469668863986e-12,-2.3334360304179924e-15,-0.000906346683342482,-4.819534531996817e-13,-3.849173828839431e-14,-0.0004876941103043585,-8.23376001567566e-15,-2.3166801081585373e-13,-3.274982231887069e-14,-3.430556382365665e-13,3.8644435928401605e-13
NBPF20,0.06254898449717235,0.006927828962413515,0.033974037164091433,0.2950586650915375,-8.036145846308829e-14,-1.5163469668863986e-12,-2.3334360304179924e-15,-0.000906346683342482,-4.819534531996817e-13,-3.849173828839431e-14,-0.0004876941103043585,-8.23376001567566e-15,-2.3166801081585373e-13,-3.274982231887069e-14,-3.430556382365665e-13,3.8644435928401605e-13
NBPF24,0.06254898449717235,0.006927828962413515,0.033974037164091433,0.2950586650915375,-8.036145846308829e-14,-1.5163469668863986e-12,-2.3334360304179924e-15,-0.000906346683342482,-4.819534531996817e-13,-3.849173828839431e-14,-0.0004876941103043585,-8.23376001567566e-15,-2.3166801081585373e-13,-3.274982231887069e-14,-3.430556382365665e-13,3.8644435928401605e-13
NBPF8,0.06254898449717235,0.006927828962413515,0.033974037164091433,0.2950586650915375,-8.036145846308829e-14,-1.5163469668863986e-12,-2.3334360304179924e-15,-0.000906346683342482,-4.819534531996817e-13,-3.849173828839431e-14,-0.0004876941103043585,-8.23376001567566e-15,-2.3166801081585373e-13,-3.274982231887069e-14,-3.430556382365665e-13,3.8644435928401605e-13
NBPF9,0.06254898449717235,0.006927828962413515,0.033974037164091433,0.2950586650915375,-8.036145846308829e-14,-1.5163469668863986e-12,-2.3334360304179924e-15,-0.000906346683342482,-4.819534531996817e-13,-3.849173828839431e-14,-0.0004876941103043585,-8.23376001567566e-15,-2.3166801081585373e-13,-3.274982231887069e-14,-3.430556382365665e-13,3.8644435928401605e-13
NOTCH2NL,0.06254898449717235,0.006927828962413515,0.033974037164091433,0.2950586650915375,-8.036145846308829e-14,-1.5163469668863986e-12,-2.3334360304179924e-15,-0.000906346683342482,-4.819534531996817e-13,-3.849173828839431e-14,-0.0004876941103043585,-8.23376001567566e-15,-2.3166801081585373e-13,-3.274982231887069e-14,-3.430556382365665e-13,3.8644435928401605e-13
NUDT17,0.06254898449717235,0.006927828962413515,0.033974037164091433,0.2950586650915375,-8.036145846308829e-14,-1.5163469668863986e-12,-2.3334360304179924e-15,-0.000906346683342482,-4.819534531996817e-13,-3.849173828839431e-14,-0.0004876941103043585,-8.23376001567566e-15,-2.3166801081585373e-13,-3.274982231887069e-14,-3.430556382365665e-13,3.8644435928401605e-13
PDE4DIP,0.06254898449717235,0.006927828962413515,0.033974037164091433,0.2950586650915375,-8.036145846308829e-14,-1.5163469668863986e-12,-2.3334360304179924e-15,-0.000906346683342482,-4.819534531996817e-13,-3.849173828839431e-14,-0.0004876941103043585,-8.23376001567566e-15,-2.3166801081585373e-13,-3.274982231887069e-14,-3.430556382365665e-13,3.8644435928401605e-13
PDZK1P1,0.06254898449717235,0.006927828962413515,0.033974037164091433,0.2950586650915375,-8.036145846308829e-14,-1.5163469668863986e-12,-2.3334360304179924e-15,-0.000906346683342482,-4.819534531996817e-13,-3.849173828839431e-14,-0.0004876941103043585,-8.23376001567566e-15,-2.3166801081585373e-13,-3.274982231887069e-14,-3.430556382365665e-13,3.8644435928401605e-13
PDZK1,0.06254898449717235,0.006927828962413515,0.033974037164091433,0.2950586650915375,-8.036145846308829e-14,-1.5163469668863986e-12,-2.3334360304179924e-15,-0.000906346683342482,-4.819534531996817e-13,-3.849173828839431e-14,-0.0004876941103043585,-8.23376001567566e-15,-2.3166801081585373e-13,-3.274982231887069e-14,-3.430556382365665e-13,3.8644435928401605e-13
PEX11B,0.06254898449717235,0.006927828962413515,0.033974037164091433,0.2950586650915375,-8.036145846308829e-14,-1.5163469668863986e-12,-2.3334360304179924e-15,-0.000906346683342482,-4.819534531996817e-13,-3.849173828839431e-14,-0.0004876941103043585,-8.23376001567566e-15,-2.3166801081585373e-13,-3.274982231887069e-14,-3.430556382365665e-13,3.8644435928401605e-13
PIAS3,0.06254898449717235,0.006927828962413515,0.033974037164091433,0.2950586650915375,-8.036145846308829e-14,-1.5163469668863986e-12,-2.3334360304179924e-15,-0.000906346683342482,-4.819534531996817e-13,-3.849173828839431e-14,-0.0004876941103043585,-8.23376001567566e-15,-2.3166801081585373e-13,-3.274982231887069e-14,-3.430556382365665e-13,3.8644435928401605e-13
POLR3C,0.06254898449717235,0.006927828962413515,0.033974037164091433,0.2950586650915375,-8.036145846308829e-14,-1.5163469668863986e-12,-2.3334360304179924e-15,-0.000906346683342482,-4.819534531996817e-13,-3.849173828839431e-14,-0.0004876941103043585,-8.23376001567566e-15,-2.3166801081585373e-13,-3.274982231887069e-14,-3.430556382365665e-13,3.8644435928401605e-13
POLR3GL,0.06254898449717235,0.006927828962413515,0.033974037164091433,0.2950586650915375,-8.036145846308829e-14,-1.5163469668863986e-12,-2.3334360304179924e-15,-0.000906346683342482,-4.819534531996817e-13,-3.849173828839431e-14,-0.0004876941103043585,-8.23376001567566e-15,-2.3166801081585373e-13,-3.274982231887069e-14,-3.430556382365665e-13,3.8644435928401605e-13
PPIAL4A,0.06254898449717235,0.006927828962413515,0.033974037164091433,0.2950586650915375,-8.036145846308829e-14,-1.5163469668863986e-12,-2.3334360304179924e-15,-0.000906346683342482,-4.819534531996817e-13,-3.849173828839431e-14,-0.0004876941103043585,-8.23376001567566e-15,-2.3166801081585373e-13,-3.274982231887069e-14,-3.430556382365665e-13,3.8644435928401605e-13
PPIAL4B,0.06254898449717235,0.006927828962413515,0.033974037164091433,0.2950586650915375,-8.036145846308829e-14,-1.5163469668863986e-12,-2.3334360304179924e-15,-0.000906346683342482,-4.819534531996817e-13,-3.849173828839431e-14,-0.0004876941103043585,-8.23376001567566e-15,-2.3166801081585373e-13,-3.274982231887069e-14,-3.430556382365665e-13,3.8644435928401605e-13
PPIAL4C,0.06254898449717235,0.006927828962413515,0.033974037164091433,0.2950586650915375,-8.036145846308829e-14,-1.5163469668863986e-12,-2.3334360304179924e-15,-0.000906346683342482,-4.819534531996817e-13,-3.849173828839431e-14,-0.0004876941103043585,-8.23376001567566e-15,-2.3166801081585373e-13,-3.274982231887069e-14,-3.430556382365665e-13,3.8644435928401605e-13
PPIAL4D,0.06254898449717235,0.006927828962413515,0.033974037164091433,0.2950586650915375,-8.036145846308829e-14,-1.5163469668863986e-12,-2.3334360304179924e-15,-0.000906346683342482,-4.819534531996817e-13,-3.849173828839431e-14,-0.0004876941103043585,-8.23376001567566e-15,-2.3166801081585373e-13,-3.274982231887069e-14,-3.430556382365665e-13,3.8644435928401605e-13
PPIAL4G,0.06254898449717235,0.006927828962413515,0.033974037164091433,0.2950586650915375,-8.036145846308829e-14,-1.5163469668863986e-12,-2.3334360304179924e-15,-0.000906346683342482,-4.819534531996817e-13,-3.849173828839431e-14,-0.0004876941103043585,-8.23376001567566e-15,-2.3166801081585373e-13,-3.274982231887069e-14,-3.430556382365665e-13,3.8644435928401605e-13
PRKAB2,0.06254898449717235,0.006927828962413515,0.033974037164091433,0.2950586650915375,-8.036145846308829e-14,-1.5163469668863986e-12,-2.3334360304179924e-15,-0.000906346683342482,-4.819534531996817e-13,-3.849173828839431e-14,-0.0004876941103043585,-8.23376001567566e-15,-2.3166801081585373e-13,-3.274982231887069e-14,-3.430556382365665e-13,3.8644435928401605e-13
RBM8A,0.06254898449717235,0.006927828962413515,0.033974037164091433,0.2950586650915375,-8.036145846308829e-14,-1.5163469668863986e-12,-2.3334360304179924e-15,-0.000906346683342482,-4.819534531996817e-13,-3.849173828839431e-14,-0.0004876941103043585,-8.23376001567566e-15,-2.3166801081585373e-13,-3.274982231887069e-14,-3.430556382365665e-13,3.8644435928401605e-13
RN7SKP88,0.06254898449717235,0.006927828962413515,0.033974037164091433,0.2950586650915375,-8.036145846308829e-14,-1.5163469668863986e-12,-2.3334360304179924e-15,-0.000906346683342482,-4.819534531996817e-13,-3.849173828839431e-14,-0.0004876941103043585,-8.23376001567566e-15,-2.3166801081585373e-13,-3.274982231887069e-14,-3.430556382365665e-13,3.8644435928401605e-13
RN7SL261P,0.06254898449717235,0.006927828962413515,0.033974037164091433,0.2950586650915375,-8.036145846308829e-14,-1.5163469668863986e-12,-2.3334360304179924e-15,-0.000906346683342482,-4.819534531996817e-13,-3.849173828839431e-14,-0.0004876941103043585,-8.23376001567566e-15,-2.3166801081585373e-13,-3.274982231887069e-14,-3.430556382365665e-13,3.8644435928401605e-13
RNA5SP57,0.06254898449717235,0.006927828962413515,0.033974037164091433,0.2950586650915375,-8.036145846308829e-14,-1.5163469668863986e-12,-2.3334360304179924e-15,-0.000906346683342482,-4.819534531996817e-13,-3.849173828839431e-14,-0.0004876941103043585,-8.23376001567566e-15,-2.3166801081585373e-13,-3.274982231887069e-14,-3.430556382365665e-13,3.8644435928401605e-13
RNA5SP58,0.06254898449717235,0.006927828962413515,0.033974037164091433,0.2950586650915375,-8.036145846308829e-14,-1.5163469668863986e-12,-2.3334360304179924e-15,-0.000906346683342482,-4.819534531996817e-13,-3.849173828839431e-14,-0.0004876941103043585,-8.23376001567566e-15,-2.3166801081585373e-13,-3.274982231887069e-14,-3.430556382365665e-13,3.8644435928401605e-13
RNA5SP59,0.06254898449717235,0.006927828962413515,0.033974037164091433,0.2950586650915375,-8.036145846308829e-14,-1.5163469668863986e-12,-2.3334360304179924e-15,-0.000906346683342482,-4.819534531996817e-13,-3.849173828839431e-14,-0.0004876941103043585,-8.23376001567566e-15,-2.3166801081585373e-13,-3.274982231887069e-14,-3.430556382365665e-13,3.8644435928401605e-13
RNF115,0.06254898449717235,0.006927828962413515,0.033974037164091433,0.2950586650915375,-8.036145846308829e-14,-1.5163469668863986e-12,-2.3334360304179924e-15,-0.000906346683342482,-4.819534531996817e-13,-3.849173828839431e-14,-0.0004876941103043585,-8.23376001567566e-15,-2.3166801081585373e-13,-3.274982231887069e-14,-3.430556382365665e-13,3.8644435928401605e-13
SEC22B,0.06254898449717235,0.006927828962413515,0.033974037164091433,0.2950586650915375,-8.036145846308829e-14,-1.5163469668863986e-12,-2.3334360304179924e-15,-0.000906346683342482,-4.819534531996817e-13,-3.849173828839431e-14,-0.0004876941103043585,-8.23376001567566e-15,-2.3166801081585373e-13,-3.274982231887069e-14,-3.430556382365665e-13,3.8644435928401605e-13
SRGAP2B,0.06254898449717243,0.0069278289624135105,0.03397403716409133,0.2950586650915375,-8.036145885063405e-14,-1.5163469989293643e-12,-2.333436059612313e-15,-0.0009063466833425063,-4.819534521913941e-13,-3.8491738333654044e-14,-0.00048769411030424604,-8.233760178807635e-15,-2.316680084491555e-13,-3.274982232908107e-14,-3.430556459300696e-13,3.8644436135998983e-13
TXNIP,0.06254898449717235,0.006927828962413515,0.033974037164091433,0.2950586650915375,-8.036145846308829e-14,-1.5163469668863986e-12,-2.3334360304179924e-15,-0.000906346683342482,-4.819534531996817e-13,-3.849173828839431e-14,-0.0004876941103043585,-8.23376001567566e-15,-2.3166801081585373e-13,-3.274982231887069e-14,-3.430556382365665e-13,3.8644435928401605e-13
MIR1263,0.20552948711064692,0.12054907270448663,-0.11248854885101577,-1.926277136082216e-05,7.44371370444893e-05,-0.005092054641093774,-1.1035888497827394e-07,0.0010831655611452421,3.3305187756803615e-05,7.939260051086682e-06,0.02992322323245099,-3.864707300103305e-06,5.9893020428615665e-05,9.495604199903204e-05,-5.666565719999576e-05,-0.00015975100493528013
EXT1,0.10430151194646935,0.12284506084015402,0.19436200121693362,-0.01488767864533557,3.3509347227331425e-06,-0.0052149380590685405,2.230537314015663e-06,0.09719779371054288,0.005383156364651812,0.0004792690886626695,-0.004026476920728971,0.00013049141309099812,0.004110136228316455,-2.295299825371463e-06,2.551624646898372e-05,-6.22862664065706e-06
KHDRBS3,0.1077024995835652,0.13177672289056222,0.2062115701099402,-0.01897178364757125,9.580414889315786e-06,-0.011958767110095437,-6.568698810111849e-07,0.04896760680492855,-1.6958342636066086e-08,-3.3674363045103315e-05,-0.002790626152852473,-5.938784537115292e-05,-1.4299175866873666e-05,-2.1518447527560186e-05,-5.545710575644987e-05,-0.00016519569808653436
KCNQ3,0.10875373345335147,0.12967864521205633,0.20355666909080472,-0.01864377208192657,1.3972572997422176e-05,-0.011622806273215542,-3.3776383866320544e-07,0.07060081199246891,2.6196140331674766e-05,-0.0003403567432742506,-0.0024333531262146903,3.411922892538715e-08,-4.162674281350807e-06,4.4281155882244096e-05,0.00012002377942422347,-0.002557583168681237
LINC00861,0.11345534386262453,0.12541087995262665,0.19809840970587617,-0.013324465344630363,-1.538849074012653e-06,-0.00744266569028768,4.980096486278607e-06,0.10367296363879781,0.0005540103022565963,3.41913343164867e-05,-0.0032709323064620986,2.1261686684953266e-06,0.0014203359740883306,1.0093855465361277e-05,0.005156465875474776,-0.000232079097002029
SNORA25|ENSG00000251744.1,0.10477629112673503,0.13476858988413204,0.20849137984568716,-0.02091659149332505,0.00011766228710587377,-0.01844513478131924,-1.936673976862867e-07,0.017832508694535436,-1.545373823390431e-06,-0.00021846067897762469,-3.9950052854645894e-05,9.529689597647967e-07,-4.475018761417321e-05,-3.994898119515237e-06,0.00674121581762068,-0.00010099731228709821
FAM49B,0.11188113867831917,0.12864639638326075,0.20149408937783672,-0.018253283789196533,2.90069577369677e-05,-0.011859685450614381,5.120126470047393e-07,0.08725683068716454,1.2183196785297601e-05,-5.508671523378467e-06,-0.0031156644608991615,-6.753133470230757e-06,4.5046821125217024e-05,8.349360429654426e-05,0.0019430807642022909,-0.001829628646170091
RN7SKP206,0.11312261716364067,0.12728044600697572,0.20065899979356278,-0.016765518778345912,4.634446220962039e-06,-0.012582544574661264,1.770462260023704e-06,0.09051722122500115,-2.2596195472166454e-06,-7.155589764056961e-05,-0.0030546645319365386,-1.1561649013009376e-06,0.0032996517705822116,6.838271507586378e-05,0.0009585081097820954,-0.005965916475646056
GSDMC,0.11248753850391706,0.12831647871819488,0.20140663133574033,-0.017824290671612647,1.3754137091719168e-05,-0.011805648912100643,4.7093006357516895e-07,0.08788416260921596,1.2695935516631358e-05,-6.2054764245276034e-06,-0.002653603975183757,-5.056347895579035e-06,0.00027808904580922894,9.874686180102658e-06,0.0009325341779536199,-0.0036539414473096402
PHF20L1,0.10840550507718719,0.1301006946117366,0.2048700551459839,-0.018478399453477033,2.4735843285244263e-06,-0.0112759135249581,-5.634212774331182e-07,0.06729785611278781,0.0005012165791527905,-3.163320628711755e-05,-0.0031210251790234097,-1.783452846846809e-06,5.250039865172445e-06,8.320139287128232e-07,0.0004966607659409061,-0.00020837225703247003
ST3GAL1,0.1090308394621169,0.13013715072799378,0.2057376519035342,-0.02003630865041654,2.463156614091394e-06,-0.011312302322453957,-5.569336249586361e-07,0.061879750052877144,1.2405906527445213e-05,-4.844699536292985e-06,-0.003300774287418835,-4.47389569393069e-06,1.0864025150629583e-06,-4.661955044979042e-07,6.422839908633299e-05,-0.0004144547196741181
LINC00977,0.11341502124019967,0.12715641972829705,0.20047563594684376,-0.016397032784917904,2.1663974541921316e-06,-0.011893404720339866,1.8318967181632755e-06,0.09026691887297945,-6.50661313473559e-06,-4.6055755849972345e-05,-0.002812517863340446,-1.914254455359308e-06,0.0005899380289049546,0.00012363267013519463,0.000657915262203289,-0.006282688213766129
IFNB1,-0.03473387572953023,0.001987577735683541,4.667676396845791e-05,2.079746967048301e-05,0.2858910313704588,0.0001139501394822405,-2.2885014435759725e-07,-5.988690063239135e-06,-8.529984473622134e-06,-4.120339168141709e-06,-7.06678444798361e-06,0.2140889319814623,-4.388578431311768e-06,-1.4609299223827257e-05,2.0542204133346834e-08,1.3600070860584e-05
MIR3686,0.11290937373139985,0.1274786102781813,0.2009897529919553,-0.017790279769115593,1.4684590954678047e-05,-0.011772949953074624,5.009108003158797e-07,0.08854746618528553,2.744045494710746e-05,-2.121600950207444e-05,-0.002800979061402294,-3.0889722360359024e-06,0.00289294298032933,1.8792612363139206e-05,0.0014549809943307703,-0.003928075699845208
MIR30D,0.10809879297919543,0.1320689543863791,0.20629527867002506,-0.020170300331963764,1.2165885045191056e-06,-0.011623315817802448,-6.249433648295762e-08,0.05547311190701504,-2.6153152745759548e-06,-1.460453050235201e-06,-0.003901505987085817,-0.0001429186794893821,2.8783650283705854e-06,-4.7481580160697395e-06,2.2642154402139187e-05,-8.829386106163745e-05
HHLA1,0.10837197848522036,0.12994916852527338,0.20388490326981307,-0.01860143719231263,3.435494830959342e-05,-0.013892404481529029,-4.027576443089393e-06,0.068704365485496,-3.827897511915726e-06,-0.0005596109787680823,-0.0028836576470863827,-4.055313037183794e-06,4.676786848412408e-06,4.545747456923295e-06,2.1679236682118264e-05,-0.0019357363822449876
RN7SL590P,0.1134062378398847,0.12575497443008454,0.19869252483186509,-0.014877005860735273,1.734535282448544e-06,-0.008759307287521891,3.8097088548208726e-06,0.10609782600790106,0.0027119522614017424,6.47087349822269e-05,-0.002468510498962747,3.411828192373599e-06,0.0025957161841216572,3.753341529310292e-06,0.0012841648222254947,-0.00010915560039084966
DMRT1,-0.02060723065243349,-0.0006928263514659264,-7.246910542754615e-06,-2.096034194938895e-05,0.29536603853758225,5.1273750677359414e-05,-5.971391042570998e-08,0.0012249688601404856,1.7773687065152714e-05,-3.81777747194254e-05,0.00014827045434439486,-0.10777018375730858,-1.6734018528317043e-05,6.579432439610876e-06,0.00028350056394669485,-0.0011072218113448982
MIR30B,0.10828029301126556,0.13214426539586555,0.2063803482799557,-0.019982123065956783,9.892530264483645e-07,-0.011726240016794,-9.448161584410218e-08,0.055443971030263696,-2.420925009026766e-06,-1.9098860843227742e-06,-0.00397469552495954,-0.00014210922831642744,3.1764963365712312e-06,-2.394737355309933e-06,2.3550963990282154e-05,-8.275343980552393e-05
HCN1,0.03538756637116406,-2.0642052797491148e-05,-0.003334656279048739,0.00930213337894985,6.800247458445803e-06,-0.00639677807483644,3.134850947180032e-05,0.0022561688793739003,0.00276212440752266,0.024554939334610705,-7.512715486558223e-05,2.3305051307300278e-06,0.06237793279573638,0.3427538728561845,0.0003225939450866893,0.00018473555892025817
SNORA25|ENSG00000200075.1,0.11186656717607632,0.1287583795835391,0.2019278039505344,-0.01859932803818485,5.17321655263949e-05,-0.011577795515319903,5.153060128681935e-07,0.0871161790682214,1.097471915869281e-05,-2.9780755742687937e-06,-0.0034042324485147866,-8.54342634475442e-06,0.0001361007483784159,1.7352284288574025e-05,0.00029742660640096893,-0.003396150059783232
PTPLAD2,-0.03337781368370191,0.0013676452722496287,0.0010342995182864125,-3.886232657921253e-06,0.28532407892387507,9.046357569856345e-05,-3.933080112278534e-07,-2.2330531581871483e-05,-1.0921057705865569e-05,-3.0110391312987445e-06,-1.8053986373442226e-05,0.2073252867735968,-9.825864487407676e-06,-3.0944538075715207e-06,1.1995742813212357e-05,2.7583957718619914e-05
TMEM71,0.10839888430538742,0.13078805271923294,0.2051881871802505,-0.018930183687428367,1.0487524251976137e-05,-0.01035021275847609,-6.420115746197895e-07,0.06797937069558918,0.0005087787818930872,-1.2657013336895593e-05,-0.0029187964711531265,-1.1730083704703243e-06,5.251079465306963e-06,1.2664513377332354e-07,0.0003789235375651419,-0.00028945686253304266
MIR5194,0.11201972820387666,0.1291298079735365,0.20233813250495838,-0.018457771735315365,2.6776235084414736e-05,-0.0117263756488698,8.366098982674175e-08,0.08604293947569769,7.694779438237258e-06,-6.395970124518974e-06,-0.0029283331749804815,-2.8671432887659176e-06,2.9909739976587988e-05,1.8078114892012227e-05,0.00030491579349704303,-0.005000627918829006
JAK2,-0.016434586832435663,-1.0582646387699177e-06,3.0815957141499974e-06,5.706494249569416e-05,0.30788311052579104,-0.00013680693890812408,-0.004864954285390763,-1.4448355374194423e-05,1.9517957907401203e-06,2.5578075012468515e-07,9.41773940957975e-06,-0.14018119316735614,-1.2808319195663807e-05,-2.1031454432322047e-07,7.625423422596294e-06,0.0003183654410867703
RCBTB2,-0.033400638233209066,-3.026882798182053e-06,-2.7229154652816964e-05,-0.021149428720923173,0.005462217985740415,-0.00019558477375018193,0.32533422379565186,0.00016038440296935178,3.894058353279838e-06,6.412491822403148e-07,-9.84529815080326e-07,1.2332781411175484e-06,-7.450670750372701e-05,-0.00753776765150701,0.21729475309201327,0.2035824476735492
PLGRKT,-0.015635765337847378,2.065330423036304e-05,-1.8825145124963367e-05,-2.742675507582441e-05,0.3084020270376357,-0.0009260166329981531,-0.005985863149293177,-4.120773515806163e-05,-1.2098093181945118e-05,4.500895049255549e-06,-9.259932791374024e-05,-0.1405936149191675,-1.3068352114783967e-06,3.242128556698548e-06,-2.1522434036550074e-05,2.1869275657187286e-05
TRIB1,0.11356592736262107,0.1259121739370646,0.19909071495534436,-0.014806753222045945,3.4822795532971615e-06,-0.008722315854506653,2.582232774709218e-06,0.10563506529767658,0.0026324135123613045,4.841776512646251e-05,-0.0024590846098628155,4.979875631361009e-06,0.0025782915494613045,4.079431855039746e-06,0.0019968827667478585,-8.88843895299431e-05
SNORA72|ENSG00000252158.1,0.10906794108379989,0.1298582762750039,0.20380252084484443,-0.018510272604708177,0.00013967946011041616,-0.012369641243413075,-1.0971939735054746e-06,0.07069259612877457,-1.0274894765177143e-05,-8.151091651858163e-06,-0.0009818137163966124,5.971455785301707e-07,1.0085359410321328e-05,2.621218733064234e-06,0.00010282795649635065,-0.00039455159804222505
SLA,0.10950581089451954,0.13120034855435744,0.20593339716743322,-0.01998483696971999,3.6085867671737947e-06,-0.009704797568874353,-4.3146810782040313e-07,0.0636335684805989,3.9068508764097914e-05,-3.076593653911005e-05,-0.0029477990533834705,-6.182645991456787e-07,5.29538745076344e-07,5.816004400272192e-07,1.0780941661354849e-05,-0.00026136324247050296
ATAD2,0.10992402906650911,0.12614578130184959,0.19794324367147473,-0.015207846409015043,4.0433979569805015e-07,-0.0068965849217438435,2.1584196655955963e-06,0.1098222809485573,0.0022759100993858987,3.0997374319065528e-06,-0.0025311918725648202,0.00023965202103847717,0.0024505978935055223,-2.2019614902147548e-05,1.1157522493519233e-05,-0.00016440702921206
EFR3A,0.10913678700311785,0.13051381021849956,0.204194910636953,-0.01889656946793249,8.940586652971783e-05,-0.013255457209072662,-1.5460227957765256e-06,0.0669541152956227,4.669758857851888e-07,-0.00016698089523781132,-0.0020886763202787157,-7.904568340839553e-07,8.705609411769033e-06,3.577894452356095e-06,8.486328601959316e-05,-0.0024734719529316755
OC90,0.10878326662448903,0.13032885379923806,0.20400675464665197,-0.018536181878583625,4.6377902090835956e-05,-0.013386779341230852,-4.917836841713517e-06,0.06861460178963295,-6.257110617773744e-06,-0.0005391913802093147,-0.002972931008268292,-3.504088864571391e-06,-6.955317707713314e-07,1.4609714097297838e-05,2.4774143644593674e-05,-0.0025544427013631256
KDM4C,-0.01846091464595587,5.926256801583531e-05,-2.070476918776649e-05,-4.62829459732389e-05,0.3067659605663823,1.3312096623672126e-05,-0.005284993664109484,7.438310102349944e-05,5.800044900035413e-06,0.007210078008144847,-4.9912808414706283e-05,-0.11528567630829922,-1.5413318877755096e-05,2.817078835949625e-07,1.1647551929094673e-05,-2.2939554755932284e-05
RFX3,-0.020042028344947598,-7.44007479996167e-05,-0.00012975228148905387,0.0001284292244816689,0.3005691267262485,0.0010048199903918509,5.256429206701024e-07,4.681422616301447e-05,6.79217409002773e-06,5.2826728080328e-07,0.0031254815750703267,-0.12116428407271686,6.182553217146542e-05,-8.320082905879117e-05,4.3547755255403006e-05,-0.0044358232015586675
ZHX2,0.10938255544100053,0.1264687647758864,0.19814376507556142,-0.01660425212408372,9.653790747349815e-07,-0.008123504896251865,1.8053144912237011e-07,0.10375617184098855,0.003427568260518876,4.45184575958524e-06,-0.0005864368392763428,4.808655419221671e-06,7.638447117868884e-07,-2.0734602174789816e-06,-1.2557377222693413e-05,-4.725972880062481e-05
SNORA12|ENSG00000212342.1,0.11154747190843654,0.1295341501862719,0.2025792401072835,-0.018246210687363318,4.2286900932644346e-05,-0.012522845004147382,-9.919974132977726e-09,0.08318863838657474,-2.973244668253283e-06,-8.191998133358912e-06,-0.0029970377852065115,-2.782661870215025e-06,4.303470798631043e-05,3.8091851978152856e-06,0.00030533369564792346,-0.00614312897490136
SNORA40|ENSG00000212273.1,0.10931414112795318,0.13109177266062455,0.2060797078341674,-0.01989009135409891,6.219751549797808e-06,-0.011268358329428572,-4.194074158295624e-08,0.06183180091643564,1.894522924289158e-06,-7.072069215269895e-06,-0.0034769528726681736,-6.352794280408279e-06,8.509574760390308e-07,-5.824075126231535e-07,6.919622434699845e-05,-0.00031493550622023995
TERT,0.07666657885686866,0.013430194539483258,-4.929040755748241e-06,0.019464781917312546,-0.010993543188693732,1.8415722460882764e-05,2.6768852085180726e-09,0.00034008213958986925,3.67131679109115e-06,0.030015306526256825,-1.14615998780632e-05,1.9636647528626124e-06,0.09729156540506294,0.5455698882009291,-0.0034949360974085696,0.005181830957724348
snoU13|ENSG00000238398.1,0.2043186199761602,0.11984076829402165,-0.111845410821063,4.0816385816757554e-05,1.0901547462551308e-05,-0.007218404211702546,2.4847503025572987e-07,0.0001197532993351105,6.859280433371584e-05,7.038452667143446e-05,0.0268605784728518,-1.373991926214224e-06,5.166619170753123e-05,4.2682373681438e-05,-4.2551866294636496e-05,-0.0003554715589593945
C8orf76,0.10989062370781108,0.12635240092710684,0.19867103988360804,-0.015516469278178192,5.268373297926279e-07,-0.007104743461957582,2.0362082887710372e-06,0.10966879649159685,0.001982390930927986,4.736104644425148e-06,-0.003004638709481878,0.0002560288513889296,9.297631441000798e-05,-1.382859575010429e-06,-1.2963560437760643e-05,-0.0005380356994035565
MIR548AA1,0.10945603417107787,0.12633891736643066,0.1982505160589544,-0.01534625027652048,-1.122390004223454e-06,-0.006709831876741034,8.597963345838838e-06,0.10797453487702134,0.002533728554993067,5.659047605737475e-06,-0.0025156556823678297,0.00011277580769625668,0.001571815764752963,-2.407219508904025e-05,6.4599070473144115e-06,-0.0006490835683093326
RN7SL329P,0.11372539253838503,0.12555672053164055,0.19906706916457204,-0.015138891637034,2.021891406534486e-06,-0.008579199742292369,2.5879055515881256e-06,0.10576613322217368,0.002539578119290473,8.639682777706192e-05,-0.0026356499712614652,3.95288443177108e-06,0.0012293123628217874,1.9665575718445818e-07,0.0005333082660989588,-7.813608907569308e-05
SPATA6L,-0.01837591788326216,2.9551892369296826e-05,-1.556758812288816e-05,2.351105146007099e-05,0.3059648661121214,-6.6588741326772e-07,-2.3726135781229816e-07,5.282294407465715e-05,2.8408114009388782e-05,6.278504013596978e-06,2.645625164951279e-05,-0.13792794064102895,2.0357909185411435e-05,-2.4474939049770006e-06,-7.3141897949126935e-06,8.314425626400873e-06
WDYHV1,0.11011555099839279,0.12692858531278553,0.19846379822582708,-0.015652595976617178,4.6043508390828197e-07,-0.007358352180857087,1.4638357371689615e-06,0.11074121596367896,0.002335440135613386,3.7889118561435e-06,-0.0014594555754831701,2.8676027286138238e-05,0.00046482210108326447,-1.398011821734527e-06,2.6177265810934428e-05,-0.00013069930165498858
LRRC6,0.10878943348964679,0.13033438392065305,0.20505621365370666,-0.01837037834844435,1.6103461118215024e-05,-0.010394354323788184,-1.8397889183964048e-06,0.06793321269338859,0.00014629729006591173,-0.00010346280726712869,-0.002142529046501613,-1.1923975529195244e-06,1.2537246111671496e-05,-1.8276401628062082e-06,0.0007208187767862944,-0.00025078912330421717
FAM83A,0.10950897633753998,0.1265301950072081,0.1987150756344021,-0.015871712857169828,1.6018420488576265e-06,-0.006985307679282804,3.524688173146047e-06,0.11085167165806917,0.0026849488114935034,2.1618059543268323e-06,-0.00293375093947381,0.00024373786013090931,0.00021015314460163829,-3.42505647939202e-06,-2.6493299074274452e-05,-0.00042043285895830627
ZHX1,0.10946991058885265,0.1260596562161445,0.198943005370613,-0.015280588962860909,-3.418048310851425e-07,-0.007176969202420052,1.3607872562214172e-05,0.11024297842599426,0.002265200403526442,3.5403280399727195e-06,-0.002673837713437849,0.0001774006431845464,0.00013038639216437408,-1.566723407373425e-06,1.6211296178743273e-06,-0.00017484101655409454
RASA3,2.0518175133359982e-05,-3.292862005809148e-06,-0.00027100678444447277,0.0021377819791734342,0.025245797691787687,1.8204917949979823e-05,0.3681592794696917,4.607566675086222e-05,1.096907219743034e-06,-6.913339483657588e-06,-5.883922910706993e-05,3.848892301969919e-07,1.707941228646155e-06,6.578512090493759e-08,-0.11735727941857269,-0.10639613590921804
MIR4663,0.10958666547620816,0.12648806379954117,0.19885244769105942,-0.015614849143214407,1.049923760293382e-06,-0.006893159859287112,2.545078157888372e-06,0.11003743485453071,0.0026806972702312117,2.9321544093396494e-06,-0.0029473631361297005,0.00023503606668759183,0.00010290228570670324,-2.6089489518781296e-06,-2.4560778108120686e-05,-0.0004230103711527422
MTSS1,0.11272011022684685,0.12646955330027196,0.19876070807257523,-0.01652593993755752,7.509263828030895e-07,-0.007554721926347394,9.094689031740008e-08,0.11021707750060676,0.002601362218281761,5.120428084416163e-06,-0.0014891407211362092,8.964347736621276e-06,0.00010960869640992654,1.1687172349477819e-05,3.4057289474383106e-05,-0.001179660674974709
FER1L6,0.11090745039134257,0.12742424736390848,0.19878950210819332,-0.015235054973870623,-5.818217144567605e-07,-0.008392060685165006,1.4253591562198067e-05,0.10904119059170715,0.0030819254446001936,1.231760625815609e-05,-0.0032771015303801154,2.1363968705402892e-05,8.632600272770406e-06,2.7392806494438298e-06,6.613980601119152e-05,-0.00015234193209563097
CD274,-0.01612877959766998,1.1622696733592348e-05,-1.4933872499693565e-05,-3.652896403817924e-05,0.3086988401862481,-7.38014527566461e-05,-0.006812075301029759,-7.042556355604225e-05,-2.022047260723811e-05,1.315070607001259e-05,-2.9520858347425143e-06,-0.14194196527844982,-5.374083061306852e-06,3.97345500446333e-06,-1.0268199468178564e-05,3.1607234929490186e-05
PDCD1LG2,-0.016158376849239386,1.87531490808257e-06,-1.0387594686962549e-05,-3.931444558773357e-05,0.30865269429744924,-6.630517626090534e-05,-0.006886583879134404,-6.637208170401934e-05,-2.147406758277714e-05,3.6286090092796096e-05,-2.7638225246255204e-06,-0.14232698198974747,-5.829836392500421e-06,8.168313247166096e-06,-3.2578110403383602e-06,8.995150640053378e-05
TBC1D31,0.10960921684759778,0.12685664140680167,0.1981999982282087,-0.016618476896101735,1.1087647354265937e-05,-0.008299106003039378,1.0757843518225874e-06,0.10845140728249425,0.003335396599550665,2.5869515328307794e-07,-0.0024499365843680173,8.153580720117853e-06,0.0007371454563808267,-5.4828973968296365e-06,-2.629420824617759e-05,-0.00013250605987347356
DERL1,0.10934848559417154,0.12671784842749437,0.1978478146639517,-0.01703096136304219,7.217079492710206e-06,-0.008371857487725195,1.677643084874421e-06,0.10612887036982326,0.002899029733387188,4.5766679341663773e-07,-0.0008443129485221282,3.2228295692660796e-06,0.0008428166483753162,-4.679365168643457e-06,-2.53974172182196e-05,-0.00016137324438779397
NDRG1,0.10964379172103476,0.13116893105372665,0.20609608859288575,-0.020109745852684192,1.614159460031422e-06,-0.009889270551790803,-3.552827085746782e-08,0.06322631194198088,1.6175081016040525e-06,-1.2062002374617334e-05,-0.003962639476138328,-8.341216066942177e-06,1.8106850565228775e-06,-2.665661797915978e-07,1.0783371829937877e-05,-0.00013250572033408802
KIAA0196,0.11300468546167157,0.1260835860940999,0.19927510376329885,-0.015318124421393657,1.496358272508069e-06,-0.008073179304838305,1.1203710736836732e-06,0.1073367935829195,0.002721301877191163,5.8983876383419835e-05,-0.0006707315069373169,1.423386062933313e-06,0.00011671095716975838,5.0660535693247254e-06,0.000527486727401235,-0.0001638110618235277
TRPS1,0.10480257456181137,0.12227994091233867,0.19238158661791377,-0.015552004129127939,7.737803185665657e-07,-0.0012192887961888757,-1.0833289383243227e-07,0.0942415708376957,0.004291519745116053,0.0006860020815017286,-0.0030778943656065275,7.640668693020277e-05,7.183133118076922e-05,3.8596212101867455e-07,-2.3126012014066508e-05,-0.0014015608985648402
FAM91A1,0.11076140383502571,0.1272719271170063,0.19827723969758532,-0.0151154036718871,9.79082047354097e-07,-0.007945743998349675,2.872562103069404e-05,0.10916276221485594,0.003521689901837743,8.577000309989469e-06,-0.002538888278928895,5.302129517259881e-05,0.00017196940213022921,4.125448402437236e-07,2.8894310170180764e-05,-0.00011319550101218392
COL14A1,0.10748714531147027,0.12421536421472075,0.1946928446868733,-0.015572825601932029,2.18374617012873e-06,-0.006376460488392148,9.933060237425022e-05,0.1014198302131565,0.002465621420288921,3.087233333913768e-05,-0.0005459587246774441,0.00357185961074257,0.0017875069618174908,-5.836687132297191e-07,9.892013336714663e-05,-1.8198134988742234e-05
WISP1,0.10917910942818097,0.13123219847101794,0.2062665586969116,-0.019716326110995098,3.955020705880255e-06,-0.010229911311459915,-9.268222760724762e-08,0.06370700069756928,8.116583066344504e-06,-8.306666609961625e-06,-0.0033089271389302923,-8.137093392459995e-06,2.5039873560007534e-06,-9.660461468721564e-08,-7.634755331050418e-08,-0.00013608039550579496
FBXO32,0.1099636471502532,0.1270353594732037,0.1982984566923879,-0.015594481597126496,1.9410995727616813e-06,-0.0070168441918624464,8.296951879635611e-06,0.11350817021578705,0.0018782931163722823,1.1969643629901529e-05,-0.0017322056385818759,1.3042227140952976e-05,0.0014351241740756455,-1.642313193866322e-06,3.8715241022243306e-05,-3.504755802866456e-05
IL33,-0.018671632542113934,5.630544040984238e-05,3.0091544687826527e-05,-0.0002615756324541568,0.3080245464199665,6.245187813700928e-05,-0.004477396885365202,-2.7051443267632627e-05,-1.017173680325588e-05,0.006327326713018934,1.3400209436871923e-06,-0.12152935515678054,-3.883742890418813e-07,-8.597498445312962e-07,-6.738765530557472e-06,-9.227662840532465e-06
RNY4P5,0.10931799142877868,0.12676552827274823,0.197987073330871,-0.01703168546963848,8.798973059400887e-06,-0.008200968839323544,2.525524321685885e-06,0.10668694220423273,0.002760257257295959,6.459356197872475e-07,-0.002353423876197513,2.9421242327006606e-06,0.0007446300271910964,-6.9499318364859996e-06,-3.437493893327852e-05,-0.00019186877914965385
snoU13|ENSG00000238422.1,0.10979573002696157,0.12630617694154728,0.1987682423348218,-0.015619798392519814,2.222048608664351e-07,-0.006946863137378834,8.758451052404661e-06,0.10947132208047661,0.0026367280341317314,5.902064369174505e-06,-0.0027472093943120093,0.0001524974171043694,0.00013252435113178055,-2.6975692982820933e-06,7.18726959624516e-07,-0.000229769198782246
U3|ENSG00000221461.1,0.10997556369679781,0.12658614248847672,0.19873354339676014,-0.015747355908487467,2.3421362000217984e-06,-0.007191071245166731,1.3271359998976197e-06,0.11049592978243108,0.0027117595942256325,3.596444023185301e-08,-0.0029247893819566205,2.4920751517842757e-05,9.374606210262707e-05,-4.61280044942522e-06,-7.373330482901916e-05,-0.0010167023356136267
SLC1A1,-0.018169684474965735,2.4893053388088967e-05,2.9552575441084787e-06,1.60403602909151e-05,0.3062911794655411,-3.299929288209622e-06,-1.0788641793008014e-06,8.230823584609645e-05,2.7933154866941376e-05,8.338101435646616e-06,2.7390264008234623e-05,-0.13718123947290803,6.899547293237493e-05,-1.7779587061836531e-06,-6.535264199438033e-06,7.944757180933334e-06
AK3,-0.017208583230984863,4.46092586841641e-05,-2.707779008197587e-05,1.6371298671927552e-05,0.3075448300275922,-0.00013883154191386007,-0.0026736893048537884,6.623129867602079e-05,-7.127285589519798e-07,1.1703045159945925e-05,1.2289244852970597e-05,-0.13842714729903208,4.581929724807328e-06,4.981239921472457e-07,7.82609062292119e-05,5.1799584468435845e-06
LINC00964,0.11321731049687553,0.1257281273443103,0.19916595466795492,-0.015526591729895588,8.034213428735343e-08,-0.00816617559159674,-2.2143368626300444e-07,0.10852854463947648,0.0034644441610390576,1.4730154310844758e-05,-0.0013010279316928509,5.533980228381946e-06,0.0001336009271248571,3.0250652769905507e-06,0.000768500805572031,-0.00011311112352374582
SNTB1,0.10770442875550518,0.1243897584111019,0.1955938438000635,-0.015337474105198446,1.7298058169671018e-05,-0.007570524773413946,1.7794570602105146e-05,0.09953403410691554,0.0033120072891478143,1.0730955414918801e-05,-0.0018657105939855817,1.4780999180745366e-05,0.0004188982788980952,5.861675354021945e-07,2.703475270868457e-05,-0.00012554451992202216
HPYR1,0.10900965919137022,0.13052315169737963,0.20535385259240846,-0.01852129353901644,2.5638647977929472e-05,-0.010823532843182186,-1.493788240777906e-06,0.06799973518676938,0.00020313595965373827,-0.00012390299615646687,-0.0020167224945607655,-1.0060121097073987e-06,1.2135025122802701e-05,-2.285746775341736e-06,0.0006321709505356715,-0.00027754699830745904
snoU13|ENSG00000238901.1,0.10945901810070556,0.12718808957677388,0.19916175761144853,-0.01695914967746153,2.4678845438027904e-06,-0.008805571633968702,-5.717775060707545e-08,0.1010675508457251,0.0026397124020356034,4.315942425611983e-06,-0.0024737705283743687,2.0446469004756896e-06,1.4965785029171609e-06,-1.153860773111965e-06,-1.4422479221643701e-05,-2.4951650037332862e-05
ANXA13,0.11070354846573102,0.1270325421299861,0.1980572331881006,-0.01518841288396142,-1.342928819073184e-06,-0.007882399361242376,2.4803551734039023e-05,0.1096893375347937,0.003405882220397183,1.0689296365829065e-05,-0.0022788879781394282,5.69220699499082e-05,0.00018257348090449675,4.380008584129617e-07,4.1439632162836625e-05,-0.0001964520383095757
RN7SKP155,0.11039479029253736,0.12742341600059495,0.19827747639732113,-0.016230526412605195,-6.022573963738991e-07,-0.006999304726519695,3.724460123653385e-06,0.1125716418756905,0.0033556581076400263,4.642921667819836e-06,-0.002930353322928032,6.366877090067667e-05,0.00024164776457718637,-8.688073877637995e-07,8.454582140916379e-05,-5.500406226730376e-05
VPS13B,0.09143764545932564,0.10874959464759898,0.17482579082886426,-0.002173816272183459,2.9471449328566023e-05,0.010988902496885866,1.478882348701201e-07,0.0760855145316311,-9.298548802032195e-06,3.92573089397747e-05,-0.0022934948429987924,2.5858007351225484e-06,0.01585463088362618,-6.637659136997124e-05,0.0001986428148305437,-0.0003480837473206068
TFDP1,-1.2087501135590588e-05,2.2004791243550533e-05,-4.110765848864021e-06,0.00021119902186143017,0.024681705280370926,8.105575966796161e-06,0.3707045750309652,-7.879280807218452e-05,9.608262516628768e-06,1.9205810265439887e-07,-1.0685595662779232e-05,9.21444662267573e-08,3.7696697550472155e-06,2.095793888169878e-08,-0.11676338969038537,-0.10626856796471576
KIAA1432,-0.017358251090783882,1.3651689440304968e-05,9.876416403151692e-06,-2.6942264682818097e-05,0.3075855667330373,-7.128793671077663e-06,-0.00767848662853428,-7.727225088809296e-05,-8.827449106957163e-06,4.332079895882614e-05,2.5993203303068268e-06,-0.13795530475461248,-4.263290929495604e-06,9.198422855730306e-07,-2.1021947422929194e-06,3.3581629788209215e-06
KLHL38,0.1105974665508223,0.12700468114909944,0.19840639881119662,-0.015696079264243015,-2.4031153179088154e-06,-0.007130708389319332,8.782957037310239e-06,0.11148993218567252,0.0031529222390386936,1.8299520279976547e-05,-0.002779202806115002,6.41593519152331e-05,0.0001003218670821525,9.070308674245844e-08,7.94087157067791e-05,-0.00011687884111266856
C9orf66,-0.021293892554913686,-0.0002332666627739718,-4.614076129313554e-05,4.2751441701265236e-05,0.29326519979607096,9.848724150627454e-05,4.6793886325539944e-07,0.00016728974166619134,8.196100614077122e-05,-2.692880829924987e-05,0.0002227257622917677,-0.10416614316974965,-1.6799000242855445e-05,-4.890812812036753e-07,8.570916457235505e-05,-0.008119905077822627
CBWD1,-0.02129389255491369,-0.0002332666627739733,-4.61407612931358e-05,4.275144170126512e-05,0.293265199796071,9.848724150627477e-05,4.679388632554065e-07,0.00016728974166619319,8.196100614077202e-05,-2.692880829925009e-05,0.0002227257622917701,-0.10416614316974962,-1.679900024285557e-05,-4.890812812036891e-07,8.570916457235575e-05,-0.008119905077822641
DOCK8,-0.021293892554913686,-0.0002332666627739718,-4.614076129313554e-05,4.2751441701265236e-05,0.29326519979607096,9.848724150627454e-05,4.6793886325539944e-07,0.00016728974166619134,8.196100614077122e-05,-2.692880829924987e-05,0.0002227257622917677,-0.10416614316974965,-1.6799000242855445e-05,-4.890812812036753e-07,8.570916457235505e-05,-0.008119905077822627
FAM138C,-0.021293892554913686,-0.0002332666627739718,-4.614076129313554e-05,4.2751441701265236e-05,0.29326519979607096,9.848724150627454e-05,4.6793886325539944e-07,0.00016728974166619134,8.196100614077122e-05,-2.692880829924987e-05,0.0002227257622917677,-0.10416614316974965,-1.6799000242855445e-05,-4.890812812036753e-07,8.570916457235505e-05,-0.008119905077822627
FOXD4,-0.021293892554913686,-0.0002332666627739718,-4.614076129313554e-05,4.2751441701265236e-05,0.29326519979607096,9.848724150627454e-05,4.6793886325539944e-07,0.00016728974166619134,8.196100614077122e-05,-2.692880829924987e-05,0.0002227257622917677,-0.10416614316974965,-1.6799000242855445e-05,-4.890812812036753e-07,8.570916457235505e-05,-0.008119905077822627
KANK1,-0.021293892554913686,-0.0002332666627739718,-4.614076129313554e-05,4.2751441701265236e-05,0.29326519979607096,9.848724150627454e-05,4.6793886325539944e-07,0.00016728974166619134,8.196100614077122e-05,-2.692880829924987e-05,0.0002227257622917677,-0.10416614316974965,-1.6799000242855445e-05,-4.890812812036753e-07,8.570916457235505e-05,-0.008119905077822627
RN7SL412P,-0.021293892554913686,-0.0002332666627739718,-4.614076129313554e-05,4.2751441701265236e-05,0.29326519979607096,9.848724150627454e-05,4.6793886325539944e-07,0.00016728974166619134,8.196100614077122e-05,-2.692880829924987e-05,0.0002227257622917677,-0.10416614316974965,-1.6799000242855445e-05,-4.890812812036753e-07,8.570916457235505e-05,-0.008119905077822627
DMRT2,-0.02067457671596619,-0.0005964893737910371,-2.6074510697979912e-05,-5.703552680378155e-06,0.29636199086232395,8.877828787487835e-05,1.9588451065252793e-07,0.0006661702584836051,1.1969381588013391e-05,-2.355070786462875e-05,0.00039680340203260706,-0.10703285453413403,-5.597191183814979e-06,5.2779388514165356e-06,0.00019516286422614388,-0.0024233996426839106
DMRT3,-0.02067457671596619,-0.0005964893737910371,-2.6074510697979912e-05,-5.703552680378155e-06,0.29636199086232395,8.877828787487835e-05,1.9588451065252793e-07,0.0006661702584836051,1.1969381588013391e-05,-2.355070786462875e-05,0.00039680340203260706,-0.10703285453413403,-5.597191183814979e-06,5.2779388514165356e-06,0.00019516286422614388,-0.0024233996426839106
RNA5SP279,-0.02067457671596619,-0.0005964893737910371,-2.6074510697979912e-05,-5.703552680378155e-06,0.29636199086232395,8.877828787487835e-05,1.9588451065252793e-07,0.0006661702584836051,1.1969381588013391e-05,-2.355070786462875e-05,0.00039680340203260706,-0.10703285453413403,-5.597191183814979e-06,5.2779388514165356e-06,0.00019516286422614388,-0.0024233996426839106
MIR4662B,0.1130241884606904,0.12650557033181778,0.19864484317703598,-0.015891685336854595,4.985861850353403e-06,-0.0077347063597068815,4.375109356253635e-08,0.10929904540503842,0.002763557623047415,2.3782629507145763e-06,-0.002226336146128164,5.45931356451954e-06,0.0007391554805511013,1.259945333955109e-05,3.333323435592587e-05,-0.00018363072975366958
C9orf38,-0.018642641845030637,5.4647227286874814e-05,2.5354180996208762e-05,-8.225193612569727e-05,0.3080045378914003,7.537614769220033e-05,-0.004827784036817174,-1.7885067621451064e-05,1.3547816437401947e-06,0.006181200400358132,-3.353886689218454e-06,-0.1206161459270322,-3.5498962482936964e-06,-8.667999337754659e-07,2.295982157042708e-06,-2.3831640394343446e-05
GLDC,-0.018642641845030637,5.4647227286874814e-05,2.5354180996208762e-05,-8.225193612569727e-05,0.3080045378914003,7.537614769220033e-05,-0.004827784036817174,-1.7885067621451064e-05,1.3547816437401947e-06,0.006181200400358132,-3.353886689218454e-06,-0.1206161459270322,-3.5498962482936964e-06,-8.667999337754659e-07,2.295982157042708e-06,-2.3831640394343446e-05
RN7SL123P,-0.018642641845030637,5.4647227286874814e-05,2.5354180996208762e-05,-8.225193612569727e-05,0.3080045378914003,7.537614769220033e-05,-0.004827784036817174,-1.7885067621451064e-05,1.3547816437401947e-06,0.006181200400358132,-3.353886689218454e-06,-0.1206161459270322,-3.5498962482936964e-06,-8.667999337754659e-07,2.295982157042708e-06,-2.3831640394343446e-05
RN7SL25P,-0.018642641845030637,5.4647227286874814e-05,2.5354180996208762e-05,-8.225193612569727e-05,0.3080045378914003,7.537614769220033e-05,-0.004827784036817174,-1.7885067621451064e-05,1.3547816437401947e-06,0.006181200400358132,-3.353886689218454e-06,-0.1206161459270322,-3.5498962482936964e-06,-8.667999337754659e-07,2.295982157042708e-06,-2.3831640394343446e-05
TPD52L3,-0.018642641845030637,5.4647227286874814e-05,2.5354180996208762e-05,-8.225193612569727e-05,0.3080045378914003,7.537614769220033e-05,-0.004827784036817174,-1.7885067621451064e-05,1.3547816437401947e-06,0.006181200400358132,-3.353886689218454e-06,-0.1206161459270322,-3.5498962482936964e-06,-8.667999337754659e-07,2.295982157042708e-06,-2.3831640394343446e-05
UHRF2,-0.018642641845030637,5.4647227286874814e-05,2.5354180996208762e-05,-8.225193612569727e-05,0.3080045378914003,7.537614769220033e-05,-0.004827784036817174,-1.7885067621451064e-05,1.3547816437401947e-06,0.006181200400358132,-3.353886689218454e-06,-0.1206161459270322,-3.5498962482936964e-06,-8.667999337754659e-07,2.295982157042708e-06,-2.3831640394343446e-05
snoU13|ENSG00000252110.1,-0.018642641845030637,5.4647227286874814e-05,2.5354180996208762e-05,-8.225193612569727e-05,0.3080045378914003,7.537614769220033e-05,-0.004827784036817174,-1.7885067621451064e-05,1.3547816437401947e-06,0.006181200400358132,-3.353886689218454e-06,-0.1206161459270322,-3.5498962482936964e-06,-8.667999337754659e-07,2.295982157042708e-06,-2.3831640394343446e-05
SMARCA2,-0.01961823704554831,-0.0004911224973315344,2.403989023580971e-06,4.030442388064422e-05,0.2990301723358307,0.0003295648775334469,2.678717498123462e-06,4.6037374080812245e-05,3.135346950434224e-05,-8.098622059267264e-06,0.0028687214976375252,-0.11916185336668059,-2.2843938208661807e-05,-3.0856979119769556e-06,3.960317193404895e-06,-0.0007924401278830447
TATDN1,0.11188872470493762,0.1271878973398169,0.19953707943546403,-0.01633639687112979,1.7748537435524683e-06,-0.007690261606976733,8.387057524852683e-07,0.10974408478373748,0.0023716901154102066,2.682659723205459e-05,-0.003373141083569405,1.0368628865384356e-06,6.135636144522221e-06,7.879933820630318e-06,2.0664888186054856e-05,-0.0014731709141992332
RCL1,-0.016172874066252806,2.762547181808488e-06,1.543017628482811e-05,2.3769075895466695e-05,0.3084837262407762,-0.00025795611194508666,-0.0038006984439645113,-7.702767599492556e-06,-5.891842329218343e-07,6.242325849942749e-07,7.8223551307225e-06,-0.1402864688997235,-2.9371666646363687e-07,2.1496351210427213e-07,1.8598735930653295e-05,4.855025240014065e-06
SQLE,0.11337099260961579,0.12612937878796543,0.19980654569278786,-0.015128874320316447,9.71736643918696e-07,-0.008262622821309672,3.951398982374314e-07,0.10739077338706744,0.002807454526962522,2.2540963051441695e-05,-0.0013234211700643359,3.7940133067765194e-06,0.0002730013983658789,5.506289753559458e-06,0.00045885375280172445,-9.283517108972706e-05
KIAA0020,-0.02083110605726291,-0.0016658768408373147,-4.430980478878945e-05,0.00033958053608305476,0.29910626821970643,0.0001970046919399144,-2.1280264153176953e-07,0.00043811963359212267,2.2400323145693495e-05,-6.190041504292877e-06,0.003305565601867589,-0.11635912462946811,-5.130617887893886e-06,-2.5422283725838327e-05,2.9043035230730577e-05,-0.0018575643440694488
RLN2,-0.01661578361871406,6.030700766929615e-06,-1.2608717930798461e-06,-1.644602131146995e-06,0.3098078481898372,-0.0007418363947879758,-0.005463661687765272,-1.3557851954362557e-05,-2.0385410614543522e-05,2.0052600639954125e-06,-3.673921845042375e-06,-0.13886968607682235,1.9638657237950707e-08,1.4823084991319379e-06,-0.0001271475185870784,1.7580980292834904e-05
RLN1,-0.01661578361871406,6.030700766929615e-06,-1.2608717930798461e-06,-1.644602131146995e-06,0.3098078481898372,-0.0007418363947879758,-0.005463661687765272,-1.3557851954362557e-05,-2.0385410614543522e-05,2.0052600639954125e-06,-3.673921845042375e-06,-0.13886968607682235,1.9638657237950707e-08,1.4823084991319379e-06,-0.0001271475185870784,1.7580980292834904e-05
RNF139,0.11202809557297598,0.12700423354405072,0.19919731250719908,-0.016484316708902262,9.858996545567247e-07,-0.007297342368693156,8.422439185912635e-07,0.11006224021534966,0.002167735888814562,2.76569457112203e-05,-0.0033575399193650113,9.980418057738535e-07,4.360313678881441e-06,9.108286748715887e-06,2.079215272704039e-05,-0.0016317995814324536
GPC5,-0.01203139802532042,-0.0013542276611492455,0.0009426175278835685,-6.234458072173448e-05,0.021407228686681344,4.636628223211321e-05,0.33088524800792235,0.0001684663255594271,0.00010239312284899239,-1.0903371806398675e-05,-0.00023347725825578248,-2.7553745021771463e-06,0.0009774585049268725,7.451403872554198e-06,-0.025852134610744974,-0.018259786719011958
LINC00536,0.10493899811960498,0.12196489510943455,0.19332641809658316,-0.014942229141905414,7.0132789486569026e-06,-0.004130557567908676,-3.2729009879934097e-07,0.0935282756902396,0.004760480183433551,0.00547396291597054,-0.0035605031960501106,1.2097152537936217e-05,0.00025559293054411633,-8.147096022263845e-07,1.0632690126900555e-05,-0.001234221876222224
CDC37L1,-0.017551590997763565,2.2022371359767463e-06,-3.6207592881049364e-05,-5.701580522980962e-07,0.30703276916831385,-1.4134432442708677e-05,-2.7453397779679942e-05,8.720463803990472e-05,4.232304818041036e-05,7.841796875753979e-06,2.2813211873396486e-05,-0.1384213516874699,1.7599397117955472e-05,-5.550615078292292e-07,8.140094334672176e-06,1.4933067076746126e-05
NDUFB9,0.11231380662014032,0.12655999872692705,0.19932025778632098,-0.015732011237879026,3.2975473253758313e-07,-0.007909924123164764,4.1801700390287557e-07,0.11008938323871698,0.0030513608333265184,1.7481957065759046e-05,-0.003519645014794172,1.7919624359661789e-06,2.958945239055536e-05,3.777131062735543e-06,2.806966183925487e-05,-0.001227234443020054
NKD2,0.07681588603922872,0.013390342579471413,6.57319784669206e-07,0.01892986785803309,-0.010787544720169531,-4.6153169099682524e-07,-1.1766601948069339e-08,8.757583466734198e-08,-9.443677777122545e-09,0.030915380829797015,5.0761019234897824e-05,-3.944364207836213e-09,0.09768928455323271,0.5495719361296637,-0.0037747342242153386,0.0059355698253882
LINC00462,-0.0325858976631983,8.10581148571329e-05,-0.00020189814181136742,-0.020660099649577338,0.006621568649785309,-9.513618549407608e-06,0.3263060032676835,0.00010007743910515309,3.1551253645385006e-05,-4.615678893037267e-07,2.3569047342569227e-06,6.027478647680238e-07,9.531670470534051e-07,-0.006067839145226931,0.2160019450487803,0.20333262498180757
CARM1P1,-0.01959607143646233,-0.0004229853318734069,-4.7704440603216675e-05,7.116413883776763e-05,0.3009614954049706,0.0020020471593102116,1.6027582632933897e-08,5.5843757638256346e-05,8.682187431422095e-06,-5.001505615612134e-06,0.003676845631057301,-0.11789694936057997,1.785960473391993e-05,-7.476743330637744e-06,4.048475948021813e-05,-0.0016223084181812939
DEPTOR,0.10642754839325547,0.12357726725481656,0.19484719329666073,-0.015432845661423913,4.545563215059678e-07,-0.005825208830514568,0.00038021861395966846,0.10263593897687895,0.0046574293416644635,6.765353337168927e-05,-0.0025012670318317744,0.00022128401835452247,0.00010092403555282503,-3.7212229488889275e-06,0.0001010433624965988,-0.000426338133478366
LINC00441,-0.0342216058162328,-1.0822617553153525e-05,-0.0017695005100766062,-0.019202336856278986,0.0067309064084168525,2.5316560234652808e-06,0.3250941547923846,0.0001522507115493456,8.45124560415655e-06,-7.706212028281827e-06,-2.9588891100062044e-06,3.4795170603844856e-06,-0.0009263584039392048,-0.005544192960793874,0.21019481385003042,0.19927953077736069
SPRYD7,-0.0294124989453178,-6.377242932281042e-06,6.767132717406208e-05,-0.018381314360672456,0.0074385170755012706,6.548063266176712e-05,0.32598285991268766,5.953478062362133e-06,-1.9851492316665178e-05,7.557354873667007e-06,-4.8338442348511706e-05,3.3018106033084897e-06,0.00011366764457307527,-3.5858548966848685e-07,0.2006810546678935,0.1869463087059761
ZNF572,0.11338555385761273,0.126402695857554,0.1994861304291953,-0.01542372515699901,1.2986134951815567e-06,-0.008538486483517524,1.1762462532878621e-07,0.10789533714395111,0.002918266436112026,5.511141671077949e-05,-0.0012969305221950276,6.477800666532965e-06,0.00044077165994227987,6.271855635718519e-06,0.0002509154329342697,-8.415405154250482e-05
CDC16,-0.0007538737244030527,1.2591625510335245e-05,-7.508774360714421e-05,-8.23916925452537e-06,0.025568696808307284,-1.9025970960252496e-05,0.36408204696204705,0.0012530917854741963,2.2634165391953792e-05,-0.0007946190264484737,6.7569025302561946e-06,4.928825024057418e-06,-3.4895299292799904e-07,1.1755426588333493e-06,-0.11340216489181702,-0.10267694394293625
CHAMP1,-0.0007538737244030527,1.2591625510335245e-05,-7.508774360714421e-05,-8.23916925452537e-06,0.025568696808307284,-1.9025970960252496e-05,0.36408204696204705,0.0012530917854741963,2.2634165391953792e-05,-0.0007946190264484737,6.7569025302561946e-06,4.928825024057418e-06,-3.4895299292799904e-07,1.1755426588333493e-06,-0.11340216489181702,-0.10267694394293625
MIR4502,-0.0007538737244030527,1.2591625510335245e-05,-7.508774360714421e-05,-8.23916925452537e-06,0.025568696808307284,-1.9025970960252496e-05,0.36408204696204705,0.0012530917854741963,2.2634165391953792e-05,-0.0007946190264484737,6.7569025302561946e-06,4.928825024057418e-06,-3.4895299292799904e-07,1.1755426588333493e-06,-0.11340216489181702,-0.10267694394293625
MIR548AR,-0.0007538737244030527,1.2591625510335245e-05,-7.508774360714421e-05,-8.23916925452537e-06,0.025568696808307284,-1.9025970960252496e-05,0.36408204696204705,0.0012530917854741963,2.2634165391953792e-05,-0.0007946190264484737,6.7569025302561946e-06,4.928825024057418e-06,-3.4895299292799904e-07,1.1755426588333493e-06,-0.11340216489181702,-0.10267694394293625
UPF3A,-0.0007538737244030527,1.2591625510335245e-05,-7.508774360714421e-05,-8.23916925452537e-06,0.025568696808307284,-1.9025970960252496e-05,0.36408204696204705,0.0012530917854741963,2.2634165391953792e-05,-0.0007946190264484737,6.7569025302561946e-06,4.928825024057418e-06,-3.4895299292799904e-07,1.1755426588333493e-06,-0.11340216489181702,-0.10267694394293625
TMEM65,0.11132014022000414,0.12758761911995128,0.1991452173685684,-0.016408301592139917,2.7311570154964594e-06,-0.00771826395282791,3.1441078456659132e-06,0.10981065433886728,0.002985972553586612,2.4161493162660575e-06,-0.0031588026037048644,1.6153902726748349e-06,-5.700185883943149e-06,1.395569976491604e-06,1.96622745634722e-06,-0.0007397439587240392
ATP11A,0.000684745035834393,-4.703119949846261e-05,3.0190069154589418e-05,0.0026373635603633015,0.024002623088336367,-3.301378501223813e-05,0.3656196970992008,-0.00015643926634436897,5.5645765277471255e-05,1.6478192850217045e-05,1.5148172905339177e-05,-5.149262279166792e-06,0.001664254349538097,1.2504972145062867e-05,-0.11018642355756911,-0.0993003367381402
INSL4,-0.016356168180651186,4.208480941345974e-05,-1.293543850515256e-06,2.3657702939467235e-05,0.30954642350379186,-0.00010551630528187474,-0.005437027000247482,-4.210928293441729e-06,-1.487592658617741e-05,-8.859511277461181e-07,3.068581988202418e-05,-0.13891192114640766,1.3870051511739436e-05,-5.822056943466368e-07,-7.844110632191223e-06,0.00017579045042469577
PPAPDC2,-0.018196235158006568,1.1504859385412634e-05,-1.8364363803811992e-05,9.086415967893637e-07,0.306891350183524,-4.784023017109916e-06,-1.0241625480973374e-06,2.1978698320601863e-05,0.0001795379491938465,1.6001777779409896e-06,3.378239360889483e-05,-0.13740890140254,4.7999591661387986e-05,-9.792756589932974e-07,-2.087337624280908e-06,3.492796513056236e-06
MIR4635,0.07679489762065099,0.013660888163892606,-1.2409479061149336e-12,0.018927386600554715,-0.010703264614901226,9.505069949962056e-13,2.2229913296906703e-14,-3.0230309854121857e-12,-2.4595875979472124e-13,0.031072056194523922,-2.062003637545181e-12,-1.9398924379467564e-13,0.09809893668184755,0.549886994631099,-0.003702935729060321,0.006084084956923328
SLC12A7,0.07679489762065099,0.013660888163892606,-1.2409479061149336e-12,0.018927386600554715,-0.010703264614901226,9.505069949962056e-13,2.2229913296906703e-14,-3.0230309854121857e-12,-2.4595875979472124e-13,0.031072056194523922,-2.062003637545181e-12,-1.9398924379467564e-13,0.09809893668184755,0.549886994631099,-0.003702935729060321,0.006084084956923328
SLC6A18,0.07679489762065099,0.013660888163892606,-1.2409479061149336e-12,0.018927386600554715,-0.010703264614901226,9.505069949962056e-13,2.2229913296906703e-14,-3.0230309854121857e-12,-2.4595875979472124e-13,0.031072056194523922,-2.062003637545181e-12,-1.9398924379467564e-13,0.09809893668184755,0.549886994631099,-0.003702935729060321,0.006084084956923328
SLC6A19,0.07679489762065099,0.013660888163892606,-1.2409479061149336e-12,0.018927386600554715,-0.010703264614901226,9.505069949962056e-13,2.2229913296906703e-14,-3.0230309854121857e-12,-2.4595875979472124e-13,0.031072056194523922,-2.062003637545181e-12,-1.9398924379467564e-13,0.09809893668184755,0.549886994631099,-0.003702935729060321,0.006084084956923328
RCBTB1,-0.03008205527568763,-2.1340182279524285e-05,0.00012076970213829299,-0.019918941556768648,0.007029238352920176,0.00014428141941002283,0.32584770842379657,3.413719453611569e-06,-3.4875041553124933e-06,4.049475540384691e-06,-4.719525103326888e-06,-2.322469708804089e-07,3.7171577936182615e-05,-9.018580455384211e-07,0.20565526234289472,0.19432375583802122
TRMT12,0.11177577157378488,0.1272165836217043,0.1995308213501459,-0.016759240070954157,2.298578546742828e-06,-0.007860342566821868,1.2326732929217715e-06,0.11008959169940347,0.0020937598144307188,4.414995188094325e-06,-0.003269244519976546,3.327487806370806e-07,1.8900880322042926e-07,4.718031604712901e-06,1.616413395935623e-05,-0.002139090202081768
RIMS2,0.09598286924643397,0.11518905923405295,0.18047666895506737,-0.00940841553623746,0.00010124896315976755,0.004997619082712179,1.2695571728671802e-06,0.0827585288647442,3.867434515422062e-05,1.4029931711729636e-05,-0.004913896035413878,2.2649366540593176e-06,0.015909877966997662,-4.551780148272479e-06,0.0006810256448411503,-0.00023258201745692347
LINC00454,-3.2511790760433324e-05,1.785285844617554e-07,-1.3419830465514834e-07,0.001774326814140075,0.025133134769391486,8.291305021863238e-06,0.37326157559271295,2.2690073326722178e-07,-2.438122399081784e-08,-4.499836912324236e-08,-1.5810246626693737e-08,-9.972262675522169e-10,-1.8822180380026403e-07,-1.4032645064293189e-08,-0.11825497584749696,-0.10803714617135361
KIAA2026,-0.018128956735634107,-3.093940317328147e-05,6.988571145717133e-06,-5.196858195427148e-05,0.3075425971983408,-1.3571839392156145e-05,-0.006055629962595446,-3.2188557921440856e-05,-6.04869621406383e-06,1.4490342399627555e-05,2.714994540234088e-05,-0.13497136693023745,-4.963701468972641e-07,-1.0806390591409971e-07,2.8474146513398777e-08,1.165993415793125e-05
SLC30A8,0.10592946095326673,0.12299754009311104,0.19497256091047904,-0.0156524729798753,1.0732638044000289e-05,-0.0035835794749916592,2.82098145869781e-06,0.09368885946521847,0.004979712304604342,0.00034334567253207034,-0.004848526751823725,1.1658451738834022e-05,0.00013304698666044497,-1.3738619887346946e-06,3.384326400068364e-06,-0.0006200204351189101
KCNV2,-0.02080268095386476,-0.0007841998154563511,-3.3080720203244436e-05,0.00015586689091745778,0.2991784916268723,0.000475818069091809,3.049657086121527e-07,0.0005251961601216851,4.8222365111489714e-05,-8.236606219866126e-06,0.003387493709766376,-0.11762298986525084,-6.725134605781191e-06,-1.0496571506875457e-05,-5.511683120424805e-06,-0.0012138466279837548
FNDC3A,-0.031121402762785383,-3.2185084547341416e-05,-4.167385282204138e-05,-0.0194489460043328,0.006882166330958202,0.00036070127874620147,0.32639838805373483,1.8898072286296663e-05,-9.10865563024284e-06,-6.05917610575133e-07,2.43811755506726e-06,-2.758673170552453e-06,6.672838575717754e-06,-4.063662418202279e-06,0.2097248471988789,0.19906804484245497
GUCY1B2,-0.029225514933183178,6.450775953957789e-06,2.465772479970779e-05,-0.018206405212347565,0.006996544043120083,-3.82998934486012e-06,0.3261759435814813,2.1641336580874664e-05,-2.342276405160396e-05,2.1078211771295334e-06,-5.4825400670400056e-06,4.570390492630635e-06,0.00011209888319191275,4.19128697404121e-07,0.19729924854341271,0.1844135207562138
GAS6,6.998968310683315e-11,-2.4490875156198666e-12,2.1782805743106962e-12,0.0018613522728365575,0.02502299768083906,-9.651774944119482e-12,0.37359709592527546,1.1779224715213671e-11,-2.7990592608017044e-13,4.21312013877753e-13,2.300867855312558e-12,1.1202662501857237e-13,-1.6399887799807066e-13,-6.232769457629341e-14,-0.1180544741521331,-0.10780873986228438
GRK1,6.998968310683315e-11,-2.4490875156198666e-12,2.1782805743106962e-12,0.0018613522728365575,0.02502299768083906,-9.651774944119482e-12,0.37359709592527546,1.1779224715213671e-11,-2.7990592608017044e-13,4.21312013877753e-13,2.300867855312558e-12,1.1202662501857237e-13,-1.6399887799807066e-13,-6.232769457629341e-14,-0.1180544741521331,-0.10780873986228438
TMEM255B,6.998968310683315e-11,-2.4490875156198666e-12,2.1782805743106962e-12,0.0018613522728365575,0.02502299768083906,-9.651774944119482e-12,0.37359709592527546,1.1779224715213671e-11,-2.7990592608017044e-13,4.21312013877753e-13,2.300867855312558e-12,1.1202662501857237e-13,-1.6399887799807066e-13,-6.232769457629341e-14,-0.1180544741521331,-0.10780873986228438
EIF3H,0.10536184628129477,0.12260041371550905,0.19408293110337468,-0.015650591204769238,5.2460896032440185e-06,-0.0032424284697614926,5.70854927244811e-07,0.09393116938686628,0.004496772669411807,0.0014544722579501218,-0.0041898842774995325,0.0001823772941454841,0.00017678578747672163,-6.042217595363951e-06,5.7065169448056704e-05,-0.005183972765356009
