,Factor1
TCGA-19-1787-01,6.970906140685387
TCGA-S9-A7J2-01,-3.3557404101164123
TCGA-EK-A2RE-01,-3.2784105246431436
TCGA-44-6778-01,8.457481354085898
TCGA-F4-6854-01,2.4739676595834923
TCGA-C8-A1HL-01,-2.839165798629874
TCGA-EW-A2FS-01,-1.9283267572507423
TCGA-IR-A3L7-01,-2.951291844820428
TCGA-05-4420-01,3.595752379348706
TCGA-R6-A8WC-01,0.18737295278868973
TCGA-DX-A3U8-01,-3.0264177084602113
TCGA-GL-8500-01,-2.7040030980857224
TCGA-BR-A4J6-01,-2.1411511212670544
TCGA-EJ-7125-01,-3.307032989772189
TCGA-IN-7808-01,-1.3659301662896564
TCGA-L5-A4OH-01,1.1123866145956225
TCGA-AX-A3G6-01,-0.05629541388908026
TCGA-B9-A8YH-01,-1.5074305655498386
TCGA-E1-A7YI-01,-2.3565518632764677
TCGA-PC-A5DM-01,-1.7929924633631202
TCGA-BR-A4QL-01,17.343756533038583
TCGA-CH-5751-01,-2.0238007173753516
TCGA-A2-A3XX-01,-1.762276472098306
TCGA-DQ-5624-01,0.0634710831076667
TCGA-KK-A7B3-01,-3.1474796481651124
TCGA-DQ-7591-01,-2.176159160957754
TCGA-06-5412-01,-2.954816515419702
TCGA-BP-4989-01,-2.6566410187489464
TCGA-EJ-8468-01,-1.9021964093384238
TCGA-CZ-5459-01,-1.2407933283003074
TCGA-D5-5538-01,1.5981454813944573
TCGA-56-8305-01,5.93688551015359
TCGA-4X-A9FA-01,-2.9771064676510735
TCGA-DD-AAW0-01,-0.1926138628149255
TCGA-AA-3511-01,0.22970072430259075
TCGA-Z7-A8R5-01,-3.1042958674491357
TCGA-39-5031-01,7.816396609037561
TCGA-ZG-A8QW-01,-2.7992682077187525
TCGA-DU-7302-01,-2.7340414019055985
TCGA-DJ-A3UX-01,-3.230896184431611
TCGA-EI-6512-01,1.2260778569931245
TCGA-J4-A83K-01,-2.5889242322790844
TCGA-HZ-7922-01,-1.565692670401259
TCGA-DD-AACA-01,-0.6683722878605427
TCGA-QG-A5YX-01,0.21517095228484495
TCGA-ZG-A9MC-01,-2.520230389671046
TCGA-BR-8372-01,10.884917703859351
TCGA-HC-7742-01,-2.66671869504907
TCGA-64-1679-01,9.184615000333606
TCGA-CV-5976-01,-1.074663532162675
TCGA-2G-AAFZ-01,-3.4561709218932606
TCGA-LN-A4MQ-01,-0.24768921095979027
TCGA-CV-6948-01,1.1128246385280665
TCGA-K7-AAU7-01,-1.9948122001165005
TCGA-CJ-6028-01,-2.760027224984846
TCGA-B6-A0RL-01,-2.7479083039378542
TCGA-CZ-5456-01,-2.243939415076331
TCGA-EL-A3D0-01,-3.226967978408551
TCGA-EM-A22Q-01,-3.1630837265554015
TCGA-49-6744-01,4.1958954270473425
TCGA-L5-A4ON-01,0.6301731399847849
TCGA-ZN-A9VU-01,-2.6172605161169895
TCGA-Q3-A5QY-01,-3.4561709218932606
TCGA-AJ-A3BI-01,-1.9796825178285011
TCGA-W2-A7UY-01,-3.4561709218932606
TCGA-E3-A3E2-01,-3.3869082808926256
TCGA-FB-A545-01,-0.5895242890148392
TCGA-G4-6320-01,13.994037717682415
TCGA-55-6982-01,1.4306664568483256
TCGA-RC-A7SH-01,-2.2358762422028393
TCGA-CC-A3MA-01,-1.8685736745684556
TCGA-RC-A7SB-01,-1.4629952965385589
TCGA-CM-6164-01,-1.0123676661718912
TCGA-ET-A3BW-01,-3.046027844313442
TCGA-E2-A2P6-01,0.22270873098831914
TCGA-VD-A8KF-01,-3.4561709218932606
TCGA-EL-A4JZ-01,-3.3869082808926256
TCGA-M7-A722-01,-1.736744704459519
TCGA-CV-A6K0-01,-2.664659947882365
TCGA-S6-A8JY-01,-3.061390752834194
TCGA-AO-A1KT-01,-2.307431773384553
TCGA-N9-A4Q1-01,-2.1324320816836617
TCGA-12-5299-01,-2.9852457864510757
TCGA-BJ-A0ZJ-01,-3.4561709218932606
TCGA-P5-A5EX-01,-3.196590391473371
TCGA-DJ-A4V2-01,-3.0494944382602176
TCGA-HT-8563-01,-2.9007213677655805
TCGA-J8-A3O2-01,-3.3869082808926256
TCGA-E9-A3HO-01,-1.6900958340612935
TCGA-A6-A567-01,-1.275868237052966
TCGA-58-A46N-01,4.269567685425013
TCGA-CG-4466-01,4.499663214176014
TCGA-A3-3383-01,-2.511156673836292
TCGA-NJ-A4YI-01,7.923857377717137
TCGA-VT-A80J-01,-2.3024872029589596
TCGA-Q1-A73Q-01,-2.1146790478916766
TCGA-BQ-5880-01,-1.5797076530654752
TCGA-ZB-A96L-01,-2.1953700972831567
TCGA-BA-6870-01,-1.131976722214244
TCGA-73-4666-01,5.909054715027256
TCGA-MV-A51V-01,17.616576280647728
TCGA-77-A5G6-01,10.77461502284549
TCGA-VD-A8KE-01,-2.1953700972831567
TCGA-34-7107-01,6.087827548717467
TCGA-BR-A4J9-01,-1.7897747146431995
TCGA-BJ-A290-01,-3.0017677782198153
TCGA-CV-6955-01,-0.5607237530468462
TCGA-P3-A5Q6-01,-0.848520254668903
TCGA-FG-A60K-01,-3.071419324828229
TCGA-D7-A4Z0-01,7.972046062055089
TCGA-QK-A64Z-01,-1.4778787046800823
TCGA-SL-A6JA-01,9.909484229434229
TCGA-AC-A2FK-01,-3.4561709218932606
TCGA-VP-A879-01,-1.498464019872386
TCGA-29-A5NZ-01,-1.752928049986965
TCGA-CG-4462-01,-1.5007449393661
TCGA-HC-8265-01,-0.6650439783732739
TCGA-37-4129-01,-3.4561709218932606
TCGA-DD-AAVZ-01,-1.8245108998316781
TCGA-DJ-A13R-01,-3.289327741907584
TCGA-E9-A1R4-01,-0.9282794692844164
TCGA-3U-A98F-01,-2.6751640015559364
TCGA-C5-A1MF-01,1.5404832192905986
TCGA-77-8145-01,1.7329788502679322
TCGA-LL-A740-01,-2.7681591125416554
TCGA-F5-6863-01,0.32343152865026553
TCGA-06-2565-01,-2.004991294518465
TCGA-33-AASD-01,8.21763046114245
TCGA-ET-A3BS-01,-3.2210423206022822
TCGA-BH-A0BZ-01,2.5612789124021904
TCGA-22-5478-01,0.6357103723556321
TCGA-MN-A4N1-01,8.446544305263851
TCGA-IQ-A61O-01,-2.206189533871125
TCGA-92-8063-01,8.501012915611348
TCGA-55-7911-01,1.182616762316852
TCGA-ED-A627-01,-3.4561709218932606
TCGA-N6-A4VC-01,-2.1078951832198656
TCGA-39-5028-01,0.5239283446896883
TCGA-C8-A3M8-01,-2.7966774339914644
TCGA-BH-A0BM-01,-3.1011402974108573
TCGA-DM-A0X9-01,2.099842530049607
TCGA-AY-A69D-01,2.2733343433598274
TCGA-AN-A0XW-01,3.6613238626016007
TCGA-55-A4DG-01,13.64207454489823
TCGA-RW-A684-01,-2.4545634793833586
TCGA-ET-A2N4-01,-3.1967565355322143
TCGA-58-A46J-01,2.948585173841036
TCGA-06-2561-01,-1.3538240795472296
TCGA-KK-A8I5-01,-2.7451208264858638
TCGA-IN-8663-01,1.7625768493904772
TCGA-DD-AAVV-01,0.4824346263211977
TCGA-37-4133-01,3.261295775000528
TCGA-2G-AAHN-01,-2.9581690415188104
TCGA-L9-A5IP-01,6.103529628546133
TCGA-CJ-5672-01,-2.836921098297695
TCGA-73-4662-01,3.2680614893884203
TCGA-3U-A98I-01,-1.5369071005405115
TCGA-CQ-5327-01,3.0771646008639277
TCGA-E2-A1LL-01,-2.8411745687248455
TCGA-FD-A3SR-01,-0.2571078477975125
TCGA-KK-A8II-01,-2.8288065574281833
TCGA-BH-A18K-01,-2.5286913560971835
TCGA-55-6712-01,0.18877237899009222
TCGA-BJ-A0Z2-01,-2.299848212207432
TCGA-DK-A6B0-01,-2.763666777718339
TCGA-97-7553-01,-1.4724374918398688
TCGA-ET-A2N0-01,-3.3869082808926256
TCGA-FB-A7DR-01,-2.8730495601209207
TCGA-YB-A89D-01,-2.2456777690969565
TCGA-CH-5752-01,-1.900129985585348
TCGA-77-7142-01,3.689935018232156
TCGA-CR-7374-01,6.729791232536545
TCGA-KS-A4I1-01,-2.98225814110627
TCGA-60-2719-01,1.2903760752544386
TCGA-VR-A8Q7-01,-1.4201486862295394
TCGA-YU-A90Y-01,-2.8018453419291705
TCGA-FD-A5BS-01,-3.4561709218932606
TCGA-IG-A3Y9-01,3.4128370717163956
TCGA-J7-6720-01,-2.949617758045611
TCGA-E9-A24A-01,-2.837791067344273
TCGA-49-AARE-01,20.133964272034042
TCGA-BC-4073-01,-1.0746609543955694
TCGA-AC-A6IV-01,-3.070518603063567
TCGA-DK-A1AD-01,2.5446365587328144
TCGA-EM-A2OW-01,-3.4561709218932606
TCGA-XF-AAMQ-01,-0.6946379046100574
TCGA-EM-A2OZ-01,-3.3869082808926256
TCGA-WB-A816-01,-3.4561709218932606
TCGA-EM-A1CS-01,-3.4561709218932606
TCGA-B0-5075-01,-2.754513943682359
TCGA-P3-A6T0-01,-0.9666808021705667
TCGA-AY-A8YK-01,-0.3373161792031063
TCGA-QA-A7B7-01,-1.0353730330379822
TCGA-A5-AB3J-01,-2.287348313885137
TCGA-50-8460-01,-2.8517535761032935
TCGA-PG-A917-01,8.988146083093612
TCGA-IB-7889-01,-2.195443369297059
TCGA-EM-A3SY-01,-2.9242214119117365
TCGA-ZG-A9L1-01,-2.3975775246733995
TCGA-EX-A3L1-01,-1.996618705641898
TCGA-50-5933-01,12.869254240122038
TCGA-FT-A3EE-01,-0.11885961863387372
TCGA-IE-A4EH-01,-2.2088538067361894
TCGA-ZB-A96E-01,-3.145411965384129
TCGA-43-3394-01,2.068223727524407
TCGA-ZF-AA4T-01,-1.2709324253370275
TCGA-MQ-A6BQ-01,-3.0334429992972844
TCGA-E2-A1LH-01,-0.17424042489264957
TCGA-ET-A39P-01,-2.6405853647705353
TCGA-IB-7890-01,-0.1353797765957404
TCGA-18-3409-01,38.71417923814326
TCGA-2G-AAM4-01,-3.4561709218932606
TCGA-CJ-4899-01,-2.7540556015542093
TCGA-E7-A3X6-01,-1.2715431900512835
TCGA-5M-AAT4-01,0.896696276191306
TCGA-3H-AB3U-01,-3.11101326994227
TCGA-2H-A9GF-01,6.105328629946223
TCGA-CM-6167-01,-0.32961691527363696
TCGA-CR-7370-01,10.313217124956697
TCGA-BQ-5888-01,-3.4561709218932606
TCGA-B6-A0RH-01,-2.2699971078957497
TCGA-EL-A3ZG-01,-3.3869082808926256
TCGA-EL-A3CR-01,-2.8423882416794233
TCGA-QR-A6GY-01,-2.8337449854118755
TCGA-VD-A8KA-01,-3.4561709218932606
TCGA-YL-A8HJ-01,-1.648004418953881
TCGA-44-6774-01,4.772653215718706
TCGA-GU-A762-01,0.29508845563071107
TCGA-2Z-A9JK-01,-1.9497845238598734
TCGA-CS-5397-01,-2.0773899128904683
TCGA-AX-A3G8-01,10.801703240352783
TCGA-OR-A5K3-01,-3.2256095162232272
TCGA-BJ-A28S-01,-3.2697293376686374
TCGA-HU-A4GQ-01,17.548699846821734
TCGA-E1-5322-01,-2.4836436285878287
TCGA-73-4670-01,5.520596989637985
TCGA-ZG-A9L5-01,-0.41118753410453074
TCGA-CN-5365-01,0.0027746449343878303
TCGA-MT-A7BN-01,-0.6636352003598658
TCGA-BR-4371-01,2.477374370035665
TCGA-JW-A5VI-01,-2.1549725866217857
TCGA-XK-AAJT-01,-2.0436324534603223
TCGA-56-A4BW-01,3.012405740267399
TCGA-56-8308-01,5.160298287845057
TCGA-CV-6956-01,3.100508776979256
TCGA-DQ-5631-01,-0.8090144504831317
TCGA-85-8353-01,2.155533461702695
TCGA-BR-7716-01,1.4803269604743243
TCGA-HP-A5N0-01,0.2661687383817549
TCGA-CR-7369-01,-2.2977631258220472
TCGA-55-A48Z-01,-1.2413260792639946
TCGA-5B-A90C-01,-2.4905721805844614
TCGA-B6-A0X7-01,-2.5386330888052573
TCGA-EW-A1P0-01,-1.072628283756998
TCGA-DE-A7U5-01,-3.2143683530879374
TCGA-XF-A8HE-01,3.4965007450674332
TCGA-QK-A6IG-01,0.6891693839615428
TCGA-22-4604-01,4.728401463459606
TCGA-BT-A42F-01,-0.31469156517938246
TCGA-Y8-A894-01,-1.9305477324126084
TCGA-S9-A6U8-01,-1.3378667270207905
TCGA-DC-5337-01,-0.46189047529129856
TCGA-CV-7261-01,1.292787855980888
TCGA-BJ-A192-01,-3.2898683061581506
TCGA-KL-8345-01,-2.64089398560083
TCGA-BP-4998-01,-2.1953700972831567
TCGA-ZH-A8Y5-01,-3.3025758654416393
TCGA-EL-A3T9-01,-3.0003325058519525
TCGA-OR-A5J2-01,-1.755118032293699
TCGA-BR-8363-01,16.47078990533786
TCGA-T2-A6X2-01,5.21153534518123
TCGA-CR-6492-01,-2.3467129174286705
TCGA-G2-A3IB-01,-0.2113930380754313
TCGA-FK-A3SB-01,-3.164718455808062
TCGA-CJ-5675-01,-2.63988938754393
TCGA-CU-A3KJ-01,0.7654218922634608
TCGA-A7-A0CH-01,-3.4561709218932606
TCGA-CM-6168-01,2.175257684405806
TCGA-QK-A6IF-01,-2.85773940959333
TCGA-E9-A2JS-01,-2.7226782681362915
TCGA-EA-A1QT-01,-0.7984825241151026
TCGA-A2-A1G6-01,-3.2680197929667294
TCGA-LI-A67I-01,-1.5373879606542282
TCGA-W4-A7U4-01,-3.4561709218932606
TCGA-4E-A92E-01,0.2940578650618561
TCGA-EL-A3ZL-01,-3.1930616171784245
TCGA-XY-A8S3-01,-3.4561709218932606
TCGA-75-7031-01,3.3930978403370418
TCGA-HT-7854-01,-3.1707739585726435
TCGA-44-A47A-01,0.8071511114629852
TCGA-B6-A0WV-01,-2.9817867561134705
TCGA-WB-A81J-01,-2.8432129352564544
TCGA-2G-AAL5-01,-3.2846371698323154
TCGA-HE-7129-01,-2.7354637740783496
TCGA-05-4398-01,16.797020496733275
TCGA-HD-7753-01,0.3855421128365857
TCGA-BA-5559-01,-1.9704134200668488
TCGA-KK-A59X-01,-2.5208975630021735
TCGA-HT-7467-01,-2.8861780723124046
TCGA-UL-AAZ6-01,-2.2083124815172264
TCGA-SP-A6QC-01,-3.4561709218932606
TCGA-56-7579-01,4.803743173435228
TCGA-67-3773-01,-0.7894103130494949
TCGA-FE-A235-01,-3.210310075200491
TCGA-EM-A3SU-01,-3.1383681103284267
TCGA-HT-7874-01,-3.067317806144499
TCGA-77-8007-01,-0.9521922012086262
TCGA-A2-A0CR-01,1.1122948538808377
TCGA-GM-A2DD-01,-2.294810141635939
TCGA-77-7463-01,7.25562643209154
TCGA-S9-A6TV-01,-1.8984022835496868
TCGA-BH-A6R9-01,-2.0214392793458393
TCGA-39-5039-01,2.7479187294069964
TCGA-UC-A7PG-01,1.6936009873447482
TCGA-DK-A3IS-01,1.6269222492360562
TCGA-BR-4363-01,8.559912030024305
TCGA-CV-6943-01,-1.515568640088252
TCGA-64-5781-01,20.06957558631328
TCGA-HN-A2OB-01,-3.2604931736940586
TCGA-CQ-7068-01,-0.5182875536581795
TCGA-VM-A8CD-01,-2.599317527160278
TCGA-97-7552-01,-2.6711445540566507
TCGA-UU-A93S-01,-0.3433808193258889
TCGA-QC-AA9N-01,-2.4627377689465146
TCGA-EM-A2CJ-01,-3.4561709218932606
TCGA-AA-3697-01,2.1362893603892825
TCGA-49-AARN-01,13.691999721461913
TCGA-CV-5444-01,-0.2794827686038802
TCGA-AR-A24P-01,-2.8474849405507348
TCGA-18-5595-01,0.9687693320650035
TCGA-EA-A97N-01,1.4236043122010906
TCGA-SX-A7SM-01,-1.3052312137558213
TCGA-DJ-A4V5-01,-3.4561709218932606
TCGA-DD-AAEI-01,0.11019083273182098
TCGA-AZ-4615-01,10.816574697301816
TCGA-06-0132-01,-3.0996129845082403
TCGA-VR-A8EO-01,-0.7252737764141254
TCGA-HE-A5NK-01,-1.8412602191075096
TCGA-ET-A25G-01,-3.0878845880663484
TCGA-HT-7616-01,-0.9124907192420593
TCGA-CR-7395-01,0.5507941355520484
TCGA-VQ-A91D-01,28.340081136942015
TCGA-BR-7196-01,-1.929864913900933
TCGA-ET-A39J-01,-3.0519298040160687
TCGA-E9-A1N9-01,-1.4714726203372275
TCGA-CN-6022-01,-1.268402526430424
TCGA-E8-A242-01,-2.9006971632821346
TCGA-DJ-A2Q5-01,-3.2009555885469223
TCGA-DW-7963-01,-2.4788846099365607
TCGA-FA-A7DS-01,0.5267606717049161
TCGA-E2-A1L9-01,-2.876079264624943
TCGA-AC-A23H-01,47.560239746762974
TCGA-EA-A3QD-01,0.21912745618169055
TCGA-E5-A4U1-01,9.16969259571705
TCGA-OE-A75W-01,-0.47682802221282816
TCGA-DX-AB3C-01,-3.291237776031792
TCGA-AR-A1AP-01,-2.3013892787026378
TCGA-KT-A7W1-01,-1.389914603743927
TCGA-44-3919-01,-2.9335428148537805
TCGA-AZ-6598-01,27.85900665269105
TCGA-A6-6653-01,12.924184019617767
TCGA-CV-6952-01,0.8835551019970602
TCGA-NH-A50V-01,1.2241493069596907
TCGA-B0-5109-01,-2.1992708852194234
TCGA-BH-A0H5-01,-0.202032973204733
TCGA-OK-A5Q2-01,-2.761293727520583
TCGA-B5-A0K9-01,9.861301239253304
TCGA-CV-A45P-01,-0.45402516317265784
TCGA-56-7221-01,5.37048858116141
TCGA-AD-6899-01,0.9987037494767143
TCGA-4G-AAZT-01,-1.3854583063704593
TCGA-VR-A8EX-01,-0.17764072623216345
TCGA-CQ-6228-01,-0.21345633391762553
TCGA-P5-A5F2-01,-2.259888372737463
TCGA-99-8032-01,6.2336719760738415
TCGA-BH-A0BW-01,0.3285191007368196
TCGA-DW-7841-01,-3.1003661845111226
TCGA-CV-A6JN-01,-1.908616797849264
TCGA-OR-A5LN-01,-3.4561709218932606
TCGA-CD-8528-01,0.25894938357974867
TCGA-H2-A2K9-01,-3.4561709218932606
TCGA-G9-7509-01,-2.262367578241526
TCGA-J4-A67R-01,-3.089864616194597
TCGA-19-2629-01,-1.2500826040064918
TCGA-GS-A9TT-01,-0.24580811812183975
TCGA-B2-4098-01,-1.7586795690223136
TCGA-D7-8575-01,-2.1731414528867674
TCGA-HT-7607-01,-2.5594476017260157
TCGA-CR-7380-01,0.5595958072093996
TCGA-43-2576-01,8.060388534805103
TCGA-DJ-A2PW-01,-2.556098988074672
TCGA-N8-A56S-01,-2.4417960461772563
TCGA-BR-8367-01,-2.0653114425277592
TCGA-C5-A1ME-01,-3.1678492016389908
TCGA-06-0238-01,-1.8888579647929382
TCGA-QU-A6IL-01,-3.125071153794647
TCGA-FB-AAQ3-01,-2.360444447323692
TCGA-3B-A9HX-01,-2.2583409877712874
TCGA-CJ-5679-01,-1.5466559402492983
TCGA-C5-A8YR-01,-1.9475396658580932
TCGA-DC-6682-01,-0.48670809042323787
TCGA-V1-A9Z7-01,-2.5846970733302577
TCGA-KL-8346-01,-3.291237776031792
TCGA-VQ-A91Q-01,-1.7145036334948975
TCGA-XF-A8HF-01,-0.8731737923947145
TCGA-KQ-A41P-01,3.116206760414503
TCGA-DD-AACT-01,-0.33430473947416983
TCGA-BL-A13I-01,0.0310029213149666
TCGA-B6-A0WZ-01,-2.163834916511046
TCGA-C8-A135-01,-2.2658802830002513
TCGA-XU-A92W-01,-3.4561709218932606
TCGA-55-8299-01,2.6216329573571513
TCGA-22-5485-01,2.5304636767247355
TCGA-EL-A4K1-01,-3.2459373910486486
TCGA-DJ-A2PX-01,-3.12881696899833
TCGA-BH-A0BJ-01,-3.063935084701233
TCGA-BH-A203-01,-0.7901663335100602
TCGA-DJ-A3VM-01,-3.0571268231686752
TCGA-A2-A1G1-01,-0.9306916411329564
TCGA-GL-A9DD-01,-1.0429740771539597
TCGA-13-A5FT-01,-1.1878246507905497
TCGA-WB-A81M-01,-3.4561709218932606
TCGA-HT-7873-01,-2.4565258595904806
TCGA-BP-5183-01,-2.797954556061956
TCGA-55-A491-01,4.475235926745147
TCGA-FY-A3NM-01,-3.4561709218932606
TCGA-06-0749-01,-2.153880830703548
TCGA-46-6025-01,1.2897229523650937
TCGA-FE-A236-01,-3.1755122259035184
TCGA-ZF-AA4W-01,5.643753055930295
TCGA-UY-A9PA-01,1.1345226527966126
TCGA-KL-8330-01,-2.9085356869839245
TCGA-ET-A3DP-01,-2.4986476838955456
TCGA-HT-7603-01,-2.9007213677655805
TCGA-AJ-A3NF-01,-0.9439621672033198
TCGA-4V-A9QT-01,-3.291237776031792
TCGA-HC-7752-01,-3.0484563545782404
TCGA-FU-A40J-01,0.7358631807997791
TCGA-B9-4116-01,-2.907414203280079
TCGA-BH-A0C7-01,-1.7148144718853866
TCGA-50-6595-01,-0.3422797475550774
TCGA-DB-A64P-01,-2.4415413512104562
TCGA-BP-4981-01,-2.226687919804298
TCGA-VS-A9V5-01,-1.2715732484228524
TCGA-E2-A14X-01,-0.9630299064705526
TCGA-G4-6311-01,3.715882280736589
TCGA-BH-A8FZ-01,-1.9521037249303548
TCGA-S3-AA17-01,-0.5960983973040849
TCGA-DF-A2L0-01,-2.1736781491966357
TCGA-CI-6619-01,-1.3423583556236514
TCGA-B7-A5TI-01,7.380942230191373
TCGA-AR-A1AR-01,-2.508318371481304
TCGA-D8-A13Z-01,-1.1141095466561235
TCGA-BA-5152-01,3.1079321244520037
TCGA-MY-A913-01,0.5872572409646238
TCGA-A4-7997-01,-1.7820999960978705
TCGA-L5-A88T-01,-0.3131224840405877
TCGA-DX-A48O-01,-1.4103722206325504
TCGA-A7-A6VX-01,-0.1576140670298976
TCGA-VS-A8Q9-01,-2.966263557883001
TCGA-DD-A39V-01,-1.6648073725093069
TCGA-EJ-A65F-01,-1.100124487783513
TCGA-95-A4VP-01,0.8147036981441674
TCGA-HC-8261-01,-3.1321813805474945
TCGA-AX-A3G3-01,2.176879830910948
TCGA-85-A512-01,2.908938243531998
TCGA-DJ-A3VI-01,-2.837055872765897
TCGA-55-8302-01,12.525772549731972
TCGA-44-4112-01,9.90782251569155
TCGA-60-2710-01,0.9758175864722429
TCGA-AF-3911-01,-1.3406472716136095
TCGA-UF-A7JJ-01,-0.09201405647893914
TCGA-05-4430-01,5.510895486042279
TCGA-AR-A255-01,-1.4919168267963894
TCGA-WB-A81F-01,-3.4561709218932606
TCGA-V4-A9EQ-01,-3.4561709218932606
TCGA-HZ-7919-01,-3.213983747978457
TCGA-CN-5366-01,-0.7051756423928986
TCGA-E5-A2PC-01,-0.34684807091257325
TCGA-V9-A7HT-01,-0.2639914865860287
TCGA-YL-A8HM-01,-2.706977536243756
TCGA-CD-A486-01,0.39082392552242945
TCGA-UY-A9PE-01,1.8312826029552776
TCGA-CQ-7071-01,4.683872526486093
TCGA-D1-A3DG-01,-0.72276001810597
TCGA-VQ-A8PX-01,5.295048344632389
TCGA-XF-A9SV-01,-1.2538605051055538
TCGA-B0-5120-01,-1.2506055058920864
TCGA-DX-A6BG-01,-2.552769879153004
TCGA-BH-A0AZ-01,-1.5072590649014357
TCGA-E7-A6MF-01,-3.267924749558023
TCGA-MM-A84U-01,-0.8517883001497139
TCGA-CV-6933-01,-0.9916499862409498
TCGA-LN-A8HZ-01,-0.13699111974134598
TCGA-DS-A0VL-01,-1.5895480168702372
TCGA-63-6202-01,7.923756612884976
TCGA-SB-A76C-01,-3.4561709218932606
TCGA-46-3767-01,0.6605390587036853
TCGA-2G-AALO-01,-3.1474796481651124
TCGA-E2-A1IH-01,-1.7592635199957107
TCGA-B0-5095-01,-1.9450962251529895
TCGA-06-0174-01,-2.5152385923849327
TCGA-CI-6622-01,0.5544551086500885
TCGA-BP-4167-01,0.36280171883814616
TCGA-HW-7486-01,-3.455920756432784
TCGA-ZP-A9D2-01,-1.3866747237865282
TCGA-BH-A18R-01,-3.280404156824533
TCGA-BA-7269-01,-0.19752392954057804
TCGA-ZF-AA56-01,-1.06412882358041
TCGA-HU-A4G3-01,-1.3155373546596338
TCGA-OR-A5KY-01,-1.8791563129400193
TCGA-NH-A6GC-01,0.7612550521791459
TCGA-DX-A48K-01,-3.270459395219408
TCGA-DD-A73B-01,-2.0535603608162143
TCGA-AC-A4ZE-01,-1.780026705899739
TCGA-P5-A5F1-01,-1.2876995960513533
TCGA-DK-AA6X-01,-1.1305328866025453
TCGA-BR-7722-01,-1.2110690251047471
TCGA-33-AAS8-01,4.843846203259009
TCGA-AR-A24H-01,-0.9474501275721388
TCGA-F4-6570-01,25.370723751382613
TCGA-E8-A432-01,-1.7351286614978993
TCGA-MZ-A5BI-01,-3.033542971424385
TCGA-DU-7011-01,-2.9007213677655805
TCGA-G4-6627-01,0.8338566190793474
TCGA-J9-A8CP-01,-2.2167585246393453
TCGA-ZF-A9R9-01,0.6489596690302207
TCGA-P8-A6RX-01,-3.1106394834357602
TCGA-UF-A7JF-01,-1.6707662911727066
TCGA-CM-6679-01,-0.3183481803255633
TCGA-HV-A5A4-01,-0.8551609256142306
TCGA-DC-6157-01,-0.032042625901444306
TCGA-NQ-A638-01,-2.9525311215276
TCGA-VS-A9UU-01,-2.6582839411258785
TCGA-75-7027-01,2.190972959628558
TCGA-V1-A8WS-01,-2.9649343018650836
TCGA-CE-A3MD-01,-2.9428392539119756
TCGA-HU-A4GD-01,-0.3548392076336819
TCGA-VQ-A94U-01,-0.05122883264188086
TCGA-LK-A4O0-01,-3.4561709218932606
TCGA-XD-AAUG-01,-3.040127156520931
TCGA-FV-A4ZP-01,-0.728558691084918
TCGA-KN-8435-01,-3.2561918601844204
TCGA-A6-4105-01,1.9069105696617077
TCGA-P5-A77X-01,-3.154834063302703
TCGA-NC-A5HI-01,7.294790996209617
TCGA-ZJ-AAXN-01,-2.7312190507351564
TCGA-CV-6937-01,0.6378472853011254
TCGA-AJ-A3QS-01,3.7589646105795995
TCGA-DD-AACS-01,-2.2576759319189743
TCGA-VS-A9U6-01,2.7959028795270777
TCGA-IQ-7631-01,-2.661821624628904
TCGA-L5-A4OI-01,21.0293200120779
TCGA-DK-AA6S-01,5.105006932885483
TCGA-V1-A9Z8-01,-2.800939751221245
TCGA-DD-A4NK-01,-0.8986724346119735
TCGA-3S-A8YW-01,-1.957448356516737
TCGA-VQ-A8PJ-01,2.522084256806306
TCGA-KQ-A41S-01,2.0504489222255375
TCGA-44-2668-01,7.714632641459366
TCGA-55-8507-01,18.663298623388577
TCGA-DJ-A3UN-01,-3.3869082808926256
TCGA-C5-A2LX-01,1.53918931095578
TCGA-CR-6471-01,-0.49450304435670495
TCGA-VM-A8CA-01,-3.059888064918738
TCGA-EW-A6SC-01,-3.031112601926178
TCGA-B0-5699-01,-2.8027536563641555
TCGA-XQ-A8TB-01,-3.4561709218932606
TCGA-37-5819-01,14.543143418164002
TCGA-DU-7015-01,-2.026099363721096
TCGA-MQ-A4LJ-01,-3.0891785600555948
TCGA-C5-A1M8-01,-1.598308682707472
TCGA-C5-A7CJ-01,-1.9656544916279906
TCGA-22-A5C4-01,5.077960072441166
TCGA-HB-A2OT-01,-1.5014745073179658
TCGA-85-A4CL-01,10.158733288387499
TCGA-TM-A7C5-01,-3.163678436021345
TCGA-DX-A3UB-01,-3.2828780765019374
TCGA-BP-4801-01,-0.9589972837220624
TCGA-D8-A1XC-01,-2.1863252670671516
TCGA-DU-8162-01,-2.8164670161931777
TCGA-TM-A84O-01,-3.0282751079599404
TCGA-06-5410-01,-2.440343508374872
TCGA-DC-6158-01,-0.3450847075203081
TCGA-69-8254-01,-1.9615167452146316
TCGA-3T-AA9L-01,-3.4561709218932606
TCGA-HC-A6HY-01,0.04245930464535696
TCGA-EM-A3FM-01,-3.3869082808926256
TCGA-GH-A9DA-01,-0.1897038012463082
TCGA-TN-A7HL-01,7.450374870182966
TCGA-3B-A9HT-01,2.347159249055453
TCGA-CN-4742-01,-0.2600657652749167
TCGA-RD-A8N6-01,1.0003185090321245
TCGA-DD-AACX-01,-1.1809124479658486
TCGA-78-8640-01,12.518853687319472
TCGA-DJ-A3UY-01,-3.3869082808926256
TCGA-EW-A1PE-01,-2.9462323235509342
TCGA-69-7979-01,23.136900799277115
TCGA-E2-A1II-01,-2.4538479676371137
TCGA-S3-AA14-01,-3.0524280644607478
TCGA-CR-7392-01,-3.4561709218932606
TCGA-S9-A7R3-01,-2.8692556974274535
TCGA-60-2714-01,13.211397224220528
TCGA-2G-AAFO-01,-3.206980004103086
TCGA-AR-A5QP-01,-2.008249793146581
TCGA-NF-A4WX-01,-2.322423229756335
TCGA-DD-AAE0-01,-1.9605381509576323
TCGA-E9-A6HE-01,-2.6897340579141606
TCGA-BR-8291-01,-2.370064679529927
TCGA-DD-AADA-01,0.762621179602776
TCGA-TQ-A7RN-01,-2.5865969943915825
TCGA-ZM-AA0B-01,-3.4561709218932606
TCGA-GL-A9DE-01,-0.6107785121939359
TCGA-2J-AABI-01,-2.174042321181598
TCGA-BH-A0HI-01,-1.9009808325001203
TCGA-XE-AANI-01,-2.995690399637223
TCGA-ET-A3DT-01,-3.3869082808926256
TCGA-DD-A1EI-01,-1.901391402736411
TCGA-BP-5008-01,-2.543061848222969
TCGA-AJ-A3BK-01,-1.2392657849836792
TCGA-CR-6480-01,-0.028377416600567956
TCGA-EL-A3D1-01,-3.3869082808926256
TCGA-CV-6942-01,3.045206500025587
TCGA-D5-6924-01,1.3201792576196238
TCGA-28-2513-01,0.7878805815952135
TCGA-EW-A1P1-01,-3.040127156520931
TCGA-BC-A5W4-01,-0.2087739639489449
TCGA-39-5019-01,0.7698352681960177
TCGA-JU-AAVI-01,-2.3165071315546837
TCGA-QR-A70R-01,-3.277654588351627
TCGA-OL-A66P-01,-1.2404113583132423
TCGA-NG-A4VW-01,-2.860879997053545
TCGA-E2-A105-01,-2.4976830601364353
TCGA-55-7573-01,-1.5674034341290615
TCGA-N5-A4RA-01,-2.5802302678727016
TCGA-WB-A80M-01,-3.4561709218932606
TCGA-L5-A4OR-01,1.7604322020176941
TCGA-CV-A45W-01,10.653080898763427
TCGA-E2-A573-01,-2.526707615200875
TCGA-B0-5085-01,-1.3067160510353983
TCGA-DU-A6S6-01,-3.455920756432784
TCGA-YU-AA61-01,-3.228544031810605
TCGA-DV-A4W0-01,-2.1184569221752936
TCGA-AD-6965-01,-0.9982459628108767
TCGA-BJ-A3PR-01,-3.2198970079306797
TCGA-SH-A7BD-01,-3.295636566668269
TCGA-H2-A422-01,-3.3869082808926256
TCGA-EY-A549-01,17.185523489879344
TCGA-DX-A6YU-01,-3.294929589375564
TCGA-P5-A735-01,-2.0906579737231903
TCGA-VQ-A928-01,-2.372481053346762
TCGA-D5-6931-01,5.824233403492744
TCGA-DX-A6Z2-01,-1.866358261304101
TCGA-BC-A10T-01,-1.0889500351028274
TCGA-EA-A5O9-01,-2.674936651459694
TCGA-43-5668-01,10.067935764770573
TCGA-FB-AAQ0-01,0.0025456062508320935
TCGA-HT-7691-01,-3.206980004103086
TCGA-18-4083-01,5.9442943770820476
TCGA-FG-A6J1-01,-2.8180586593722055
TCGA-S9-A7R7-01,-2.5214300275256667
TCGA-CD-8526-01,-0.8922995392599642
TCGA-BR-7703-01,9.636669611968928
TCGA-2G-AAH0-01,-3.4561709218932606
TCGA-YT-A95D-01,-1.2432591990241715
TCGA-E9-A1RG-01,-2.3304720840182287
TCGA-YF-AA3M-01,0.027774354070624785
TCGA-76-4929-01,-2.1107828880492963
TCGA-SN-A84W-01,-3.1474796481651124
TCGA-A6-5656-01,0.8124787784844659
TCGA-43-8115-01,2.7633773838489555
TCGA-3A-A9IX-01,-2.079291802619181
TCGA-EI-6884-01,1.811539434237536
TCGA-DU-6402-01,-2.2005445854931813
TCGA-Q1-A73P-01,-0.6734010192998956
TCGA-V4-A9EI-01,-1.453583107176576
TCGA-HT-7684-01,-2.9952596574214754
TCGA-D8-A1XL-01,0.02205746296817423
TCGA-E8-A413-01,-3.3869082808926256
TCGA-BA-6871-01,1.885630047764736
TCGA-HT-8104-01,-1.3747306748948775
TCGA-CN-6017-01,-2.866502980947787
TCGA-CC-A7IH-01,13.95146468592114
TCGA-D7-A747-01,-0.6195611535053279
TCGA-A4-7585-01,-1.4587095629448166
TCGA-TS-A7P6-01,-2.862191428705125
TCGA-3A-A9IO-01,-3.4561709218932606
TCGA-BP-5170-01,-2.4570576257489227
TCGA-FN-7833-01,-2.440784425666996
TCGA-KN-8436-01,-2.7770204094253432
TCGA-C5-A8XK-01,0.2606517113745991
TCGA-43-A474-01,7.7799962391619495
TCGA-HT-7473-01,-2.2268599384593775
TCGA-06-0645-01,-1.995184927118764
TCGA-33-AASI-01,8.6173846019119
TCGA-DM-A1DA-01,4.783837822712983
TCGA-UZ-A9PV-01,-2.2475465303545343
TCGA-BJ-A2N9-01,-3.2828780765019374
TCGA-HF-7131-01,0.6580111738211639
TCGA-CF-A7I0-01,-3.2929488026797227
TCGA-WJ-A86L-01,-0.37048457850983263
TCGA-DX-AB2X-01,-1.6234759901861668
TCGA-HC-A632-01,-1.959251093789588
TCGA-MJ-A850-01,-1.9703319095494294
TCGA-C5-A907-01,-2.2720356624551776
TCGA-49-4506-01,1.4496814733733465
TCGA-BQ-5877-01,-1.9522910711368293
TCGA-BR-6564-01,-3.084232102677915
TCGA-B2-5633-01,-2.6449148411267647
TCGA-G9-6353-01,-3.4561709218932606
TCGA-IG-A8O2-01,-0.2549394711149981
TCGA-VS-A9UD-01,0.003753815804980574
TCGA-AX-A1C7-01,-2.624826579000274
TCGA-TQ-A7RU-01,-3.186729434367786
TCGA-BP-4982-01,-3.3490391181190593
TCGA-XF-A9T8-01,13.239562945355885
TCGA-2G-AAG0-01,-3.073173957850502
TCGA-CU-A0YR-01,-0.3334792547872276
TCGA-EO-A22X-01,82.34741981409657
TCGA-DD-A4ND-01,-2.5216116673809474
TCGA-X7-A8DB-01,-3.4561709218932606
TCGA-66-2785-01,17.326393715929804
TCGA-OL-A66K-01,-2.918246059491961
TCGA-P4-A5E8-01,-2.5716970416981915
TCGA-Q9-A6FW-01,2.8291677340363774
TCGA-IN-7806-01,-0.004536754469732542
TCGA-QK-A8Z8-01,8.471939264648231
TCGA-CQ-5326-01,1.1066271912413908
TCGA-DB-A4XF-01,-3.0398808892191576
TCGA-2Y-A9H2-01,-2.37774527810449
TCGA-C5-A7CM-01,-3.2784105246431436
TCGA-4K-AAAL-01,-3.4561709218932606
TCGA-G9-6367-01,-3.4561709218932606
TCGA-A4-A5Y1-01,-0.5672923438957512
TCGA-56-8201-01,1.4920536335515602
TCGA-G9-6342-01,-2.702702550781573
TCGA-KU-A66T-01,-1.9933484760550213
TCGA-DD-AAVW-01,-2.4160359354463696
TCGA-CJ-4905-01,-2.658028972120644
TCGA-EP-A2KC-01,-1.5200250024059223
TCGA-LN-A7HY-01,-1.0830039593849135
TCGA-KK-A7AQ-01,-1.697786197361402
TCGA-IE-A3OV-01,-2.2771932701500095
TCGA-G7-6790-01,-1.123860299336286
TCGA-XY-A89B-01,-3.040127156520931
TCGA-CC-A7IL-01,-1.7898373396789988
TCGA-EW-A1OX-01,-2.988312133146476
TCGA-S3-AA10-01,-1.145405491799353
TCGA-YZ-A984-01,-3.1694521326094693
TCGA-EJ-A65M-01,-1.5787021828437053
TCGA-BP-5174-01,-2.7602699756618225
TCGA-KN-8427-01,-1.3704328871485703
TCGA-N8-A4PI-01,-1.7240863635208368
TCGA-05-4402-01,-0.5877810881005259
TCGA-2G-AAH4-01,-2.909269262746333
TCGA-CX-7086-01,2.4701163277781135
TCGA-UZ-A9PZ-01,-2.270588429029319
TCGA-DE-A2OL-01,-3.4561709218932606
TCGA-G7-A4TM-01,-2.8728897674442777
TCGA-BQ-7060-01,-2.8199987595663543
TCGA-DD-A4NS-01,-1.468105160795679
TCGA-CN-5356-01,8.560283765432745
TCGA-EU-5905-01,-2.7665201753948003
TCGA-QR-A6GO-01,-3.2940999916341456
TCGA-IN-AB1X-01,-0.21405976994532475
TCGA-AX-A3FS-01,9.720179436281455
TCGA-44-8119-01,10.967868404525202
TCGA-FG-A713-01,-2.650652931771201
TCGA-V4-A9EZ-01,-3.271714778426623
TCGA-VS-A9V2-01,-2.2951466230867332
TCGA-VS-A94Y-01,-1.8469518467961612
TCGA-F4-6461-01,0.11417877950392846
TCGA-90-A4EE-01,5.242332077060622
TCGA-C5-A8ZZ-01,-1.169490542027392
TCGA-MQ-A6BS-01,-1.2128536001618606
TCGA-CD-8533-01,1.4399357273329207
TCGA-IS-A3K8-01,-3.4561709218932606
TCGA-E1-A7YL-01,-0.5293831197870692
TCGA-CJ-6030-01,-1.364059898860572
TCGA-OL-A5S0-01,-2.417973509196518
TCGA-UD-AAC5-01,-2.8798852564360544
TCGA-DD-AADI-01,-1.3684744689132298
TCGA-FC-7961-01,-2.6433193176890697
TCGA-CC-A7IG-01,1.0205787073899881
TCGA-MR-A8JO-01,-3.2810824267429317
TCGA-GC-A3YS-01,3.1300074092653367
TCGA-OR-A5LG-01,-3.2582933976104194
TCGA-VD-A8KH-01,-3.1144034736604924
TCGA-CJ-4918-01,-1.6106533360883075
TCGA-E9-A229-01,-2.927085517660053
TCGA-L5-A4OU-01,-0.4000336293686102
TCGA-X9-A971-01,-2.8464328060471686
TCGA-D6-6826-01,0.40983196435384994
TCGA-A2-A0SX-01,-2.69031775572192
TCGA-KK-A8I4-01,-3.1273890235687594
TCGA-UZ-A9PM-01,-2.3308610918151156
TCGA-B8-5545-01,-3.2920481218739526
TCGA-US-A776-01,-0.8710921703268564
TCGA-BR-8484-01,-0.8604130486695513
TCGA-55-7724-01,0.7464831036792666
TCGA-F4-6703-01,8.738721202776082
TCGA-HU-A4G8-01,18.326229876163566
TCGA-FY-A3I4-01,-3.3869082808926256
TCGA-DX-AB2Q-01,-1.828695159212468
TCGA-44-6776-01,2.2185414157832364
TCGA-49-4514-01,6.868864192309904
TCGA-HC-A6AQ-01,-2.2357441089194894
TCGA-05-4396-01,5.015081854352508
TCGA-XM-A8RL-01,-2.754513943682359
TCGA-EJ-7789-01,-2.632040462354383
TCGA-85-A50Z-01,5.90856292178865
TCGA-B2-3923-01,-3.260744468310318
TCGA-55-8204-01,2.284746428627368
TCGA-77-7337-01,5.7305451602972175
TCGA-QS-A5YR-01,0.8597908066115013
TCGA-L4-A4E6-01,-3.3869082808926256
TCGA-L5-A8NJ-01,3.46959522935947
TCGA-DX-A1L0-01,-1.7479400053470935
TCGA-VS-A9UJ-01,1.8885343227547897
TCGA-XD-AAUH-01,-3.1617261883554466
TCGA-AX-A3FW-01,-1.0137961213149334
TCGA-BH-A2L8-01,6.302408465960406
TCGA-HU-A4GC-01,3.12048178125941
TCGA-BH-A0B6-01,8.670692133699477
TCGA-AA-3492-01,25.682404248581296
TCGA-G4-6293-01,0.5445059332881876
TCGA-CG-5726-01,14.612517697761728
TCGA-CS-5396-01,-2.432201856634419
TCGA-DX-AB32-01,2.5526066639243155
TCGA-CN-6998-01,-1.6134169577334956
TCGA-HD-7832-01,0.24792931076165592
TCGA-Y8-A895-01,-1.8082418719424473
TCGA-QR-A6H1-01,-3.2653711313288443
TCGA-BH-A0BS-01,-3.4561709218932606
TCGA-DJ-A4UL-01,-3.089140215485606
TCGA-CD-A48C-01,4.574950027389768
TCGA-FF-8046-01,-2.5582581873502632
TCGA-TS-A7P1-01,-2.5226146083895284
TCGA-75-6205-01,-3.320293824554546
TCGA-FP-8099-01,1.2351445500325666
TCGA-ZJ-AAXI-01,-2.5196145190723076
TCGA-XN-A8T5-01,-2.754513943682359
TCGA-ZG-A9M4-01,-2.5283463099557166
TCGA-EJ-7793-01,-3.050395923573506
TCGA-AA-3496-01,2.3598901851975143
TCGA-QR-A7IN-01,-3.4561709218932606
TCGA-ZF-AA4N-01,0.4338235348519742
TCGA-XF-AAMG-01,13.283452552483126
TCGA-GC-A3RC-01,2.489543527403269
TCGA-DJ-A13T-01,-3.3869082808926256
TCGA-QR-A6GT-01,-3.141829160986247
TCGA-AX-A3FX-01,-0.91344314528328
TCGA-HC-7210-01,-2.4671313415973426
TCGA-CJ-4923-01,-1.8956300881017043
TCGA-G4-6625-01,0.44396257238367315
TCGA-98-A538-01,13.492804368591953
TCGA-ET-A3BO-01,-2.9457025144191387
TCGA-KP-A3W0-01,-2.6509594124212974
TCGA-CV-6436-01,-1.4045465310855798
TCGA-XM-A8RC-01,-2.5244167509418665
TCGA-EJ-7782-01,1.3064798205843988
TCGA-HW-8322-01,-3.214500993876359
TCGA-Q1-A6DT-01,-0.2935408841667602
TCGA-CF-A8HY-01,-0.876608421683824
TCGA-L5-A8NN-01,-0.8438802134151535
TCGA-ZF-A9RL-01,2.302717227129095
TCGA-OL-A66L-01,-2.160670331294552
TCGA-BH-A0DO-01,-2.7660504920086035
TCGA-HC-A8CY-01,-2.2271906791482268
TCGA-X6-A8C5-01,-2.0579106258689857
TCGA-FK-A4UB-01,-3.4561709218932606
TCGA-DM-A28E-01,-0.4170107405218276
TCGA-S9-A6U9-01,-2.9007213677655805
TCGA-5R-AA1C-01,-1.5290156910647072
TCGA-CK-6747-01,1.4211516128849635
TCGA-WB-A819-01,-3.4561709218932606
TCGA-Y8-A8S1-01,-2.563347797060206
TCGA-W5-AA2I-01,-1.1812972900319039
TCGA-CJ-5680-01,-2.4979732986046517
TCGA-34-5234-01,2.420362776736504
TCGA-CV-7097-01,-1.7901042652963406
TCGA-HT-7676-01,-2.6853387035729863
TCGA-IB-8126-01,-3.2208737960936724
TCGA-XF-A9T0-01,5.864182070547308
TCGA-HZ-7920-01,-3.4561709218932606
TCGA-62-A46O-01,14.167758022513238
TCGA-G3-AAV1-01,-2.4854785846443503
TCGA-HT-7469-01,-2.734225725473456
TCGA-78-7155-01,26.127226417358013
TCGA-56-7822-01,5.244131991678305
TCGA-56-A62T-01,9.6777333525677
TCGA-LL-A73Y-01,-0.23460172136335378
TCGA-BC-A10X-01,-3.4561709218932606
TCGA-UY-A78M-01,0.2009184832893586
TCGA-BH-A0DK-01,-2.4577174673972433
TCGA-GC-A4ZW-01,6.864481415331583
TCGA-K4-A4AC-01,0.6792538801160495
TCGA-B3-4104-01,-2.048490469037391
TCGA-85-A4JB-01,8.872936007192797
TCGA-62-A472-01,-2.798305362121131
TCGA-NJ-A55R-01,4.968016271122608
TCGA-VQ-A8E3-01,11.73696439438834
TCGA-F5-6702-01,-1.1229017590434367
TCGA-VS-A9UQ-01,-1.9605990046359223
TCGA-BH-A0BG-01,-0.9781779440192189
TCGA-AJ-A23N-01,-0.129316284826034
TCGA-W5-AA34-01,-1.619648466112899
TCGA-CA-5255-01,-2.2855662685337603
TCGA-24-1431-01,0.3627950157798132
TCGA-CK-4947-01,-0.023061220363352425
TCGA-IE-A6BZ-01,-2.676462864722945
TCGA-WC-A88A-01,-3.1105129936743814
TCGA-G2-A2ES-01,3.548342483972816
TCGA-DX-A8BM-01,-0.09164599948080412
TCGA-V1-A8MU-01,-2.4314211223383113
TCGA-KP-A3W1-01,-2.2141913050192636
TCGA-32-2634-01,-1.7002348920378532
TCGA-G5-6233-01,1.8437140932252682
TCGA-62-8395-01,-1.9270680436600378
TCGA-3U-A98H-01,-3.309612020176119
TCGA-77-8136-01,5.111019130646765
TCGA-D1-A2G0-01,10.191660005197567
TCGA-ET-A40P-01,-3.2900786355637655
TCGA-VQ-A8E0-01,-0.8123241881815161
TCGA-66-2756-01,7.901740295682615
TCGA-2G-AAHG-01,-3.4561709218932606
TCGA-95-7567-01,16.182295955322438
TCGA-AD-6888-01,1.164551316288493
TCGA-KB-A93G-01,0.6085513028468107
TCGA-F4-6809-01,1.50114778903194
TCGA-A3-3385-01,-2.870759796157214
TCGA-50-5051-01,-1.8767261178237307
TCGA-BP-5000-01,-1.498887218206291
TCGA-CN-A63U-01,10.584991201829162
TCGA-CK-5914-01,1.2589333798844222
TCGA-HT-7478-01,-2.3462813405783165
TCGA-5P-A9K6-01,-2.588570208320828
TCGA-VS-A8EG-01,-2.9068216896662262
TCGA-D1-A3JP-01,-2.400170611172114
TCGA-IZ-8195-01,-1.6854510843544817
TCGA-43-8116-01,6.586551014818053
TCGA-18-3410-01,2.746417157889518
TCGA-BR-7704-01,6.37211024879832
TCGA-MW-A4EC-01,-2.0176278993885526
TCGA-L5-A4OM-01,-2.1453077295779894
TCGA-WB-A80Q-01,-3.4561709218932606
TCGA-BK-A13B-01,8.511915088267004
TCGA-EX-A69L-01,-2.5977384330348325
TCGA-FJ-A871-01,-0.554870314650942
TCGA-WB-A817-01,-2.814221026024325
TCGA-55-A48Y-01,1.3795885379367967
TCGA-BJ-A45F-01,-3.2230492390343386
TCGA-Q1-A73O-01,15.73014941952799
TCGA-D5-6532-01,0.6702723491641709
TCGA-QR-A70J-01,-3.4561709218932606
TCGA-CC-A9FU-01,-0.9482383476578992
TCGA-VS-A8QC-01,0.6062770833894916
TCGA-86-A456-01,6.867656423254574
TCGA-33-AASB-01,7.397045957095248
TCGA-EA-A5ZE-01,-2.5635077515114792
TCGA-XT-AASU-01,-3.170056638261583
TCGA-FE-A22Z-01,-3.2122792472366086
TCGA-B9-4617-01,-2.8450973323566675
TCGA-RW-A8AZ-01,-1.7763605693068465
TCGA-50-5068-01,-0.1717680538003467
TCGA-NK-A5CR-01,5.985059378364336
TCGA-NJ-A55A-01,0.888161771073522
TCGA-ZS-A9CF-01,-1.852219346308474
TCGA-AR-A24Q-01,2.020983351786292
TCGA-33-4586-01,7.477053321419348
TCGA-56-7580-01,0.9279953793204334
TCGA-S4-A8RM-01,-2.619685135350597
TCGA-DU-A5TW-01,-0.8409281000282459
TCGA-DX-AB2S-01,-2.8989061643984497
TCGA-G9-6329-01,-2.8892950325165914
TCGA-MH-A560-01,-3.071344313645146
TCGA-GD-A3OP-01,3.7999736116036216
TCGA-90-7769-01,11.000855916132732
TCGA-CR-6467-01,-2.313076295206534
TCGA-S9-A6TX-01,-3.26310380195772
TCGA-OR-A5JC-01,-2.953600207011228
TCGA-GS-A9TV-01,-1.5924260425268548
TCGA-ZJ-A8QO-01,-1.7176717069172986
TCGA-37-4135-01,2.9572870107046176
TCGA-RY-A83Z-01,-2.394787983032504
TCGA-IG-A5B8-01,3.511157980825608
TCGA-JX-A5QV-01,-3.144314032604256
TCGA-CN-6988-01,2.9160429097057152
TCGA-EW-A1P5-01,-3.0823862371913235
TCGA-QR-A6GS-01,-2.952324871274052
TCGA-FD-A3SL-01,0.8888212002196328
TCGA-ET-A39L-01,-3.4561709218932606
TCGA-BH-A1FN-01,0.7973600510002434
TCGA-EK-A2GZ-01,-2.965452044725092
TCGA-N5-A4RM-01,-1.6388707712009223
TCGA-DD-AACN-01,-2.4185117425377785
TCGA-MM-A564-01,-2.0617793234668027
TCGA-3L-AA1B-01,-0.10681982556748722
TCGA-06-0141-01,-3.206980004103086
TCGA-DQ-7596-01,-2.8816497638527645
TCGA-HZ-8002-01,-3.4561709218932606
TCGA-3A-A9IH-01,-1.587304766971089
TCGA-B5-A3FC-01,79.88716100581375
TCGA-BJ-A0ZC-01,-3.195689980665474
TCGA-XF-A9T3-01,4.202027667550103
TCGA-98-8020-01,1.1908588563483253
TCGA-CV-5970-01,0.4054871574925394
TCGA-DX-AB2G-01,-2.2570407392625844
TCGA-A7-A4SE-01,-1.7024496091136285
TCGA-A1-A0SJ-01,-3.2679766238814763
TCGA-J2-A4AG-01,-0.1992425359253936
TCGA-EI-6510-01,-0.20922180936669046
TCGA-G4-6588-01,21.288036482266836
TCGA-RC-A7S9-01,-0.011493113966855097
TCGA-GS-A9TZ-01,4.589700249627031
TCGA-22-5471-01,4.252716867130006
TCGA-E2-A570-01,-3.08357806497431
TCGA-VQ-A91V-01,6.063845896572195
TCGA-CV-7425-01,0.14594263324014614
TCGA-EK-A2R9-01,-2.40604874339101
TCGA-BH-A201-01,-3.2604931736940586
TCGA-66-2744-01,3.681597347309157
TCGA-CN-4733-01,-2.3686770514294198
TCGA-IR-A3LL-01,3.4109845778467056
TCGA-05-4405-01,9.372022562471907
TCGA-06-0125-01,-1.7755196865838971
TCGA-XU-A92Z-01,-2.630477212804035
TCGA-DD-AA3A-01,-3.2769557867495323
TCGA-RW-A68A-01,-2.781006347694939
TCGA-FP-A4BF-01,1.1947451017952804
TCGA-ZB-A964-01,-2.998451520544899
TCGA-Y8-A8RZ-01,-2.309957465212579
TCGA-CR-5243-01,-2.6596499056615657
TCGA-MT-A51W-01,0.3161458358152948
TCGA-ZB-A96C-01,-3.206980004103086
TCGA-D8-A27V-01,31.369857880933207
TCGA-ZF-AA4V-01,7.17669905701706
TCGA-50-5944-01,-1.6551548224911374
TCGA-RD-A8N1-01,-0.524005913016292
TCGA-BR-8687-01,1.136720914474883
TCGA-OR-A5JV-01,-1.5284042787653627
TCGA-EM-A2CO-01,-3.4561709218932606
TCGA-86-7955-01,3.538091553688592
TCGA-BR-A4IY-01,0.6970821866658712
TCGA-50-6673-01,-2.0914656177422972
TCGA-V1-A9OQ-01,-2.094297992152462
TCGA-FG-A6IZ-01,-2.5533961278672805
TCGA-C5-A1M5-01,0.34365079323318476
TCGA-DQ-7592-01,-0.9585445815687567
TCGA-E2-A14Y-01,-1.7796984150441926
TCGA-EM-A3AN-01,-2.85241282954139
TCGA-YL-A9WI-01,-2.1191870134554303
TCGA-AG-3742-01,1.0820153527993766
TCGA-55-7727-01,2.9217244630977284
TCGA-QR-A6H0-01,-3.4561709218932606
TCGA-CS-4941-01,-1.5372208804233163
TCGA-OU-A5PI-01,-1.4969484441217957
TCGA-XU-A92Q-01,-1.5231803470771976
TCGA-55-8510-01,5.744661631992908
TCGA-L5-A88Y-01,3.8692935501782397
TCGA-XF-AAMW-01,-2.7494892876753227
TCGA-GI-A2C8-01,0.18942299772799606
TCGA-DJ-A13X-01,-3.187544267614407
TCGA-HD-A633-01,-0.2415940364930007
TCGA-VF-A8AE-01,-2.1953700972831567
TCGA-DH-A7UT-01,-2.69915940333039
TCGA-A6-6138-01,0.08238480005380867
TCGA-DU-5871-01,-2.449393759556263
TCGA-CV-7238-01,-1.3010368385331532
TCGA-EL-A3T7-01,-3.3869082808926256
TCGA-F4-6808-01,2.3852071462332805
TCGA-CN-5367-01,0.218987258689584
TCGA-MP-A4T8-01,0.20411981686785596
TCGA-D6-A74Q-01,8.887299502583478
TCGA-86-8279-01,11.753278129314111
TCGA-W2-A7HB-01,-3.4561709218932606
TCGA-GR-A4D4-01,-0.42703584624534574
TCGA-CR-5250-01,-1.0864926893148372
TCGA-B0-5100-01,-1.386058514268326
TCGA-EJ-7218-01,-1.4611482482452924
TCGA-XK-AAJR-01,-2.9056691924165214
TCGA-55-A494-01,2.3112887372128497
TCGA-BP-4991-01,-2.6300861160839806
TCGA-44-3917-01,4.783253008942464
TCGA-2G-AALF-01,-3.1583042469258036
TCGA-A4-7288-01,-2.745962244520957
TCGA-75-5125-01,0.9979451106230882
TCGA-BR-4369-01,2.1403505729668586
TCGA-B0-5400-01,-3.1335962213970934
TCGA-G4-6317-01,0.5105551105534262
TCGA-HU-8244-01,0.216762221717382
TCGA-CV-7437-01,0.6889997833856064
TCGA-EL-A3T3-01,-3.1955206487842096
TCGA-K7-A5RG-01,-1.0952542409530193
TCGA-ZG-A9LU-01,-2.9927864634141486
TCGA-B6-A409-01,-2.590286931143462
TCGA-C5-A7X8-01,-2.5020063357771587
TCGA-21-1078-01,-0.1051138423855854
TCGA-34-2600-01,7.2821348208648065
TCGA-EA-A3HS-01,8.400730689972976
TCGA-VD-AA8R-01,-2.969314013841439
TCGA-3B-A9HZ-01,-2.3610044492753675
TCGA-SX-A7SL-01,-2.1499235776824412
TCGA-BH-A1EX-01,-3.253835412686825
TCGA-HW-8321-01,-2.2944756923934317
TCGA-CK-4952-01,1.1272495835780065
TCGA-G4-6309-01,8.614503999201647
TCGA-EZ-7264-01,-2.5392797414735186
TCGA-X7-A8M0-01,-2.7795148004457144
TCGA-E8-A433-01,-3.187324967162138
TCGA-55-8615-01,1.3784501590687186
TCGA-HZ-A4BK-01,-0.4395490206163648
TCGA-EL-A3GQ-01,-3.224114814589041
TCGA-MP-A4TF-01,7.643978879504296
TCGA-G2-A2EO-01,8.421999319623314
TCGA-D6-A6EO-01,-1.0246289486014672
TCGA-RC-A7SF-01,-2.5256293385602984
TCGA-AK-3443-01,-3.4561709218932606
TCGA-CS-6666-01,-1.380753641755664
TCGA-BP-4992-01,-3.161673212124037
TCGA-CM-5868-01,-0.2828868674250006
TCGA-WC-A885-01,-3.230347696990889
TCGA-D1-A3DA-01,-2.3266852626370214
TCGA-55-6979-01,-0.7635706521727899
TCGA-NC-A5HK-01,3.9751993656661617
TCGA-VQ-A91Z-01,0.5789472600592537
TCGA-DX-A8BR-01,-2.667345297804734
TCGA-W5-AA2X-01,-1.983454409775539
TCGA-IR-A3LH-01,8.187868785999443
TCGA-KO-8410-01,-3.28224467265306
TCGA-LN-A4A9-01,-0.5610675715286848
TCGA-LL-A5YO-01,-2.161179060568017
TCGA-86-A4JF-01,19.241982912443426
TCGA-QU-A6IP-01,-2.902758043549013
TCGA-FI-A3PV-01,-1.2888923602023377
TCGA-V1-A9O9-01,-2.8984333041090493
TCGA-VQ-A8PH-01,2.317405067228486
TCGA-AC-A6IX-01,-2.7458511495417306
TCGA-XF-A8HH-01,-1.9826220437117872
TCGA-EL-A4K2-01,-3.157625774805982
TCGA-HW-7491-01,-2.781220102028241
TCGA-86-7701-01,1.6344360436280247
TCGA-EJ-A8FO-01,-3.1707739585726435
TCGA-62-8398-01,-0.8895851349043141
TCGA-A3-3320-01,-2.509770516302681
TCGA-EM-A3O7-01,-3.3869082808926256
TCGA-L9-A443-01,3.2264819831799207
TCGA-CZ-5469-01,-2.97042600767777
TCGA-S9-A6U1-01,-3.138461975135872
TCGA-66-2767-01,7.45009446605728
TCGA-MR-A520-01,-2.9396764513869362
TCGA-X7-A8M4-01,-3.4561709218932606
TCGA-FD-A3B7-01,-1.0056813122858763
TCGA-E1-5307-01,-1.9626086276850152
TCGA-78-8660-01,4.616428753597489
TCGA-DU-A76L-01,-2.608413950518816
TCGA-C5-A1M9-01,-2.440436160450678
TCGA-KL-8325-01,-3.307281735401197
TCGA-HW-7495-01,-3.0168340332391357
TCGA-K4-A3WU-01,1.4805893547493456
TCGA-AG-4021-01,0.4027091370205856
TCGA-E2-A156-01,-3.2604931736940586
TCGA-EL-A3GW-01,-3.4561709218932606
TCGA-EM-A2CL-01,-3.4561709218932606
TCGA-CF-A47V-01,-1.9078480881396982
TCGA-AR-A24R-01,-3.2723605135998217
TCGA-3H-AB3O-01,-3.1003661845111226
TCGA-J4-A67L-01,-2.8502995924633967
TCGA-HT-7481-01,-2.972667981681893
TCGA-F7-A61W-01,-1.9994920578302884
TCGA-NC-A5HO-01,4.157197722268542
TCGA-QQ-A5VA-01,-1.2520225093791075
TCGA-AJ-A3BG-01,15.597779587590274
TCGA-XQ-A8TA-01,0.7145010373299564
TCGA-78-7148-01,3.80701244691493
TCGA-DU-8163-01,-2.9007213677655805
TCGA-D8-A1JP-01,-0.7502875726562093
TCGA-E2-A1IK-01,-3.309612020176119
TCGA-43-6773-01,-1.8230397928331425
TCGA-77-8154-01,3.6584017419000565
TCGA-2G-AAFM-01,-2.956779885289847
TCGA-DJ-A3V5-01,-3.179839506936839
TCGA-DJ-A2Q3-01,-2.129165451664274
TCGA-VQ-A91N-01,0.1576330522573045
TCGA-DK-A3X1-01,8.591951078948627
TCGA-B9-A5W7-01,-3.4561709218932606
TCGA-C8-A12K-01,-1.0003063019352418
TCGA-AR-A2LE-01,4.150292657423498
TCGA-AD-6964-01,17.709812138523734
TCGA-37-A5EL-01,7.263877930702683
TCGA-26-1442-01,-2.6003534001445545
TCGA-BH-A0HK-01,-3.2633776933389003
TCGA-J4-A67O-01,-2.8978619069037346
TCGA-G4-6295-01,1.109056373892861
TCGA-RD-A8NB-01,7.800776094206014
TCGA-B2-4101-01,-2.582789829131523
TCGA-BQ-7048-01,-2.7257516196953144
TCGA-DG-A2KJ-01,-2.248719280263948
TCGA-67-6215-01,-1.0561139785672506
TCGA-55-A490-01,22.021801786352253
TCGA-4Z-AA81-01,1.7462607430117465
TCGA-CF-A3MG-01,-0.1558312656235407
TCGA-BR-A4PE-01,5.454220789819631
TCGA-NH-A50T-01,-0.6207911265842763
TCGA-FE-A237-01,-3.168918918642266
TCGA-2G-AAFI-01,-3.4561709218932606
TCGA-ZS-A9CE-01,0.4910364319873584
TCGA-AR-A250-01,-1.5928284778381019
TCGA-HC-7230-01,-2.9121610228598898
TCGA-S5-AA26-01,0.44148393800540897
TCGA-HT-8110-01,-1.0007835119070507
TCGA-D8-A1JG-01,1.2846539248989999
TCGA-KL-8337-01,-2.5278460940294885
TCGA-ZF-A9R4-01,1.3329265995900954
TCGA-GC-A3OO-01,-1.2033192265584967
TCGA-D5-5539-01,0.03994224783109123
TCGA-HC-A6AL-01,-2.1833027212882636
TCGA-69-7974-01,10.063198315505883
TCGA-C8-A134-01,-1.0923949178262433
TCGA-ED-A7PZ-01,2.8587011620034803
TCGA-AK-3429-01,-3.4561709218932606
TCGA-JV-A5VF-01,-2.83545221306163
TCGA-AH-6903-01,-1.5055280558896265
TCGA-5P-A9K8-01,-2.9883432649794246
TCGA-YC-A9TC-01,-0.7366526704187554
TCGA-BS-A0V4-01,2.93137059084277
TCGA-Z6-A9VB-01,-0.8302972102519621
TCGA-Q1-A5R3-01,-0.6045556189156294
TCGA-AC-A62V-01,-3.0050663208148305
TCGA-G3-AAV0-01,1.5864810941647467
TCGA-ET-A39O-01,-3.3869082808926256
TCGA-G9-6369-01,-2.868140085225768
TCGA-FK-A3S3-01,-3.4561709218932606
TCGA-FB-AAQ1-01,-1.7281435020043256
TCGA-AK-3455-01,-2.3001058558561307
TCGA-HC-7211-01,-3.2731482017253484
TCGA-2Z-A9J3-01,-1.8339590882806247
TCGA-49-AAR4-01,12.441463008935838
TCGA-C8-A275-01,-1.4319195092699344
TCGA-UD-AAC7-01,-2.7468093484914604
TCGA-4L-AA1F-01,-2.4363783387392233
TCGA-DD-AAD8-01,-0.0003823178764192665
TCGA-AO-A129-01,-1.6207940435951083
TCGA-P3-A6T3-01,-0.23521410312722094
TCGA-R5-A7ZR-01,-1.3284281195458059
TCGA-CV-A468-01,6.527362100130881
TCGA-EJ-5516-01,-2.6115138129643243
TCGA-DX-A8BV-01,-2.213133465899549
TCGA-EY-A2OO-01,0.11618398733941328
TCGA-YF-AA3L-01,3.1539306545022443
TCGA-BR-8059-01,11.249031791625413
TCGA-EL-A3MZ-01,-3.3869082808926256
TCGA-CD-8527-01,2.4300043242814504
TCGA-DD-AACU-01,1.4760919994979576
TCGA-BH-A1F8-01,1.9978196960304697
TCGA-G3-AAV3-01,-1.2731985599416529
TCGA-QK-A6V9-01,-1.88329127970126
TCGA-XF-A9SJ-01,2.1391196839979383
TCGA-D8-A1JK-01,2.0961084972448205
TCGA-ZF-A9R0-01,-0.36343029201352145
TCGA-RY-A840-01,-3.3286346870842687
TCGA-AR-A2LN-01,-1.0799451066744477
TCGA-EI-6882-01,15.554814317869557
TCGA-MK-A4N6-01,-3.217149039978992
TCGA-AZ-4315-01,64.70810856539345
TCGA-DD-AADO-01,1.195235110342689
TCGA-3M-AB46-01,4.296838830032667
TCGA-DX-A48R-01,-1.3115106612539913
TCGA-VM-A8C9-01,-3.0850057636187063
TCGA-DX-A7ET-01,-2.7925014602745764
TCGA-CJ-4869-01,-0.30151094026015984
TCGA-AA-3506-01,0.17860413444934642
TCGA-3A-A9I9-01,0.20888570297156317
TCGA-A4-8098-01,-2.3398876185473556
TCGA-BR-8286-01,0.5961554301001132
TCGA-F2-6879-01,-1.5590839411100466
TCGA-IN-A7NT-01,0.3155455651361608
TCGA-SR-A6MU-01,-3.2393165746496475
TCGA-ZG-A9LM-01,-2.6005957944728877
TCGA-J8-A3YD-01,-3.3869082808926256
TCGA-DD-A73C-01,-2.5296171911030383
TCGA-R5-A7ZI-01,10.415637517601184
TCGA-4V-A9QI-01,-3.4561709218932606
TCGA-BT-A42C-01,4.567208558793074
TCGA-QR-A70K-01,-3.242126883461485
TCGA-05-4418-01,2.037628152501563
TCGA-BP-4983-01,-1.431868657699297
TCGA-HG-A2PA-01,-0.6266978867279476
TCGA-BQ-7056-01,-1.2874232599036632
TCGA-BR-6801-01,-2.6231125437416742
TCGA-F9-A4JJ-01,-2.2123228904419436
TCGA-IQ-A61I-01,-1.9413812538241861
TCGA-CV-A6K2-01,8.51986210142406
TCGA-5P-A9JZ-01,-3.1694521326094693
TCGA-HD-A6I0-01,-2.2443400930942894
TCGA-WC-A87W-01,-3.4561709218932606
TCGA-FA-A82F-01,1.467120195254749
TCGA-EM-A3AR-01,-3.3869082808926256
TCGA-HW-8319-01,-2.4144912374275105
TCGA-E2-A1IJ-01,-3.2092540509068175
TCGA-HB-A3L4-01,-2.9587806830180154
TCGA-3A-A9IB-01,-2.2155206227961197
TCGA-G7-6792-01,-3.2230492390343386
TCGA-IB-AAUV-01,-3.4561709218932606
TCGA-BD-A2L6-01,-1.276381876975667
TCGA-B2-5639-01,-2.1729776346419123
TCGA-GK-A6C7-01,-1.1708903549629992
TCGA-EL-A4K7-01,-2.7289693372906556
TCGA-ZG-A9LY-01,-3.118987423683209
TCGA-B5-A1MW-01,6.5415058107007855
TCGA-DJ-A2PQ-01,-3.3869082808926256
TCGA-OR-A5KO-01,-2.7132990806739405
TCGA-EM-A22M-01,-3.3869082808926256
TCGA-EM-A3FO-01,-3.3869082808926256
TCGA-V4-A9ES-01,-3.4561709218932606
TCGA-J4-A67K-01,-2.8557407689290764
TCGA-HT-7482-01,-2.9007213677655805
TCGA-CV-6962-01,0.15052240648197368
TCGA-21-1082-01,4.008878108457342
TCGA-35-4123-01,4.098312568711949
TCGA-QH-A6CW-01,-1.7156560755312042
TCGA-UF-A7JT-01,2.333919675331694
TCGA-DX-AB3A-01,-2.2102738836381413
TCGA-AL-3466-01,-2.1953700972831567
TCGA-R5-A805-01,2.498604586495705
TCGA-A2-A0SY-01,-0.428180022688251
TCGA-AC-A8OP-01,0.20710685922850983
TCGA-98-A53J-01,0.288975529757102
TCGA-VP-A87B-01,-2.1663427654285505
TCGA-EW-A1PA-01,-0.9157166557698979
TCGA-AO-A126-01,-3.2604931736940586
TCGA-EM-A4FF-01,-3.3869082808926256
TCGA-CH-5792-01,-3.4561709218932606
TCGA-DD-A11D-01,0.006352140999836905
TCGA-DU-5870-01,-3.160114189162275
TCGA-G4-6314-01,-0.37258968051196467
TCGA-DD-AACK-01,1.2582628154730457
TCGA-EW-A6SB-01,-1.1025545902990261
TCGA-SJ-A6ZI-01,16.879302617645564
TCGA-MJ-A68J-01,-3.2561918601844204
TCGA-DD-A118-01,0.6406080947901145
TCGA-VS-A9V3-01,-2.0166151929187626
TCGA-AU-6004-01,11.791762580779467
TCGA-KD-A5QS-01,-1.240594704099729
TCGA-BQ-7061-01,-0.9497086059045438
TCGA-A5-A3LP-01,-1.4240125668970811
TCGA-63-A5MJ-01,3.560702215800449
TCGA-EW-A2FV-01,34.471435646769024
TCGA-V4-A9E8-01,-2.8250258445304617
TCGA-CR-7379-01,1.0206793290476723
TCGA-TP-A8TV-01,-3.4561709218932606
TCGA-AY-6386-01,1.4610006089716596
TCGA-D7-A74A-01,-0.6379738455814368
TCGA-TM-A84S-01,-2.8422040483178312
TCGA-33-4538-01,-0.26088342085787763
TCGA-26-5136-01,-2.6215020810158665
TCGA-GU-A42P-01,0.6002827525533359
TCGA-G7-6796-01,-1.599503106726287
TCGA-2F-A9KP-01,-0.8830339252510652
TCGA-V4-A9F7-01,-2.973545079178157
TCGA-AC-A3W5-01,-0.05504376727851721
TCGA-A6-5661-01,16.407558213608368
TCGA-DJ-A1QF-01,-3.2386787979372076
TCGA-N8-A4PO-01,-1.2617590721474428
TCGA-KL-8338-01,-2.8938000429709123
TCGA-LN-A4A2-01,1.1067953643032231
TCGA-J4-A83N-01,-3.2655193826410285
TCGA-XM-A8R9-01,-3.4561709218932606
TCGA-WB-A80K-01,-3.4561709218932606
TCGA-CA-5797-01,-1.1427861557196628
TCGA-AL-3467-01,-3.2143683530879374
TCGA-A7-A13G-01,-2.7589785714428468
TCGA-V4-A9EW-01,-3.1563669363542775
TCGA-2G-AALY-01,-3.280404156824533
TCGA-14-1034-01,-1.1945441459002197
TCGA-EM-A4FQ-01,-3.1325891908509695
TCGA-AR-A1AS-01,-0.6457857306930808
TCGA-VS-A9UH-01,1.6451695233688188
TCGA-CN-A6V3-01,3.9556923408584574
TCGA-G3-AAV7-01,-0.8634577872423345
TCGA-CU-A3QU-01,-2.769652469431266
TCGA-ZB-A96H-01,-3.172124585837406
TCGA-C8-A1HJ-01,-1.833652805854585
TCGA-06-0184-01,-1.5504316171182881
TCGA-12-3652-01,-1.5299507384075672
TCGA-56-8503-01,1.2583358957520179
TCGA-D8-A1Y1-01,0.41853360367931025
TCGA-UD-AAC1-01,1.1536423720979734
TCGA-BR-8677-01,-1.972414201865819
TCGA-RY-A845-01,-2.348635950222792
TCGA-CJ-5689-01,-2.404820805948782
TCGA-DK-AA6Q-01,0.4956018017463194
TCGA-DD-A4NI-01,-1.1087203282988165
TCGA-EY-A1GP-01,-2.526262672958545
TCGA-EJ-5515-01,-3.072168972082575
TCGA-FG-8182-01,-2.4430275345895978
TCGA-UF-A7JC-01,-0.7288223745580319
TCGA-CN-5373-01,1.467892590105122
TCGA-14-0790-01,-1.7518620655235775
TCGA-E3-A3DZ-01,-3.073122416278229
TCGA-26-5132-01,-2.2045798597778354
TCGA-D6-6827-01,-3.157625774805982
TCGA-A3-3363-01,-2.23954027760619
TCGA-BH-A0DD-01,-3.0750130632125474
TCGA-X6-A8C4-01,-1.2315078057923619
TCGA-G9-6496-01,-2.4337629284373135
TCGA-CN-4725-01,-1.7213768217943253
TCGA-ZB-A96M-01,-2.073385579369382
TCGA-JX-A3PZ-01,-2.3791371862043786
TCGA-DD-AADL-01,0.52022577704951
TCGA-BT-A20P-01,-0.24118744955406687
TCGA-FB-AAPZ-01,-2.356396289748186
TCGA-98-A53A-01,7.722937226801485
TCGA-CZ-5985-01,-2.037956750677231
TCGA-N9-A4Q4-01,-2.5642867197000343
TCGA-55-6969-01,7.942088522993329
TCGA-RN-AAAQ-01,-3.094529809589057
TCGA-V1-A8WV-01,-2.204860080432249
TCGA-D7-6525-01,2.779821744576528
TCGA-91-8497-01,-2.398651105177948
TCGA-ZF-A9RN-01,3.9266833717189633
TCGA-NC-A5HL-01,2.565516344351799
TCGA-C5-A1MP-01,-2.188074343743761
TCGA-BR-A4J1-01,-2.5471870869014124
TCGA-CC-A5UD-01,2.4733691187827502
TCGA-IN-A6RO-01,6.1133035114708605
TCGA-B7-A5TK-01,-1.8905071414573023
TCGA-X6-A7WD-01,-1.6968973693675704
TCGA-56-8307-01,7.392643691218694
TCGA-A2-A0EN-01,-1.233970514143166
TCGA-GV-A3QI-01,4.60122278621731
TCGA-W5-AA2H-01,-3.4561709218932606
TCGA-DX-A6YX-01,-1.709854878475841
TCGA-FB-AAPU-01,-2.6299582200262037
TCGA-VQ-A8PO-01,7.856855013653555
TCGA-DD-AAE6-01,-2.2198397636881553
TCGA-J1-A4AH-01,1.542935680889286
TCGA-BR-8381-01,0.21443022579815077
TCGA-A3-3316-01,-2.4008568633340137
TCGA-B0-5081-01,-1.9965881535822296
TCGA-33-AASL-01,3.2820133189505563
TCGA-CW-5587-01,-2.8389836101566566
TCGA-CG-4301-01,-2.1759005092676897
TCGA-BA-5149-01,-0.03915698341756143
TCGA-FG-6688-01,-1.003565468977751
TCGA-H9-7775-01,-2.65826322473222
TCGA-E9-A1R2-01,-2.422125271673236
TCGA-62-A470-01,-1.586051996670558
TCGA-G9-6339-01,-2.387014897886474
TCGA-A7-A3RF-01,-2.6264370617831774
TCGA-53-A4EZ-01,10.716000008231736
TCGA-78-7162-01,-1.4167921276188464
TCGA-TQ-A7RP-01,-1.9977913782367556
TCGA-FD-A5BU-01,-1.593907591018725
TCGA-68-8251-01,2.0726699964826527
TCGA-HT-8113-01,-3.249637600740594
TCGA-VQ-A8PP-01,18.3426403914103
TCGA-MQ-A4LC-01,-3.4561709218932606
TCGA-SN-A6IS-01,-3.4561709218932606
TCGA-HT-7689-01,-0.8631114937508403
TCGA-EW-A1IW-01,0.5617669832186939
TCGA-VQ-A94P-01,1.7583169317310483
TCGA-CV-6003-01,-1.0218015070033062
TCGA-21-1081-01,2.432789335789074
TCGA-AO-A03M-01,8.7952795427109
TCGA-D7-6521-01,-1.0711996454238983
TCGA-3X-AAVB-01,-2.6968772599406083
TCGA-58-8391-01,5.854790097560815
TCGA-HF-A5NB-01,14.070112122635802
TCGA-BH-A1EW-01,-3.4561709218932606
TCGA-BH-A1FG-01,-3.1586855308149544
TCGA-AR-A0TS-01,-1.630658810437069
TCGA-66-2754-01,4.094504229248063
TCGA-CJ-5686-01,-2.4013371910490244
TCGA-FD-A3NA-01,2.524992847031566
TCGA-85-A4QQ-01,5.569583705522048
TCGA-L5-A43C-01,-0.23610550034300815
TCGA-KF-A41W-01,-2.5721716201957365
TCGA-FG-7638-01,-2.8066486669731767
TCGA-D8-A140-01,-1.282816052547633
TCGA-KB-A93J-01,-0.959738707184933
TCGA-22-4601-01,0.6466043202623797
TCGA-DU-7013-01,-2.581625866895374
TCGA-ET-A40Q-01,-3.3869082808926256
TCGA-63-A5MB-01,4.409810114309967
TCGA-VN-A88Q-01,-2.1114061487223483
TCGA-OR-A5JP-01,-2.0667659700018284
TCGA-QF-A5YT-01,-3.260744468310318
TCGA-BP-5001-01,-2.957800288809277
TCGA-A6-5662-01,-0.48777539078469484
TCGA-G9-6348-01,-2.2528273636127274
TCGA-32-1970-01,-2.087971842644489
TCGA-E9-A1R6-01,-3.2198970079306797
TCGA-BP-4968-01,-2.398633205121671
TCGA-DK-AA76-01,3.043411225802333
TCGA-L5-A4OO-01,1.1141187082787471
TCGA-2A-A8VL-01,-3.254427626434573
TCGA-V1-A9ZK-01,-2.5079642556188224
TCGA-43-5670-01,1.0735985741643577
TCGA-62-A46Y-01,-1.6534148193908762
TCGA-AA-3489-01,0.6102132592596556
TCGA-ZC-AAAA-01,-3.4561709218932606
TCGA-MU-A5YI-01,-1.1966059266165854
TCGA-IM-A4EB-01,-3.3869082808926256
TCGA-66-2758-01,3.266556656188186
TCGA-DK-A1AA-01,0.5874803400737191
TCGA-DJ-A4UQ-01,-3.1112101613722993
TCGA-CH-5765-01,-3.084232102677915
TCGA-BH-A1FE-01,-1.4227726928669724
TCGA-AF-2687-01,0.06280685833711531
TCGA-E1-A7Z3-01,-2.3536470349524348
TCGA-VS-A8QA-01,0.4316624885573836
TCGA-DD-AAD3-01,-1.8074461768162091
TCGA-AN-A0XS-01,-3.0780334673111573
TCGA-G9-6377-01,-1.7719999532386097
TCGA-DM-A1D8-01,1.9565773264121915
TCGA-EJ-5511-01,-1.089588607185088
TCGA-WA-A7GZ-01,1.303550077127107
TCGA-HT-7476-01,-2.2155181229995833
TCGA-DX-AB37-01,-1.9200943761184397
TCGA-AZ-6599-01,0.9090026823032188
TCGA-K1-A3PN-01,-1.9095204668733927
TCGA-ED-A97K-01,-2.5357415027914962
TCGA-2G-AAGV-01,-3.4561709218932606
TCGA-CH-5788-01,-2.779931524221183
TCGA-HZ-A9TJ-01,0.3024976224442334
TCGA-TQ-A7RG-01,-3.005300066301463
TCGA-94-7557-01,-1.5980538669927173
TCGA-WT-AB41-01,-2.408993545065166
TCGA-CN-5374-01,-0.1870535871234708
TCGA-G4-6299-01,3.0029455318035927
TCGA-98-7454-01,1.7391705516633529
TCGA-BH-A0BV-01,-2.9991958493255213
TCGA-AC-A5XS-01,5.990268051937879
TCGA-E2-A109-01,-1.7171835239462807
TCGA-G9-6336-01,-2.926372057422557
TCGA-V1-A8MG-01,-2.819253614423602
TCGA-FD-A3B3-01,1.2404834883666986
TCGA-FD-A6TF-01,-0.17407871897174187
TCGA-FG-8181-01,-3.2899804341332
TCGA-BT-A20W-01,0.8271579794262305
TCGA-BH-A1FL-01,-3.195689980665474
TCGA-IQ-A6SG-01,0.5191545989990958
TCGA-B2-A4SR-01,-1.7650939519088367
TCGA-33-A5GW-01,1.1559114983296817
TCGA-EM-A1YA-01,-3.237609646845452
TCGA-DU-A7T6-01,0.6351143308146828
TCGA-HC-7817-01,-2.7157646281712293
TCGA-BC-A69H-01,0.2784591757634421
TCGA-DB-A4XC-01,-2.737277328060644
TCGA-XE-AAOD-01,-3.4561709218932606
TCGA-62-A46R-01,4.102846445636534
TCGA-CJ-4903-01,-1.971166126283027
TCGA-EP-A2KA-01,-0.38748235808392145
TCGA-B5-A3FA-01,81.9791355995733
TCGA-EL-A3CL-01,-3.164718455808062
TCGA-BH-A0C1-01,-2.9547700764933555
TCGA-63-A5MV-01,0.7040092641668773
TCGA-DX-AB2E-01,13.986371068485392
TCGA-GU-A767-01,4.146153215492488
TCGA-DD-AAE2-01,-1.9185934183258146
TCGA-FG-A4MW-01,-2.870455441134294
TCGA-BR-6456-01,-1.3244022801671698
TCGA-IA-A40Y-01,0.1663887250823821
TCGA-B1-A657-01,-1.0634646996129067
TCGA-BH-A1FH-01,-2.754513943682359
TCGA-F9-A8NY-01,-2.8374664289701776
TCGA-DK-A6B2-01,1.2683031584570144
TCGA-W2-A7HD-01,-3.2011862095536165
TCGA-2G-AAH2-01,-3.319786647177684
TCGA-BP-5189-01,-2.3092187975221607
TCGA-CN-4731-01,-0.4510236368471946
TCGA-D7-A6EV-01,2.5858843001897016
TCGA-HC-7818-01,-2.772839375028556
TCGA-L5-A8NT-01,-1.0478705885919097
TCGA-3X-AAVA-01,-2.5242274733869294
TCGA-QR-A70C-01,-3.4561709218932606
TCGA-IG-A3YA-01,0.3836815638683524
TCGA-KR-A7K8-01,-2.471152110124989
TCGA-EJ-5497-01,-2.4542833598502085
TCGA-AN-A0XN-01,-0.17319183429880924
TCGA-A1-A0SK-01,-1.1716232405897173
TCGA-AO-A125-01,-2.579363319021131
TCGA-XF-A9T5-01,7.231694841856559
TCGA-ZB-A966-01,4.883696172935972
TCGA-B8-A54G-01,-2.4737088835969807
TCGA-06-0219-01,-2.102984182222274
TCGA-PE-A5DC-01,-2.4507425211773755
TCGA-AD-5900-01,18.41179853644251
TCGA-E9-A3X8-01,-3.045400547630419
TCGA-DH-5142-01,-1.4359575349500604
TCGA-05-4244-01,2.2191937804356394
TCGA-BH-A0AU-01,-3.0144486264046826
TCGA-14-0787-01,-2.4309772318737637
TCGA-E3-A3E0-01,-3.4561709218932606
TCGA-OR-A5L9-01,-3.4561709218932606
TCGA-BQ-5890-01,-2.3673783673166953
TCGA-S9-A6U2-01,-2.1974885331667275
TCGA-L5-A8NW-01,0.1753250889326899
TCGA-IA-A83T-01,-2.2239356719719447
TCGA-DX-A1KU-01,-0.6979253268941346
TCGA-GC-A3RB-01,0.1528782124587895
TCGA-S6-A8JW-01,-3.392304774113902
TCGA-CC-A7IE-01,0.30128111167806954
TCGA-SU-A7E7-01,-1.8402003597756684
TCGA-12-0618-01,-2.363772535960928
TCGA-DD-AACJ-01,-2.3481140220720924
TCGA-L9-A8F4-01,12.786230357212101
TCGA-G7-6795-01,-3.095469780058076
TCGA-H5-A2HR-01,-2.3958096561281295
TCGA-B0-4811-01,-1.2890923341022595
TCGA-BA-4075-01,1.3116652831455062
TCGA-27-2524-01,-1.9078464023413704
TCGA-GM-A2DB-01,-0.751485698067949
TCGA-VN-A88N-01,-2.4702142993341423
TCGA-RD-A8N0-01,-3.4561709218932606
TCGA-TQ-A7RH-01,-1.8516817910431256
TCGA-B8-5550-01,-1.2471131591300586
TCGA-N8-A4PL-01,-1.4041091972862372
TCGA-4R-AA8I-01,11.087761117839174
TCGA-VF-A8A8-01,-2.3760221609211842
TCGA-E9-A244-01,-0.5523871070046067
TCGA-CG-4442-01,19.836575793566087
TCGA-S7-A7X0-01,-3.253973792413342
TCGA-55-7726-01,-0.6927876055015294
TCGA-2E-A9G8-01,-1.9508232153291245
TCGA-A2-A3XV-01,-2.512307184131335
TCGA-A6-5666-01,-0.6096048514860424
TCGA-08-0386-01,-3.2828780765019374
TCGA-BP-5194-01,-2.548548003448864
TCGA-CN-4735-01,0.13067504288807674
TCGA-KK-A8IC-01,-3.313153866396331
TCGA-G9-6356-01,-3.0634173018943764
TCGA-49-4512-01,-1.5060208144272111
TCGA-OR-A5JO-01,-3.0053575062413365
TCGA-FU-A5XV-01,-2.707415284587999
TCGA-DB-A75M-01,-2.5196474686364034
TCGA-DM-A1D7-01,3.148223163532878
TCGA-HT-8012-01,-3.056385945949482
TCGA-DX-A1L2-01,-1.9977143996362894
TCGA-EX-A8YF-01,-2.5685089781273835
TCGA-TS-A7OU-01,-2.109434504996281
TCGA-B8-A54K-01,-3.136429190613019
TCGA-E2-A14O-01,-3.0602931927135435
TCGA-A2-A0T7-01,-2.2666444628517572
TCGA-A7-A0D9-01,-3.072327016749147
TCGA-S9-A7QW-01,-2.556134365096312
TCGA-P5-A733-01,-1.7949740882035485
TCGA-66-2770-01,2.5799113582852042
TCGA-ED-A7PX-01,-3.4561709218932606
TCGA-GM-A3XL-01,0.003512378980006166
TCGA-2Z-A9JO-01,-3.1583042469258036
TCGA-HZ-7289-01,-1.2494220438124997
TCGA-2G-AAM2-01,-3.223791104095672
TCGA-DX-A240-01,-3.4561709218932606
TCGA-MX-A666-01,-0.8024644338091897
TCGA-3A-A9J0-01,-1.2069362092937375
TCGA-34-5241-01,2.056455420536941
TCGA-E1-A7Z4-01,-1.9588942362147836
TCGA-DU-A5TR-01,-1.0950898038227665
TCGA-A2-A0CV-01,-2.9966895928956174
TCGA-EL-A3H1-01,-2.4326232676221844
TCGA-ZH-A8Y4-01,-2.6401172232792205
TCGA-DW-7834-01,-1.9044472389139353
TCGA-43-6647-01,1.5079683227707918
TCGA-CD-5800-01,1.956537073494915
TCGA-SW-A7EA-01,10.04004441217066
TCGA-ZJ-A8QR-01,-0.7976207617362778
TCGA-V1-A8MK-01,-3.4561709218932606
TCGA-FG-8185-01,-2.425643802450201
TCGA-BK-A4ZD-01,-1.367077651232649
TCGA-VR-A8ER-01,-1.7519864601252866
TCGA-FX-A8OO-01,-1.5760809512808431
TCGA-D8-A1X6-01,-2.8384876993292076
TCGA-XF-AAME-01,-2.0345709545448463
TCGA-KO-8411-01,-3.1474796481651124
TCGA-OR-A5JX-01,-3.237751205678114
TCGA-73-A9RS-01,15.780675398815864
TCGA-XM-A8RE-01,-3.4561709218932606
TCGA-HW-8320-01,-2.369222831318779
TCGA-HZ-A77P-01,-2.516853547530379
TCGA-MP-A4TD-01,-1.5120188761305804
TCGA-EL-A3H5-01,-3.1960929662273356
TCGA-CC-A5UC-01,-1.8083893951294125
TCGA-FD-A6TE-01,0.3735832100005559
TCGA-DX-AB36-01,-1.6263265559462918
TCGA-R6-A8W5-01,0.1280146425456583
TCGA-UZ-A9PP-01,-0.9515083896498449
TCGA-KK-A7AY-01,-3.2996874426371914
TCGA-L7-A56G-01,-1.9102501433389802
TCGA-Y8-A898-01,-1.9499459531398666
TCGA-GR-A4D9-01,-0.11471639158317164
TCGA-RW-A67W-01,-2.9504431651032514
TCGA-BR-8483-01,3.107718659289679
TCGA-A2-A0T0-01,2.1454816319554504
TCGA-BH-A0EA-01,-2.73674367969493
TCGA-BT-A20O-01,1.1552009104107637
TCGA-J9-A52E-01,-1.9628771418625919
TCGA-CS-6667-01,-1.8296299806499143
TCGA-75-5147-01,-1.8304789232683598
TCGA-KV-A6GE-01,-1.4147942950654269
TCGA-IB-7654-01,-2.8215120469538735
TCGA-EJ-5503-01,-3.4561709218932606
TCGA-XE-AANV-01,-3.1586855308149544
TCGA-DU-5849-01,-2.2014065414789075
TCGA-56-7731-01,4.4184249025963735
TCGA-63-A5MN-01,-2.733055213898426
TCGA-DB-5279-01,-2.8381187058106856
TCGA-D8-A147-01,2.315528941963632
TCGA-44-7671-01,3.6595429348596
TCGA-E9-A54Y-01,-2.416766170482988
TCGA-LL-A5YN-01,-2.856560332710731
TCGA-MI-A75C-01,-0.8591476688617754
TCGA-46-3768-01,2.8365378038334894
TCGA-AK-3458-01,-3.0634726992773866
TCGA-NA-A4QV-01,-2.3678354162966437
TCGA-V5-A7RB-01,2.603254848952382
TCGA-06-0190-01,-0.18440710968981783
TCGA-38-4631-01,15.60002890903777
TCGA-CV-7423-01,-0.8271651728913278
TCGA-CM-6676-01,-0.5022980466876129
TCGA-L5-A8NS-01,6.024738292623405
TCGA-CJ-4882-01,-1.1764252575541736
TCGA-IR-A3LB-01,-2.2986424789568205
TCGA-F1-6177-01,15.346906757116544
TCGA-XM-A8RI-01,-3.4561709218932606
TCGA-EY-A4KR-01,-0.9184128109696825
TCGA-IB-AAUQ-01,-2.3674946671483124
TCGA-C8-A26Y-01,7.557778424751287
TCGA-MZ-A7D7-01,-0.05491991945744375
TCGA-D7-8570-01,-1.0758452793021356
TCGA-CV-7099-01,1.704158988834263
TCGA-NC-A5HF-01,4.704594872480772
TCGA-G4-6626-01,-0.4347357952525554
TCGA-E7-A6ME-01,0.7657632416301241
TCGA-CG-5723-01,16.160294954423676
TCGA-NJ-A55O-01,0.3613606108170173
TCGA-CS-6670-01,-3.178666516565597
TCGA-EL-A3ZS-01,-2.1953700972831567
TCGA-AA-3660-01,0.5206671694718845
TCGA-DB-A64V-01,-2.95446810869433
TCGA-DO-A2HM-01,-2.565188956377063
TCGA-BH-A1EV-01,-1.047736160225999
TCGA-IM-A3EB-01,-1.940778145533138
TCGA-D7-6519-01,-2.672808588164573
TCGA-06-0745-01,-1.6595156159280016
TCGA-EK-A2PI-01,-2.9250768602933954
TCGA-AO-A03V-01,-1.095940253423526
TCGA-FK-A3SG-01,-3.4561709218932606
TCGA-VQ-A8PE-01,0.5057949781249346
TCGA-BR-A452-01,1.4885023081703628
TCGA-RM-A68T-01,-3.4561709218932606
TCGA-75-6211-01,5.65443747696607
TCGA-CH-5772-01,-2.5171162262763436
TCGA-DU-5854-01,-2.064398339187604
TCGA-F7-A50I-01,-0.00870283617665101
TCGA-CV-7253-01,2.3955878335872183
TCGA-3B-A9I1-01,-2.5418660805988282
TCGA-DJ-A3V8-01,-3.3869082808926256
TCGA-HZ-A49H-01,-3.23161169101717
TCGA-L5-A8NH-01,0.048689929819361634
TCGA-BP-4973-01,-2.3682202882260865
TCGA-DI-A2QY-01,-1.5397086972913532
TCGA-A3-3326-01,-2.2629412105349838
TCGA-HM-A6W2-01,-2.7635680575163186
TCGA-EJ-A46E-01,-3.4561709218932606
TCGA-UB-A7MB-01,19.331897183780562
TCGA-52-7810-01,7.2671184860635485
TCGA-CV-7432-01,2.6918533628342898
TCGA-05-5420-01,-1.9991380775622496
TCGA-D6-6515-01,-1.6237280114025405
TCGA-CJ-4636-01,-2.397673677298756
TCGA-IR-A3LF-01,-1.1040362403301882
TCGA-PA-A5YG-01,-3.4561709218932606
TCGA-OR-A5LD-01,-1.6483036320054743
TCGA-Y8-A897-01,-2.093508272623839
TCGA-BR-8382-01,9.953997020299928
TCGA-QQ-A8VG-01,6.978572316655514
TCGA-V5-AASW-01,-0.41220282840614914
TCGA-E2-A15E-01,-2.329214424776636
TCGA-ZS-A9CD-01,-1.8299398207889974
TCGA-DH-A7UR-01,-1.6309504937211805
TCGA-S7-A7WP-01,-3.4561709218932606
TCGA-WB-A81W-01,-3.4561709218932606
TCGA-S9-A6WL-01,-1.8586191010157458
TCGA-CV-7236-01,-0.33421867778223147
TCGA-CW-5583-01,-3.161024879362891
TCGA-XF-AAMJ-01,-1.3821175118095812
TCGA-3Q-A9WF-01,-3.4561709218932606
TCGA-SX-A7SR-01,-2.518329718107988
TCGA-EJ-7331-01,-2.9860543503085832
TCGA-E2-A15D-01,-1.9089816113384435
TCGA-E9-A1RB-01,-2.6449393945634605
TCGA-BP-5185-01,-0.38244492566821203
TCGA-HT-7880-01,-2.5627214730144248
TCGA-EJ-A65D-01,-2.4329026547546873
TCGA-EY-A2ON-01,-1.2931799605087797
TCGA-AO-A1KR-01,-1.8256460935567558
TCGA-IG-A3QL-01,-1.5863273606460997
TCGA-CF-A1HR-01,3.2357348868014895
TCGA-B9-4114-01,-2.592444192522945
TCGA-EM-A4G1-01,-3.4561709218932606
TCGA-V4-A9EV-01,-2.998451520544899
TCGA-QR-A702-01,-3.2587469006382483
TCGA-55-1594-01,-0.36112094395979494
TCGA-CF-A9FL-01,-1.5781401776947739
TCGA-ET-A39N-01,-3.4561709218932606
TCGA-85-8071-01,6.167754642859488
TCGA-NH-A8F7-01,1.4124514747773844
TCGA-26-5135-01,-2.7513086129138746
TCGA-BH-A18H-01,-1.7142488425449376
TCGA-BP-5198-01,-0.24333001561857806
TCGA-C8-A12M-01,-2.1404733904730144
TCGA-BP-4962-01,-1.3471238474832528
TCGA-V1-A8ML-01,-3.187641629319567
TCGA-VS-A8QF-01,1.282936418243038
TCGA-21-1076-01,5.1081059502411215
TCGA-4P-AA8J-01,-0.0741611558569808
TCGA-DJ-A3V2-01,-3.2189127418581007
TCGA-EF-5830-01,0.6003521427226881
TCGA-BA-4076-01,8.046164483333419
TCGA-4K-AA1H-01,-3.392304774113902
TCGA-C8-A26V-01,-1.1415583393676079
TCGA-G3-A3CK-01,-0.840360474553095
TCGA-E1-5318-01,-2.645224084439466
TCGA-56-1622-01,4.43952855236793
TCGA-H4-A2HO-01,-1.8438929326046798
TCGA-DE-A69J-01,-3.3869082808926256
TCGA-IG-A3YB-01,-0.8689520122519487
TCGA-33-4566-01,20.274364842246577
TCGA-DE-A4MD-01,-2.0502394156978623
TCGA-W2-A7HC-01,-3.277417316543767
TCGA-MH-A562-01,-3.0024504169319806
TCGA-EL-A3GX-01,-3.3869082808926256
TCGA-AA-3712-01,0.4204583789683195
TCGA-WB-A81S-01,-3.2895453246644126
TCGA-LK-A4O6-01,-3.281086977186576
TCGA-FY-A76V-01,-3.145411965384129
TCGA-B6-A1KN-01,-2.355028178647189
TCGA-IQ-A61H-01,0.9627199515969598
TCGA-CE-A484-01,-3.4561709218932606
TCGA-E2-A15S-01,-1.4040198699838689
TCGA-VQ-A94O-01,-1.54605724858555
TCGA-E9-A1RI-01,-3.2604931736940586
TCGA-RD-A8MW-01,0.07767807733404956
TCGA-GM-A2DI-01,-2.097453240536862
TCGA-DU-6393-01,-2.448323219203714
TCGA-VS-AA62-01,-2.530310497092735
TCGA-64-5774-01,1.5619663048183405
TCGA-BA-A6DJ-01,1.531101200545683
TCGA-A3-3346-01,-2.180514859156982
TCGA-KM-8443-01,-2.5389411728040776
TCGA-41-3915-01,-3.032487040362742
TCGA-GL-A9DC-01,-0.6260878261308537
TCGA-QR-A706-01,-3.4561709218932606
TCGA-D8-A27T-01,-3.0743089689410446
TCGA-34-5232-01,2.91153625431486
TCGA-KS-A41I-01,-3.2311725039439905
TCGA-KK-A7B4-01,-2.8442147623203686
TCGA-50-5941-01,9.0735773243755
TCGA-C8-A278-01,-2.494947231497261
TCGA-C5-A7UE-01,-0.3975849493219555
TCGA-EM-A2CQ-01,-3.214220452265212
TCGA-BC-A217-01,0.754870745691696
TCGA-CH-5746-01,-3.4561709218932606
TCGA-NF-A5CP-01,-0.7937627081207728
TCGA-BH-A18L-01,-3.05501424713497
TCGA-60-2723-01,4.525837678315078
TCGA-QT-A5XN-01,-3.084885392894182
TCGA-44-2662-01,3.104085301078794
TCGA-GM-A2DK-01,-2.7727237992345
TCGA-E9-A22A-01,-2.6968720354537443
TCGA-HC-7750-01,-3.2929488026797227
TCGA-DD-A3A9-01,5.795060581624084
TCGA-AC-A3YJ-01,-2.6134020331037835
TCGA-EM-A3AK-01,-3.3869082808926256
TCGA-CM-4743-01,12.817040671390764
TCGA-21-5782-01,5.918237897524373
TCGA-IW-A3M4-01,-2.629900422494469
TCGA-Z5-AAPL-01,-2.28226475976147
TCGA-DS-A5RQ-01,-0.8405914177770356
TCGA-CN-4736-01,1.244845890742034
TCGA-CZ-5460-01,-2.4141973498742995
TCGA-B0-4816-01,-1.770121640257653
TCGA-BI-A20A-01,-0.6153882365269493
TCGA-AR-A2LO-01,-2.5542291989912287
TCGA-VP-A87K-01,-2.7491420622054896
TCGA-D6-6517-01,-1.7665890331519176
TCGA-AC-A23C-01,-1.0601153251204933
TCGA-VQ-AA6B-01,-0.3129690887396892
TCGA-CN-A63W-01,7.747169786375006
TCGA-D8-A1XM-01,-2.384237601514519
TCGA-DD-A119-01,-2.6654969266387916
TCGA-G3-A25V-01,-1.6324647326365302
TCGA-60-2720-01,10.070736986731433
TCGA-BH-A1EU-01,-3.0371435947393355
TCGA-PE-A5DD-01,-2.1711299404926825
TCGA-VQ-A8PB-01,13.916225002548144
TCGA-SX-A71V-01,-0.5544273777235411
TCGA-WT-AB44-01,-3.0078387119816705
TCGA-DX-A8BX-01,-1.5999367744561743
TCGA-DU-5853-01,-2.453015948630147
TCGA-DJ-A1QH-01,-3.1959378168536157
TCGA-V1-A9OH-01,-2.804750233187472
TCGA-C8-A8HR-01,-2.8384529545097283
TCGA-BP-4994-01,-3.283045303280148
TCGA-EL-A3TA-01,-3.3869082808926256
TCGA-LA-A7SW-01,-1.1022350061563893
TCGA-BP-4970-01,-3.4561709218932606
TCGA-DD-AACI-01,3.0902621747995567
TCGA-L5-A43E-01,5.342387335174847
TCGA-97-A4M2-01,-2.75172956640434
TCGA-CR-7398-01,9.084657452433476
TCGA-CH-5771-01,-2.3512711810411955
TCGA-A2-A0YG-01,-0.588582922391576
TCGA-XU-AAXW-01,-3.2377674238705394
TCGA-55-7995-01,11.465918941687196
TCGA-BB-7870-01,7.548756192653625
TCGA-G4-6315-01,0.4184160683318535
TCGA-HC-7749-01,-1.2483718406133952
TCGA-CV-7435-01,0.3931472345569009
TCGA-DX-A2J1-01,-2.864860090519634
TCGA-NK-A7XE-01,-0.18098098112906594
TCGA-V1-A9OX-01,-2.6055275521398236
TCGA-FJ-A3Z7-01,3.4509774366096475
TCGA-LK-A4NW-01,-1.9748648088323886
TCGA-EW-A6SA-01,-2.6857732547124376
TCGA-AC-A8OQ-01,-0.5552895367891886
TCGA-HD-8634-01,-1.9191982085232855
TCGA-TM-A84J-01,-2.0337720669731567
TCGA-4A-A93Y-01,-2.3819985882570833
TCGA-AF-6136-01,1.2013857039990974
TCGA-UB-A7ME-01,-0.4484216009574616
TCGA-CM-4747-01,-0.4807372760350517
TCGA-56-5897-01,-0.5007960476898432
TCGA-CZ-4856-01,-2.0294244917307425
TCGA-A1-A0SO-01,2.176201851080799
TCGA-S7-A7WW-01,-3.2557302502868817
TCGA-R6-A8WG-01,1.7328209650776658
TCGA-BR-4191-01,1.8084410169019294
TCGA-43-A475-01,3.28559678776535
TCGA-FG-5962-01,-2.1222582938865444
TCGA-VD-AA8P-01,-3.226578757729176
TCGA-95-7043-01,17.09957352962712
TCGA-DY-A1DD-01,-0.6055083241719906
TCGA-NJ-A4YP-01,6.611207060956971
TCGA-77-A5G1-01,2.6778497165074557
TCGA-OR-A5LL-01,-2.4428887556158023
TCGA-T2-A6WX-01,0.06145293590287388
TCGA-X6-A7WB-01,-1.4997727833492778
TCGA-E2-A10B-01,-2.23723491961988
TCGA-97-A4M1-01,-0.15016153026483695
TCGA-D8-A1XA-01,-2.8364822125791385
TCGA-56-A4ZK-01,5.045897459389429
TCGA-L5-A43J-01,11.295022504404164
TCGA-78-7149-01,-0.7680227520013588
TCGA-QT-A5XM-01,-3.4561709218932606
TCGA-37-3789-01,2.803685810658111
TCGA-27-1831-01,-0.875798577825439
TCGA-BH-A0W4-01,-2.4441208541674135
TCGA-EJ-7314-01,-3.4561709218932606
TCGA-FX-A3RE-01,1.6208555334196404
TCGA-F6-A8O4-01,-2.7043548155618096
TCGA-BJ-A2P4-01,-2.952278206149027
TCGA-L5-A4OX-01,1.2666496870272566
TCGA-EK-A2RM-01,-2.5905604080345936
TCGA-28-1753-01,-0.006324815476739821
TCGA-DK-AA6L-01,5.968235358029553
TCGA-RD-A8N4-01,-3.2011862095536165
TCGA-B0-5084-01,-2.8182812612222863
TCGA-BP-4965-01,-1.4562234590842198
TCGA-EL-A3H2-01,-3.270459395219408
TCGA-S9-A7R1-01,-3.071922412361694
TCGA-D8-A1X5-01,-1.5864147557510948
TCGA-DG-A2KK-01,4.148161895162161
TCGA-YU-A912-01,-2.621577574055239
TCGA-66-2792-01,-0.9530809374341244
TCGA-12-5295-01,-0.22977904733279378
TCGA-P3-A6T5-01,0.5536719913444271
TCGA-HC-7231-01,-3.31599555265415
TCGA-SR-A6MP-01,-3.252690417291566
TCGA-EL-A3D4-01,-3.4561709218932606
TCGA-BT-A3PJ-01,5.26452240064785
TCGA-VP-AA1N-01,-1.9950512185342932
TCGA-85-7699-01,3.703530909655722
TCGA-KK-A6E8-01,-2.052167065946513
TCGA-RT-A6YC-01,-3.4561709218932606
TCGA-AZ-6606-01,-0.44635554758163926
TCGA-D8-A1XV-01,-3.4561709218932606
TCGA-D8-A13Y-01,-1.4125227952775934
TCGA-D7-A4YX-01,-1.1712329046244727
TCGA-E8-A419-01,-3.217149039978992
TCGA-CJ-6031-01,-1.6717086533863383
TCGA-B1-7332-01,-2.353934958513666
TCGA-FV-A4ZQ-01,-1.2658478460869511
TCGA-BH-A0B0-01,0.10349623792994735
TCGA-HC-7075-01,-3.2015209213532114
TCGA-TM-A84M-01,-2.250429053364097
TCGA-UT-A88C-01,-3.309612020176119
TCGA-QR-A70P-01,-2.529298531398981
TCGA-E2-A15P-01,-2.877528796851088
TCGA-D8-A1JN-01,0.7545660493612986
TCGA-MH-A55Z-01,-2.4556962739760526
TCGA-EP-A26S-01,-1.816722780015168
TCGA-MP-A4TC-01,5.636594484302324
TCGA-XU-A930-01,-3.101621616691709
TCGA-V5-A7RE-01,0.7809350841593677
TCGA-C5-A1MI-01,-1.8256047415639394
TCGA-HT-8107-01,-3.375569778333104
TCGA-CG-5734-01,-0.22859414092644742
TCGA-E9-A1RD-01,-2.910571520476316
TCGA-BQ-7046-01,-3.2622436570789617
TCGA-XU-AAXX-01,-3.4561709218932606
TCGA-K4-A5RH-01,-0.722129745539242
TCGA-P5-A5ET-01,-3.07804622923286
TCGA-IB-AAUM-01,-3.392304774113902
TCGA-AC-A2FG-01,-1.8608453734346617
TCGA-V1-A8WW-01,-2.3545857342299574
TCGA-3A-A9IL-01,-3.245106806283655
TCGA-W5-AA2U-01,-2.2969579940961573
TCGA-WB-A820-01,-2.754513943682359
TCGA-NC-A5HM-01,2.9569121778741643
TCGA-DJ-A3VD-01,-3.1022781497638494
TCGA-EM-A4FK-01,-3.2430394461189898
TCGA-60-2724-01,5.460232021699718
TCGA-DJ-A3V3-01,-3.4561709218932606
TCGA-2Y-A9H4-01,-1.6083851978325339
TCGA-BT-A0YX-01,5.731057444667911
TCGA-XF-A9SK-01,1.0968371091459117
TCGA-FF-A7CQ-01,-1.3863656926548353
TCGA-E2-A15R-01,-3.4561709218932606
TCGA-P3-A6SW-01,-0.9303388182954042
TCGA-DM-A285-01,3.6779080804649027
TCGA-85-7696-01,5.176723454218949
TCGA-2H-A9GI-01,3.655374143747419
TCGA-KK-A6E3-01,-1.7837141940165409
TCGA-UY-A9PH-01,1.7521433507702224
TCGA-AJ-A8CW-01,7.973931004687925
TCGA-CV-7429-01,-2.502378425709182
TCGA-DX-A7EO-01,-2.913914397154543
TCGA-BP-4974-01,-2.412385106773988
TCGA-CN-6994-01,-0.4356866602027356
TCGA-34-5928-01,5.662195179852926
TCGA-A2-A3KD-01,-3.4561709218932606
TCGA-UT-A88G-01,-2.843588144827404
TCGA-2G-AAGG-01,-2.8406781404679293
TCGA-A6-6142-01,-0.10146548932026159
TCGA-Y6-A9XI-01,-1.7631803997224262
TCGA-J8-A3NZ-01,-3.3869082808926256
TCGA-VQ-AA6J-01,1.4343197530340226
TCGA-Z6-A8JD-01,-1.3477318025832965
TCGA-P3-A6T6-01,-2.527982999118479
TCGA-CM-6171-01,13.644332639728425
TCGA-JW-A852-01,-0.3029912880702096
TCGA-KL-8335-01,-1.4948658241855661
TCGA-ZF-A9RC-01,12.630383688795664
TCGA-P5-A72W-01,-0.6144672284822442
TCGA-AJ-A3OJ-01,9.149858629772954
TCGA-M7-A71Z-01,-2.360281823432201
TCGA-KO-8415-01,-2.4960503183584573
TCGA-RW-A680-01,-2.4076492212871305
TCGA-E9-A1NG-01,-2.7034539901708263
TCGA-W5-AA2Q-01,-2.5848720058574917
TCGA-68-8250-01,6.320481647951954
TCGA-A3-3308-01,0.139677119519974
TCGA-AC-A6NO-01,-3.028908439677543
TCGA-66-2780-01,0.19338390615913162
TCGA-CG-4438-01,0.7420224153598909
TCGA-DD-AAVR-01,-2.6481460408108686
TCGA-97-A4M5-01,-0.7021820942950887
TCGA-99-8028-01,7.621170022231908
TCGA-A2-A0YD-01,-1.9954799850983467
TCGA-DE-A0Y2-01,-3.249655648537534
TCGA-BA-6869-01,12.02518066032511
TCGA-BR-4294-01,-2.2189033835386076
TCGA-CQ-5323-01,-2.3161556175996028
TCGA-EM-A4FO-01,-3.19713687297647
TCGA-BR-6458-01,4.612005982472303
TCGA-EJ-A7NK-01,-3.3490391181190593
TCGA-EM-A3OB-01,-3.2562832184390844
TCGA-C8-A12N-01,-2.4652893970467407
TCGA-Y8-A8S0-01,-2.9650471937379095
TCGA-B0-4827-01,-0.8093966607529686
TCGA-67-6217-01,2.6135830514703855
TCGA-XM-AAZ3-01,-3.019266206399652
TCGA-AF-A56L-01,0.34522023467537305
TCGA-HP-A5MZ-01,-2.1640682046966173
TCGA-X6-A7WA-01,-1.895291233945854
TCGA-A2-A25F-01,-3.4561709218932606
TCGA-DK-AA74-01,2.288772414866109
TCGA-LN-A4A5-01,-1.905508692467826
TCGA-EK-A2RA-01,0.36383243103510443
TCGA-S7-A7WO-01,-3.4561709218932606
TCGA-D8-A27E-01,-3.1227740102663484
TCGA-CV-5435-01,-0.5401020513729101
TCGA-CQ-5332-01,0.8342134761783189
TCGA-HU-A4H0-01,0.44388828476802533
TCGA-44-A47B-01,-2.191453781926051
TCGA-CH-5767-01,-1.1152270982236978
TCGA-DV-5568-01,-2.404246900040776
TCGA-CG-4469-01,6.964793786626029
TCGA-EL-A3N3-01,-2.5175565263297837
TCGA-EW-A1IZ-01,3.8574675501203677
TCGA-A6-2675-01,-1.3792974497313057
TCGA-WB-A81P-01,-3.090608504411202
TCGA-2Y-A9GX-01,-1.5580477771277232
TCGA-KL-8331-01,-2.7791417359320256
TCGA-EM-A1CW-01,-3.2587469006382483
TCGA-OR-A5K8-01,-2.0416689962826826
TCGA-VR-AA7D-01,-1.0447819012499293
TCGA-V4-A9EK-01,-2.4361701430510663
TCGA-DJ-A2PS-01,-3.3869082808926256
TCGA-18-3412-01,-0.8282571821562137
TCGA-66-2759-01,8.04353053953989
TCGA-DD-AADQ-01,-1.0184794404028872
TCGA-EK-A2RB-01,-0.44590344027174156
TCGA-AC-A3QQ-01,-0.9200850336313725
TCGA-BQ-5878-01,-0.0676564712947528
TCGA-XF-A9SX-01,-0.01722745299571721
TCGA-B1-A47O-01,-1.5759485277999494
TCGA-FG-A70Y-01,-2.9007213677655805
TCGA-E2-A15T-01,-2.4490643714727467
TCGA-F7-A622-01,-1.4183293327556408
TCGA-WB-A821-01,-3.1296170697215366
TCGA-D7-A4YT-01,1.5783664314745574
TCGA-EV-5901-01,-2.5552695772094087
TCGA-IN-A7NR-01,0.4834938840278681
TCGA-TM-A84R-01,-3.4561709218932606
TCGA-BH-A0BC-01,-2.4943293339973893
TCGA-HU-A4HD-01,3.662677580262225
TCGA-HW-A5KM-01,-2.71497038323555
TCGA-HT-7477-01,0.1387383473517145
TCGA-51-4079-01,5.955933093713126
TCGA-38-4628-01,-1.144444658028207
TCGA-G4-6298-01,-0.6781381247694459
TCGA-AR-A0TV-01,-1.8437910472872843
TCGA-22-1016-01,6.78977917750943
TCGA-CQ-A4CI-01,-0.6957435860976855
TCGA-EJ-5495-01,-0.7460385825413833
TCGA-OR-A5KW-01,-3.264698539018555
TCGA-05-4250-01,2.804420088042481
TCGA-CM-6163-01,0.08794876540552479
TCGA-XF-AAN1-01,-0.13217565337550857
TCGA-FG-A87Q-01,-0.8963519867799803
TCGA-E2-A154-01,-2.5722165757797457
TCGA-BP-4993-01,-1.9878598636737335
TCGA-85-A4CN-01,2.3871492831107264
TCGA-56-A5DS-01,2.279060648561511
TCGA-CG-5718-01,-1.3891314483218888
TCGA-BQ-5884-01,-2.2957446049921697
TCGA-FG-A70Z-01,-1.2199497597220441
TCGA-B0-5694-01,-2.1391932497773825
TCGA-C5-A1MJ-01,-0.8962543668523494
TCGA-CG-4474-01,-0.8726963843794566
TCGA-FG-A4MU-01,-1.682423718556236
TCGA-K1-A6RV-01,-2.0094284114084537
TCGA-EJ-7784-01,-1.702948978087802
TCGA-HC-8256-01,-3.02432090829629
TCGA-67-3774-01,-0.9085969582748339
TCGA-80-5608-01,1.7610291851521132
TCGA-CN-6021-01,4.712068708267643
TCGA-DB-A4XB-01,-2.315551084468418
TCGA-FD-A43X-01,3.050521547468035
TCGA-ED-A7XP-01,-1.1319515134757916
TCGA-C5-A1BE-01,-2.0057199572637217
TCGA-ZJ-AAXT-01,0.6997171451768276
TCGA-FP-7998-01,-1.0986618640922288
TCGA-K4-A3WS-01,2.324283765479576
TCGA-WY-A85D-01,-2.720473112599594
TCGA-IG-A4QS-01,3.3712467319928066
TCGA-FG-7641-01,-2.4629423888377953
TCGA-GM-A4E0-01,-3.326196904117899
TCGA-EL-A3CZ-01,-3.4561709218932606
TCGA-AO-A124-01,0.5858507170688728
TCGA-S3-A6ZF-01,-3.4561709218932606
TCGA-G2-AA3D-01,3.2616792915308874
TCGA-CH-5790-01,-3.4561709218932606
TCGA-OR-A5J9-01,-2.3535614854281226
TCGA-AM-5820-01,1.0667839910696508
TCGA-60-2707-01,-0.8387175840311397
TCGA-GU-AATQ-01,-0.0826229405201825
TCGA-X8-AAAR-01,0.6072913971501274
TCGA-05-4389-01,3.3886932478303913
TCGA-22-1012-01,2.6601232984537093
TCGA-B8-4154-01,-3.159158732733623
TCGA-N5-A4RU-01,-0.971363724003084
TCGA-AN-A0XO-01,-2.458943809913942
TCGA-2Y-A9GW-01,-0.9220809686314366
TCGA-BH-A0DQ-01,-2.246875775385931
TCGA-ZG-A8QX-01,-2.7233931202573247
TCGA-DD-A4NQ-01,-1.6611662983181728
TCGA-GD-A3OQ-01,-1.3286996784548901
TCGA-KK-A8IB-01,-0.9555914390780283
TCGA-SI-AA8C-01,-2.9581647485457956
TCGA-IA-A83V-01,-2.3904991172927765
TCGA-IB-7886-01,-1.2400971916389238
TCGA-QR-A7IP-01,-3.4561709218932606
TCGA-BR-8679-01,1.5849445811433942
TCGA-A2-A4S3-01,-2.291592893986031
TCGA-AX-A2HH-01,-2.4723677685394043
TCGA-R6-A6DQ-01,-0.02451120648050774
TCGA-LP-A7HU-01,-0.45934846963311315
TCGA-OR-A5L8-01,-3.1731977549854276
TCGA-HC-8259-01,-2.930027983080214
TCGA-AJ-A3IA-01,1.671331765439476
TCGA-N8-A4PM-01,-1.0992493531543859
TCGA-J4-A83L-01,-2.9524298235594397
TCGA-OR-A5J6-01,-3.2686087891820335
TCGA-DU-5872-01,-2.2743431351128462
TCGA-G9-6354-01,-2.4340398850974365
TCGA-KB-A6F7-01,-1.307221283739685
TCGA-H9-A6BX-01,-3.0005544945110514
TCGA-KK-A8I6-01,-1.3585425140089535
TCGA-XJ-A83F-01,-1.175827946399174
TCGA-A2-A0ST-01,-1.797211404901651
TCGA-DX-A8BL-01,-2.581774553259582
TCGA-E9-A1RE-01,-1.3991360666261907
TCGA-IZ-A6M8-01,-1.8200399465090664
TCGA-A6-6654-01,0.48836530889030094
TCGA-C9-A480-01,-1.93573353877838
TCGA-RS-A6TO-01,1.3861055885264089
TCGA-VQ-A925-01,1.7958438819492246
TCGA-FG-6689-01,-2.7361261404355925
TCGA-A2-A25A-01,-2.4984588499741123
TCGA-CH-5794-01,-3.4561709218932606
TCGA-IB-A6UF-01,-2.4619649467979756
TCGA-CK-5912-01,-0.4328924683586076
TCGA-DK-A3WW-01,14.237537300050919
TCGA-DB-5277-01,-2.391553744903963
TCGA-2H-A9GQ-01,0.3140771258569693
TCGA-DX-A3UC-01,-2.5923566372289213
TCGA-C8-A1HK-01,-1.5781774748779918
TCGA-GL-A59R-01,-0.5302647853752704
TCGA-75-6203-01,-1.3894012459233123
TCGA-EL-A3MX-01,-2.5563045760937495
TCGA-63-A5MG-01,1.043011978508252
TCGA-G9-7525-01,-2.781254989365282
TCGA-77-8133-01,6.940959561571897
TCGA-2G-AAGK-01,-1.9570322799537998
TCGA-SC-A6LM-01,-2.1482554543939614
TCGA-28-5204-01,-2.958518423291251
TCGA-43-7657-01,-0.42189772695074
TCGA-IC-A6RE-01,10.024111993916721
TCGA-6D-AA2E-01,-3.173805999517559
TCGA-KK-A7B0-01,-2.8428668729758995
TCGA-CR-7402-01,17.747684052916195
TCGA-39-5035-01,1.229358180128087
TCGA-EM-A3O3-01,-3.0694373504405075
TCGA-HT-A615-01,-2.7870616461060247
TCGA-DX-AB30-01,-2.6844847887214343
TCGA-EL-A3GV-01,-2.8876188534141005
TCGA-94-A4VJ-01,7.345120358056702
TCGA-RC-A6M3-01,-1.9113350632112958
TCGA-HU-A4H8-01,15.138161969699269
TCGA-DV-5567-01,-3.2810824267429317
TCGA-E3-A3E5-01,-3.3869082808926256
TCGA-CM-5349-01,0.5748822852235149
TCGA-2J-AAB6-01,-0.8468220273032233
TCGA-DU-7301-01,-2.6088677476749247
TCGA-AR-A0TR-01,-3.032582995803998
TCGA-DJ-A1QL-01,-2.600883130458114
TCGA-P4-A5EA-01,-1.7591669509916508
TCGA-2W-A8YY-01,82.55388228420622
TCGA-CN-A63T-01,5.0421556222947945
TCGA-OY-A56P-01,-2.6643457429119595
TCGA-21-A5DI-01,0.8389106423965648
TCGA-G3-A25S-01,-0.4446343954054421
TCGA-P5-A5EW-01,-2.9007213677655805
TCGA-85-6175-01,-2.479007027109413
TCGA-CV-7247-01,-1.258110380324247
TCGA-PQ-A6FI-01,1.1565447497653762
TCGA-EA-A411-01,-3.102527069208264
TCGA-AC-A2B8-01,-0.356349413608219
TCGA-B0-5080-01,-2.3227952233879146
TCGA-BB-4228-01,-3.330011197556849
TCGA-06-2569-01,-2.511499875783256
TCGA-KM-8439-01,-3.0901299583377133
TCGA-C5-A1MN-01,0.7549544941417865
TCGA-KC-A4BR-01,-2.9371460539803906
TCGA-DJ-A3VF-01,-3.3869082808926256
TCGA-H6-8124-01,-2.493296428768429
TCGA-5P-A9K3-01,-0.0666646159025611
TCGA-2G-AAM3-01,-3.055575160657009
TCGA-CV-5979-01,-2.021441629799768
TCGA-YL-A9WL-01,-2.9029030207321727
TCGA-55-6981-01,-3.173988562682952
TCGA-55-7903-01,-0.7214615533592227
TCGA-HT-A5RB-01,-2.6748364617091207
TCGA-HZ-A8P0-01,-2.712102898326614
TCGA-HC-8266-01,-2.8222633702722644
TCGA-BA-A4IH-01,-2.754500055025518
TCGA-62-8394-01,-1.5577989532585392
TCGA-DM-A28A-01,0.16553994351583137
TCGA-US-A77G-01,-2.6497146608246025
TCGA-EL-A3CV-01,-3.21359632549613
TCGA-49-4488-01,6.89538372472992
TCGA-63-A5ML-01,5.02973688702613
TCGA-TS-A7P8-01,-0.8498734049530928
TCGA-ZL-A9V6-01,-3.237751205678114
TCGA-22-5477-01,2.2049786968933383
TCGA-A3-3313-01,-0.4627594649777865
TCGA-ED-A4XI-01,0.39601538520757285
TCGA-78-7537-01,-0.6761638662540873
TCGA-BL-A5ZZ-01,0.3082504306012152
TCGA-EL-A3T2-01,-2.98959312971432
TCGA-98-A53H-01,-0.9594578496698208
TCGA-C5-A2M2-01,-2.259995907839625
TCGA-DD-AAW3-01,-1.1087994866903375
TCGA-E2-A1LG-01,0.5430099032838279
TCGA-N6-A4VD-01,-1.914257986257223
TCGA-E7-A5KE-01,0.9044295677546329
TCGA-B8-4143-01,-1.1715785440829698
TCGA-CV-7243-01,-0.9801121492683248
TCGA-58-A46M-01,5.840054718402144
TCGA-FY-A3BL-01,-3.217149039978992
TCGA-80-5611-01,2.6232407544239718
TCGA-55-6972-01,3.3287377275865886
TCGA-XK-AAIW-01,58.045714941074486
TCGA-FD-A3SQ-01,-0.6702092911428652
TCGA-CG-4465-01,6.038269650613958
TCGA-63-A5MH-01,2.667624632385802
TCGA-DW-7837-01,-3.054877630909198
TCGA-E1-A7YN-01,-0.9469432057353288
TCGA-D6-A6EP-01,-1.2745496396235911
TCGA-A7-A6VW-01,-2.0962420652897396
TCGA-CQ-A4CE-01,-1.721960116887919
TCGA-EL-A3CU-01,-1.7599568481899694
TCGA-CJ-5684-01,-2.1058311185549314
TCGA-KH-A6WC-01,-2.8468613461371226
TCGA-60-2704-01,2.7610862957360855
TCGA-MQ-A4KX-01,-3.4561709218932606
TCGA-IB-AAUS-01,-3.249655648537534
TCGA-OR-A5JJ-01,-2.2793544487649258
TCGA-KK-A8I9-01,-3.1707973409290413
TCGA-YL-A9WH-01,-0.7172960963193294
TCGA-97-7941-01,-1.8482788168052506
TCGA-LN-A5U7-01,-0.7156718963720587
TCGA-BD-A3ER-01,-0.7366300199986457
TCGA-EM-A22O-01,-2.6428286384627997
TCGA-CJ-5671-01,-1.4337456657520025
TCGA-3U-A98J-01,-2.7283630605229683
TCGA-WB-A81A-01,-2.88841974273576
TCGA-E2-A1LK-01,-1.797211404901651
TCGA-EK-A2PK-01,-2.775002495256211
TCGA-91-6840-01,0.35519710839419705
TCGA-EA-A410-01,15.623839467064306
TCGA-DD-AAVY-01,-0.9255027112705791
TCGA-V1-A9ZI-01,-1.980329795442153
TCGA-EI-6507-01,11.671509781777601
TCGA-HC-7819-01,-2.506018916964343
TCGA-ET-A39S-01,-3.2079531892091535
TCGA-EJ-7330-01,-3.1596139537968613
TCGA-CE-A482-01,-3.249637600740594
TCGA-VS-A952-01,0.19875954944096397
TCGA-EK-A2IP-01,-0.8011335399524758
TCGA-VN-A88R-01,-2.929432316963008
TCGA-CV-7407-01,0.5395009867645969
TCGA-CV-7248-01,7.277051460763994
TCGA-B6-A0RT-01,-2.379160804306367
TCGA-DK-A1AG-01,-1.0860530127423984
TCGA-D7-6528-01,7.457138058516577
TCGA-SC-AA5Z-01,-3.040127156520931
TCGA-C8-A3M7-01,-0.43785695626221033
TCGA-KO-8409-01,-3.4561709218932606
TCGA-X6-A8C2-01,-2.1116116888458674
TCGA-2Y-A9H6-01,-2.424867932707504
TCGA-27-1830-01,-0.21832312166835302
TCGA-R6-A6Y2-01,-0.36028437992159584
TCGA-X4-A8KQ-01,-1.892319009957094
TCGA-QH-A6XC-01,-1.7718734790712105
TCGA-52-7811-01,3.552742430747995
TCGA-69-7978-01,11.55873235450663
TCGA-50-5930-01,16.82218908993177
TCGA-CV-7252-01,0.440303713235332
TCGA-WB-A815-01,-2.92095521118515
TCGA-D8-A1Y3-01,-2.613661598699193
TCGA-CQ-7063-01,1.368540275008337
TCGA-EK-A2PG-01,4.358064506649732
TCGA-QQ-A5V9-01,-1.2217658883640037
TCGA-06-2559-01,-1.4210216230942714
TCGA-BJ-A0YZ-01,-2.946512378173021
TCGA-S9-A6WN-01,-0.6360774358670834
TCGA-93-8067-01,6.609850760543123
TCGA-06-0139-01,-3.4561709218932606
TCGA-E3-A3E1-01,-2.129165451664274
TCGA-CV-7101-01,1.4746870045017997
TCGA-AG-3592-01,5.354894853451915
TCGA-FU-A3YQ-01,-2.0256668312525226
TCGA-AX-A3G7-01,-2.257008919112
TCGA-BA-A4IG-01,-0.718208578263327
TCGA-FV-A2QR-01,-1.443555327582347
TCGA-D8-A73W-01,-1.609945016466792
TCGA-DB-A64L-01,-1.3995975816835742
TCGA-G5-6641-01,-0.4716039332132428
TCGA-E9-A245-01,-2.8488999389903427
TCGA-J4-A83J-01,-1.9918735386723425
TCGA-TM-A84I-01,-2.037230984849375
TCGA-CR-7377-01,-1.1528550413366532
TCGA-EY-A1GO-01,2.3416301670929855
TCGA-34-2596-01,2.68516345348992
TCGA-B6-A0X0-01,-2.8226446500382956
TCGA-DK-A3IT-01,2.204746663830451
TCGA-3P-A9WA-01,-1.7469750812584086
TCGA-A4-8515-01,-2.5323699440159717
TCGA-CR-6473-01,-0.4321534399336522
TCGA-EM-A2OV-01,-2.654311398072527
TCGA-M9-A5M8-01,-0.9509262784120162
TCGA-LK-A4O7-01,-3.093894683080699
TCGA-EI-6508-01,1.3228762846954927
TCGA-KC-A7FA-01,-1.6295804805911442
TCGA-FP-A8CX-01,0.04082857798254303
TCGA-EM-A1YC-01,-2.959870923566227
TCGA-2J-AAB1-01,-2.6312976763506315
TCGA-YL-A8SJ-01,-1.8549498401667197
TCGA-FY-A2QD-01,-3.4561709218932606
TCGA-EJ-A6RA-01,-2.9371460539803906
TCGA-EJ-5530-01,-1.0249190784787368
TCGA-XF-AAMR-01,-2.164020173258541
TCGA-PG-A914-01,0.3679003737093101
TCGA-WS-AB45-01,28.642609279266082
TCGA-QH-A6CZ-01,-2.5583315926016157
TCGA-BA-5556-01,-0.5603583375927856
TCGA-P4-A5E6-01,-3.082253180673981
TCGA-WY-A858-01,-1.5438486251449357
TCGA-VM-A8CB-01,-3.1649943347637555
TCGA-2Z-A9JS-01,-1.4212079201085643
TCGA-85-A5B5-01,7.0803736251494405
TCGA-CV-A6JE-01,-0.16973060569489554
TCGA-IB-7897-01,-3.4561709218932606
TCGA-Z4-A8JB-01,-2.659275129255925
TCGA-SI-A71P-01,-3.1233768204517096
TCGA-IG-A3YC-01,-2.8676278168025715
TCGA-CZ-4863-01,-1.534820599078161
TCGA-2G-AAFH-01,-1.8170883551099912
TCGA-E9-A1R0-01,-3.0955202312591927
TCGA-FK-A3SH-01,-3.012447386401737
TCGA-CM-6677-01,-0.8203636359332047
TCGA-VS-A959-01,1.793465023596426
TCGA-HQ-A5NE-01,4.134784488879359
TCGA-22-1011-01,-1.4207272960385988
TCGA-EK-A2R7-01,-0.7563953217715305
TCGA-ZC-AAAH-01,-3.299222287424232
TCGA-B6-A0RO-01,-2.3789372826391006
TCGA-E9-A1NA-01,-0.9890584576627427
TCGA-W2-A7H5-01,-3.173508896085222
TCGA-CQ-6220-01,0.5214778101298343
TCGA-CN-4729-01,0.45043186202999946
TCGA-BH-A0DZ-01,1.757849669778085
TCGA-QK-A8ZB-01,1.9618855809059979
TCGA-AD-6548-01,1.5210001128569788
TCGA-CN-5355-01,-0.06383886282345905
TCGA-OR-A5LJ-01,1.9786817452710095
TCGA-MH-A857-01,-3.0899757344602232
TCGA-AN-A0XP-01,-2.714693316305725
TCGA-ZH-A8Y2-01,-1.196768505057869
TCGA-EW-A6S9-01,-2.2982499555436045
TCGA-ZF-AA52-01,-0.3424972807820222
TCGA-E7-A541-01,7.834122268547942
TCGA-ED-A66X-01,-2.465049080803941
TCGA-QR-A6GZ-01,-3.4561709218932606
TCGA-2G-AAGS-01,-3.355989617252487
TCGA-27-2526-01,-1.002341393153848
TCGA-H7-A6C4-01,-2.1108755734348508
TCGA-AQ-A54O-01,-2.704132363126466
TCGA-CQ-6218-01,-0.7548376385012758
TCGA-FK-A3SD-01,-3.2697293376686374
TCGA-E8-A436-01,-2.980095642991895
TCGA-EJ-8470-01,-3.018740590356347
TCGA-S7-A7X2-01,-3.2042045239835084
TCGA-BB-A5HZ-01,-2.116164638764424
TCGA-UY-A8OB-01,3.709282162998433
TCGA-VM-A8CF-01,-2.4131571139894032
TCGA-HU-A4H4-01,9.380059312284052
TCGA-CN-4737-01,-0.6693412531426044
TCGA-OR-A5JM-01,-2.9573239695701727
TCGA-BR-6709-01,-0.42199626544064767
TCGA-BR-8058-01,-2.924822285688833
TCGA-06-5856-01,-2.604304763035055
TCGA-85-6798-01,5.599339950446414
TCGA-EM-A3AJ-01,-3.4561709218932606
TCGA-EJ-5510-01,-3.2581591455922676
TCGA-JW-A5VJ-01,-0.4267775335959676
TCGA-XF-AAN5-01,1.9808527704985002
TCGA-A5-A1OH-01,0.12102558619570387
TCGA-HT-7608-01,-3.0606798796297943
TCGA-E7-A97P-01,-0.8425234120292965
TCGA-RW-A7CZ-01,-3.4561709218932606
TCGA-BH-A0WA-01,-1.448533937868533
TCGA-EL-A3ZO-01,-1.6524244522733174
TCGA-DD-AACH-01,1.02328839314032
TCGA-D5-6926-01,1.0227798988560102
TCGA-C5-A7UH-01,2.1314942463703725
TCGA-2V-A95S-01,-0.5094644969239015
TCGA-WB-A81I-01,-3.260744468310318
TCGA-44-A479-01,7.042303636998012
TCGA-55-8087-01,-1.9294482101473955
TCGA-CE-A481-01,-3.223791104095672
TCGA-BH-AB28-01,-3.4561709218932606
TCGA-NA-A4QW-01,-1.9045194114486306
TCGA-86-6562-01,-2.0400749948915893
TCGA-05-4425-01,-1.3923089370774846
TCGA-E2-A15A-01,-0.6492841080676038
TCGA-RW-A67Y-01,-3.0842837999892216
TCGA-GC-A3RD-01,-1.54217160574299
TCGA-EM-A3O8-01,-3.3869082808926256
TCGA-EJ-5526-01,-2.621901590029556
TCGA-NK-A5D1-01,-1.9137621385618044
TCGA-CS-4938-01,-2.9007213677655805
TCGA-PK-A5HB-01,14.576140520827103
TCGA-DJ-A3UR-01,-3.009063159842258
TCGA-E9-A2JT-01,-2.812908692794924
TCGA-BG-A0MK-01,-1.720828935483838
TCGA-3B-A9HP-01,-1.455440386959062
TCGA-MP-A4SW-01,-0.7589270490395639
TCGA-L5-A4OG-01,5.161486492040808
TCGA-HZ-8317-01,-3.4561709218932606
TCGA-BJ-A4O8-01,-3.3869082808926256
TCGA-A4-7915-01,-2.5280856895638224
TCGA-90-A59Q-01,1.9816613730540245
TCGA-E7-A7XN-01,11.095800190508134
TCGA-QH-A6X5-01,-3.1848581827530835
TCGA-66-2783-01,4.926408344705863
TCGA-IF-A4AJ-01,-1.8217593822534106
TCGA-HC-7748-01,-3.0363825800516286
TCGA-E2-A1L6-01,-2.742312095043998
TCGA-DX-A8BH-01,-0.7625761419018083
TCGA-EY-A1GL-01,-3.0215239713035587
TCGA-CV-5443-01,-1.8118342982157236
TCGA-OR-A5JF-01,-2.308037993756315
TCGA-DU-8166-01,-2.001976740526458
TCGA-KC-A7FE-01,-3.4561709218932606
TCGA-55-8512-01,-1.482915444703908
TCGA-HT-8018-01,-2.9007213677655805
TCGA-CQ-6229-01,-2.9739029945768847
TCGA-ZB-A96K-01,-2.7926292137442372
TCGA-67-3770-01,4.786429410455465
TCGA-HE-A5NH-01,-2.538745477477892
TCGA-CR-6484-01,0.853953106820643
TCGA-DU-7292-01,-3.014315934514314
TCGA-SX-A7SN-01,-2.2732529363093934
TCGA-XE-AAOF-01,-3.031180062789385
TCGA-CN-6018-01,-1.6264379833440543
TCGA-AZ-4616-01,-1.2389291313546371
TCGA-D8-A73X-01,-2.2915053545638675
TCGA-GV-A3JX-01,3.530104953136856
TCGA-50-6592-01,2.968214786215175
TCGA-BJ-A28V-01,-2.9790725434393535
TCGA-MX-A663-01,0.07068312582971471
TCGA-S9-A6TU-01,-1.7969753737372298
TCGA-55-6975-01,0.43667326103881193
TCGA-B0-4818-01,-1.3404408821913387
TCGA-DB-A75P-01,-3.1065246574561596
TCGA-NC-A5HP-01,7.756488881781848
TCGA-EJ-A8FU-01,-3.0747951010849195
TCGA-S2-AA1A-01,-1.0133641666623938
TCGA-RW-A68B-01,-3.4561709218932606
TCGA-KO-8405-01,-3.4561709218932606
TCGA-55-8511-01,11.222332731135106
TCGA-06-5418-01,-2.4310896989848247
TCGA-FY-A3TY-01,-3.2277657912087423
TCGA-FG-6691-01,-2.9007213677655805
TCGA-A7-A2KD-01,-2.234335377305042
TCGA-BA-A6DI-01,-0.04149901593972687
TCGA-DD-A1EE-01,9.172691350852665
TCGA-77-A5GH-01,4.322410975088248
TCGA-KK-A8IF-01,-2.147720254933435
TCGA-4Z-AA83-01,-0.6322813722371291
TCGA-18-5592-01,6.169994822106668
TCGA-34-8454-01,10.717466023270347
TCGA-3E-AAAZ-01,-2.60784018889871
TCGA-BP-4163-01,-2.8245205091573875
TCGA-CV-6951-01,-0.7583988615537255
TCGA-AR-A252-01,-3.084205792995158
TCGA-CJ-4920-01,-0.0669756590203509
TCGA-XU-A932-01,-3.4561709218932606
TCGA-05-4434-01,-2.7773233423955412
TCGA-EL-A3H8-01,-2.4096381748001625
TCGA-E8-A414-01,-2.8464157434796276
TCGA-ZF-AA5N-01,-1.0535751256813963
TCGA-63-7021-01,2.728930850588439
TCGA-85-7698-01,3.1509438314827913
TCGA-MA-AA3Z-01,-0.8483355979594329
TCGA-SO-A8JP-01,-3.280973349916739
TCGA-B0-4821-01,-2.2721720394935456
TCGA-AR-A24L-01,-2.675813082655786
TCGA-HC-7081-01,-3.0093972330687317
TCGA-D7-8576-01,-1.8160409401922202
TCGA-BR-8368-01,10.634906731316518
TCGA-H4-A2HQ-01,7.190299826021666
TCGA-EJ-AB20-01,-3.4561709218932606
TCGA-HU-8243-01,-1.0011717048786781
TCGA-G2-A2EF-01,5.281820050055511
TCGA-96-A4JK-01,8.198022417301827
TCGA-HC-7736-01,-3.254427626434573
TCGA-55-8092-01,11.976835058758247
TCGA-CR-7383-01,0.3808638831844532
TCGA-AK-3427-01,-3.0048532483294523
TCGA-4V-A9QS-01,-3.262502107063391
TCGA-GE-A2C6-01,-3.3869082808926256
TCGA-66-2794-01,0.8637901942967853
TCGA-AN-A0XR-01,-3.1187239698066
TCGA-EL-A4KI-01,-1.9096574670502826
TCGA-RW-A68F-01,-3.4561709218932606
TCGA-BH-A18V-01,1.2975885663637543
TCGA-D5-6898-01,-0.61650042368487
TCGA-YT-A95H-01,-3.4561709218932606
TCGA-J9-A8CK-01,-1.944558303102242
TCGA-56-7222-01,9.480787060344662
TCGA-B6-A0WY-01,-1.796467089854971
TCGA-L9-A50W-01,-1.2430659705154086
TCGA-EW-A423-01,-1.0666366726048797
TCGA-A6-2685-01,-2.034533712612168
TCGA-FE-A23A-01,-3.3869082808926256
TCGA-22-5482-01,1.0727412160220247
TCGA-DD-AACW-01,-1.670923508991263
TCGA-66-2800-01,1.6834245624750799
TCGA-44-7661-01,6.193247246807858
TCGA-MH-A55W-01,-1.285414866944243
TCGA-DX-A7EM-01,-1.2290835427201463
TCGA-CN-6013-01,2.9879414746614517
TCGA-BB-A5HY-01,4.058453097884936
TCGA-CE-A485-01,-3.4561709218932606
TCGA-VQ-A8P3-01,5.7364664167864206
TCGA-VR-A8EW-01,-0.9781046082903747
TCGA-LN-A9FO-01,0.016571942188340013
TCGA-DU-6399-01,-1.1887587645586188
TCGA-C8-A12X-01,-2.818107992972772
TCGA-XU-A936-01,-3.0382195885131464
TCGA-KN-8432-01,-3.4561709218932606
TCGA-V1-A8WN-01,-3.280111110596719
TCGA-SG-A6Z7-01,-1.9507617752394362
TCGA-E9-A5UO-01,-2.0688682320731617
TCGA-DJ-A3VJ-01,-3.1598766708071104
TCGA-37-3792-01,16.548561279489736
TCGA-F2-A8YN-01,-1.4460131671806757
TCGA-BH-A18U-01,-1.486803602439901
TCGA-EM-A4FR-01,-3.2835480052665043
TCGA-BH-A0C0-01,-2.5128700147179
TCGA-DC-6681-01,-2.5906417746861137
TCGA-KO-8417-01,-2.754513943682359
TCGA-E9-A22D-01,-2.645942606468749
TCGA-E2-A15F-01,-3.2721785942254478
TCGA-S9-A7IQ-01,-3.2955607633602235
TCGA-77-A5GB-01,0.5907553122083947
TCGA-SQ-A6I6-01,-3.2587469006382483
TCGA-B0-5110-01,-2.0185829795007697
TCGA-DM-A1HA-01,0.9687596888259489
TCGA-UY-A9PF-01,2.9804405781312946
TCGA-A5-A2K4-01,-2.5495075921057913
TCGA-BP-4986-01,-2.449563044809558
TCGA-AJ-A2QM-01,-0.2322609758754797
TCGA-AJ-A3BD-01,-2.046016291104659
TCGA-60-2712-01,-0.27560143744485277
TCGA-4V-A9QW-01,-3.4561709218932606
TCGA-77-6842-01,7.509353816897034
TCGA-A3-3358-01,-0.6689048303697023
TCGA-D8-A27L-01,-2.600163260717506
TCGA-05-4426-01,-2.1664252933930372
TCGA-BR-7957-01,-2.4679149418407094
TCGA-05-4390-01,8.039291807300456
TCGA-CG-4444-01,4.64272266353816
TCGA-KD-A5QU-01,-2.9390367044317314
TCGA-KO-8413-01,-2.6956814849145934
TCGA-E6-A2P9-01,11.482308185857956
TCGA-64-5815-01,1.3962806735423767
TCGA-69-7761-01,-1.5255561358887464
TCGA-XJ-A9DQ-01,-3.2562832184390844
TCGA-VQ-A94R-01,4.783922964170929
TCGA-HD-7831-01,-2.4339436924785254
TCGA-C8-A12O-01,-1.8309477268938503
TCGA-SC-A6LN-01,-3.1583042469258036
TCGA-ND-A4WF-01,-1.7466007751931554
TCGA-33-4532-01,5.921825679563422
TCGA-13-1505-01,-1.3981281360283782
TCGA-XE-AAO4-01,-2.961468645190187
TCGA-S7-A7WM-01,-2.6426861298912376
TCGA-DX-A7EI-01,-1.9853043635178569
TCGA-85-A511-01,1.9366576860511149
TCGA-BA-4074-01,0.5263596331005352
TCGA-EJ-A7NJ-01,-3.1586855308149544
TCGA-EJ-A65E-01,-2.861191780838335
TCGA-QQ-A8VB-01,-2.346861414344633
TCGA-F7-8489-01,-0.388312096476029
TCGA-VQ-AA64-01,2.369408335458052
TCGA-DM-A280-01,3.1665241837218567
TCGA-D8-A1XG-01,-3.072168972082575
TCGA-AA-3713-01,12.259286561384869
TCGA-55-8301-01,3.378574364636659
TCGA-4V-A9QX-01,-3.2882605419131656
TCGA-06-5414-01,-3.1117929061254324
TCGA-S9-A6WI-01,-3.0959054319688555
TCGA-DD-AACC-01,-1.5702594148153681
TCGA-UZ-A9Q1-01,-2.624769551209863
TCGA-C8-A8HQ-01,2.1973505238497713
TCGA-DB-A64S-01,-2.7474282511331243
TCGA-WB-A81Q-01,-2.5274466364270474
TCGA-CV-5434-01,-0.4620959683010889
TCGA-44-A4SU-01,1.9615246063444893
TCGA-VS-A9UR-01,-0.39952657421737076
TCGA-E2-A15M-01,-0.8635401356231512
TCGA-CQ-6223-01,-0.03818298076943191
TCGA-CW-6090-01,-2.1948155322472642
TCGA-FG-6692-01,-1.9721981015722279
TCGA-V4-A9EF-01,-3.4561709218932606
TCGA-EV-5903-01,-2.3957723083687337
TCGA-DZ-6131-01,-2.9678864672296807
TCGA-D7-6818-01,3.5981811068848093
TCGA-OR-A5K9-01,-0.2104846798370362
TCGA-D7-A4YY-01,5.677043482241893
TCGA-A4-A5Y0-01,-2.3428319574050622
TCGA-HW-7489-01,-2.406208571096602
TCGA-R8-A6YH-01,-2.9007213677655805
TCGA-FY-A3R6-01,-3.4561709218932606
TCGA-EJ-7785-01,-3.2228775095930193
TCGA-HI-7170-01,-2.9649631385776978
TCGA-EK-A3GN-01,-0.6985476555277624
TCGA-ZM-AA0F-01,-3.4561709218932606
TCGA-HT-A618-01,-2.1151042417161148
TCGA-69-7765-01,11.251208261091142
TCGA-DD-A1EF-01,0.5355603884117016
TCGA-OR-A5LM-01,-2.857640383498934
TCGA-VD-A8KD-01,-3.4561709218932606
TCGA-CV-6938-01,2.829544685276716
TCGA-WB-A81E-01,-3.4561709218932606
TCGA-26-5134-01,-2.345160803094562
TCGA-OR-A5KZ-01,-2.574012295279984
TCGA-DD-A73A-01,-0.7645356393047036
TCGA-56-8629-01,2.9066335547860804
TCGA-A3-A8OW-01,-2.625152174619612
TCGA-DJ-A2PN-01,-3.1877312172907675
TCGA-V4-A9F5-01,-2.9845708365688055
TCGA-B0-5696-01,-2.5531696044295025
TCGA-05-4433-01,-2.506610447197168
TCGA-SA-A6C2-01,-3.4561709218932606
TCGA-EL-A3GU-01,-3.3869082808926256
TCGA-DS-A3LQ-01,-0.8824877504000572
TCGA-XF-A9SU-01,-2.1369454394936693
TCGA-55-8508-01,2.8378626618386997
TCGA-DK-A3WY-01,-3.2150494817962145
TCGA-IQ-A61E-01,0.8923267316251172
TCGA-H6-A45N-01,-2.6360936919091467
TCGA-F2-A44G-01,-2.656308483932763
TCGA-G9-7523-01,-3.257910862427033
TCGA-QH-A65S-01,-2.695376289347082
TCGA-V4-A9EM-01,-3.1401398663098674
TCGA-5N-A9KM-01,1.7230102650343984
TCGA-A2-A0CW-01,-0.9186331071618938
TCGA-QK-A6VB-01,5.609406343181371
TCGA-TK-A8OK-01,-2.006639476500597
TCGA-CN-A499-01,-2.1455065332396064
TCGA-EJ-7325-01,-2.6940641443692774
TCGA-D8-A1XS-01,-3.08243249450796
TCGA-AA-3502-01,1.8108765406241056
TCGA-HC-8257-01,-1.4344187335148024
TCGA-O9-A75Z-01,-3.262502107063391
TCGA-L5-A4OJ-01,3.8461213417356506
TCGA-DK-AA6T-01,-2.260166266684072
TCGA-HU-A4HB-01,-3.265126208193244
TCGA-FC-A4JI-01,-2.8357577612710863
TCGA-WK-A8XO-01,-1.9658215533464383
TCGA-50-5044-01,-0.18926245862033514
TCGA-BH-A18Q-01,-1.8593214139306937
TCGA-RW-A685-01,-3.2587469006382483
TCGA-AO-A12B-01,-2.998451520544899
TCGA-BR-A4CS-01,1.3050967729580758
TCGA-DU-7019-01,-2.0029696708602542
TCGA-FF-8042-01,2.0023683249945132
TCGA-A3-3367-01,-2.392413012847607
TCGA-76-4925-01,-2.271994371717776
TCGA-ZJ-AAXU-01,3.9982620459547205
TCGA-05-4384-01,0.2975963746537538
TCGA-DU-A7TJ-01,-3.090452928030995
TCGA-E5-A4TZ-01,6.691030050756293
TCGA-2H-A9GL-01,4.418512182158852
TCGA-DJ-A3UM-01,-3.3869082808926256
TCGA-FD-A43N-01,2.0912625759930856
TCGA-O1-A52J-01,1.0664037212536261
TCGA-TM-A84H-01,-0.6741473895664503
TCGA-DI-A1BU-01,70.53471479640469
TCGA-CR-6472-01,2.2653740669024116
TCGA-VS-A9UY-01,-2.5553187971973745
TCGA-N8-A4PP-01,-1.5411581438486908
TCGA-78-7220-01,16.43129523824248
TCGA-05-4422-01,-2.942927850961125
TCGA-B0-5692-01,-2.253691021833934
TCGA-A7-A26F-01,-2.7398428454611663
TCGA-IN-A6RR-01,1.6429925734491952
TCGA-AO-A12F-01,-2.4824995373370355
TCGA-MQ-A4LI-01,-1.3946913368656935
TCGA-DX-A3U9-01,-0.7276629452198666
TCGA-DD-A114-01,0.42138643601440057
TCGA-CK-5913-01,9.13210175612992
TCGA-X7-A8D9-01,-3.1036072837346755
TCGA-28-2510-01,-2.1127023058919376
TCGA-EW-A1P6-01,-3.2882605419131656
TCGA-S9-A7R8-01,-2.6757863600670495
TCGA-GM-A2DF-01,-2.64126029313932
TCGA-CR-7373-01,-1.1781112619685306
TCGA-KP-A3W4-01,-2.1266109724060938
TCGA-BJ-A45E-01,-3.4561709218932606
TCGA-HI-7169-01,-1.5450608943902802
TCGA-CH-5753-01,-0.34940372670427805
TCGA-BR-8080-01,3.5907981193827188
TCGA-F7-A620-01,-1.8309262823566799
TCGA-5N-A9KI-01,-0.25109705353306006
TCGA-AC-A2FF-01,-2.5981602184651034
TCGA-ZJ-AAXA-01,-1.7193682802328003
TCGA-4X-A9FC-01,-2.5513457588675506
TCGA-4N-A93T-01,-0.6717288515735037
TCGA-W5-AA30-01,-0.8564162120728703
TCGA-FY-A3R9-01,-2.886624319524581
TCGA-BH-A18J-01,-1.010965551255204
TCGA-2K-A9WE-01,-2.409129246932089
TCGA-H2-A421-01,-2.2166303180843734
TCGA-YZ-A980-01,-3.4561709218932606
TCGA-KN-8423-01,-2.081081186335321
TCGA-DJ-A3UZ-01,-3.4561709218932606
TCGA-L5-A4OF-01,-1.1905211697341263
TCGA-EK-A2RO-01,-1.9064867312278668
TCGA-VQ-A927-01,-1.0316980801523432
TCGA-77-6845-01,3.962835396672592
TCGA-C8-A12W-01,-1.3925675298088016
TCGA-A2-A0YJ-01,-0.8177450135521838
TCGA-CN-4723-01,13.016017121355361
TCGA-F4-6855-01,1.9936907609317203
TCGA-BP-5169-01,-1.4936048142761524
TCGA-WD-A7RX-01,-2.6325259997684056
TCGA-DD-AACO-01,-1.7998389971800184
TCGA-G3-A3CI-01,-2.8510150940506533
TCGA-IB-7893-01,-1.5008173074689564
TCGA-S9-A7R4-01,-3.0973692594641933
TCGA-S9-A7J3-01,-1.9186128599403587
TCGA-DD-AAEE-01,-2.267000114720181
TCGA-A3-A8OX-01,-2.2461653638732684
TCGA-HC-7740-01,-3.105910190734689
TCGA-44-6779-01,0.9761493783918497
TCGA-ND-A4WA-01,-2.28273281956582
TCGA-J7-8537-01,-1.662950831290985
TCGA-DS-A0VM-01,3.6196008876692995
TCGA-VQ-AA6K-01,0.08881070246590593
TCGA-KK-A7B2-01,-3.2102243760157996
TCGA-TM-A84L-01,-2.4633591173906675
TCGA-DJ-A4UW-01,-3.0280452634849944
TCGA-EX-A1H5-01,-2.6745284033721792
TCGA-66-2734-01,1.8656189849825535
TCGA-LN-A9FR-01,-2.5624001587672716
TCGA-ZN-A9VW-01,-2.256080263998272
TCGA-IQ-A61J-01,-1.7762917571843073
TCGA-E1-A7YH-01,-2.6715785358768147
TCGA-FU-A3EO-01,-2.2575646197708674
TCGA-QG-A5YV-01,-0.24885874330367863
TCGA-DQ-5625-01,1.1085318685555752
TCGA-06-5413-01,-1.2916898370817458
TCGA-CV-A45X-01,-1.2556414535186622
TCGA-ET-A2MZ-01,-3.3869082808926256
TCGA-CZ-5458-01,-2.4923967804165637
TCGA-CM-6166-01,-0.8111265080874879
TCGA-77-A5FZ-01,-3.4561709218932606
TCGA-DD-A1EB-01,2.254704217701337
TCGA-5V-A9RR-01,-3.26956494577976
TCGA-AQ-A1H2-01,-2.531541196610082
TCGA-L5-A4OQ-01,-1.6931257094958536
TCGA-AR-A24O-01,-2.977179188041839
TCGA-G4-6321-01,0.3414043300213197
TCGA-UF-A71D-01,7.127386085776503
TCGA-06-0646-01,-1.7568446381542064
TCGA-ET-A40T-01,-3.4561709218932606
TCGA-EI-6513-01,1.2104204898349387
TCGA-P5-A5EV-01,-0.7763076793628487
TCGA-B3-3926-01,-2.1953700972831567
TCGA-SH-A7BC-01,-2.9686827593324954
TCGA-DJ-A4V0-01,-3.4561709218932606
TCGA-D5-6539-01,1.4657975139985935
TCGA-J8-A3O0-01,-3.4561709218932606
TCGA-DD-AADB-01,-0.18242199317572907
TCGA-ZM-AA0E-01,-3.277275830612494
TCGA-QM-A5NM-01,-1.8480037245926209
TCGA-EK-A2RK-01,1.3628332139060693
TCGA-86-8672-01,5.618278257349949
TCGA-VQ-A923-01,-1.0329184534913987
TCGA-CR-7388-01,10.101802878429952
TCGA-ET-A3DS-01,-3.4561709218932606
TCGA-BR-8373-01,-2.2014161396050818
TCGA-BP-5004-01,-2.1701429900259424
TCGA-DX-AB2L-01,-3.4561709218932606
TCGA-DD-AADC-01,-1.058209317596786
TCGA-55-6983-01,1.4191269848179522
TCGA-DU-A7TD-01,-2.675977825938042
TCGA-91-8499-01,3.9735043362157128
TCGA-VD-A8KG-01,-3.2622436570789617
TCGA-FX-A48G-01,-3.226578757729176
TCGA-UF-A7JD-01,0.6991054592646451
TCGA-91-6836-01,9.667666781151844
TCGA-EM-A22P-01,-2.6870272265422535
TCGA-CM-5344-01,0.1982167308973341
TCGA-38-7271-01,1.2035178237137087
TCGA-N5-A4RF-01,-0.14742143773330607
TCGA-A6-2674-01,1.6226454630144038
TCGA-AJ-A3BH-01,29.938107110051465
TCGA-O2-A52Q-01,17.803505193388457
TCGA-LD-A7W6-01,-2.2944518401963374
TCGA-2Y-A9H1-01,-0.34223676821171045
TCGA-C5-A1BL-01,4.366612215963279
TCGA-BJ-A45J-01,-3.0519298040160687
TCGA-ZR-A9CJ-01,2.365574964543159
TCGA-HZ-A8P1-01,-2.0614294781183435
TCGA-NJ-A4YG-01,2.239806009255674
TCGA-AF-4110-01,-0.17061736455834903
TCGA-CD-8529-01,5.186390597132945
TCGA-Q1-A73S-01,-2.966272163385285
TCGA-D5-6536-01,-0.28232413654302235
TCGA-DX-A6YV-01,0.34234428820237534
TCGA-ET-A3BV-01,-3.0424602933679648
TCGA-MM-A563-01,-2.5702967760611575
TCGA-VD-A8K8-01,-3.4561709218932606
TCGA-DQ-5630-01,-0.340805187872486
TCGA-HC-A9TH-01,-0.46768615264820435
TCGA-M7-A723-01,-3.3414829742551095
TCGA-CE-A27D-01,-3.2784221719341584
TCGA-BH-A1FR-01,-3.285508429971714
TCGA-UF-A7JV-01,-1.0586270051648905
TCGA-BP-5177-01,-2.833350250314939
TCGA-EL-A4JW-01,-3.3869082808926256
TCGA-B8-4621-01,-1.85112998279697
TCGA-73-4658-01,3.187270365689434
TCGA-HW-A5KL-01,-2.679503530190467
TCGA-A6-A566-01,3.0324989187297584
TCGA-XE-AAO3-01,-3.2081600023527823
TCGA-77-A5G7-01,-0.8179950973961913
TCGA-ZP-A9CY-01,-0.6945482080727722
TCGA-D8-A1XK-01,14.17454897421172
TCGA-RY-A83X-01,-3.3557404101164123
TCGA-3C-AAAU-01,-3.309624421280854
TCGA-86-8076-01,-1.8186663698946979
TCGA-BR-4280-01,8.487352079543664
TCGA-EY-A210-01,-2.007170748954578
TCGA-66-2786-01,3.995656168690822
TCGA-BH-A0BT-01,-1.2647267060615086
TCGA-VR-AA7I-01,0.7794882548569094
TCGA-AO-A03U-01,-3.1586855308149544
TCGA-DD-AAVP-01,-1.7245848498036633
TCGA-HT-7687-01,-2.505188648917733
TCGA-77-8144-01,6.207312274923562
TCGA-BR-A4J8-01,-0.7311354536288092
TCGA-BA-6872-01,2.369954459662015
TCGA-G7-7501-01,-2.0254053293408085
TCGA-55-6987-01,1.0365897715521495
TCGA-CQ-5325-01,-1.2400814260343729
TCGA-DJ-A13S-01,-2.2616103034384025
TCGA-FD-A3SP-01,0.8913788231886209
TCGA-OL-A66H-01,-2.969481563436911
TCGA-77-A5G3-01,11.672051601365734
TCGA-B0-5077-01,-1.5014774305560352
TCGA-AR-A1AJ-01,-0.3385487043538191
TCGA-R6-A6XQ-01,-0.7043708818941768
TCGA-MT-A67A-01,-1.5952781449981723
TCGA-3U-A98G-01,-3.4561709218932606
TCGA-CH-5754-01,-1.328886524941784
TCGA-BJ-A2NA-01,-3.3869082808926256
TCGA-BJ-A0ZG-01,-3.4561709218932606
TCGA-WY-A85A-01,-2.518638948679756
TCGA-XU-AAXY-01,-3.2664945645758268
TCGA-CD-A4MG-01,29.19579014262533
TCGA-ZB-A96G-01,-2.9845457080057294
TCGA-BR-8296-01,-1.4553021279523521
TCGA-BR-6565-01,1.7700421114644158
TCGA-YZ-A983-01,-2.93714605398039
TCGA-78-7152-01,2.2019663479038214
TCGA-AC-A8OS-01,-2.9695439702891275
TCGA-55-8096-01,2.4678687895786173
TCGA-22-4599-01,6.9155754367397595
TCGA-R6-A6Y0-01,1.5758820070033988
TCGA-KK-A7AZ-01,-2.733068657773797
TCGA-D5-5541-01,0.34352128328862863
TCGA-BH-A0DT-01,-3.0596426670437387
TCGA-LL-A7SZ-01,-2.255830998629056
TCGA-EM-A1CU-01,-3.3869082808926256
TCGA-EI-6506-01,1.5869526366988302
TCGA-AM-5821-01,16.697087102921895
TCGA-B9-7268-01,-2.3989312443821587
TCGA-D6-A6EQ-01,0.6684669427942058
TCGA-12-3650-01,-1.7747319942816286
TCGA-RW-A689-01,-3.053812308867717
TCGA-HZ-8638-01,-3.4561709218932606
TCGA-XF-AAMH-01,-3.0992184385854378
TCGA-PN-A8MA-01,-0.5845551038151582
TCGA-75-5122-01,-0.7606034716985048
TCGA-CC-5262-01,-0.4087620394854136
TCGA-85-8584-01,3.9688269295899987
TCGA-WB-A818-01,-2.74967431018462
TCGA-LN-A5U6-01,-0.8410090481419435
TCGA-ZB-A96O-01,-2.998451520544899
TCGA-50-5931-01,5.727283787434533
TCGA-DS-A7WF-01,-3.06867974567383
TCGA-DB-5281-01,-1.518846402714041
TCGA-E1-A7YK-01,-0.6454027290547751
TCGA-49-AARO-01,14.477271103800756
TCGA-2G-AAGX-01,-3.4561709218932606
TCGA-CV-6945-01,0.3627688706042109
TCGA-DK-A2I2-01,-1.3485907891997635
TCGA-KQ-A41O-01,1.409190532990894
TCGA-AD-6901-01,2.780841828560172
TCGA-44-2655-01,1.2835715404706973
TCGA-DU-A5TU-01,-1.104901941804389
TCGA-CM-6161-01,-0.7273345223801123
TCGA-OR-A5J7-01,-1.4095491031617542
TCGA-C5-A7X3-01,-2.435559034004883
TCGA-E2-A14Q-01,-2.1991589143702055
TCGA-ES-A2HS-01,-2.7193430498814632
TCGA-DK-A3IM-01,-0.8150059208399117
TCGA-A2-A1FZ-01,-3.055493157894232
TCGA-FB-A5VM-01,-1.8815680404939874
TCGA-BQ-5886-01,-2.699748260333406
TCGA-DO-A1K0-01,-2.989569048315213
TCGA-G9-6384-01,-2.8907963200276328
TCGA-P6-A5OG-01,2.9105471523805377
TCGA-IB-7888-01,-1.7574844339740296
TCGA-22-1002-01,3.0021897211124093
TCGA-AH-6547-01,-3.4561709218932606
TCGA-OL-A5D6-01,-0.940279204174515
TCGA-39-5011-01,11.996730414682162
TCGA-2G-AAG8-01,-3.4561709218932606
TCGA-21-5786-01,7.965744648337622
TCGA-4Z-AA7Q-01,1.8622115061551678
TCGA-73-4668-01,8.010459396425421
TCGA-CR-5248-01,4.238470976771911
TCGA-OR-A5K1-01,-2.9254748755652655
TCGA-2Z-A9JJ-01,-2.4755658083424885
TCGA-AR-A1AQ-01,-1.9836196545623146
TCGA-3H-AB3T-01,-2.491563113368534
TCGA-ZG-A9L0-01,-2.71470073809303
TCGA-DU-A7TA-01,-1.1855568911261445
TCGA-EM-A3O6-01,-3.0297793814405987
TCGA-91-6831-01,6.015401219394737
TCGA-E8-A438-01,-3.4561709218932606
TCGA-IN-A6RI-01,0.45755708605394557
TCGA-Y8-A896-01,-2.450816647657449
TCGA-L9-A444-01,8.240242130022134
TCGA-G3-A7M9-01,1.764073483451943
TCGA-5M-AAT5-01,-0.0907581823812659
TCGA-EL-A3CX-01,-2.9008045758762715
TCGA-CS-5395-01,-1.8766269028958358
TCGA-5C-A9VG-01,0.017633827735305318
TCGA-IB-7652-01,0.6757924725990178
TCGA-E9-A226-01,-1.9431004477348368
TCGA-HM-A3JK-01,-2.0992702484394536
TCGA-DK-A2I6-01,2.6157697073488078
TCGA-CK-6748-01,-0.3660838700913093
TCGA-05-5425-01,12.025570543704573
TCGA-TQ-A7RR-01,-1.6635316788117387
TCGA-E9-A1NF-01,-1.3881391739154154
TCGA-H8-A6C1-01,-1.9928469843826548
TCGA-ZJ-AAXJ-01,-1.6777786052201773
TCGA-HU-8608-01,-0.26932049922937945
TCGA-B0-5691-01,-3.1245962527961644
TCGA-F2-A7TX-01,-0.9742921989885645
TCGA-CV-5430-01,1.787266257727416
TCGA-BC-A8YO-01,-1.6380082168387529
TCGA-77-8140-01,7.680545796232717
TCGA-HE-A5NF-01,-2.5719466619777984
TCGA-D5-6540-01,15.023924396805262
TCGA-2G-AAF1-01,-3.4561709218932606
TCGA-BH-A0DL-01,-0.8864847591326502
TCGA-A2-A4S1-01,-1.5491031342788137
TCGA-44-6775-01,-0.41418146284371893
TCGA-ZG-A9ND-01,-3.264902744403553
TCGA-AX-A3G9-01,5.221304631172274
TCGA-HT-A5R5-01,-2.519138613510075
TCGA-HZ-8637-01,-2.6447988896375336
TCGA-CV-7263-01,-1.2915406703726162
TCGA-DK-A6B6-01,6.548384212985902
TCGA-75-7025-01,-2.6243626254800803
TCGA-BR-4370-01,12.161567561072848
TCGA-2Y-A9H3-01,1.662646338236101
TCGA-12-0616-01,-1.821849947556036
TCGA-BR-8365-01,-3.2065890559327386
TCGA-T2-A6X0-01,-0.8346931655654559
TCGA-HU-A4H6-01,-1.6012679526132807
TCGA-E2-A1B0-01,-1.1457959665532849
TCGA-RD-A7C1-01,4.179298126649412
TCGA-DQ-5629-01,4.727168794650041
TCGA-CU-A72E-01,-0.7366785603063143
TCGA-C8-A26W-01,-0.6975389322332676
TCGA-EJ-A8FS-01,-3.0889397772822687
TCGA-FK-A3SE-01,-3.4561709218932606
TCGA-QH-A65V-01,-2.9731764560298894
TCGA-RD-A7BW-01,-2.397581362267692
TCGA-56-8309-01,0.44184422461882544
TCGA-85-8352-01,3.0156195093765215
TCGA-DX-AATS-01,-0.5298192126456264
TCGA-77-8139-01,3.5183755933760836
TCGA-HU-A4H2-01,3.423085060717012
TCGA-CR-7368-01,1.1756413050858554
TCGA-D8-A1JH-01,-3.1678603031124024
TCGA-S9-A6WP-01,-2.603669800223191
TCGA-JV-A5VE-01,-2.0789821660829486
TCGA-05-5429-01,-2.776756912725959
TCGA-QS-A744-01,-0.38915234361926854
TCGA-BJ-A3EZ-01,-2.8961263839727027
TCGA-IG-A625-01,-2.5511423407179863
TCGA-FT-A61P-01,-0.27483443352664794
TCGA-VS-A9V1-01,-0.9164930634383437
TCGA-AO-A12D-01,-2.0995793800164195
TCGA-EJ-7781-01,-0.8574360688136683
TCGA-28-5215-01,-2.9188999678471643
TCGA-G6-A5PC-01,-2.9075208849381626
TCGA-CQ-A4C6-01,-0.06579432874270849
TCGA-FU-A3HZ-01,29.15121745001396
TCGA-BB-4223-01,0.0542098772495761
TCGA-19-2620-01,-1.1247137115603139
TCGA-GS-A9TQ-01,-0.2811129712862468
TCGA-BP-4999-01,-2.3808912644463747
TCGA-EA-A78R-01,-1.7668029061499864
TCGA-EL-A3T8-01,-3.2194387317216484
TCGA-S9-A6U5-01,-2.8716492980475294
TCGA-XY-A8S2-01,-1.9209581821687447
TCGA-E1-A7YO-01,-2.099363363234081
TCGA-F5-6813-01,0.9282850618537587
TCGA-DK-A3IQ-01,-0.07422826987473047
TCGA-JW-A5VG-01,-2.346381548332732
TCGA-SP-A6QJ-01,-2.9947098624627424
TCGA-UB-A7MA-01,-1.1775170329622981
TCGA-H7-A76A-01,-1.9371461704314075
TCGA-QH-A6X8-01,-2.3455070687859605
TCGA-DJ-A2Q7-01,-3.164718455808062
TCGA-UZ-A9PJ-01,-2.68199652561056
TCGA-99-7458-01,8.783292470012634
TCGA-97-7546-01,5.037305899409964
TCGA-M8-A5N4-01,-2.037932206270523
TCGA-UY-A78N-01,-0.3221546272293834
TCGA-EM-A3ST-01,-1.9716829482566538
TCGA-DX-A8BK-01,-2.692485250871438
TCGA-VS-A9UV-01,-0.7418885886596065
TCGA-B6-A0WW-01,-2.109536773282902
TCGA-HE-7128-01,-2.666311814964937
TCGA-CN-A63V-01,0.8645816720263424
TCGA-HC-A631-01,-2.4958275501037783
TCGA-OL-A5RZ-01,-1.038567511921786
TCGA-HT-7610-01,-2.730336827019837
TCGA-CR-7397-01,-2.6761686176833432
TCGA-85-7710-01,3.6714477732747954
TCGA-D8-A1JL-01,-0.5558899233003795
TCGA-F9-A97G-01,-2.3923869122866934
TCGA-05-4395-01,3.8943365594936594
TCGA-HT-7875-01,-2.4279561673424896
TCGA-A7-A0DB-01,-2.606583683519624
TCGA-DX-AB35-01,-2.2094777240565366
TCGA-CN-6023-01,0.32222414232698515
TCGA-S8-A6BV-01,0.8763732009031234
TCGA-AK-3440-01,-3.040127156520931
TCGA-22-4595-01,3.365730580603624
TCGA-56-5898-01,2.3106808770270977
TCGA-AX-A3GB-01,-2.1310652316302785
TCGA-AR-A1AV-01,-2.8015665697210506
TCGA-KK-A8ID-01,-1.5742470990501094
TCGA-16-0846-01,-0.9222240565537314
TCGA-SX-A71S-01,-0.19256249877423642
TCGA-39-5034-01,13.411965937855001
TCGA-C5-A8YT-01,-3.12881696899833
TCGA-CV-6953-01,-1.7885008446584056
TCGA-4Z-AA7Y-01,-0.3351219638715152
TCGA-FV-A496-01,0.4557568658034437
TCGA-2Z-A9JE-01,-2.2795908588151237
TCGA-N7-A4Y0-01,8.851670313571775
TCGA-R8-A6MK-01,-2.6004760932528987
TCGA-D8-A1JC-01,-0.9153165057654911
TCGA-20-0991-01,1.300896257938164
TCGA-ZX-AA5X-01,-2.784974423833561
TCGA-5M-AAT6-01,20.79018864338381
TCGA-B0-4842-01,-1.8760642471700162
TCGA-P5-A5F0-01,-2.6855869258354823
TCGA-R8-A73M-01,-2.629075670826191
TCGA-58-A46K-01,0.3575752020304699
TCGA-DD-AAEH-01,-0.24176717344859494
TCGA-02-0047-01,-0.9890420068009704
TCGA-B6-A2IU-01,-2.1666638234682494
TCGA-XK-AAIR-01,-2.163027403682716
TCGA-91-7771-01,1.796545779365024
TCGA-C8-A137-01,-3.26956494577976
TCGA-DJ-A2PR-01,-3.3869082808926256
TCGA-IG-A4P3-01,2.200331082963917
TCGA-B0-5107-01,-2.1909316669359944
TCGA-CQ-6224-01,-0.41302266481171457
TCGA-55-6984-01,-3.137934039155983
TCGA-44-3918-01,17.412238835120277
TCGA-C8-A1HN-01,-2.2874882413706463
TCGA-DX-AB3B-01,-2.509347715705435
TCGA-ET-A39K-01,-3.3869082808926256
TCGA-S9-A6TS-01,-0.27695551349358555
TCGA-S9-A6TW-01,-2.592782788925375
TCGA-XC-AA0X-01,2.0745613633212177
TCGA-YL-A9WJ-01,-2.6081840671777083
TCGA-QR-A700-01,-2.7844655210390674
TCGA-G2-A2EK-01,-1.9530089499341334
TCGA-CD-A489-01,-0.6206148318316878
TCGA-E2-A1L8-01,-2.964125027498778
TCGA-IB-AAUU-01,-2.282924458081858
TCGA-BP-4988-01,-1.7182486780684871
TCGA-E1-5303-01,-2.2896950902099324
TCGA-FD-A3SO-01,4.665394131808738
TCGA-G4-6302-01,13.785282011023769
TCGA-V1-A9Z9-01,-1.9107221080532584
TCGA-GC-A3WC-01,0.5374611758802487
TCGA-XE-A8H4-01,-3.4561709218932606
TCGA-50-8459-01,0.7124320987850494
TCGA-CZ-4866-01,-1.4344981121910907
TCGA-XU-A92Y-01,-2.964961849871972
TCGA-DX-A8BJ-01,-2.247982559143803
TCGA-2Z-A9JR-01,-2.783888200048953
TCGA-DD-A3A3-01,-2.142318469665155
TCGA-A7-A26J-01,-3.307281735401197
TCGA-85-A4PA-01,-3.4561709218932606
TCGA-YL-A8SR-01,-2.8103595650099003
TCGA-98-8023-01,3.9154935153475976
TCGA-39-5029-01,2.367099807075752
TCGA-EJ-A8FP-01,-3.4561709218932606
TCGA-G6-A8L6-01,-2.5922443628278575
TCGA-CC-A9FW-01,-0.9939131500898686
TCGA-RB-A7B8-01,-2.3258656942588396
TCGA-TT-A6YP-01,-3.0987862920372984
TCGA-CV-A6JO-01,-2.031047911050413
TCGA-EJ-8474-01,-2.1134888150318933
TCGA-VS-A958-01,7.474441696181186
TCGA-BR-A4QI-01,0.6946071760900335
TCGA-VR-A8ET-01,-2.002011122967081
TCGA-69-7980-01,12.252032081881612
TCGA-J4-A67S-01,-3.4561709218932606
TCGA-77-7465-01,4.893451667397104
TCGA-WC-A882-01,-3.027456667030253
TCGA-DC-6683-01,0.19097808018155715
TCGA-GS-A9TU-01,-1.8229241209355849
TCGA-HT-7606-01,-2.693233898434815
TCGA-DJ-A2PV-01,-3.077005024097246
TCGA-4Z-AA7M-01,6.525682986679212
TCGA-BL-A3JM-01,2.6187618863172974
TCGA-ZF-AA4U-01,-1.1964685768074368
TCGA-EJ-A46I-01,-3.4561709218932606
TCGA-QU-A6IM-01,-1.67750981070199
TCGA-ZF-AA53-01,1.1808674668813057
TCGA-CF-A9FF-01,-0.45219991335617266
TCGA-77-8131-01,-2.2330155895767505
TCGA-DJ-A3VK-01,-3.0866538227722864
TCGA-AJ-A2QO-01,8.82294589589127
TCGA-VQ-A8DU-01,3.1218921289564934
TCGA-R5-A7ZE-01,2.9649261254117727
TCGA-IB-AAUO-01,-2.453153240912602
TCGA-AJ-A3NG-01,-0.6840619883103911
TCGA-JY-A6FE-01,-1.3438218305838492
TCGA-HJ-7597-01,7.336598499740203
TCGA-D8-A73U-01,-1.3760876932702195
TCGA-EL-A4KD-01,-3.227626676069469
TCGA-D8-A27N-01,-2.2556679620979927
TCGA-G7-A8LE-01,-1.5393836755390204
TCGA-LL-A8F5-01,0.977147600879521
TCGA-LN-A7HW-01,-0.3812733471369522
TCGA-22-5472-01,5.521356826481942
TCGA-B8-5551-01,-2.4381888613615534
TCGA-XJ-A9DK-01,-3.4561709218932606
TCGA-L5-A88Z-01,-0.6947308320205654
TCGA-DK-A3IV-01,-1.474812276711433
TCGA-CV-5973-01,-1.6155484453019475
TCGA-KS-A4I7-01,-3.0220077867818245
TCGA-FJ-A3Z9-01,-1.5379167596793744
TCGA-C8-A8HP-01,-0.3489760528183558
TCGA-DU-6408-01,-2.414744426349535
TCGA-XU-A92V-01,-2.8677602920452774
TCGA-2G-AALR-01,-2.5889539840700344
TCGA-CN-5358-01,-2.3446431290490137
TCGA-BH-A6R8-01,-2.373496476815962
TCGA-KL-8342-01,-3.4561709218932606
TCGA-AK-3426-01,-3.4561709218932606
TCGA-BH-A202-01,-2.0282849979469106
TCGA-XF-AAMT-01,-0.03140789408165224
TCGA-FG-5964-01,-2.1887036221578833
TCGA-XF-AAN4-01,-1.992831574312029
TCGA-77-8150-01,1.745819894548554
TCGA-CE-A13K-01,-3.218184371478322
TCGA-50-5939-01,-0.8538794839217988
TCGA-OL-A5RY-01,-3.280111110596719
TCGA-SB-A6J6-01,-3.028519546162046
TCGA-XF-A8HB-01,0.11837969746388795
TCGA-H7-8501-01,-0.9622248092391635
TCGA-CR-7390-01,-0.8777795075930238
TCGA-DB-A64Q-01,-3.160804716749529
TCGA-BP-4795-01,-3.4561709218932606
TCGA-BT-A0S7-01,-0.5497807055522715
TCGA-S9-A7IZ-01,-2.2383758666118205
TCGA-CN-5364-01,-0.17708219218440774
TCGA-S9-A6WH-01,-1.6601958765942197
TCGA-75-5126-01,11.631544494024068
TCGA-HT-7602-01,-3.0398808892191576
TCGA-19-2624-01,-1.8366834116289525
TCGA-OL-A66I-01,-2.10624892654565
TCGA-VS-A8EL-01,2.8801276571843664
TCGA-85-7843-01,4.821869323718241
TCGA-YL-A8HL-01,-3.040127156520931
TCGA-FD-A5C1-01,-0.9322688184731716
TCGA-FE-A233-01,-3.3869082808926256
TCGA-YA-A8S7-01,-0.5771626837282323
TCGA-50-6594-01,10.016070312792246
TCGA-DU-A6S8-01,-2.8106549831557497
TCGA-A4-7287-01,-3.118987423683209
TCGA-G4-6310-01,0.5977867346073986
TCGA-HT-7858-01,-2.7107376190884707
TCGA-CV-7438-01,-0.5435352321057432
TCGA-2G-AAFV-01,-3.256063349505798
TCGA-C8-A12V-01,-1.91472045758051
TCGA-46-3765-01,4.3403831183577655
TCGA-32-1982-01,-0.5770317296167539
TCGA-A7-A26E-01,-3.096773527973005
TCGA-G5-6572-01,-1.2867207073621223
TCGA-S9-A6WD-01,-2.99820563160747
TCGA-AO-A03N-01,-1.7412160385054343
TCGA-MP-A5C7-01,-1.3816537419907475
TCGA-OR-A5LT-01,-3.0857166315570175
TCGA-B0-5094-01,-0.36152553826995953
TCGA-UF-A71E-01,1.7102773799523368
TCGA-MH-A855-01,-2.930137683257466
TCGA-ZP-A9D4-01,-0.9170399232588469
TCGA-44-5645-01,-2.1460514416083827
TCGA-CV-A45U-01,1.1870384071297515
TCGA-WB-A81G-01,-3.2820982569031223
TCGA-NH-A6GA-01,-0.9931227317481274
TCGA-UF-A719-01,0.98779977562117
TCGA-27-1835-01,-1.563753195612521
TCGA-VF-A8AB-01,-3.4561709218932606
TCGA-HC-8260-01,-3.2561918601844204
TCGA-MT-A51X-01,-2.5267671926251154
TCGA-HT-7860-01,-1.0320529866059889
TCGA-AR-A254-01,-2.0580717003494913
TCGA-EJ-8472-01,-0.8582275463900784
TCGA-AA-3655-01,-1.5032965046579898
TCGA-DU-7006-01,-1.6696519118975939
TCGA-50-5935-01,-0.32839302266255005
TCGA-NA-A5I1-01,-1.8389766465683395
TCGA-TQ-A7RS-01,-2.8190772676273115
TCGA-55-7914-01,1.1772288782693698
TCGA-ZJ-AB0I-01,-0.1841031831779097
TCGA-DX-A7ES-01,-3.2393165746496475
TCGA-DX-A6BF-01,-0.25910720190575753
TCGA-HU-A4GF-01,2.0103276008568685
TCGA-A6-6652-01,0.5163121778844826
TCGA-85-A50M-01,-1.2532109126579107
TCGA-KN-8437-01,-3.313153866396331
TCGA-CQ-7065-01,0.23887050016375125
TCGA-CM-5863-01,-0.767413927686524
TCGA-QK-AA3K-01,-0.03163482132047485
TCGA-VS-A950-01,-1.8017757811641244
TCGA-AC-A3HN-01,-3.1443863444611915
TCGA-A3-A6NJ-01,-2.1097210140859537
TCGA-55-7576-01,9.49722176208552
TCGA-IR-A3LK-01,16.317300951898513
TCGA-BH-A0H7-01,-3.17170156136243
TCGA-ED-A7XO-01,-1.5555245938672748
TCGA-DC-6155-01,-1.9250122432789105
TCGA-DU-7009-01,-2.6933492774783723
TCGA-GL-A4EM-01,-2.3004483234473616
TCGA-AC-A6IW-01,-1.2631286154808854
TCGA-EW-A1J5-01,6.795413678245164
TCGA-JY-A938-01,0.06658483486441885
TCGA-UF-A71A-01,-0.44822234844664455
TCGA-BM-6198-01,-0.5614862559765179
TCGA-ZP-A9D0-01,-2.169837605416538
TCGA-KK-A6E5-01,-3.125709355878755
TCGA-JY-A6FD-01,0.19303392813009584
TCGA-44-2666-01,-1.427808946432124
TCGA-X6-A8C6-01,-1.8202688436126644
TCGA-55-7284-01,-1.2442327161862075
TCGA-CC-A8HV-01,0.5420067951766168
TCGA-DJ-A3UO-01,-3.2170283603152403
TCGA-06-0747-01,-0.8646840157631613
TCGA-DU-7010-01,-0.8458943195853968
TCGA-73-4676-01,-0.38286472265080235
TCGA-WC-A880-01,-3.148820875956699
TCGA-CM-6678-01,-0.1400809828235867
TCGA-VD-AA8N-01,-3.120320443085888
TCGA-QH-A6X3-01,-2.3215912484066603
TCGA-CR-7386-01,1.9743112527321844
TCGA-SC-A6LQ-01,-2.873842933820976
TCGA-DY-A1DG-01,2.9113530359764694
TCGA-FD-A3B4-01,0.09762716852984156
TCGA-DU-8164-01,-0.912717969052331
TCGA-66-2782-01,5.867779498810105
TCGA-OL-A6VO-01,-2.9009663806378545
TCGA-AC-A23E-01,-3.1251142385019857
TCGA-DX-A2J4-01,-3.2046923905019176
TCGA-CV-6936-01,5.072111529599535
TCGA-D5-6529-01,-1.2319117827981707
TCGA-78-7166-01,2.5765353828767754
TCGA-LK-A4O5-01,-2.729395999522215
TCGA-BJ-A45K-01,-3.145411965384129
TCGA-FD-A3N5-01,1.6602877180481375
TCGA-83-5908-01,2.285763473850506
TCGA-IG-A6QS-01,-2.368863101948786
TCGA-MA-AA3W-01,-1.6121557885772047
TCGA-50-5049-01,15.980770597849485
TCGA-4V-A9QM-01,-3.4561709218932606
TCGA-DU-7018-01,-2.5205944603720907
TCGA-VQ-A8PK-01,1.2831971646705678
TCGA-EW-A1J1-01,-3.1251142385019857
TCGA-CN-6012-01,-0.956229446210387
TCGA-DX-AB2P-01,-1.6112296153848333
TCGA-AX-A2IN-01,7.045729353737073
TCGA-44-3396-01,0.8921006964826356
TCGA-X7-A8M8-01,-3.4561709218932606
TCGA-HU-A4GU-01,16.768728085720607
TCGA-BP-5010-01,-2.2681734191501155
TCGA-B0-5116-01,-1.6466959688358838
TCGA-RY-A843-01,-2.976673503820799
TCGA-97-8172-01,4.202618093537699
TCGA-CN-A642-01,-2.6711342922259846
TCGA-60-2716-01,-2.3986651963145422
TCGA-N5-A59E-01,-1.9944506225603542
TCGA-A4-7732-01,-2.114644724994499
TCGA-BR-4366-01,-0.22238406254879386
TCGA-BH-A1F0-01,-1.2466422075424595
TCGA-WK-A8XY-01,-1.4087121320360432
TCGA-HT-7693-01,-2.153473574000062
TCGA-FV-A495-01,-0.241236240130017
TCGA-FG-A6J3-01,-0.9804591025338308
TCGA-4Z-AA86-01,-0.23824449565715114
TCGA-JY-A6FH-01,0.7245914644846214
TCGA-X7-A8DG-01,-3.0918853362094323
TCGA-BP-4161-01,-0.056550873608334
TCGA-EM-A22J-01,-3.2642802883136923
TCGA-NG-A4VU-01,-2.461291702053194
TCGA-85-8481-01,5.465741271840899
TCGA-B0-5098-01,8.336584621115747
TCGA-MK-A84Z-01,-3.296188271676601
TCGA-T9-A92H-01,1.3804660134171478
TCGA-PR-A5PH-01,-3.4561709218932606
TCGA-50-6597-01,-1.7032909574179398
TCGA-69-8255-01,4.700227594028738
TCGA-DD-AACY-01,-1.1745314511227847
TCGA-DD-AADW-01,-1.3247980842926823
TCGA-EW-A1PD-01,-1.927237516519154
TCGA-A5-A3LO-01,-2.5320089243492765
TCGA-CV-A45Y-01,-0.7636422419431369
TCGA-D8-A1J8-01,8.243748914066666
TCGA-B6-A0RV-01,-2.4007073939518593
TCGA-3A-A9IZ-01,-1.3392826562946374
TCGA-37-4141-01,7.602091196923738
TCGA-62-A46U-01,-2.2079375249741893
TCGA-ED-A459-01,2.2126600749580057
TCGA-HC-A6AO-01,-3.1922961958306684
TCGA-FY-A40M-01,-2.784310779950584
TCGA-CN-A641-01,4.799776942772382
TCGA-AR-A24N-01,-1.7587605251858571
TCGA-ED-A7PY-01,-1.863230403505382
TCGA-DX-A6Z0-01,-2.3280384708553186
TCGA-A4-A48D-01,-2.1482034555893383
TCGA-4Z-AA7O-01,2.1779062758253627
TCGA-3B-A9HY-01,-1.7962308518294559
TCGA-FY-A3I5-01,-3.1650689533363687
TCGA-G9-6366-01,-2.5015856900301827
TCGA-FB-AAQ2-01,-1.9218665615061472
TCGA-60-2715-01,2.250926710732977
TCGA-FV-A3I1-01,-0.9211521593853329
TCGA-AQ-A1H3-01,-2.7757087151420596
TCGA-2G-AAFN-01,-3.4561709218932606
TCGA-BP-4995-01,-0.3087846593929309
TCGA-BQ-7044-01,-0.3916126708967215
TCGA-X7-A8DD-01,-3.076464090295553
TCGA-J8-A3YG-01,-3.2143683530879374
TCGA-VQ-A91E-01,9.384162872311922
TCGA-28-5220-01,-2.2432145301515107
TCGA-EM-A4FU-01,-3.4561709218932606
TCGA-CC-A3M9-01,-1.0202948605172852
TCGA-77-A5GA-01,1.0613661181419995
TCGA-NF-A4WU-01,-2.2040912539317294
TCGA-58-8388-01,1.344988563901698
TCGA-IB-A7LX-01,-2.7278264009506175
TCGA-97-8176-01,-0.1889945635899881
TCGA-C8-A131-01,-1.528654095692315
TCGA-ET-A3DR-01,-3.4561709218932606
TCGA-ET-A25I-01,-2.7699908849462904
TCGA-AR-A2LQ-01,-3.4561709218932606
TCGA-G9-6351-01,-3.0699754282397773
TCGA-B8-A54H-01,-1.2689716156883335
TCGA-A2-A0EP-01,-3.113622852703119
TCGA-A6-5657-01,1.5083845404427119
TCGA-BT-A2LB-01,5.836373618722817
TCGA-GV-A3QF-01,1.254434966797815
TCGA-DX-A8BU-01,-0.7452872608434399
TCGA-G3-A25Z-01,-1.527776069236774
TCGA-86-8358-01,20.935311135788005
TCGA-V4-A9F3-01,-3.264698539018555
TCGA-DX-A6YT-01,-1.1837233347705074
TCGA-HT-8106-01,-2.022498555977385
TCGA-BH-A0H3-01,-3.1251142385019857
TCGA-DX-A6BE-01,-3.098831760877053
TCGA-FF-8047-01,-0.5622570783259538
TCGA-E7-A7DV-01,3.0498340999282973
TCGA-LN-A9FQ-01,-1.0978749394621714
TCGA-ZN-A9VS-01,-1.9406811605109948
TCGA-BR-8077-01,-0.9775350489387723
TCGA-KN-8430-01,-2.2508232582644117
TCGA-WN-AB4C-01,-0.7446126505202699
TCGA-BH-A1FJ-01,-1.8474729353772679
TCGA-XF-A9SI-01,3.1342156728584913
TCGA-05-4415-01,3.5898090381688337
TCGA-B6-A40C-01,-2.551811496534951
TCGA-2Y-A9H0-01,-1.6873139064830107
TCGA-HT-7472-01,-2.9007213677655805
TCGA-D5-6930-01,14.838938667569831
TCGA-BJ-A2N7-01,-3.4561709218932606
TCGA-3A-A9IV-01,-1.9591940522026399
TCGA-14-0817-01,-0.49008742513423137
TCGA-BS-A0V7-01,-0.9864196874623269
TCGA-CJ-4908-01,-3.3490391181190593
TCGA-VS-A9UL-01,-0.7042359270781686
TCGA-DD-AADD-01,-1.7520526245570576
TCGA-SR-A6MZ-01,-3.1707739585726435
TCGA-ZG-A9LN-01,-3.2150494817962145
TCGA-S4-A8RP-01,-3.1118643124692205
TCGA-HT-7855-01,-2.1375047028583185
TCGA-BQ-7055-01,-2.1953700972831567
TCGA-55-7281-01,8.269126653699008
TCGA-BR-6452-01,58.12393823265208
TCGA-R5-A7ZF-01,-1.2559546219062219
TCGA-CV-A464-01,-2.4841493479129295
TCGA-06-2570-01,-2.1745582066559193
TCGA-IA-A40U-01,-2.592987829910467
TCGA-BP-5176-01,-1.3686914227389182
TCGA-78-7161-01,3.075666547546681
TCGA-EO-A3AU-01,5.265238017571479
TCGA-DD-A4NF-01,0.767802566425867
TCGA-YT-A95E-01,-3.4561709218932606
TCGA-XJ-A9DI-01,-2.8463956862593913
TCGA-CD-8524-01,2.334417289534291
TCGA-N5-A4RS-01,-2.489036539974968
TCGA-DD-A1EL-01,0.3080139572117339
TCGA-DK-A6AW-01,42.69111104944055
TCGA-H9-A6BY-01,-2.011511885671752
TCGA-N7-A59B-01,-2.095448602436317
TCGA-DK-AA75-01,4.797161342057795
TCGA-FD-A62O-01,0.22202305785096027
TCGA-VS-A9UO-01,-2.3141129668730676
TCGA-BR-6802-01,4.651883935470675
TCGA-DB-A4XG-01,-2.280325445599521
TCGA-EM-A1CV-01,-3.3869082808926256
TCGA-DT-5265-01,-1.1647540732066548
TCGA-CJ-4907-01,-1.0140764895047438
TCGA-A4-7584-01,-1.2718122444519377
TCGA-G7-A8LB-01,-1.0482332322972236
TCGA-C5-A8XJ-01,1.6343856184782037
TCGA-QL-A97D-01,3.9077036563400838
TCGA-E2-A1IF-01,-3.1971000385853454
TCGA-HT-A5RC-01,-2.446746998127395
TCGA-C5-A7CL-01,-1.0376958812160995
TCGA-S3-AA11-01,-1.3344950671938265
TCGA-JY-A93D-01,1.0456691406783536
TCGA-CJ-4912-01,-1.0890840901372003
TCGA-FU-A3NI-01,-1.2103709657437516
TCGA-EA-A439-01,-0.28349984741571826
TCGA-D5-7000-01,0.4228604718830804
TCGA-EO-A22Y-01,-2.1599831617119407
TCGA-49-4507-01,0.9266413945711276
TCGA-HF-7133-01,-1.9558057146329193
TCGA-RD-A8MV-01,-1.201822704821795
TCGA-3X-AAVE-01,-3.069241167038607
TCGA-KR-A7K0-01,-0.46810071608237136
TCGA-X9-A973-01,-3.0271365438193483
TCGA-FE-A230-01,-3.3869082808926256
TCGA-VM-A8C8-01,-2.680334222637894
TCGA-56-8504-01,4.175783840244795
TCGA-KN-8426-01,-2.42599864780046
TCGA-55-8621-01,-0.6283049783998932
TCGA-RQ-A68N-01,-0.21530668674846792
TCGA-4V-A9QJ-01,-2.871007324915631
TCGA-D8-A27I-01,-2.7221909784408056
TCGA-CD-8536-01,9.38151376022198
TCGA-DX-A8BN-01,-3.1514171208190422
TCGA-2G-AALP-01,-3.218184371478322
TCGA-V4-A9EX-01,-3.4561709218932606
TCGA-HT-7681-01,-2.8384851142415886
TCGA-2G-AAGM-01,-2.318771877724486
TCGA-52-7622-01,1.9660736757350992
TCGA-VS-A9V0-01,-1.5122712953053854
TCGA-LN-A7HX-01,-0.5544526188217922
TCGA-A3-3317-01,-2.60486689434328
TCGA-BR-4201-01,18.727475119104238
TCGA-G3-A5SM-01,0.036624682698215755
TCGA-63-A5MI-01,0.5515747548080009
TCGA-KM-8476-01,-2.9705257201910555
TCGA-SJ-A6ZJ-01,-2.131654666662028
TCGA-HC-A4ZV-01,-0.7532555011743638
TCGA-UD-AABZ-01,-2.1507632144083035
TCGA-BQ-7062-01,-3.4561709218932606
TCGA-X7-A8D8-01,-2.4471204148351524
TCGA-D5-5537-01,-0.6439668851553435
TCGA-FE-A3PA-01,-3.4561709218932606
TCGA-BR-7723-01,1.4298927417268
TCGA-H7-7774-01,1.3071570645370256
TCGA-KL-8340-01,-3.4561709218932606
TCGA-CG-5720-01,1.0599628956639808
TCGA-IS-A3K6-01,-2.3995990624108403
TCGA-55-6970-01,0.17229954776986164
TCGA-AR-A0TX-01,3.87677842593882
TCGA-AO-A0JG-01,-2.973222123294061
TCGA-B0-5119-01,-2.5167892284852678
TCGA-CJ-4916-01,-2.6620979658207333
TCGA-G9-6385-01,-3.2703113871543574
TCGA-DD-A11C-01,-0.7337963421379635
TCGA-BC-A10Q-01,-1.0553305910885424
TCGA-2Z-A9JN-01,-2.9213102411114824
TCGA-75-6207-01,-1.2170328445750593
TCGA-LT-A5Z6-01,5.940863372046813
TCGA-CN-6997-01,2.119467817244754
TCGA-2L-AAQJ-01,-1.3170040392043079
TCGA-41-4097-01,-0.31641333278065675
TCGA-MF-A522-01,8.311168831355017
TCGA-V4-A9EO-01,-3.137382664217377
TCGA-CM-5860-01,-0.37051739035562836
TCGA-EK-A3GK-01,13.958944000955496
TCGA-2G-AAG5-01,-3.2562832184390844
TCGA-C5-A7CG-01,-2.163888527230137
TCGA-XX-A899-01,-2.618217113168908
TCGA-DU-A6S2-01,-3.178666516565597
TCGA-FD-A3B8-01,-1.7690359612382542
TCGA-CD-8532-01,-2.831067594598966
TCGA-59-A5PD-01,0.3730319550370613
TCGA-EJ-7788-01,-3.1287842766855514
TCGA-ZB-A96I-01,-2.939811964243149
TCGA-A7-A5ZW-01,-2.5806432198293328
TCGA-AA-A01P-01,9.922796834979643
TCGA-DX-AB2J-01,-2.8100895735484603
TCGA-MX-A5UJ-01,17.440978027509313
TCGA-VD-A8KI-01,-3.0414682344119925
TCGA-DU-7309-01,-2.596472337982178
TCGA-BR-8289-01,6.106735402059259
TCGA-L5-A4OT-01,4.980438600118521
TCGA-EU-5906-01,-1.5991353991755832
TCGA-SC-A6LR-01,-2.6068198851746835
TCGA-X6-A8C7-01,-3.2557302502868817
TCGA-C5-A1BI-01,-0.9420526177005978
TCGA-UZ-A9PL-01,-1.7507923999601176
TCGA-CW-5580-01,-0.591339815213536
TCGA-CN-5370-01,0.05440030163072161
TCGA-BR-8485-01,7.89594372250528
TCGA-CG-5724-01,0.5580432589775328
TCGA-VD-AA8M-01,-2.534417601363135
TCGA-DJ-A13V-01,-3.3869082808926256
TCGA-DD-A4NB-01,-2.569383875144717
TCGA-43-6770-01,3.505813226631418
TCGA-HU-A4GY-01,-1.8689855877630654
TCGA-B0-5690-01,-2.291808218120644
TCGA-CK-4950-01,2.3783727187033934
TCGA-HM-A3JJ-01,-0.2846322765819317
TCGA-J8-A3O1-01,-3.1040985302185065
TCGA-KN-8429-01,-3.4561709218932606
TCGA-98-A53B-01,3.857659969155461
TCGA-5P-A9KE-01,-0.9407445536198912
TCGA-E9-A1NE-01,-2.9944383270474364
TCGA-55-8205-01,8.109112344172136
TCGA-BC-A10Z-01,2.1724820484553353
TCGA-EM-A1YE-01,-3.2036465473001017
TCGA-L5-A8NK-01,1.8530532863304692
TCGA-AL-3473-01,-1.992738491319181
TCGA-AX-A3FV-01,0.22922263417689628
TCGA-BJ-A0ZB-01,-2.1494832665650483
TCGA-DZ-6134-01,-3.2604931736940586
TCGA-HD-8314-01,0.030092351426107958
TCGA-C5-A7UI-01,-1.817034547611347
TCGA-63-A5MR-01,0.795684652604563
TCGA-69-7763-01,-1.3113539741788358
TCGA-ZJ-AAXD-01,-1.9139525915271425
TCGA-SS-A7HO-01,0.8276222658208393
TCGA-66-2763-01,7.411118209028347
TCGA-Z7-A8R6-01,-2.2317981251972774
TCGA-EK-A2R8-01,-0.13530507239946818
TCGA-55-7913-01,5.088884540064891
TCGA-2L-AAQA-01,-2.279811313101987
TCGA-ND-A4W6-01,0.441820062094973
TCGA-94-A5I6-01,2.852868570641779
TCGA-TS-A7P0-01,-0.9554368910875417
TCGA-VD-A8KM-01,-1.8612906317852862
TCGA-D5-6537-01,-0.6799971280082032
TCGA-62-8397-01,-2.926444088374589
TCGA-OL-A5D8-01,-2.558106391812386
TCGA-3M-AB47-01,0.9866334433309739
TCGA-EY-A547-01,-0.017294271158604508
TCGA-DB-A4XH-01,-3.127400641902931
TCGA-HT-7485-01,-2.0576858565505343
TCGA-VW-A7QS-01,-2.494322722169148
TCGA-66-2742-01,3.3159652019779067
TCGA-FJ-A3ZE-01,5.488807483645957
TCGA-EJ-7783-01,-2.506692283212143
TCGA-06-0211-01,-1.7452819025469732
TCGA-A3-3376-01,-2.1980274194695752
TCGA-OL-A5D7-01,-1.2906303579313072
TCGA-FV-A3R3-01,-2.174454674553463
TCGA-VV-A86M-01,-2.8774911271792734
TCGA-D7-6522-01,-1.5313801609109905
TCGA-73-4659-01,2.033867447079298
TCGA-CZ-5986-01,-2.376191647569514
TCGA-2L-AAQE-01,-2.0972216689509184
TCGA-CG-4449-01,-0.521668262522239
TCGA-VS-A9UP-01,0.07849419723483698
TCGA-NF-A4X2-01,-0.5145428944618163
TCGA-ET-A3BN-01,-3.4561709218932606
TCGA-E1-A7YV-01,-0.5264518164461587
TCGA-CA-5254-01,2.813171707433034
TCGA-WC-AA9A-01,-3.2634938713889423
TCGA-A2-A1FW-01,-1.2009450741746945
TCGA-EJ-5507-01,-2.4915149367026417
TCGA-HT-7468-01,-2.5718042337657447
TCGA-ZF-A9RM-01,-0.463793992548004
TCGA-56-8304-01,5.605984979574364
TCGA-G7-A8LD-01,-1.6548359478228674
TCGA-AD-A5EK-01,-0.6855726525612683
TCGA-G5-6235-01,2.037054376814881
TCGA-37-4130-01,25.920207211673826
TCGA-91-A4BC-01,9.955841859768055
TCGA-O8-A75V-01,-2.0806598922274966
TCGA-CK-6746-01,12.620866285418405
TCGA-Z4-A9VC-01,-2.0700152573460926
TCGA-02-2483-01,-2.5962766475452854
TCGA-FP-7829-01,3.067858026985652
TCGA-CA-6718-01,44.13615946844093
TCGA-HT-7677-01,-2.955559987063789
TCGA-AJ-A3TW-01,-0.013999560169226618
TCGA-YS-AA4M-01,-3.267765465939916
TCGA-UY-A78L-01,2.8115993805430195
TCGA-ZB-A962-01,-3.26956494577976
TCGA-VQ-A8E2-01,-0.6829143444924313
TCGA-W5-AA2G-01,-2.336123940584448
TCGA-DE-A3KN-01,-2.888864718689409
TCGA-IM-A420-01,-3.3869082808926256
TCGA-A4-A7UZ-01,-3.0861481513766917
TCGA-B0-5121-01,-3.0400559508913605
TCGA-C5-A1BF-01,-1.0821346446097337
TCGA-EM-A4FV-01,-3.1733545174341766
TCGA-CR-6474-01,-0.7802394269312091
TCGA-AY-5543-01,0.7417901350872175
TCGA-EJ-5504-01,-3.4561709218932606
TCGA-97-8547-01,-0.6544065828977884
TCGA-MI-A75H-01,1.8219367850188741
TCGA-85-A4JC-01,4.035476192254038
TCGA-DJ-A3US-01,-3.4561709218932606
TCGA-97-8175-01,-2.566057248813482
TCGA-BR-8297-01,8.147478908817238
TCGA-CG-5732-01,-2.0721461530444722
TCGA-76-4931-01,-1.0015938618204425
TCGA-BH-A0BF-01,-1.46101390544139
TCGA-AR-A5QN-01,-2.959932852443142
TCGA-DK-A2I1-01,1.0855036740377904
TCGA-DU-A5TY-01,-2.9874481646896562
TCGA-HT-8109-01,-2.9319887525028054
TCGA-QT-A7U0-01,-3.4561709218932606
TCGA-CD-A4MI-01,14.051059896341014
TCGA-ZB-A961-01,-3.111946772009988
TCGA-EX-A69M-01,-2.7667472323188136
TCGA-2A-A8VT-01,-1.800735320747216
TCGA-F4-6807-01,2.13621845167037
TCGA-W5-AA39-01,2.8850954054513607
TCGA-EM-A3FK-01,-3.1908841096165115
TCGA-NI-A8LF-01,0.226526964070527
TCGA-34-5239-01,5.00130123138231
TCGA-S8-A6BW-01,-0.38447458007128893
TCGA-EJ-5512-01,-3.270459395219408
TCGA-EA-A5ZD-01,-2.6294369652324567
TCGA-CV-7410-01,-1.396310988038612
TCGA-EM-A1YB-01,-2.5386167457533717
TCGA-66-2757-01,3.8910286401088157
TCGA-DD-AADG-01,-0.4628361778767891
TCGA-63-5128-01,7.160420637138325
TCGA-CK-5915-01,-1.6273585920675337
TCGA-85-A4QR-01,1.2138800991085128
TCGA-E2-A14T-01,-1.7751938687239255
TCGA-90-7767-01,-0.4637654369156716
TCGA-A6-3810-01,2.660638258328815
TCGA-92-7341-01,1.5216639042942288
TCGA-VQ-A91A-01,3.290293954847231
TCGA-E9-A295-01,-0.6605484431437514
TCGA-B9-A69E-01,-1.2896183008223379
TCGA-BB-A6UO-01,-1.1020257142758272
TCGA-86-8075-01,-2.4889642730739263
TCGA-HT-7479-01,-2.8354606831443077
TCGA-PR-A5PF-01,-2.9318921356853127
TCGA-BR-8486-01,-0.6654971185164101
TCGA-FD-A62S-01,1.2804095477940516
TCGA-S6-A8JX-01,-3.2198970079306797
TCGA-B8-5159-01,-2.4634792413140496
TCGA-DJ-A4UR-01,-2.7757331119537243
TCGA-XF-AAMZ-01,0.5000357774061278
TCGA-55-6985-01,9.868944100575595
TCGA-SP-A6QD-01,-3.2767451199226127
TCGA-5P-A9KC-01,-2.6436695343776444
TCGA-EW-A1P4-01,-0.45298633276939093
TCGA-DJ-A2Q9-01,-3.267475180696365
TCGA-FD-A3SM-01,-0.13916269253150446
TCGA-55-A48X-01,3.302878258071762
TCGA-A6-6781-01,19.4280477666088
TCGA-N5-A4RO-01,0.1613798828136794
TCGA-DD-AADR-01,-0.914179061024377
TCGA-NK-A5CX-01,3.6003543336799204
TCGA-B4-5843-01,-2.9665169402137206
TCGA-DX-A6YS-01,-1.6993303215059774
TCGA-22-4609-01,2.879739076031494
TCGA-EJ-7115-01,-3.0977556297911897
TCGA-JX-A3Q0-01,10.103534792830084
TCGA-43-6771-01,1.3897016687644417
TCGA-3A-A9IJ-01,-3.1144414019198288
TCGA-YL-A8SH-01,-2.656605952613367
TCGA-BJ-A0ZE-01,-3.392304774113902
TCGA-A2-A0T4-01,-2.561715233493983
TCGA-BI-A0VS-01,-1.5246444465972184
TCGA-BH-A0W3-01,-3.0986448785273595
TCGA-CG-4306-01,13.692968598250708
TCGA-VN-A88M-01,-3.048336209587336
TCGA-VS-A8EJ-01,-0.47143310415129497
TCGA-BH-A42U-01,-2.8867629711874376
TCGA-PJ-A5Z9-01,-0.7812894869894548
TCGA-DD-AAE1-01,-2.7823814862580645
TCGA-B8-A7U6-01,-0.8469666765201083
TCGA-DF-A2KR-01,-0.7293253802659808
TCGA-VQ-A91X-01,4.561788200048417
TCGA-BH-A0BQ-01,-2.515463625373441
TCGA-IG-A97I-01,2.1303328899779705
TCGA-HZ-A49G-01,-1.3078475023124772
TCGA-XK-AAK1-01,-1.6746563937329029
TCGA-XU-A92X-01,-3.4561709218932606
TCGA-EW-A1IX-01,-2.5941348989580897
TCGA-DB-5275-01,-2.2052839156434008
TCGA-GL-7773-01,-1.913363853352954
TCGA-MI-A75G-01,1.1880283707891195
TCGA-NH-A50U-01,-1.2041939367421182
TCGA-DR-A0ZL-01,-1.3321890641877328
TCGA-CV-A463-01,2.53150469210953
TCGA-GM-A5PV-01,-2.8612605627468657
TCGA-B6-A401-01,-2.8474588513075867
TCGA-YU-A90P-01,-2.8637298224115586
TCGA-WC-AA9E-01,-2.5416431314097476
TCGA-AU-3779-01,1.3802321559794917
TCGA-ET-A3DV-01,-3.4561709218932606
TCGA-C8-A1HG-01,-2.3007037948496585
TCGA-QR-A6GR-01,-3.173508896085222
TCGA-YL-A9WX-01,-3.040127156520931
TCGA-R6-A6L4-01,0.5479462069015684
TCGA-SX-A71R-01,-2.6597346798371775
TCGA-DM-A1D4-01,3.069753020526686
TCGA-56-A49D-01,5.145313990072173
TCGA-LN-A8I0-01,-2.6708461265952934
TCGA-CC-A7IF-01,-0.18015965403387638
TCGA-TM-A7C4-01,-1.3207733817897125
TCGA-MT-A67D-01,-1.2518012475087148
TCGA-J4-A6G3-01,-3.1563669363542775
TCGA-3B-A9HL-01,-1.7627948595588594
TCGA-27-2523-01,-1.5359440626620506
TCGA-E7-A85H-01,3.797306075045163
TCGA-G4-6304-01,14.813953769888322
TCGA-CV-7424-01,2.6578042440093017
TCGA-HD-7229-01,0.11762448204460482
TCGA-44-2657-01,7.864076126533539
TCGA-DX-AB2F-01,-3.317138737566273
TCGA-95-7562-01,8.906349094864968
TCGA-CV-7100-01,-3.309624421280854
TCGA-DD-A3A5-01,-2.060820682909974
TCGA-55-7725-01,-0.45445186410709
TCGA-EM-A3AO-01,-3.2230492390343386
TCGA-AF-2693-01,0.5426246198805412
TCGA-A2-A0CS-01,-2.4324787400866206
TCGA-2Z-A9JP-01,-2.7649421404773222
TCGA-OR-A5L6-01,-0.7511924664946511
TCGA-A1-A0SG-01,-2.7765455320295174
TCGA-GJ-A3OU-01,-1.916506887116288
TCGA-J4-A67N-01,-3.4561709218932606
TCGA-MA-AA41-01,6.502726286037674
TCGA-GS-A9TX-01,-2.227334818380333
TCGA-KS-A4IB-01,-3.089140215485606
TCGA-LN-A5U5-01,-2.26876584898838
TCGA-HC-7820-01,-2.481348250214498
TCGA-B0-5402-01,-2.703602752777574
TCGA-22-5474-01,-1.5142097237263712
TCGA-A4-8517-01,-1.9354814353764351
TCGA-LN-A49R-01,0.7814489588843972
TCGA-FA-A6HO-01,-2.4134273588053965
TCGA-CA-6717-01,79.91527995183023
TCGA-WX-AA47-01,-2.9565571276688813
TCGA-AJ-A5DV-01,-0.5197918635183001
TCGA-ZG-A9NI-01,-0.9476690983852928
TCGA-DX-A3LU-01,-2.69346027942733
TCGA-OR-A5JW-01,-3.0100048372017723
TCGA-ZB-A965-01,-2.027864698811976
TCGA-E7-A678-01,-1.5045674390933483
TCGA-69-A59K-01,8.170069868437942
TCGA-EM-A3SZ-01,-2.6607144964183784
TCGA-E2-A1BD-01,-3.0996149101137873
TCGA-E2-A14Z-01,-2.396060232686829
TCGA-EA-A3HQ-01,-0.9964915358700625
TCGA-XE-AAOL-01,-3.2198970079306797
TCGA-UF-A718-01,-2.1222874073212235
TCGA-70-6723-01,-0.6549962651130314
TCGA-2J-AAB8-01,-1.4340531791750173
TCGA-DV-A4VZ-01,-2.511959996752909
TCGA-V4-A9F2-01,-3.4561709218932606
TCGA-B8-5553-01,-2.507394689253044
TCGA-A2-A04R-01,-1.601864449295029
TCGA-CC-A7IJ-01,1.1186480113746333
TCGA-05-5715-01,-0.8507941302952572
TCGA-55-A492-01,3.543505917573252
TCGA-KO-8403-01,-2.466825446813983
TCGA-96-8170-01,4.240778547941365
TCGA-A4-7286-01,-3.08502227801799
TCGA-D1-A3DH-01,-0.2824832841658149
TCGA-DM-A1D0-01,-0.02529161534925925
TCGA-MB-A5YA-01,-2.348876247675652
TCGA-A7-A425-01,-3.4561709218932606
TCGA-E9-A1RF-01,0.13416975950006832
TCGA-V1-A9OT-01,-3.1707973409290413
TCGA-2G-AAEW-01,-3.392304774113902
TCGA-BR-A4IU-01,-2.482538217693807
TCGA-LP-A5U2-01,-0.3831216056060352
TCGA-DI-A1C3-01,-2.5767816685678326
TCGA-UZ-A9PK-01,-2.366469614901362
TCGA-27-1837-01,-2.6323961106850775
TCGA-3Z-A93Z-01,-2.1882029094872673
TCGA-BT-A20X-01,-0.2980898532842489
TCGA-DH-A7UU-01,-2.0074510911341297
TCGA-06-0744-01,-0.8401936273599476
TCGA-HT-A4DV-01,-2.899726409389717
TCGA-CF-A9FH-01,-2.246304303607164
TCGA-EA-A43B-01,0.4534002494993667
TCGA-D8-A1JU-01,-2.954051337109301
TCGA-FG-8186-01,-3.3412339048745925
TCGA-EQ-8122-01,2.1501707602294386
TCGA-LN-A49V-01,-1.3168646087439806
TCGA-US-A774-01,-2.795515084864943
TCGA-FG-A4MT-01,-0.34776544384878694
TCGA-G3-AAV2-01,-0.8090405386844973
TCGA-2Z-A9JL-01,-1.6617636788736276
TCGA-78-7145-01,1.3301157363074314
TCGA-63-A5MY-01,1.10785695770752
TCGA-CV-7091-01,0.7285836603121333
TCGA-BA-A6DE-01,-0.841199393062101
TCGA-VF-A8AC-01,-3.392304774113902
TCGA-FI-A2EY-01,-1.6389353733448038
TCGA-B5-A5OE-01,-1.4199391469508882
TCGA-AR-A1AH-01,-0.2242215582153904
TCGA-KK-A6E4-01,-1.5435161843215628
TCGA-86-8278-01,0.2816481990707518
TCGA-2L-AAQL-01,-1.5112557448332147
TCGA-BC-A3KF-01,-0.9732574261843527
TCGA-A4-A6HP-01,-1.8874029224311113
TCGA-BR-4368-01,15.879383633065373
TCGA-E1-5305-01,-2.5357287031120754
TCGA-E9-A3QA-01,-2.5206038552076118
TCGA-FD-A3N6-01,-0.00401770806737096
TCGA-RW-A7D0-01,-3.1050789690360157
TCGA-IR-A3LI-01,3.6177130418741026
TCGA-63-A5M9-01,-1.5160165358118634
TCGA-NC-A5HR-01,5.9925988928136515
TCGA-VS-A8EI-01,1.6380029567826073
TCGA-BH-A1EY-01,-1.595462775243323
TCGA-B4-5844-01,-2.000907394053889
TCGA-LN-A49Y-01,3.5589265892335913
TCGA-DX-A23V-01,-3.223791104095672
TCGA-DD-AAC8-01,8.705477081331232
TCGA-EY-A3L3-01,-1.154662156519162
TCGA-E2-A574-01,-0.2871789646161986
TCGA-D8-A1JB-01,-2.5217933729222
TCGA-FX-A3NK-01,-2.17654399554199
TCGA-FP-A9TM-01,0.2892631978174491
TCGA-CG-4437-01,7.345061539788023
TCGA-D8-A27P-01,-2.608257089057865
TCGA-2G-AAF8-01,-3.2996874426371914
TCGA-VQ-A8PQ-01,-3.1452436892206133
TCGA-E9-A5FL-01,-0.21405206462613285
TCGA-LL-A5YM-01,-2.9371460539803906
TCGA-MN-A4N5-01,10.412978000112854
TCGA-BH-A1FC-01,-0.3369633464797864
TCGA-GL-6846-01,-2.9009633138820337
TCGA-X7-A8M6-01,-2.752051701431917
TCGA-CM-6675-01,-1.0121432307744396
TCGA-DJ-A3V7-01,-2.0959776284898233
TCGA-DC-4745-01,-1.1598163884128876
TCGA-CS-5393-01,-1.5876145642609785
TCGA-DU-6395-01,-1.8227099597049723
TCGA-AF-A56K-01,-1.1020225807367534
TCGA-CV-7440-01,2.370325397654491
TCGA-ET-A39T-01,-3.3869082808926256
TCGA-KL-8324-01,-2.4110378950019324
TCGA-WC-A884-01,-3.4561709218932606
TCGA-V5-AASX-01,4.438843259465426
TCGA-CJ-4644-01,0.20087465122579962
TCGA-XX-A89A-01,-0.5470648491251433
TCGA-Z4-AAPG-01,-2.8761969229991715
TCGA-CF-A47T-01,-2.4132012075692413
TCGA-4Z-AA7W-01,5.581589622326242
TCGA-GM-A2DL-01,-1.8827291814707026
TCGA-64-5778-01,9.344289749606963
TCGA-DE-A0XZ-01,-3.3869082808926256
TCGA-AK-3436-01,-1.9778711189023317
TCGA-NC-A5HE-01,2.8643420400898507
TCGA-DQ-7588-01,-0.9573586433606879
TCGA-DB-A64X-01,0.36311913898033704
TCGA-EL-A3ZK-01,-3.4561709218932606
TCGA-C4-A0F6-01,1.4747377707728475
TCGA-68-A59J-01,9.175414428598982
TCGA-BP-4971-01,-2.682413581939672
TCGA-F7-A50J-01,0.1857476971293878
TCGA-A3-A8CQ-01,-3.0141362224344026
TCGA-VQ-A8PF-01,0.5664290050869506
TCGA-4Z-AA7S-01,-1.2835502666389427
TCGA-L5-A8NG-01,0.09792645954493477
TCGA-DD-AADV-01,-1.7260160716347137
TCGA-66-2777-01,0.8938445007704398
TCGA-S9-A7IS-01,-1.3520891460075792
TCGA-J2-8194-01,0.7244360263414
TCGA-2G-AALT-01,-2.7227414316172096
TCGA-J4-A67M-01,-2.2594070061797993
TCGA-2G-AAF4-01,-3.1929001270856148
TCGA-CV-6960-01,2.436030106723809
TCGA-55-A57B-01,-2.4691829373056016
TCGA-85-8355-01,4.867578851704755
TCGA-WQ-A9G7-01,5.19223018359537
TCGA-38-4627-01,-3.1158792455245092
TCGA-AP-A5FX-01,-2.847881647787635
TCGA-D6-6516-01,26.023122631542414
TCGA-ZS-A9CG-01,-1.8023160137142737
TCGA-VT-AB3D-01,-2.584853112285346
TCGA-DC-4749-01,-0.5731349200992895
TCGA-IB-A5ST-01,-3.4561709218932606
TCGA-UY-A78K-01,10.110413595483518
TCGA-AO-A12E-01,-2.4065550197147445
TCGA-77-8130-01,2.712257947478223
TCGA-AR-A24S-01,-0.7301142111161095
TCGA-KL-8339-01,-2.8368373162738907
TCGA-HT-7856-01,-3.145411965384129
TCGA-E2-A15K-01,-3.0019165582640386
TCGA-AJ-A3EL-01,76.36588854229615
TCGA-AO-A12G-01,-2.1198554473687268
TCGA-2G-AAKG-01,-2.5124071054793125
TCGA-4Z-AA87-01,2.1942190166072724
TCGA-VD-AA8T-01,-3.4561709218932606
TCGA-YL-A8SC-01,-2.2498318306369183
TCGA-AX-A3FZ-01,-0.4545407514316205
TCGA-BH-A0HA-01,2.119422810765749
TCGA-CV-7104-01,-0.5532959751472492
TCGA-D6-6823-01,-1.0787813883497566
TCGA-5P-A9JW-01,-2.204067024830774
TCGA-ET-A39M-01,-3.3869082808926256
TCGA-06-0750-01,-3.1158792455245092
TCGA-FY-A3R8-01,-2.850236724911697
TCGA-56-7823-01,3.6514934900765206
TCGA-BP-4770-01,-1.2600268726758992
TCGA-85-8072-01,3.146299935672898
TCGA-DK-A3IN-01,3.732344722576487
TCGA-DD-AAD6-01,-0.9122562796946897
TCGA-CU-A0YO-01,-1.9246674045627488
TCGA-N7-A4Y5-01,-1.072384355038095
TCGA-BQ-7049-01,-2.9113816673778232
TCGA-CV-A45O-01,-1.4629860835394353
TCGA-F5-6571-01,-0.30288072513304637
TCGA-86-7711-01,2.33605534066321
TCGA-TS-A7PB-01,-1.6545462635430597
TCGA-RQ-A6JB-01,-2.0436531607236135
TCGA-FV-A3I0-01,-1.774967847907576
TCGA-05-5423-01,-0.13811283538378888
TCGA-BP-4961-01,-2.961977483843149
TCGA-G3-A3CH-01,-2.821348076461192
TCGA-21-1071-01,2.0128060432093777
TCGA-J8-A3YF-01,-3.1978466777414543
TCGA-LG-A6GG-01,0.866299774658654
TCGA-W8-A86G-01,-3.0793802868594993
TCGA-LN-A4A4-01,0.1256275646745834
TCGA-CN-6989-01,-1.4189223582158044
TCGA-ZF-A9R5-01,0.8309004339240159
TCGA-B0-5102-01,-2.3417585913681873
TCGA-E2-A153-01,-2.620879442023495
TCGA-JY-A6FA-01,-0.5523442045035571
TCGA-WB-A81T-01,-3.2092540509068175
TCGA-32-5222-01,-0.9012300065869477
TCGA-E8-A3X7-01,-2.7939228390639728
TCGA-AR-A24W-01,-3.326196904117899
TCGA-QT-A5XJ-01,-3.2659007072977393
TCGA-BD-A3EP-01,-1.1382789189413367
TCGA-D8-A1JJ-01,-1.347728713619469
TCGA-4G-AAZO-01,-2.111175245363714
TCGA-QN-A5NN-01,-1.8468277557214743
TCGA-DD-AADM-01,1.104313725396057
TCGA-2Z-A9J2-01,-0.5075516678489675
TCGA-CC-5258-01,-0.4046269996269365
TCGA-DX-A48P-01,-2.1548648304343114
TCGA-P3-A6T2-01,-1.674246134943628
TCGA-ZA-A8F6-01,-2.4664113999734067
TCGA-BK-A6W3-01,42.55748742511858
TCGA-FA-A86F-01,-1.1464576892740228
TCGA-EJ-5524-01,-1.3835213816471525
TCGA-BR-8364-01,-2.880206368645149
TCGA-DJ-A1QO-01,-1.5852770420537003
TCGA-77-8008-01,1.6991256987895191
TCGA-CV-7102-01,-0.19781014487528314
TCGA-91-8496-01,-3.269591772438234
TCGA-BR-A453-01,-0.9084687180293824
TCGA-G4-6307-01,0.15970316818749958
TCGA-CN-A498-01,0.927791923239175
TCGA-QH-A6XA-01,-2.9007213677655805
TCGA-DQ-7593-01,-1.0688587022830869
TCGA-DD-A3A6-01,-1.411702993113869
TCGA-E2-A158-01,-0.0046305136514366695
TCGA-HD-A4C1-01,0.138416028732402
TCGA-B5-A0JN-01,-0.013638013474383351
TCGA-UE-A6QT-01,-2.353080075209556
TCGA-BR-4187-01,-2.750344347055737
TCGA-B0-4712-01,-0.9735721061475187
TCGA-P5-A77W-01,-2.8023812459363757
TCGA-B8-5549-01,-2.640092074507216
TCGA-86-8280-01,-2.3911558726547115
TCGA-27-2519-01,-1.8941012977952085
TCGA-EA-A3Y4-01,0.5892342132190784
TCGA-BH-A204-01,-3.0739309320414194
TCGA-ZF-A9R1-01,-0.4173363356088016
TCGA-CF-A47S-01,-3.277417316543767
TCGA-R5-A7O7-01,0.3123340804323458
TCGA-BA-5151-01,-0.49271004028169185
TCGA-FD-A62N-01,0.34505087677467144
TCGA-CS-4942-01,-2.679503530190467
TCGA-B0-4815-01,-2.7821943671032057
TCGA-IQ-A61G-01,0.0488729781357609
TCGA-X7-A8DJ-01,-3.306891123006125
TCGA-QR-A6H5-01,-3.2622029281675853
TCGA-CS-6186-01,-2.0410450062234093
TCGA-EM-A2P3-01,-3.0159328150077642
TCGA-V1-A9O7-01,-2.4206898508313635
TCGA-UB-AA0U-01,-2.264168785683373
TCGA-96-A4JL-01,-1.998474930736276
TCGA-GM-A2DM-01,-2.396778351186116
TCGA-2Z-A9J6-01,-2.4774843821076735
TCGA-BQ-5876-01,0.002857458418941899
TCGA-DU-7008-01,-2.5646914153436207
TCGA-60-2698-01,17.110071929348535
TCGA-FE-A231-01,-3.2176981973634873
TCGA-HT-7688-01,-0.94846110724654
TCGA-G3-A25Y-01,-2.2372911301206773
TCGA-V3-A9ZX-01,-3.4561709218932606
TCGA-EO-A3KX-01,35.022598031776425
TCGA-2G-AALW-01,-3.125709355878755
TCGA-DU-A7T8-01,-2.6675594100670468
TCGA-D8-A27H-01,1.7257526480548706
TCGA-P3-A6T8-01,-0.5684192298683483
TCGA-B0-4698-01,8.371937394318056
TCGA-BR-8591-01,18.967885715745666
TCGA-HU-A4GP-01,3.078726176559399
TCGA-YC-A89H-01,11.557548760934095
TCGA-L5-A88S-01,-0.30917504780507726
TCGA-UC-A7PF-01,5.69327807578508
TCGA-2H-A9GN-01,-1.1275228848072287
TCGA-B0-5096-01,-1.0197706397221014
TCGA-VQ-AA6A-01,0.7384202533420074
TCGA-44-6146-01,-2.433970861664935
TCGA-EL-A4K6-01,-1.8452453796205208
TCGA-GU-A42R-01,-1.096435339518156
TCGA-DU-A6S3-01,-2.710733930866264
TCGA-63-7023-01,2.307001373134729
TCGA-5C-AAPD-01,-2.3530235297864985
TCGA-DB-A64U-01,-3.3557404101164123
TCGA-CF-A47X-01,3.6818065461718983
TCGA-AK-3465-01,-3.024254583721612
TCGA-K7-A6G5-01,-0.6987697689831696
TCGA-DD-A116-01,0.2362478613951801
TCGA-EM-A22L-01,-2.979028043605619
TCGA-AR-A0TZ-01,-2.462340918509373
TCGA-22-4591-01,2.659412504196556
TCGA-DJ-A1QD-01,-3.238331875864404
TCGA-78-7146-01,5.361591692931132
TCGA-L6-A4EQ-01,-3.226967978408551
TCGA-IB-7649-01,-0.811138572032377
TCGA-35-4122-01,3.617164048527038
TCGA-SX-A71U-01,-1.1062105074084885
TCGA-D8-A1XY-01,-2.346627323089464
TCGA-L5-A43I-01,2.6831197549158587
TCGA-HT-A61C-01,-0.8010232894426195
TCGA-58-8386-01,6.047273974251627
TCGA-A2-A0CK-01,-3.3628481946513484
TCGA-AZ-5403-01,-0.0768290797427157
TCGA-CN-A6V1-01,3.360155250471031
TCGA-V4-A9E9-01,-3.4561709218932606
TCGA-BJ-A28X-01,-3.3869082808926256
TCGA-AC-A8OR-01,-3.2767451199226127
TCGA-G3-AAV5-01,-1.3293139826832756
TCGA-CM-5861-01,19.79825359489814
TCGA-A2-A0YH-01,-0.5584811246703014
TCGA-78-8648-01,-2.248609691629516
TCGA-DD-A11B-01,-2.917308245228475
TCGA-WC-A888-01,-3.2835480052665043
TCGA-DX-A48N-01,-2.464534062745889
TCGA-DE-A4MC-01,-2.850806722115505
TCGA-A2-A4S2-01,-2.4817631919091223
TCGA-2G-AAGW-01,-2.2046988501857245
TCGA-2F-A9KQ-01,-0.931058147260884
TCGA-DK-A1A7-01,0.8789714189894963
TCGA-KS-A41F-01,-2.9303674886580606
TCGA-DD-AAD5-01,-0.6886451831617734
TCGA-AQ-A7U7-01,-2.3780159897503363
TCGA-12-0821-01,-1.4307586510988588
TCGA-TQ-A7RF-01,-2.218503783841049
TCGA-B0-4700-01,-3.019006351689707
TCGA-B0-5092-01,-0.025931167750857156
TCGA-E2-A10A-01,-3.277654588351627
TCGA-XM-A8R8-01,-3.2697293376686374
TCGA-CZ-4859-01,-0.04728272661158167
TCGA-19-2619-01,-2.178333777709542
TCGA-F6-A8O3-01,-2.9459987539945267
TCGA-CN-A49B-01,-0.8049697443828648
TCGA-MH-A854-01,-0.7015735996231702
TCGA-CQ-A4CB-01,-0.724711174309807
TCGA-SR-A6MS-01,-3.4561709218932606
TCGA-C8-A12P-01,0.7864964610587082
TCGA-DD-A73E-01,1.3275339921934806
TCGA-94-8491-01,8.702005571508048
TCGA-VS-A9UB-01,-1.7561342026678115
TCGA-LN-A4A3-01,-1.4592197515086351
TCGA-CH-5763-01,-3.2918834568676525
TCGA-CA-5796-01,-0.0008286303105843068
TCGA-DD-AADJ-01,-1.9872687978187165
TCGA-86-7953-01,-2.8949196271154825
TCGA-GM-A5PX-01,-3.2702938141836833
TCGA-A7-A13F-01,-2.7235272529262886
TCGA-ET-A2MX-01,-3.125709355878755
TCGA-AZ-4323-01,-1.0303641310803417
TCGA-EU-5907-01,-2.3996793659250737
TCGA-2G-AALX-01,-3.4561709218932606
TCGA-QR-A70H-01,-3.064630884743572
TCGA-LT-A8JT-01,-1.8110911507000995
TCGA-DX-A3M1-01,-2.545077939154845
TCGA-5S-A9Q8-01,0.47390068560810744
TCGA-R8-A6ML-01,-3.010946383156243
TCGA-CR-5247-01,-0.9653865547724885
TCGA-60-2697-01,-3.307550763653271
TCGA-HC-7213-01,-2.822802968205469
TCGA-D8-A1X9-01,-1.4776654664670366
TCGA-L5-A891-01,1.1853891854613254
TCGA-DU-A5TT-01,-2.3122615068347234
TCGA-NC-A5HN-01,10.373809947793102
TCGA-AR-A1AN-01,-2.875649853329303
TCGA-AL-3468-01,-2.2418062779476524
TCGA-44-5643-01,2.50530981358495
TCGA-W5-AA2R-01,-3.0881951359831543
TCGA-EM-A3FR-01,-2.527301153948924
TCGA-21-5784-01,6.351803415216734
TCGA-D8-A1Y0-01,-3.0519021138919697
TCGA-BR-8676-01,-0.6482696541435389
TCGA-MX-A5UG-01,-2.322796298293888
TCGA-DD-A4NH-01,-1.1540219066426998
TCGA-QH-A870-01,-2.646638000244508
TCGA-EW-A1PG-01,-3.4561709218932606
TCGA-QS-A5YQ-01,17.111917896542515
TCGA-F9-A7VF-01,-0.8673168912340415
TCGA-HC-7209-01,-1.6465123785241111
TCGA-UT-A88D-01,-2.817465104829994
TCGA-D5-6928-01,21.24404657956299
TCGA-DZ-6132-01,-2.161932156473331
TCGA-P3-A6SX-01,2.861047422816024
TCGA-EM-A3OA-01,-2.9925476099828767
TCGA-FB-A78T-01,-2.4252838544316035
TCGA-GV-A6ZA-01,4.033537169141576
TCGA-DB-A75O-01,-1.305454050393638
TCGA-BQ-7051-01,-1.7505064024222647
TCGA-L5-A8NV-01,-0.5180238304428633
TCGA-CI-6623-01,-0.8582673659934389
TCGA-QR-A6H2-01,-3.2557302502868817
TCGA-OR-A5LE-01,-2.5982153524975504
TCGA-ET-A3BT-01,-3.3869082808926256
TCGA-M7-A71Y-01,-3.1296170697215366
TCGA-4C-A93U-01,-2.1898944557539783
TCGA-CN-A6UY-01,-1.848798210052349
TCGA-HT-8111-01,-1.9889508656645414
TCGA-FD-A5BT-01,0.22290626913779443
TCGA-MQ-A4LM-01,-3.3025758654416393
TCGA-S9-A7QZ-01,-1.3806798673392693
TCGA-AF-2690-01,-1.685446463036998
TCGA-12-0619-01,-1.5520269279712768
TCGA-F7-A61V-01,-1.0007993977807474
TCGA-UB-AA0V-01,-3.4561709218932606
TCGA-GV-A3QH-01,1.2220879957778235
TCGA-S7-A7WX-01,-3.4561709218932606
TCGA-XY-A9T9-01,-3.392304774113902
TCGA-BW-A5NP-01,-1.0114440607170063
TCGA-QK-A8Z7-01,0.8145834693247967
TCGA-J4-A6M7-01,-3.4561709218932606
TCGA-XE-A9SE-01,-3.083053551306018
TCGA-L6-A4EU-01,-2.8734416680496624
TCGA-AC-A7VC-01,-2.068012025756169
TCGA-KK-A6E0-01,-3.0098954444195716
TCGA-DD-A4NL-01,-2.928719812979687
TCGA-EP-A3JL-01,-0.7044404176695686
TCGA-73-7498-01,-0.9798245874771481
TCGA-SY-A9G0-01,-2.334884658666588
TCGA-FB-AAPP-01,-0.46724931169819717
TCGA-UC-A7PI-01,-2.6730627922441563
TCGA-E9-A1R3-01,-2.5638092366158505
TCGA-E2-A1IN-01,0.39290945547001843
TCGA-FC-A6HD-01,-2.892302744237729
TCGA-75-6214-01,13.88346738896953
TCGA-93-7348-01,-0.7962228715763865
TCGA-XE-AANJ-01,-3.4561709218932606
TCGA-A4-7734-01,-2.7841892545401894
TCGA-A6-5664-01,-1.6655725651961313
TCGA-AZ-5407-01,-1.3224499868005326
TCGA-CD-A4MJ-01,9.617997285966258
TCGA-97-8174-01,-0.8156491454635
TCGA-WB-A80N-01,-3.4561709218932606
TCGA-CJ-4640-01,-1.8599719019589482
TCGA-A2-A25E-01,-3.0899757344602232
TCGA-DG-A2KL-01,-1.4317110720597779
TCGA-HU-A4H3-01,13.372963801209952
TCGA-DB-5273-01,-2.753180089802228
TCGA-ET-A3DO-01,-2.6325291809019196
TCGA-BT-A2LD-01,1.5241761322415954
TCGA-CJ-6033-01,-1.9900339319427727
TCGA-DK-A1AC-01,12.188095218760036
TCGA-55-8620-01,9.014688405760772
TCGA-CZ-5468-01,-1.4834432468887264
TCGA-EJ-5499-01,-2.575800367223471
TCGA-DD-AAD1-01,0.8629443866754926
TCGA-2J-AABU-01,-2.264451316492671
TCGA-YS-A95B-01,-3.1490617985448575
TCGA-CN-A6V6-01,-1.6815435035145296
TCGA-EW-A1IY-01,-3.2899804341332
TCGA-B6-A0X4-01,-2.2357818083675522
TCGA-D8-A1XQ-01,11.642438068826502
TCGA-KK-A6DY-01,-2.2569981534706973
TCGA-62-8399-01,10.112349843523797
TCGA-JW-AAVH-01,-0.14612160171456348
TCGA-5U-AB0E-01,-3.299222287424232
TCGA-HT-7470-01,-1.6819163625021019
TCGA-80-5607-01,-0.13382456006768784
TCGA-A2-A0CL-01,-0.9467904793302926
TCGA-3S-AAYX-01,-3.276185348930131
TCGA-KM-8477-01,-3.1296170697215366
TCGA-FG-A4MY-01,-1.4184436586367948
TCGA-2G-AAGP-01,-3.283045303280148
TCGA-C8-A27A-01,-2.4954882674949905
TCGA-B0-5088-01,-2.6094490518205893
TCGA-DD-AADF-01,2.258980845649816
TCGA-B8-5162-01,-1.8062230020800423
TCGA-KU-A6H8-01,-1.7541277244973161
TCGA-CQ-5331-01,1.4830009666877375
TCGA-E9-A1R7-01,-2.7662850223556235
TCGA-FD-A6TD-01,1.2087591877959947
TCGA-DJ-A4UP-01,-3.4561709218932606
TCGA-DK-AA77-01,4.8544998115187665
TCGA-AY-6196-01,2.034989536514648
TCGA-E9-A249-01,-3.043690890706757
TCGA-77-7141-01,12.470468101186583
TCGA-90-7766-01,0.327226682715746
TCGA-HT-8108-01,-1.232415018311637
TCGA-3H-AB3K-01,-3.4561709218932606
TCGA-N5-A4RV-01,-1.4345913558623513
TCGA-B0-5711-01,-3.153840781415174
TCGA-LN-A49L-01,-0.6133977943598495
TCGA-BQ-5883-01,-3.076532157828065
TCGA-49-AAR2-01,5.9411176044241705
TCGA-XF-A8HC-01,-1.3005930347666363
TCGA-DB-A4XE-01,-2.7399429142199128
TCGA-CH-5764-01,-2.3718311611897582
TCGA-BA-A6D8-01,0.8184543556397667
TCGA-BH-A1F5-01,-2.8380959227442863
TCGA-3A-A9IS-01,-2.890780688314587
TCGA-43-2581-01,15.328205844135189
TCGA-HT-A4DS-01,-2.3150403576344014
TCGA-PQ-A6FN-01,-1.215743085575282
TCGA-DX-A6YR-01,-1.5785564977004833
TCGA-B3-A6W5-01,-3.4561709218932606
TCGA-DJ-A4UT-01,-2.5509826888589537
TCGA-XF-A9SL-01,-1.5766001506885317
TCGA-D5-6920-01,-1.0301125548297922
TCGA-DD-AAE3-01,0.30426031358802486
TCGA-CG-4477-01,0.7598821654231254
TCGA-B8-4151-01,-2.443787149209142
TCGA-55-6543-01,-2.9692158404500546
TCGA-JY-A93F-01,-0.5750303238529801
TCGA-QT-A5XP-01,-3.0597773161375112
TCGA-W2-A7HF-01,-3.206980004103086
TCGA-2Z-A9J5-01,-0.9458426288724723
TCGA-DU-8158-01,-1.834585313948738
TCGA-HT-7474-01,-1.328586333138407
TCGA-2J-AABF-01,-1.1815224107351059
TCGA-G9-6363-01,-1.843309982186695
TCGA-49-4501-01,-2.8027261774993453
TCGA-78-7156-01,2.942420083694071
TCGA-ZG-A9L2-01,-3.1995359091077273
TCGA-DH-5143-01,-2.5105877404468053
TCGA-CV-A461-01,8.387777400885389
TCGA-EO-A1Y7-01,-1.7704784752484561
TCGA-2X-A9D6-01,-2.8043578734170085
TCGA-IA-A40X-01,-3.2150494817962145
TCGA-VN-A88L-01,-2.8054829255627585
TCGA-TQ-A7RJ-01,-2.028347816502393
TCGA-RC-A6M4-01,-0.5780013589335687
TCGA-G7-6789-01,-3.388903206918937
TCGA-GC-A6I1-01,1.2574945582069748
TCGA-FD-A5BX-01,3.171597038682384
TCGA-G9-6498-01,-2.9417828497074736
TCGA-BB-8596-01,-1.057757445202484
TCGA-G4-6297-01,-0.4107614783155698
TCGA-G3-A7M7-01,-2.35794611745354
TCGA-62-A46S-01,-0.304512559913084
TCGA-2J-AABT-01,-1.4570945736633345
TCGA-BT-A20V-01,-1.8402993178350548
TCGA-85-8354-01,2.4494596943342692
TCGA-FD-A6TA-01,0.34089620791019043
TCGA-LN-A7HZ-01,0.22762494873545744
TCGA-AC-A5XU-01,-2.5058632720059832
TCGA-EJ-5496-01,-1.9393394503734298
TCGA-MH-A561-01,-1.2833817438587773
TCGA-E8-A44K-01,-3.3869082808926256
TCGA-KK-A8IA-01,-2.2082291382096866
TCGA-OR-A5JA-01,6.061332511252622
TCGA-CC-A3MB-01,0.276144261396344
TCGA-49-AARQ-01,12.134328295060378
TCGA-13-1477-01,0.9896070762111822
TCGA-Q2-A5QZ-01,-1.7630887328354168
TCGA-EJ-5509-01,-2.995397033967333
TCGA-AN-A0XL-01,-2.7407382471342867
TCGA-BQ-5892-01,-2.3518861596272687
TCGA-L5-A8NU-01,-1.6993577673810016
TCGA-V1-A9OF-01,-3.0904343897696194
TCGA-S9-A7QY-01,-2.6673326330093534
TCGA-EL-A3CM-01,-3.3869082808926256
TCGA-DB-A4XA-01,-2.0938208451252676
TCGA-XR-A8TG-01,-0.7724423584845452
TCGA-G7-6797-01,-3.03686744636987
TCGA-63-A5MW-01,9.260551174724455
TCGA-XA-A8JR-01,-2.9802258843738585
TCGA-28-5213-01,-1.048290657128402
TCGA-VQ-A92D-01,-0.14852131165568033
TCGA-B1-A656-01,-2.1604989792916784
TCGA-GV-A3JW-01,-2.440151141763901
TCGA-P5-A731-01,-2.6330622697942094
TCGA-A2-A0YC-01,-2.933829761026099
TCGA-N8-A4PN-01,0.013755038164382853
TCGA-GM-A2DC-01,-3.4561709218932606
TCGA-93-A4JN-01,0.4636372319707981
TCGA-E1-A7YE-01,-0.582009572448843
TCGA-Q1-A5R1-01,-2.706798536877901
TCGA-N5-A4RN-01,-1.5224783871885592
TCGA-A2-A3XT-01,-0.11375221109318781
TCGA-FG-A710-01,-2.9939085844246858
TCGA-DJ-A1QI-01,-3.3869082808926256
TCGA-OR-A5J5-01,2.6840751939685963
TCGA-XU-AAY0-01,-3.249637600740594
TCGA-HT-8010-01,-2.996121423621691
TCGA-BQ-7050-01,-3.280343676279779
TCGA-2H-A9GR-01,6.004071965927986
TCGA-CD-8534-01,-1.310322423503322
TCGA-60-2708-01,1.8130805876476601
TCGA-DU-7299-01,-2.2583667662172253
TCGA-HC-7821-01,-2.008236676756065
TCGA-KS-A4ID-01,-3.4561709218932606
TCGA-B8-A54J-01,-2.752227258306737
TCGA-BR-4257-01,13.568631904832781
TCGA-A2-A0YT-01,0.5736213291040531
TCGA-91-6847-01,-1.6820538697093375
TCGA-DB-5270-01,-2.212812755939266
TCGA-KC-A7F6-01,-1.660708996008571
TCGA-FE-A3PC-01,-3.019537416944865
TCGA-CF-A1HS-01,2.9493066256221225
TCGA-14-0789-01,-1.6249060806459297
TCGA-EP-A2KB-01,-2.233372707777493
TCGA-25-1319-01,-2.0690675496774285
TCGA-22-4593-01,0.44097958307651336
TCGA-HE-A5NL-01,-2.3170074910791243
TCGA-55-6642-01,-0.35154149750464014
TCGA-34-5240-01,2.09007504407801
TCGA-M7-A721-01,-3.2581591455922676
TCGA-D7-8579-01,1.406839715563721
TCGA-UZ-A9PR-01,-2.3384681344223357
TCGA-CU-A5W6-01,0.42707580814962603
TCGA-CG-4443-01,-1.3649254737016863
TCGA-ZQ-A9CR-01,2.0434245755590794
TCGA-A4-A772-01,-2.9999914452772445
TCGA-DX-A3UF-01,-2.4156823907112246
TCGA-33-6737-01,10.103671253100238
TCGA-CV-7180-01,-1.735241439761156
TCGA-KT-A74X-01,-3.3557404101164123
TCGA-BH-A1EO-01,-2.244706507536528
TCGA-DB-A75L-01,-1.6901030180953702
TCGA-E2-A107-01,-3.4561709218932606
TCGA-EK-A2PL-01,0.48755994447719636
TCGA-55-8203-01,8.348644115531677
TCGA-A6-2686-01,25.8955601447019
TCGA-T1-A6J8-01,-0.6336447641068266
TCGA-DX-A8BG-01,-1.6905698971578142
TCGA-KB-A93H-01,2.9482101056648506
TCGA-CV-7416-01,-2.3945208800409965
TCGA-SH-A9CT-01,-2.895874656383591
TCGA-OR-A5JZ-01,-2.859711244488318
TCGA-BA-A6DL-01,-1.294777602653623
TCGA-90-A4ED-01,22.817260103501663
TCGA-XJ-A83G-01,-2.6738015507649306
TCGA-MB-A5Y8-01,-3.2477096143982362
TCGA-FD-A6TC-01,10.799805243144913
TCGA-GC-A3I6-01,1.5378529400691145
TCGA-DX-A48J-01,-2.476468936682136
TCGA-66-2771-01,6.328733480344535
TCGA-XE-AAOJ-01,-2.8326640584958516
TCGA-DM-A28F-01,3.6769616548477266
TCGA-VR-A8EP-01,0.199827061432337
TCGA-HT-A616-01,-2.297968035307564
TCGA-V1-A8MJ-01,-1.9403530193752159
TCGA-HT-A74K-01,-2.543072495351027
TCGA-P7-A5NY-01,-3.157625774805982
TCGA-A2-A04W-01,0.3612149178860645
TCGA-94-A5I4-01,2.223389768699587
TCGA-CV-7090-01,-2.445324527261629
TCGA-85-A53L-01,5.265994184895318
TCGA-LD-A74U-01,0.5542114355551205
TCGA-WY-A85C-01,-2.082998784116572
TCGA-FG-8188-01,-1.3089720635402888
TCGA-CD-5801-01,9.174239642326553
TCGA-V1-A8X3-01,-2.4389490049016787
TCGA-N6-A4V9-01,-2.806551530391943
TCGA-MK-A4N7-01,-2.7384524095675262
TCGA-W2-A7HA-01,-3.4561709218932606
TCGA-BH-A0RX-01,-2.3112362997102
TCGA-HZ-A77Q-01,-1.7861267552217857
TCGA-Q1-A6DW-01,-1.5572825855040435
TCGA-FF-8061-01,-1.000617167079933
TCGA-C5-A2M1-01,-1.7869799658764096
TCGA-BH-A0DV-01,-2.9772024030959434
TCGA-R6-A8W8-01,0.8661356437121317
TCGA-CW-6093-01,-0.08530616280902933
TCGA-R2-A69V-01,-2.448060687438016
TCGA-22-4594-01,6.863290315755699
TCGA-44-7670-01,19.093758213268647
TCGA-AK-3456-01,-2.635264401028812
TCGA-CA-5256-01,-1.0637724966610758
TCGA-3G-AB0Q-01,-2.9804509505045953
TCGA-BA-A8YP-01,0.13775236774635893
TCGA-CV-7421-01,-1.260723431840933
TCGA-L5-A8NQ-01,1.594083843351571
TCGA-DU-A6S7-01,-2.568710186767402
TCGA-MP-A4TJ-01,-1.1884892520241728
TCGA-DW-7838-01,-1.1910030256616184
TCGA-XM-A8RH-01,-3.273940244739259
TCGA-KN-8419-01,-3.4561709218932606
TCGA-CV-7255-01,0.9137604613881147
TCGA-3B-A9I3-01,-1.9304069320343025
TCGA-FD-A6TH-01,1.598885522221324
TCGA-09-2044-01,-0.852075003157297
TCGA-WK-A8Y0-01,-1.1469376932706958
TCGA-IB-AAUP-01,-1.903434336792171
TCGA-RW-A67V-01,-2.1953700972831567
TCGA-D7-8572-01,1.3787365769965745
TCGA-GM-A2DO-01,-0.20378434027476663
TCGA-60-2721-01,1.411886207677923
TCGA-TP-A8TT-01,-2.982808000269221
TCGA-CJ-4638-01,-0.3327006246742645
TCGA-DD-A73G-01,-1.0099290352043733
TCGA-MB-A5Y9-01,-2.8790749388342736
TCGA-K4-A83P-01,2.194877382276252
TCGA-B8-4148-01,-2.7726649529411342
TCGA-A2-A0T1-01,-2.845909520635516
TCGA-BT-A20N-01,3.311832321050039
TCGA-FB-AAPS-01,-1.1725206916809308
TCGA-CG-5722-01,-0.28717395917179667
TCGA-38-6178-01,0.4446122031662649
TCGA-OR-A5JI-01,-3.4561709218932606
TCGA-85-8052-01,1.6436696766835766
TCGA-KV-A6GD-01,-2.7622003191643727
TCGA-43-3920-01,4.429564730819156
TCGA-B1-A655-01,-0.5653362614448258
TCGA-BH-A1ET-01,-2.696805342734799
TCGA-BH-A0EI-01,-3.283484333785332
TCGA-AZ-6608-01,2.3318019154696135
TCGA-V4-A9EA-01,-3.295636566668269
TCGA-B5-A3FD-01,-0.7399734170716208
TCGA-IB-7651-01,90.68159963432429
TCGA-DU-7294-01,-3.062990253146562
TCGA-E2-A15J-01,-2.7257919635091343
TCGA-22-1000-01,-0.6320682370657331
TCGA-BP-5187-01,-2.981782917050088
TCGA-L5-A8NF-01,-0.19650525057744167
TCGA-A7-A26H-01,-1.2902062811967574
TCGA-86-8074-01,-1.3326212742941828
TCGA-CW-6097-01,-3.0091519136825773
TCGA-B3-8121-01,-2.8503133645584753
TCGA-DB-5274-01,-3.3557404101164123
TCGA-52-7812-01,2.7739558916846723
TCGA-AG-3591-01,-0.17868690355353906
TCGA-DD-AAEB-01,-0.5535590845161379
TCGA-MB-A8JL-01,-2.3413375193649166
TCGA-BP-5192-01,-2.569706496899757
TCGA-QC-A6FX-01,-1.7537639401450582
TCGA-EJ-5522-01,-3.307281735401197
TCGA-E2-A1IL-01,-2.617410567181335
TCGA-CC-5263-01,-0.4228218460173928
TCGA-BR-8380-01,-1.6342694419698585
TCGA-55-8616-01,9.341077422499724
TCGA-EA-A5ZF-01,-1.6692205121235038
TCGA-B5-A11R-01,8.865875879033691
TCGA-28-5209-01,-0.8404332010363031
TCGA-C8-A27B-01,-0.31495163975454626
TCGA-BR-7851-01,16.501800208483278
TCGA-97-A4M0-01,4.830312396240604
TCGA-CV-6959-01,-1.0842233905973027
TCGA-HT-7604-01,-0.3031563048397814
TCGA-EL-A3ZR-01,-2.973093694476786
TCGA-D8-A4Z1-01,-3.1474796481651124
TCGA-49-6767-01,6.974546997921914
TCGA-BA-4078-01,10.345528209707446
TCGA-FU-A23L-01,0.24566914136049284
TCGA-TM-A84F-01,-2.5182450374616114
TCGA-YL-A8SA-01,-3.0840588966411664
TCGA-UY-A9PB-01,8.007869025302723
TCGA-WB-A81N-01,-3.4561709218932606
TCGA-D7-6518-01,-1.3130233966146512
TCGA-FE-A3PD-01,-3.2820982569031223
TCGA-UB-A7MC-01,-1.257168365332673
TCGA-CG-4440-01,1.6774769352652854
TCGA-XE-A8H1-01,-3.4561709218932606
TCGA-AG-4022-01,0.2877017585990961
TCGA-ED-A8O6-01,-1.930970429363444
TCGA-A3-3373-01,-3.1570255965635075
TCGA-BJ-A18Y-01,-3.4561709218932606
TCGA-B7-A5TN-01,-0.11637597216024136
TCGA-DB-A64O-01,-2.72033006907005
TCGA-AJ-A3EJ-01,-1.6266975430124042
TCGA-HT-7884-01,-1.9094994823800204
TCGA-E9-A1RC-01,-1.33473606695911
TCGA-DJ-A3V9-01,-3.1795833767487762
TCGA-A2-A04N-01,-2.059657768700282
TCGA-55-1595-01,5.655047584346938
TCGA-ZG-A9L9-01,-3.1087172925002817
TCGA-BH-A8FY-01,-1.2307858004345569
TCGA-CI-6621-01,1.3106024454990293
TCGA-5P-A9K2-01,-2.3555336123561217
TCGA-E7-A4IJ-01,5.852541422034633
TCGA-DK-A3IL-01,1.6932679166062825
TCGA-D7-6527-01,4.777170109412385
TCGA-CV-7415-01,-0.04985714253856215
TCGA-22-5491-01,6.260161221895535
TCGA-L7-A6VZ-01,2.110004722830689
TCGA-CJ-4637-01,-1.7513002053570021
TCGA-EJ-A46H-01,-3.4561709218932606
TCGA-BH-A5J0-01,-0.5979566619594546
TCGA-S9-A6WE-01,-3.2131981377943313
TCGA-QQ-A8VF-01,8.771896451412358
TCGA-Y6-A8TL-01,-3.4561709218932606
TCGA-ZN-A9VO-01,-3.18144599846649
TCGA-QH-A6CY-01,-3.1592374058104316
TCGA-2J-AABE-01,-3.160485338468445
TCGA-AX-A3G4-01,-0.4820556169948253
TCGA-70-6722-01,6.063691760534959
TCGA-CZ-5465-01,0.3031241994583294
TCGA-S9-A6WM-01,-1.8591598076857963
TCGA-B9-4115-01,-3.2222852692677244
TCGA-FY-A3RA-01,-3.3869082808926256
TCGA-SX-A7SS-01,-0.14369308952843057
TCGA-4K-AA1I-01,-3.1563669363542775
TCGA-21-1070-01,10.244582116282734
TCGA-28-5218-01,-2.523358723756419
TCGA-MI-A75E-01,-0.7950402346300494
TCGA-W6-AA0S-01,-2.283151950202312
TCGA-VQ-AA69-01,-1.1103484306379476
TCGA-HC-7233-01,-2.6232736669038865
TCGA-BP-5199-01,-1.732330637923393
TCGA-CQ-6227-01,-2.8235431505335256
TCGA-LK-A4NZ-01,-1.3293290040729773
TCGA-HT-A5RA-01,-2.729694608330972
TCGA-LN-A4MR-01,1.2874887113363083
TCGA-BR-6706-01,3.1903088891386124
TCGA-49-AARR-01,-3.4561709218932606
TCGA-85-8276-01,4.812276401645055
TCGA-MP-A4T9-01,-2.7335403442164665
TCGA-LN-A49O-01,-1.2840333020490895
TCGA-BH-A18I-01,-2.431515328949052
TCGA-NC-A5HT-01,5.870312219508305
TCGA-QH-A6CV-01,-2.7109241292004485
TCGA-XR-A8TD-01,-2.0827317197142814
TCGA-CR-7365-01,0.8876446856110852
TCGA-CH-5744-01,-2.749981936117307
TCGA-OR-A5LA-01,-3.2516121380955147
TCGA-QT-A5XL-01,-3.4561709218932606
TCGA-DE-A69K-01,-3.2831769670857045
TCGA-G4-6306-01,-0.5863438308939116
TCGA-VM-A8CE-01,-2.2637061851191893
TCGA-CG-5719-01,-0.4626425245938292
TCGA-BB-4224-01,-0.33074355574140696
TCGA-ZF-AA51-01,8.822033866361629
TCGA-TS-A8AY-01,-1.985121549098515
TCGA-CJ-5676-01,-1.622295846586669
TCGA-PK-A5HA-01,-1.4363557291419924
TCGA-DJ-A3UU-01,-3.3869082808926256
TCGA-DX-A8BZ-01,-2.939719648541689
TCGA-56-8625-01,3.370384704234964
TCGA-60-2703-01,4.167367685797685
TCGA-S7-A7X1-01,-2.380139365808769
TCGA-DD-A3A7-01,-1.0378598632661988
TCGA-NC-A5HH-01,4.9871869657887835
TCGA-B0-4710-01,-1.0539382166744142
TCGA-BA-5555-01,1.3716076715459242
TCGA-VQ-A91U-01,0.5331724704694203
TCGA-E9-A1RH-01,-0.49433553466288127
TCGA-CR-6488-01,-3.4561709218932606
TCGA-V1-A9OA-01,-3.4561709218932606
TCGA-L6-A4EP-01,-3.1789928191132124
TCGA-AG-3731-01,0.6559640426774689
TCGA-VP-A87J-01,-1.7671366727037245
TCGA-W5-AA2W-01,-2.5629061250972343
TCGA-GM-A2DH-01,1.34353798589924
TCGA-HV-A5A3-01,-2.269125896746269
TCGA-60-2722-01,6.986506602602705
TCGA-Y8-A8RY-01,-2.3368274566165086
TCGA-EM-A2CP-01,-3.4561709218932606
TCGA-IN-A6RS-01,0.62201691939871
TCGA-EJ-7321-01,-2.292240817750777
TCGA-PL-A8LY-01,-3.4561709218932606
TCGA-LN-A49X-01,-2.4924926809400043
TCGA-A3-3347-01,-2.0714164403410833
TCGA-44-6147-01,0.48833859207810015
TCGA-DY-A1DF-01,1.7013824890161289
TCGA-EY-A54A-01,0.4519673785376864
TCGA-DJ-A3VB-01,-3.1625450144560006
TCGA-NA-A4QX-01,-1.355563420356657
TCGA-OL-A5RW-01,0.5300792231978364
TCGA-FX-A3NJ-01,-3.4561709218932606
TCGA-BH-A18M-01,-3.0880593556297304
TCGA-86-8073-01,27.10528063681079
TCGA-E2-A14R-01,-0.8728171085976126
TCGA-EK-A2H1-01,-2.3713494741274848
TCGA-LP-A4AU-01,-2.514080549748373
TCGA-MN-A4N4-01,29.15382806737779
TCGA-EM-A2CT-01,-3.4561709218932606
TCGA-VS-A9U7-01,-1.5702690683182647
TCGA-DU-5852-01,-2.37138982009893
TCGA-D5-6922-01,0.6256854889796002
TCGA-DD-AACP-01,1.1404447792784347
TCGA-EJ-5521-01,-1.0316406063200982
TCGA-EI-6917-01,50.91132114671055
TCGA-DJ-A3UQ-01,-3.3869082808926256
TCGA-EO-A3L0-01,-1.1964104483816518
TCGA-P5-A72U-01,-2.3113942052086243
TCGA-EM-A3AI-01,-1.446296817047176
TCGA-BB-A5HU-01,3.001504486364272
TCGA-CK-5916-01,19.93102252268604
TCGA-33-4582-01,3.3788541942275567
TCGA-A1-A0SN-01,-0.9926468692243746
TCGA-CV-7434-01,-1.6742323243790365
TCGA-E7-A7PW-01,-0.23782463755281627
TCGA-DX-A3U5-01,-1.8829600468361138
TCGA-28-2514-01,-2.899738480635267
TCGA-06-5859-01,-3.038650243124589
TCGA-KK-A7AU-01,-2.5247636390085613
TCGA-97-A4M3-01,0.9852434580754433
TCGA-DB-A75K-01,-1.3195509484515549
TCGA-5P-A9JY-01,-0.8722719048663677
TCGA-86-7714-01,-1.512522344508618
TCGA-G3-A25T-01,-1.6272487602499288
TCGA-FY-A40K-01,-3.3869082808926256
TCGA-49-4487-01,7.031519851996011
TCGA-IQ-7632-01,-1.4521816930459874
TCGA-VQ-A8PC-01,3.2297532817251313
TCGA-OR-A5JQ-01,-3.2858438961548946
TCGA-EL-A3D6-01,-2.395981554927773
TCGA-78-7542-01,6.582331861562259
TCGA-VD-AA8Q-01,-3.0416043589272936
TCGA-B8-5164-01,-2.440373524606958
TCGA-BH-A18F-01,-1.3072666991833015
TCGA-85-8666-01,4.7198487994400935
TCGA-FD-A62P-01,2.545578937402328
TCGA-95-A4VK-01,1.9585730527571528
TCGA-3B-A9HS-01,-2.6296748010583073
TCGA-2Y-A9GY-01,-1.3062542531960342
TCGA-HD-8635-01,1.8634402038850018
TCGA-CR-7399-01,5.663205548605325
TCGA-DM-A288-01,-1.230342469026442
TCGA-55-7994-01,23.413061706491295
TCGA-DD-AACG-01,-1.5273182787987865
TCGA-CZ-4864-01,-2.1465692247129766
TCGA-B0-5703-01,-0.08749654446823181
TCGA-DE-A4MA-01,-3.3869082808926256
TCGA-XU-AAXZ-01,-3.4561709218932606
TCGA-DU-6410-01,-2.714515198012829
TCGA-CV-7103-01,-1.835007808980289
TCGA-CN-4741-01,-1.0280750489298212
TCGA-GV-A40G-01,1.9038218170469023
TCGA-HC-7744-01,-1.7092726981323185
TCGA-AR-A2LM-01,-3.2604931736940586
TCGA-E2-A10C-01,5.191445693032711
TCGA-VQ-AA6G-01,0.8506259862492487
TCGA-WK-A8XT-01,-1.7863264952864915
TCGA-OR-A5JE-01,-1.1429633268294879
TCGA-S7-A7WV-01,-3.1707973409290413
TCGA-E8-A417-01,-1.6332066177175402
TCGA-49-6742-01,2.296365818745247
TCGA-YU-AA4L-01,-2.474395904935202
TCGA-GD-A2C5-01,2.3502970610631038
TCGA-BP-4164-01,-2.344083412595508
TCGA-A5-A2K3-01,13.889311380811268
TCGA-MP-A4T6-01,0.04963310226241944
TCGA-AR-A0TW-01,-1.9924643017545605
TCGA-LN-A49K-01,-1.5047700763722796
TCGA-55-8506-01,20.71047588823192
TCGA-CR-6487-01,1.0718777137604383
TCGA-BA-A6DG-01,-2.394468775455756
TCGA-28-2509-01,-1.0410480632600232
TCGA-QH-A65Z-01,-3.066659859705909
TCGA-T2-A6WZ-01,0.12527883274128226
TCGA-CH-5740-01,-2.9697825168637544
TCGA-MP-A4TA-01,7.684955902027776
TCGA-P4-AAVL-01,-2.1236227986738565
TCGA-BH-A0W5-01,-2.817505242234304
TCGA-YR-A95A-01,-3.2063412550295323
TCGA-J9-A52C-01,2.8552114957632466
TCGA-WW-A8ZI-01,-2.507355707620231
TCGA-AR-A24K-01,-2.2271953512466123
TCGA-CV-A6JU-01,0.5634081086584485
TCGA-14-1825-01,-2.537983129259089
TCGA-KL-8326-01,-2.111589559712767
TCGA-C5-A2LS-01,-2.7392859755066667
TCGA-AH-6644-01,0.3616996780349419
TCGA-KO-8406-01,-2.9891639534525867
TCGA-BP-4964-01,-0.03831304418174785
TCGA-UD-AAC4-01,-1.9644285477635857
TCGA-S9-A7IY-01,-2.4718227396006287
TCGA-YY-A8LH-01,0.3782645433793465
TCGA-VQ-A8P8-01,0.32492439565897263
TCGA-68-7757-01,6.292157479265511
TCGA-GU-AATO-01,3.5383438896677846
TCGA-T3-A92M-01,3.4810021260862447
TCGA-EM-A2P2-01,-2.9713174380000558
TCGA-55-8091-01,-1.7159765104380251
TCGA-P5-A781-01,-3.2474614292221395
TCGA-CV-7178-01,-0.7658212303635304
TCGA-92-8065-01,2.152586749403962
TCGA-60-2726-01,4.483486377450961
TCGA-A4-8310-01,-1.9354797575619984
TCGA-3E-AAAY-01,-2.524888670622885
TCGA-DD-A1EJ-01,-0.2795317004279133
TCGA-BT-A3PK-01,2.8921137559825323
TCGA-BC-A10W-01,-1.1807615707423944
TCGA-LN-A49P-01,-0.7545571244977121
TCGA-BP-4976-01,-1.458243000081212
TCGA-D8-A1XW-01,-1.1739958120893417
TCGA-DX-A2J0-01,-2.983234060085523
TCGA-E8-A418-01,-2.7558080679532746
TCGA-F5-6465-01,0.08156779979917564
TCGA-91-6828-01,3.118295768587136
TCGA-2Y-A9H5-01,-0.7635503873128026
TCGA-PL-A8LZ-01,-1.9060577515080745
TCGA-BR-8060-01,3.7843297352913616
TCGA-LL-A5YP-01,-1.5030763605395232
TCGA-DX-A6B7-01,-2.4350463166557734
TCGA-K4-A54R-01,13.981444642901778
TCGA-MA-AA3Y-01,0.4356236141642211
TCGA-MQ-A4LP-01,-2.777466913789472
TCGA-2Z-A9J8-01,-3.0926242583726715
TCGA-K4-A5RI-01,0.7674650134668239
TCGA-XU-A931-01,-3.0188217176941525
TCGA-AC-A2BK-01,-1.2426772758491116
TCGA-MK-A4N9-01,-3.0757021243560123
TCGA-UT-A88E-01,-1.0471614900150026
TCGA-AJ-A6NU-01,-3.040127156520931
TCGA-39-5021-01,1.1422436224358166
TCGA-CN-6010-01,-0.3496453048813091
TCGA-34-5929-01,3.323769601030797
TCGA-AC-A7VB-01,-3.225097681247471
TCGA-N9-A4Q8-01,-2.493248835370987
TCGA-EJ-A7NM-01,-2.8634275582048727
TCGA-VP-A87E-01,-3.233398325494155
TCGA-BP-5173-01,-0.4749071324360871
TCGA-52-7809-01,5.946993828781222
TCGA-DX-A6B8-01,-1.8111507577241974
TCGA-TT-A6YJ-01,-3.2587469006382483
TCGA-CV-A6JY-01,-0.5901284712481446
TCGA-5C-A9VH-01,-1.330697440945302
TCGA-WP-A9GB-01,-0.8100787020128452
TCGA-AJ-A3I9-01,-2.088465677945428
TCGA-EJ-A65J-01,-2.6875328677912034
TCGA-E2-A1IG-01,-2.43869826618521
TCGA-DM-A1HB-01,12.204212951128525
TCGA-BR-A4PF-01,1.7941195227983355
TCGA-CN-6992-01,6.725017490165973
TCGA-B4-5832-01,-1.3439100407809426
TCGA-DJ-A3VE-01,-3.3869082808926256
TCGA-DJ-A1QQ-01,-3.2259871187401963
TCGA-E7-A519-01,-0.6090103963404437
TCGA-EJ-7123-01,-2.3203568368651752
TCGA-35-5375-01,5.383012861790358
TCGA-97-A4M7-01,3.975568243685716
TCGA-6A-AB49-01,7.133661747122752
TCGA-BH-A28Q-01,-2.8357382945810024
TCGA-5P-A9JU-01,-1.75917794582602
TCGA-YT-A95G-01,-3.1617261883554466
TCGA-CN-4728-01,-0.46282703940626924
TCGA-37-3783-01,5.421718450269819
TCGA-AC-A2FB-01,-3.120320443085888
TCGA-EJ-7312-01,-2.327427078559985
TCGA-C8-A12L-01,-0.9083274891592603
TCGA-CN-6996-01,-2.4805298643174023
TCGA-2H-A9GH-01,0.03998427297815235
TCGA-FP-7735-01,-1.8290307077323733
TCGA-TM-A84G-01,-3.109120514372524
TCGA-BJ-A45H-01,-3.1987072696548333
TCGA-78-7539-01,7.0401385420928335
TCGA-DX-A7EN-01,-2.225807302136464
TCGA-J2-8192-01,-2.6105698568019413
TCGA-HC-A48F-01,-2.8849098756260845
TCGA-CM-6170-01,-1.299403509471445
TCGA-86-7713-01,0.14856873221167238
TCGA-3C-AALK-01,-2.517151936536647
TCGA-KK-A6E6-01,-2.8733885000105173
TCGA-E9-A1QZ-01,-3.12881696899833
TCGA-2F-A9KO-01,7.011131748967009
TCGA-AC-A5EH-01,-0.01605486314239544
TCGA-DG-A2KM-01,-0.36671533301476916
TCGA-43-7656-01,8.521975085412324
TCGA-EQ-A4SO-01,3.679334341617293
TCGA-GM-A2D9-01,6.226664629444734
TCGA-KL-8334-01,-3.2483017012727395
TCGA-DV-5566-01,-3.0417890693553074
TCGA-HW-A5KK-01,-2.49848699378586
TCGA-ES-A2HT-01,-0.304854336440134
TCGA-LD-A66U-01,-2.8914016264651736
TCGA-EJ-7797-01,-1.717387372086389
TCGA-AO-A1KO-01,-3.4561709218932606
TCGA-WB-A81R-01,-3.4561709218932606
TCGA-E1-5311-01,-3.035546265923002
TCGA-85-8479-01,-0.5573619585997562
TCGA-V4-A9EE-01,-3.2731482017253484
TCGA-V3-A9ZY-01,-2.779845006373213
TCGA-KO-8414-01,-2.0445282683711397
TCGA-OR-A5KU-01,-3.0997751292337403
TCGA-C5-A3HF-01,-2.307512253726123
TCGA-ET-A25K-01,-2.129165451664274
TCGA-KN-8424-01,-2.302302773728187
TCGA-AS-3777-01,-2.5268797525194193
TCGA-A5-A2K7-01,5.602997467680523
TCGA-LK-A4NY-01,-2.5103234125235656
TCGA-XF-A9SZ-01,1.598793718605512
TCGA-B4-5836-01,-2.834019535303237
TCGA-4V-A9QN-01,-3.4561709218932606
TCGA-85-8580-01,5.493366309403333
TCGA-BR-7958-01,2.8504101702973164
TCGA-YH-A8SY-01,-1.2287579811530625
TCGA-EM-A4FN-01,-3.2146749221520188
TCGA-F7-A624-01,27.00613196815052
TCGA-K1-A6RT-01,-2.415424722341528
TCGA-EJ-7786-01,-2.525524584076685
TCGA-FG-7634-01,-2.9897182153368442
TCGA-F5-6810-01,0.20233157129778145
TCGA-EL-A4JX-01,-3.3869082808926256
TCGA-BC-A216-01,-0.9269448025378235
TCGA-XM-AAZ2-01,-3.4561709218932606
TCGA-CQ-5333-01,1.774490993840223
TCGA-EJ-A7NF-01,-2.807085830728503
TCGA-OR-A5LB-01,1.1904029792142874
TCGA-GL-7966-01,-1.768233025315845
TCGA-63-7022-01,3.3297087783028942
TCGA-2J-AAB4-01,-2.080116927062095
TCGA-AR-A0TP-01,-1.2632400803219899
TCGA-B0-5705-01,-1.8765738758479853
TCGA-DJ-A1QE-01,-3.3869082808926256
TCGA-S7-A7WN-01,-3.4561709218932606
TCGA-18-3408-01,-0.24869347135534361
TCGA-56-8626-01,2.4274940134500995
TCGA-SR-A6MV-01,-3.4561709218932606
TCGA-IN-8462-01,-0.12236588127647212
TCGA-MQ-A6BL-01,-2.8007171761447696
TCGA-DK-A2HX-01,-0.30770115785377994
TCGA-QR-A70N-01,-2.702102886133578
TCGA-77-A5G8-01,4.464032264081298
TCGA-A3-3362-01,-1.940494078288657
TCGA-CZ-5461-01,-1.141107436441772
TCGA-EL-A3N2-01,-3.3869082808926256
TCGA-DD-AADP-01,-0.826113341475654
TCGA-CZ-5457-01,-1.2533911662228343
TCGA-5G-A9ZZ-01,-3.4561709218932606
TCGA-AF-6655-01,-0.6405583593592604
TCGA-DU-5855-01,-0.38809500717738654
TCGA-EL-A3T1-01,-2.514866382038094
TCGA-BP-4782-01,-0.41386181322494064
TCGA-EL-A3GR-01,-3.0519298040160687
TCGA-V4-A9EJ-01,-2.9256731202309783
TCGA-2Y-A9GU-01,-0.6999801967551091
TCGA-DK-AA6P-01,-0.2327662277615015
TCGA-XF-A9SM-01,1.2476428855062418
TCGA-2J-AABO-01,-1.4026132429806988
TCGA-C5-A2LT-01,-1.518259156571468
TCGA-OR-A5K5-01,-0.2624272207955881
TCGA-2Y-A9H9-01,0.376186062463925
TCGA-HD-7754-01,-0.6073622804737331
TCGA-43-A56U-01,4.153251364786225
TCGA-EM-A2P1-01,-3.3869082808926256
TCGA-B1-A47N-01,-2.691529134014577
TCGA-G9-6361-01,-3.071106907133513
TCGA-HU-A4GH-01,12.480167235124837
TCGA-H2-A3RH-01,-3.14371411261747
TCGA-DU-6396-01,-1.593059869386151
TCGA-19-4065-01,-1.3163624062105732
TCGA-DI-A2QT-01,-2.7820649076844184
TCGA-67-6216-01,-2.1786752653407273
TCGA-4X-A9FD-01,-2.801670218540864
TCGA-X3-A8G4-01,-2.4871864147805463
TCGA-F5-6861-01,-1.9716661756308917
TCGA-CV-A460-01,-0.3752049161584127
TCGA-D8-A1XT-01,-2.519771398335856
TCGA-S5-A6DX-01,6.519584896196195
TCGA-FG-7643-01,-1.2735713424401565
TCGA-F5-6814-01,84.53052829431884
TCGA-EL-A3CT-01,-3.011490090211626
TCGA-HC-7077-01,-1.0511940998367735
TCGA-G2-AA3B-01,11.558126066533402
TCGA-CH-5769-01,-0.972558381697143
TCGA-DJ-A3VA-01,-1.9318021780835701
TCGA-BH-A0DG-01,-3.0573439847821158
TCGA-EI-6511-01,-0.8350327782885729
TCGA-G9-6499-01,-2.5246025003771626
TCGA-VD-A8KK-01,-3.4561709218932606
TCGA-AR-A2LL-01,-2.855808405209428
TCGA-E6-A2P8-01,6.300062283370335
TCGA-G9-6365-01,-1.7275276000767368
TCGA-GU-AATP-01,4.110368714897329
TCGA-G9-7510-01,-2.1661410837934745
TCGA-RW-A686-01,-3.0601535015827626
TCGA-QF-A5YS-01,26.639343566899424
TCGA-4H-AAAK-01,-3.088604352850804
TCGA-C5-A1BK-01,-1.9986401547028942
TCGA-3C-AALI-01,7.55173811743819
TCGA-UC-A7PD-01,-2.908845037048443
TCGA-J4-AAU2-01,-2.2334393805639436
TCGA-44-A47G-01,-1.1268692709051842
TCGA-BR-8589-01,15.121914371582898
TCGA-B0-5695-01,-1.4914106682360446
TCGA-DX-A3U6-01,-3.4561709218932606
TCGA-VS-A9UZ-01,-0.19816708410920153
TCGA-KP-A3VZ-01,-1.4979938224480847
TCGA-2G-AAGA-01,-2.9991958493255213
TCGA-CQ-5329-01,-2.5535658112828887
TCGA-ZN-A9VP-01,-3.040127156520931
TCGA-EL-A3ZP-01,-3.4561709218932606
TCGA-CN-6020-01,1.0992971253148125
TCGA-2Y-A9HA-01,0.8306788857913545
TCGA-DJ-A2QB-01,-3.4561709218932606
TCGA-FD-A43Y-01,-2.253513382553322
TCGA-BH-A0E1-01,-2.8022270316793585
TCGA-B9-A8YI-01,-0.16538231582632626
TCGA-TM-A84C-01,-2.624906514419724
TCGA-02-2485-01,-0.8015119518880754
TCGA-S3-A6ZG-01,-2.392111799234142
TCGA-EO-A3B0-01,86.38102350262466
TCGA-CH-5750-01,-1.398602716213112
TCGA-CK-4948-01,0.8684851916568547
TCGA-EJ-A65B-01,-1.5935675788621833
TCGA-WY-A85E-01,-0.836460078674523
TCGA-39-5037-01,4.876467531912491
TCGA-XJ-A83H-01,-3.06085630645538
TCGA-QR-A70E-01,-3.0749993841762047
TCGA-ZG-A8QY-01,-2.536360999466685
TCGA-VD-A8KL-01,-3.0658042768682585
TCGA-28-1747-01,-1.9609985811414319
TCGA-S3-AA12-01,-2.3618432669988025
TCGA-CH-5791-01,-2.606923801889184
TCGA-P8-A5KD-01,-3.226578757729176
TCGA-OR-A5J8-01,-1.5808441813318317
TCGA-HN-A2NL-01,-0.33825583088577715
TCGA-DD-AACL-01,3.233649399306546
TCGA-TS-A8AI-01,-2.7176200441975973
TCGA-77-8148-01,4.546587313547438
TCGA-AO-A12A-01,-2.846659963746019
TCGA-SR-A6MY-01,-3.4561709218932606
TCGA-A2-A0YM-01,-1.3137304110194943
TCGA-AA-3662-01,-1.1496009598980959
TCGA-IB-A6UG-01,-1.650085107468564
TCGA-5K-AAAP-01,-3.206980004103086
TCGA-78-7147-01,5.123823909212436
TCGA-DJ-A2QA-01,-3.1022781497638494
TCGA-G3-A5SI-01,-2.3934548998701697
TCGA-IB-7887-01,-1.8793243694555628
TCGA-44-3398-01,1.1723029790361856
TCGA-VQ-AA6D-01,10.265445521299347
TCGA-DD-A113-01,1.5741995162359097
TCGA-B0-4706-01,-1.848143663191517
TCGA-ZF-A9RE-01,-2.0218870918630447
TCGA-OR-A5L5-01,-3.2377674238705394
TCGA-D7-A6EZ-01,1.6480852404228257
TCGA-DU-7298-01,-2.227170745062997
TCGA-E2-A9RU-01,-1.2180317831698588
TCGA-YL-A9WY-01,-2.3509807047702074
TCGA-C8-A130-01,-2.35315461267551
TCGA-E2-A1B4-01,-2.3752776871915047
TCGA-TM-A84T-01,-2.638931054894275
TCGA-LL-A73Z-01,-2.9415455921796387
TCGA-F2-7273-01,-3.4561709218932606
TCGA-78-7633-01,-0.7719856899868839
TCGA-C8-A1HI-01,-3.173508896085222
TCGA-FA-A4XK-01,-0.17056561060492276
TCGA-W5-AA33-01,-2.4700980091861826
TCGA-DV-5565-01,-1.1294810895925145
TCGA-BW-A5NQ-01,0.9189125487133636
TCGA-J4-A83M-01,-1.9098300635151593
TCGA-CN-6024-01,2.2787779661976604
TCGA-E3-A3E3-01,-3.293831745187321
TCGA-LL-A6FR-01,-2.1853012212890084
TCGA-PL-A8LV-01,-1.2690652283208266
TCGA-DJ-A1QM-01,-3.3869082808926256
TCGA-KK-A8I7-01,-3.2377674238705394
TCGA-CM-6165-01,0.8362177870602514
TCGA-OR-A5J3-01,-2.9000527320616367
TCGA-60-2695-01,2.209034612823636
TCGA-DD-AAW2-01,0.17285826390430184
TCGA-CV-A6K1-01,5.691208493858887
TCGA-XM-AAZ1-01,-3.264902744403553
TCGA-E9-A247-01,-1.970700720772367
TCGA-2G-AAGJ-01,-3.2102243760157996
TCGA-VQ-A924-01,15.547509648477645
TCGA-IB-A5SS-01,-2.743076965453241
TCGA-HT-A5R9-01,-3.191681650525041
TCGA-F4-6856-01,11.511891986203462
TCGA-DF-A2KN-01,47.09192557569906
TCGA-78-7535-01,1.3677003520660769
TCGA-86-8671-01,-2.6064783805512786
TCGA-4A-A93W-01,-0.4396953106843138
TCGA-F4-6569-01,-0.6257935966078031
TCGA-B2-5641-01,-1.4464968983372133
TCGA-18-3421-01,6.008550379520688
TCGA-HT-A614-01,-2.392119489442094
TCGA-06-0649-01,-1.20117647837909
TCGA-A3-3382-01,-0.32629511105018216
TCGA-VG-A8LO-01,-1.7007726082183328
TCGA-KN-8428-01,6.601021948068727
TCGA-DX-A1KX-01,-1.7938994893000562
TCGA-2F-A9KW-01,-0.8521132370323474
TCGA-A2-A3XZ-01,-3.1583042469258036
TCGA-3H-AB3L-01,-3.040127156520931
TCGA-DK-A1AB-01,2.3117113062201184
TCGA-KK-A7B1-01,-3.049883765156356
TCGA-DX-AB2T-01,-1.860106276414588
TCGA-2G-AAGN-01,-3.4561709218932606
TCGA-QH-A65R-01,-2.812901654132495
TCGA-FP-8631-01,0.5188139588847248
TCGA-AK-3451-01,-1.0070566773693974
TCGA-C5-A8XH-01,0.994094173208362
TCGA-CU-A0YN-01,2.706598922657614
TCGA-CZ-5454-01,-3.3490391181190593
TCGA-91-6835-01,-0.804077615039785
TCGA-FG-A60J-01,-2.3665826477279097
TCGA-HD-A634-01,-2.2888199050899343
TCGA-35-3615-01,0.7837985078040486
TCGA-2J-AABH-01,-1.5988556761409698
TCGA-B6-A0RN-01,-3.2604931736940586
TCGA-UP-A6WW-01,-2.7140558645132944
TCGA-J7-A8I2-01,-2.649617063695042
TCGA-EK-A2RC-01,0.19518999149653984
TCGA-EI-6514-01,-1.5038253678318974
TCGA-J4-A83I-01,-2.725873261528956
TCGA-OY-A56Q-01,-1.9964808547291948
TCGA-GC-A3BM-01,1.8048783539612716
TCGA-D5-6535-01,2.123152672913423
TCGA-FV-A3R2-01,-1.565804557696512
TCGA-ET-A3BQ-01,-3.3869082808926256
TCGA-FG-8189-01,-3.4561709218932606
TCGA-56-6546-01,4.955429524582694
TCGA-M7-A724-01,-3.3130841648678717
TCGA-FD-A5BV-01,1.5717839237889932
TCGA-N6-A4VF-01,-1.9355827227396014
TCGA-43-A56V-01,3.5969550036097453
TCGA-P5-A5EY-01,-3.4561709218932606
TCGA-EL-A3MW-01,-3.196141493612966
TCGA-CV-5978-01,2.3283041214144222
TCGA-KM-8438-01,-1.8736129095877216
TCGA-CZ-5987-01,-2.7798076095810913
TCGA-KK-A8IM-01,-2.733242743036044
TCGA-39-5022-01,2.990642579000098
TCGA-06-2564-01,-0.40252610433114844
TCGA-XK-AAIV-01,-2.2353515764012615
TCGA-22-5479-01,9.309899809214157
TCGA-IQ-A6SH-01,0.567883102354548
TCGA-BP-5178-01,-1.852995328654614
TCGA-06-5408-01,-1.890548377694792
TCGA-LD-A7W5-01,-2.348876247675652
TCGA-EL-A3CW-01,-3.2697293376686374
TCGA-HC-8262-01,-2.5419115150369467
TCGA-DD-A1EH-01,-2.593820818405542
TCGA-55-6980-01,-2.3743579895387077
TCGA-JX-A3Q8-01,-2.7375832201715466
TCGA-56-A4BY-01,1.2095557454489523
TCGA-3U-A98D-01,-2.062855316950567
TCGA-BK-A56F-01,-2.1025641734981337
TCGA-BR-8361-01,17.577207047005867
TCGA-BH-A0BL-01,-1.1360673469842102
TCGA-37-4132-01,5.01732724959817
TCGA-27-1832-01,-2.90676691094993
TCGA-DE-A4M8-01,-3.254662965023373
TCGA-50-5936-01,-0.2286776606696818
TCGA-AJ-A3OL-01,2.2258257377107493
TCGA-BJ-A0Z9-01,-2.5274353156576272
TCGA-G7-7502-01,-2.494671830047322
TCGA-BR-8680-01,65.27412791583033
TCGA-FD-A3SS-01,5.3698120561978975
TCGA-AN-A0XV-01,-2.978510220979853
TCGA-RD-A8N5-01,-2.2432158470772903
TCGA-FF-A7CW-01,-2.4057537570388043
TCGA-60-2713-01,4.071557155084608
TCGA-DF-A2KZ-01,5.086821392884164
TCGA-BJ-A0ZH-01,-3.0509628716491637
TCGA-14-1829-01,-1.7737002745477926
TCGA-K4-A6FZ-01,5.14739939578288
TCGA-KK-A7AV-01,-2.562275459771718
TCGA-EL-A3H3-01,-3.4561709218932606
TCGA-HC-A6AS-01,-3.235458077846527
TCGA-ET-A3BX-01,-3.00774694253635
TCGA-B0-5812-01,-2.1994983648582744
TCGA-VN-A88P-01,-1.9118987365538476
TCGA-JW-A5VL-01,19.023164683247305
TCGA-CQ-A4CD-01,1.2982235605192016
TCGA-AD-6895-01,18.03069338142767
TCGA-D7-5578-01,3.0652798119322817
TCGA-32-2615-01,-2.740514420907953
TCGA-BR-6566-01,10.750078332061788
TCGA-OR-A5LS-01,-3.00754598576761
TCGA-AH-6544-01,0.9538009869456442
TCGA-CR-7404-01,0.04284094340653118
TCGA-F9-A7Q0-01,-3.4561709218932606
TCGA-AN-A0XU-01,-0.3544803416345785
TCGA-A7-A6VV-01,-2.23176496474364
TCGA-18-3415-01,3.109028707623389
TCGA-EL-A3MY-01,-1.9745331495004963
TCGA-Z6-A8JE-01,0.7382198906621593
TCGA-B4-5835-01,-0.5507333785892868
TCGA-06-0158-01,-3.0376982909910377
TCGA-CC-A3MC-01,-1.6486338981521307
TCGA-VQ-AA68-01,4.226994577008713
TCGA-85-6561-01,2.930630285811792
TCGA-QQ-A8VH-01,-1.708966073056054
TCGA-LI-A9QH-01,-0.7955324909558406
TCGA-DS-A7WI-01,-3.1563669363542775
TCGA-2G-AALS-01,-3.270459395219408
TCGA-73-4675-01,-0.8368875101300002
TCGA-B2-4099-01,-1.9324133127452245
TCGA-KK-A8IK-01,-2.9230861716180416
TCGA-50-5932-01,-0.23829581820966847
TCGA-MI-A75I-01,1.1424157735288791
TCGA-SH-A7BH-01,-2.6220589483645447
TCGA-ZB-A96D-01,-2.764215229623401
TCGA-BJ-A0Z0-01,-3.1155024619207934
TCGA-CV-7406-01,1.5784075643817914
TCGA-E2-A1LI-01,-3.0098954444195716
TCGA-GD-A76B-01,-0.04222263948926338
TCGA-DJ-A13O-01,-3.3869082808926256
TCGA-DK-AA71-01,7.371349678914168
TCGA-EM-A2OX-01,-3.244197788378955
TCGA-93-A4JO-01,-0.9318473413531866
TCGA-CN-5360-01,10.317203337087879
TCGA-BR-7715-01,1.1836998007538775
TCGA-B6-A0WS-01,-3.230347696990889
TCGA-F7-A623-01,2.6569974046431772
TCGA-C8-A138-01,-2.237828645209635
TCGA-IE-A4EI-01,-2.1961420414138426
TCGA-BQ-5885-01,-1.2230202861878987
TCGA-VS-A953-01,2.763804844367478
TCGA-BB-4225-01,-0.7316326062764981
TCGA-HT-7882-01,-1.5566931391911372
TCGA-DD-AAW1-01,-1.8294796689579667
TCGA-06-2558-01,-0.8490141804567167
TCGA-A7-A56D-01,0.6910029763913647
TCGA-NH-A8F8-01,1.285429171501477
TCGA-HT-8011-01,-2.82735988061646
TCGA-EM-A3FN-01,-3.4561709218932606
TCGA-AF-6672-01,0.03354349569524689
TCGA-4Z-AA7R-01,3.7715971123714396
TCGA-D5-6929-01,0.020193311090493903
TCGA-O2-A52V-01,2.9334167529342863
TCGA-DY-A0XA-01,0.6550457243725846
TCGA-WB-A814-01,-3.009066966389947
TCGA-ZF-AA58-01,0.8984751529888987
TCGA-22-1005-01,2.8202980874713934
TCGA-A4-7828-01,-2.411783903726094
TCGA-ZD-A8I3-01,-1.4248655805225154
TCGA-BR-4292-01,16.576164863316002
TCGA-VD-A8K7-01,-2.998451520544899
TCGA-49-AAR3-01,1.29085960405098
TCGA-EM-A3SX-01,-3.236652393796533
TCGA-78-7154-01,2.3355560838358516
TCGA-3K-AAZ8-01,-0.27978850169313113
TCGA-QR-A6GX-01,-3.1968381015661635
TCGA-BH-A1FU-01,-1.2380445755021148
TCGA-YL-A8SL-01,-2.6795202645707183
TCGA-3G-AB0O-01,-3.4561709218932606
TCGA-CQ-5334-01,-0.5342932844822011
TCGA-M7-A720-01,-3.4561709218932606
TCGA-HC-7080-01,-3.019123767116795
TCGA-55-7910-01,5.939418198370119
TCGA-A6-5667-01,-1.8681694743661226
TCGA-ZC-AAAF-01,-3.280404156824533
TCGA-85-8288-01,2.40913240884141
TCGA-66-2789-01,4.432287372145283
TCGA-85-8351-01,1.0161548787314598
TCGA-E2-A1B6-01,-1.6445050599704916
TCGA-EI-7002-01,1.6443395910950482
TCGA-DU-6394-01,-2.962988956650539
TCGA-E9-A1N4-01,-2.8778355547693213
TCGA-OR-A5LH-01,-3.4561709218932606
TCGA-CR-7367-01,-0.6619700675731005
TCGA-K4-A6MB-01,4.505062781538295
TCGA-VR-AA7B-01,0.8039135884982351
TCGA-BQ-5889-01,-2.3817858089537265
TCGA-VS-A957-01,-0.6872776206511595
TCGA-EL-A3CS-01,-3.0901972678160536
TCGA-2J-AABP-01,-0.05080359544453277
TCGA-EJ-5531-01,-2.4301185118956163
TCGA-XR-A8TE-01,-3.1707973409290413
TCGA-PG-A915-01,-0.619799216524454
TCGA-OL-A66O-01,-3.2198970079306797
TCGA-28-5216-01,-0.5035826640046521
TCGA-85-8277-01,2.9562345195348807
TCGA-VQ-A8DZ-01,0.25470415584144274
TCGA-A7-A6VY-01,-1.6012756814001707
TCGA-77-8143-01,0.9330362788493891
TCGA-DK-A6B5-01,-1.6499273501248897
TCGA-T7-A92I-01,-2.834233092044456
TCGA-CC-A8HU-01,-0.9988897295801448
TCGA-GM-A2DA-01,-2.429465352752365
TCGA-WY-A859-01,-2.348635950222792
TCGA-E8-A434-01,-3.2610806723537835
TCGA-HQ-A5ND-01,1.1127601235767097
TCGA-DX-A2IZ-01,-2.557919821075959
TCGA-B9-A44B-01,-0.9867104863303293
TCGA-DF-A2KV-01,22.599197204827934
TCGA-B6-A0I1-01,-2.158573204885167
TCGA-UY-A8OD-01,-1.5272478795597169
TCGA-D8-A141-01,-3.1143316347223746
TCGA-KL-8344-01,-2.916364226444746
TCGA-22-4605-01,-0.8128493012178664
TCGA-BH-A0H9-01,-3.0645185814160625
TCGA-4B-A93V-01,0.14717024280012325
TCGA-WY-A85B-01,-2.9007213677655805
TCGA-BH-A18T-01,-0.1374155565453548
TCGA-B0-5701-01,-1.071683561310198
TCGA-JW-A5VH-01,-0.4173440930780192
TCGA-CM-6169-01,0.8259478108681663
TCGA-EY-A72D-01,-0.24800221593806648
TCGA-RD-A7BT-01,4.876344389917178
TCGA-CR-6493-01,-1.7411991584675537
TCGA-FC-7708-01,-2.761604849275442
TCGA-OR-A5JL-01,-2.817415940041675
TCGA-S9-A6UB-01,-2.542808808181834
TCGA-2G-AAL7-01,-3.0946849447951963
TCGA-CV-6954-01,-0.007322194552730111
TCGA-91-6849-01,0.48807891390410374
TCGA-OL-A5RU-01,-2.916489843418921
TCGA-QK-A6II-01,1.2486197231897906
TCGA-C8-A12T-01,1.7642242753813138
TCGA-18-3411-01,4.127862816804515
TCGA-BA-5558-01,0.2328184010683969
TCGA-YL-A8S8-01,-2.8875808856447507
TCGA-NA-A4QY-01,-2.3471004968395874
TCGA-MP-A4SY-01,2.147096914556815
TCGA-39-5036-01,5.1210835155414065
TCGA-A7-A0DA-01,-0.31872044751951684
TCGA-E8-A2EA-01,-3.3869082808926256
TCGA-UT-A97Y-01,-3.2680197929667294
TCGA-28-5207-01,-1.463797176058332
TCGA-77-8009-01,0.5134667154256599
TCGA-HZ-8315-01,-1.0706489226756806
TCGA-A2-A25C-01,-1.3747662257626225
TCGA-KN-8418-01,-2.927212773583628
TCGA-PG-A7D5-01,-2.3233425932620455
TCGA-2G-AAFE-01,-1.1220452521962605
TCGA-D7-8573-01,-1.7944125108621105
TCGA-HU-A4H5-01,1.1795173467986135
TCGA-S9-A6U6-01,-1.2207882364129532
TCGA-E2-A14V-01,-1.1565516304709818
TCGA-E7-A8O7-01,-2.8114839980949804
TCGA-P8-A6RY-01,-3.4561709218932606
TCGA-SP-A6QI-01,-3.4561709218932606
TCGA-33-4583-01,9.622136851788746
TCGA-CV-5441-01,8.239152841965906
TCGA-DU-8168-01,-1.776572072856628
TCGA-KK-A8IH-01,-3.072168972082575
TCGA-HV-A5A5-01,-2.3646292071931345
TCGA-41-2572-01,-0.6013129345285914
TCGA-GS-A9U3-01,-2.0009646960905614
TCGA-B0-5713-01,-1.125204401398691
TCGA-XF-AAMX-01,3.7352277457449343
TCGA-06-0130-01,-0.8141711775553826
TCGA-EL-A3ZN-01,-3.4561709218932606
TCGA-XF-AAN0-01,2.3909254732766643
TCGA-DU-7290-01,-1.2745799295808038
TCGA-EA-A3HR-01,-0.7562870735187852
TCGA-WB-A81H-01,-2.4863959713863415
TCGA-B8-A8YJ-01,-2.206591257243222
TCGA-3B-A9HQ-01,-1.790825412442348
TCGA-KK-A59Z-01,-2.4330376043637747
TCGA-YJ-A8SW-01,-2.619531047227005
TCGA-CR-7394-01,-0.039983046337033895
TCGA-MZ-A6I9-01,-2.364590977811081
TCGA-BR-7197-01,4.2997854641303
TCGA-MP-A4SV-01,6.013443016479031
TCGA-3H-AB3S-01,-3.0328304692228083
TCGA-BH-A0HP-01,1.6659983781231151
TCGA-IG-A3I8-01,-0.3858016111920426
TCGA-E2-A1L7-01,-1.3896162973240576
TCGA-DJ-A2Q4-01,-2.9280581891724884
TCGA-55-8513-01,-2.0420404034456565
TCGA-06-5416-01,83.82276527263768
TCGA-HC-7738-01,-2.6617445548322305
TCGA-OR-A5JG-01,-2.078621056955008
TCGA-P3-A6T7-01,-0.25422054064187993
TCGA-EA-A3QE-01,-2.1565969066477786
TCGA-FB-AAQ6-01,-0.9862608005892957
TCGA-56-6545-01,4.6303753590484025
TCGA-34-2608-01,2.228741414307949
TCGA-WL-A834-01,-0.4155908505869694
TCGA-MP-A4T4-01,7.005701116796556
TCGA-BR-A44U-01,1.3818298576530945
TCGA-4Z-AA82-01,-1.341173977387522
TCGA-P3-A5QA-01,-1.7571361858877383
TCGA-CM-6680-01,-1.0378732526892205
TCGA-44-7672-01,0.6724749378241719
TCGA-E9-A1N8-01,-1.5904042160912764
TCGA-H2-A26U-01,-3.3869082808926256
TCGA-50-6593-01,7.789083721116962
TCGA-69-7973-01,4.135242967792085
TCGA-O2-A5IB-01,-0.15248157049642425
TCGA-AR-A0U0-01,-0.9602306792803861
TCGA-67-3771-01,17.078285409134143
TCGA-CV-A45Q-01,3.1002466091328253
TCGA-AA-3663-01,24.29706462377778
TCGA-22-4613-01,11.08738473247464
TCGA-A4-8311-01,-3.0138371412342484
TCGA-XJ-A9DX-01,-2.826644490500762
TCGA-SX-A7SO-01,-2.6138554845524675
TCGA-CN-6019-01,2.2468915200514665
TCGA-BJ-A45I-01,-3.3869082808926256
TCGA-UF-A7JA-01,3.2063258131108014
TCGA-99-8033-01,0.8106948065506513
TCGA-B0-4823-01,-1.6650091069662842
TCGA-OR-A5LO-01,-1.121981515152611
TCGA-BG-A3PP-01,-0.5442253747858429
TCGA-KO-8404-01,-2.420715905216446
TCGA-91-6848-01,9.903608160571617
TCGA-3B-A9HU-01,-2.6048220063175016
TCGA-22-4596-01,1.21890957078856
TCGA-F2-A44H-01,-3.270459395219408
TCGA-RE-A7BO-01,4.148417201332348
TCGA-A7-A0CE-01,-2.9894769542053776
TCGA-QU-A6IN-01,-2.8275590184933925
TCGA-V1-A8WL-01,-3.2642802883136923
TCGA-RW-A68C-01,-3.2659007072977393
TCGA-93-A4JP-01,-1.4496134902685454
TCGA-FP-7916-01,0.33054429731909607
TCGA-06-0168-01,-2.361755607989229
TCGA-OR-A5L3-01,-3.193365019117811
TCGA-B2-4102-01,-2.381173778298378
TCGA-DX-AB2W-01,-0.5545145134681211
TCGA-KK-A8IG-01,-2.159069301374529
TCGA-JW-A69B-01,-2.588227144544967
TCGA-YL-A8HK-01,-2.6186567431423375
TCGA-A6-6648-01,-0.8217102591429316
TCGA-E6-A8L9-01,-2.3751710278273896
TCGA-34-8455-01,8.965295999810582
TCGA-DU-6407-01,-2.719135243117478
TCGA-CV-6950-01,-1.2809481992545566
TCGA-22-5480-01,1.4938796772720655
TCGA-P3-A5QE-01,-2.842924553041929
TCGA-77-8128-01,6.07367472373997
TCGA-FU-A3HY-01,1.0543779845483783
TCGA-CR-6481-01,3.1366671725603346
TCGA-DX-A6BA-01,-2.22145490006159
TCGA-D7-6815-01,-0.0368197954639546
TCGA-ZF-A9R7-01,6.197527114867733
TCGA-DJ-A2PU-01,-3.259956055768012
TCGA-51-4081-01,3.895575438365336
TCGA-CV-6441-01,1.763789399231998
TCGA-C8-A12Y-01,-2.1345925753330093
TCGA-EJ-5519-01,-2.3611992245906266
TCGA-D6-A6EK-01,0.4749919809622732
TCGA-66-2793-01,5.05336282834473
TCGA-DJ-A3VL-01,-3.3869082808926256
TCGA-E7-A4XJ-01,-1.0518305662375187
TCGA-XF-A8HG-01,3.8777328252795997
TCGA-02-0055-01,-0.7398131673740834
TCGA-EI-6885-01,-1.1429445897942114
TCGA-HC-7737-01,-3.4561709218932606
TCGA-BR-A4J5-01,0.7244987568257465
TCGA-AC-A2BM-01,-2.631893759392812
TCGA-38-A44F-01,-2.7926292137442372
TCGA-C5-A1M6-01,-2.1889085715443293
TCGA-HT-7601-01,-3.0398808892191576
TCGA-CR-7382-01,-0.9606274300653629
TCGA-VQ-A8P5-01,3.2300045097851804
TCGA-4V-A9QR-01,-3.4561709218932606
TCGA-DJ-A13L-01,-2.4020664958059417
TCGA-CJ-5677-01,-2.4208805697074247
TCGA-GR-A4D5-01,-2.363131803182032
TCGA-AL-A5DJ-01,-2.721683461021882
TCGA-RW-A68G-01,-3.2481083832223576
TCGA-AJ-A3BF-01,-2.1658151010591524
TCGA-BH-A0E0-01,-2.0716352870732235
TCGA-56-7223-01,3.118710284209862
TCGA-EL-A4KG-01,-2.5213194060963553
TCGA-RU-A8FL-01,0.28807418896101283
TCGA-HD-A6HZ-01,0.4946220878740918
TCGA-E2-A15G-01,-1.8230933676539578
TCGA-D8-A146-01,-3.002644476049191
TCGA-C8-A12U-01,-2.1371408195097636
TCGA-F7-8298-01,-0.08794645378344614
TCGA-XF-A8HD-01,6.380178013917421
TCGA-KD-A5QT-01,-1.71568083546214
TCGA-DD-AACV-01,-1.1588805791856382
TCGA-4X-A9FB-01,-3.4561709218932606
TCGA-DJ-A3UK-01,-3.3869082808926256
TCGA-FY-A4B3-01,-3.3869082808926256
TCGA-B6-A0WT-01,-3.326196904117899
TCGA-44-7660-01,6.853116124452198
TCGA-CV-7245-01,9.240569174937834
TCGA-DU-6403-01,-1.9739905575064396
TCGA-EL-A4K0-01,-1.8344822278681778
TCGA-J4-A67T-01,-2.8801404146382357
TCGA-VS-A9V4-01,0.7087692298347583
TCGA-DZ-6133-01,-0.272688385612102
TCGA-DY-A1H8-01,-0.8372496192469899
TCGA-ZM-AA05-01,-2.736381345365864
TCGA-DJ-A2PZ-01,-2.843761890800134
TCGA-CN-6016-01,0.9376296095810819
TCGA-BA-5153-01,-2.1953700972831567
TCGA-2G-AAHP-01,-3.2032248037666777
TCGA-77-6843-01,1.7961238386253007
TCGA-WB-A81K-01,-3.118987423683209
TCGA-VQ-A8DV-01,-0.522066440832306
TCGA-B9-4117-01,-3.286061649986742
TCGA-94-7943-01,2.4735518468567337
TCGA-CH-5737-01,-2.5860643268064067
TCGA-FJ-A3ZF-01,3.4180945360789776
TCGA-UZ-A9Q0-01,-2.911353945432253
TCGA-FE-A234-01,-3.3869082808926256
TCGA-CA-6719-01,-0.07196812532023024
TCGA-A6-6649-01,2.124339845261287
TCGA-VQ-AA6I-01,0.9467512617517504
TCGA-D8-A27M-01,-1.1743510004144435
TCGA-UY-A9PD-01,3.434810081700932
TCGA-CQ-6221-01,-0.2006232965594224
TCGA-IB-7647-01,0.11746611759391645
TCGA-V4-A9ED-01,-3.4561709218932606
TCGA-CH-5739-01,-2.754513943682359
TCGA-MH-A856-01,-2.865523923308718
TCGA-HU-8610-01,0.4584363415408838
TCGA-69-7760-01,-0.8524972071166698
TCGA-06-5415-01,-0.779564062976851
TCGA-DD-AAEK-01,-1.5207039850194253
TCGA-CQ-7069-01,-0.03678991933820599
TCGA-ZM-AA0D-01,-3.282790278289476
TCGA-33-4533-01,2.9460470890819215
TCGA-B0-4852-01,-0.9450268147752372
TCGA-OR-A5LC-01,-1.8667131455327692
TCGA-VS-A8Q8-01,-2.436267286233889
TCGA-G2-A2EL-01,2.4369868909919643
TCGA-60-2711-01,-0.5832552199616275
TCGA-CV-6939-01,-2.5876446309608454
TCGA-NH-A6GB-01,1.5583226299907869
TCGA-DW-7842-01,-3.4561709218932606
TCGA-EO-A3AY-01,38.57697048142966
TCGA-CZ-5470-01,-2.992083267907281
TCGA-AX-A3G1-01,-1.5055456378743348
TCGA-XF-A9SP-01,2.9180337734992032
TCGA-AZ-4614-01,2.775053051643602
TCGA-E2-A15L-01,-2.2939844527050592
TCGA-B0-5115-01,-2.3645280406996565
TCGA-DK-AA6U-01,5.9182705603785895
TCGA-DD-AACB-01,-0.10627286268754581
TCGA-DS-A0VN-01,-1.5135631109862338
TCGA-DB-A64R-01,-3.3557404101164123
TCGA-ZF-AA5H-01,-1.1862972826864508
TCGA-CV-7183-01,-1.0694030532315528
TCGA-A6-3809-01,14.712647608788535
TCGA-VP-A87H-01,-2.3990139669423276
TCGA-G9-7521-01,-2.843222785954825
TCGA-YL-A8HO-01,-3.0758838204646697
TCGA-46-3769-01,19.374751654042637
TCGA-CZ-4865-01,-1.4673029024352406
TCGA-CM-5864-01,0.10143995249997813
TCGA-UF-A71B-01,-0.3753250825015227
TCGA-HC-7745-01,-2.985950022285533
TCGA-E2-A15H-01,-3.1115545624230774
TCGA-J4-AATZ-01,-1.961492539924858
TCGA-E1-A7YQ-01,-2.651859579764931
TCGA-CV-6935-01,6.784767425880182
TCGA-CG-4304-01,-2.1968974926828158
TCGA-EL-A3GS-01,-3.102254827142282
TCGA-KN-8434-01,-2.2302272548411497
TCGA-RB-AA9M-01,-1.1493431163068548
TCGA-DU-6405-01,-1.9543409433369336
TCGA-BP-5200-01,-2.5677078214671334
TCGA-HW-7487-01,-1.933432042386039
TCGA-34-8456-01,-1.7534750613220265
TCGA-69-7764-01,-1.4807585903159162
TCGA-FY-A3YR-01,-2.8753050461808876
TCGA-BH-A18S-01,-2.7511994020394797
TCGA-UF-A7JH-01,-1.4582037477177776
TCGA-44-2665-01,-3.4561709218932606
TCGA-V4-A9F4-01,-3.4561709218932606
TCGA-HU-A4G2-01,-1.9706105840373902
TCGA-AR-A1AO-01,-0.4172819913990008
TCGA-WB-A81D-01,-3.17170156136243
TCGA-TN-A7HI-01,-1.8983321660757153
TCGA-ZF-AA54-01,-0.04810900380749189
TCGA-ZG-A9LB-01,-0.7998883786229021
TCGA-55-8505-01,-2.0254053293408085
TCGA-FA-A7Q1-01,-0.6233137506426516
TCGA-MU-A8JM-01,-1.7211144271660501
TCGA-BJ-A4O9-01,-3.2084579945282248
TCGA-CR-6477-01,0.7756816326117391
TCGA-A3-A6NN-01,-0.46619115435783987
TCGA-95-7944-01,-0.10911295565885284
TCGA-PZ-A5RE-01,-2.330811094909644
TCGA-C5-A2LY-01,-2.103985243777916
TCGA-XF-A9ST-01,3.5225153783167666
TCGA-B0-5698-01,-1.3203162473013619
TCGA-Q9-A6FU-01,0.7461511961299322
TCGA-FX-A2QS-01,-0.6236709535518691
TCGA-G3-A6UC-01,-0.4264423914580616
TCGA-DX-A3U7-01,-2.401293985430414
TCGA-FU-A23K-01,0.15549469068982516
TCGA-HZ-7925-01,-1.1419504828575338
TCGA-L9-A7SV-01,23.096285722632825
TCGA-KQ-A41R-01,8.493823569021911
TCGA-HV-A5A6-01,-2.5608325558879166
TCGA-EA-A6QX-01,-1.6997301459214074
TCGA-55-8089-01,21.421617198256165
TCGA-VQ-A94T-01,-1.4419270017449566
TCGA-IQ-7630-01,-0.17576472878994326
TCGA-XF-AAN3-01,-0.0013617096974016473
TCGA-EJ-7328-01,-2.8136041524465325
TCGA-YZ-A982-01,-1.3476801172863495
TCGA-EM-A3FL-01,-3.144153347193759
TCGA-W5-AA2O-01,-1.1334162391695184
TCGA-55-7283-01,4.110324073613779
TCGA-B0-5108-01,-2.125166277404966
TCGA-DD-A4NJ-01,-1.0167384035812286
TCGA-EO-A3B1-01,-1.1438458552604085
TCGA-EJ-7317-01,-1.985013859428268
TCGA-BP-5168-01,-2.0492558634658242
TCGA-KQ-A41Q-01,-1.1084964870355367
TCGA-AR-A24Z-01,-0.7525558822834688
TCGA-44-8117-01,11.948982090254542
TCGA-S9-A7R2-01,-2.45396533554982
TCGA-S9-A7J1-01,-2.8785538386577336
TCGA-P5-A72X-01,-2.9007213677655805
TCGA-D8-A145-01,-2.265719287300651
TCGA-ND-A4WC-01,44.91342943806658
TCGA-BH-A42V-01,-2.594367125501309
TCGA-D8-A1XB-01,-2.927085517660053
TCGA-LK-A4O2-01,-3.072168972082575
TCGA-VB-A8QN-01,-0.3734623009708819
TCGA-ET-A3DU-01,-2.8738922501150355
TCGA-A2-A0YL-01,-2.7572388111932273
TCGA-A7-A5ZX-01,-1.6659292762864377
TCGA-B2-5635-01,-1.5449440096461828
TCGA-BP-4162-01,-2.5762228658072415
TCGA-EW-A1P7-01,-2.1953700972831567
TCGA-AX-A2H4-01,-0.038084394472202424
TCGA-AR-A5QQ-01,-1.471527429321026
TCGA-SQ-A6I4-01,-3.4561709218932606
TCGA-C5-A7CH-01,-1.2916980437664842
TCGA-E1-A7YJ-01,-2.9047350120318165
TCGA-W5-AA31-01,-2.297911567550441
TCGA-GJ-A9DB-01,-2.1995852084823633
TCGA-BP-5009-01,-2.0003991369325083
TCGA-S3-AA15-01,-2.5421240335847144
TCGA-HI-7168-01,-3.265126208193244
TCGA-BR-8081-01,14.333090712773124
TCGA-B4-5838-01,-2.260335335444049
TCGA-06-5411-01,-2.909899469641604
TCGA-CV-A45Z-01,16.629450295068764
TCGA-5P-A9KH-01,-2.71470073809303
TCGA-BR-8366-01,-0.46612688579765155
TCGA-53-7626-01,6.458908745232515
TCGA-DX-A6B9-01,-3.145411965384129
TCGA-DD-A1EC-01,-2.813831467183407
TCGA-AR-A24M-01,-3.2604931736940586
TCGA-SY-A9G5-01,12.247771479274475
TCGA-L5-A43M-01,-1.269530940073794
TCGA-KN-8422-01,-3.125709355878755
TCGA-ZN-A9VV-01,-3.150137324525337
TCGA-BR-4362-01,19.460729309197795
TCGA-4Z-AA89-01,-0.34235389570297337
TCGA-26-5139-01,-2.635126075729211
TCGA-3B-A9HV-01,-1.7716607081882991
TCGA-EJ-5525-01,-1.6462090478705858
TCGA-EK-A2RN-01,0.30327170729549785
TCGA-D5-6927-01,8.556130402805294
TCGA-HC-A8D1-01,-2.9311450047562944
TCGA-EY-A548-01,4.749012592164335
TCGA-DJ-A3UW-01,-3.2009555885469223
TCGA-5U-AB0D-01,-2.848707728349751
TCGA-86-8673-01,10.205980276834678
TCGA-BC-A10U-01,1.5040746678425674
TCGA-CR-6478-01,-0.30032663059822295
TCGA-66-2795-01,3.8339783304966013
TCGA-EJ-A65G-01,-3.254427626434573
TCGA-A2-A0EW-01,-1.7677554145441163
TCGA-BR-8371-01,-3.1153168798586193
TCGA-A3-3380-01,-3.071922412361694
TCGA-BP-5006-01,-2.712989829259732
TCGA-HT-7690-01,-2.6730543320982254
TCGA-95-8494-01,-0.05884007413426382
TCGA-97-8171-01,-1.9840285141379266
TCGA-QG-A5YW-01,2.6545226502813732
TCGA-B8-5163-01,-1.8659732059473497
TCGA-EW-A1J3-01,-3.0496645366669166
TCGA-2Y-A9H7-01,-2.032751217426035
TCGA-J8-A3YH-01,-3.164718455808062
TCGA-ET-A3DQ-01,-3.145411965384129
TCGA-CR-6482-01,-2.6929604365652757
TCGA-50-7109-01,6.168900883176049
TCGA-EW-A1P3-01,-2.753122581377238
TCGA-FY-A40N-01,-3.4561709218932606
TCGA-BP-4760-01,-3.4561709218932606
TCGA-DD-AACZ-01,0.6870013244460845
TCGA-44-6145-01,4.1744579632900525
TCGA-HT-8105-01,-2.2499989177843163
TCGA-BR-4256-01,15.092714342930295
TCGA-L5-A4OP-01,1.2584267006166976
TCGA-CC-A7II-01,1.4173490308117334
TCGA-A2-A259-01,-3.023764095863371
TCGA-E2-A1B1-01,-1.8895610324007834
TCGA-NQ-A57I-01,-1.5775461675462141
TCGA-B5-A3S1-01,-1.208309302964811
TCGA-N5-A4RD-01,-1.0380439467192937
TCGA-76-4928-01,-0.9816555416584333
TCGA-WC-A87Y-01,-3.315995552654151
TCGA-55-8085-01,1.1912800185974144
TCGA-D5-6538-01,0.18167110918241253
TCGA-BR-7901-01,1.1706605123114011
TCGA-06-0644-01,-1.4581158241659344
TCGA-BR-8078-01,17.637034619615136
TCGA-WC-A87T-01,-3.4561709218932606
TCGA-EK-A2RJ-01,0.6589097551792856
TCGA-EJ-A7NG-01,-3.4561709218932606
TCGA-2G-AALN-01,-3.4561709218932606
TCGA-3A-A9IN-01,-3.0764539320013267
TCGA-EJ-7318-01,-2.741349789766126
TCGA-2Y-A9HB-01,-1.4599181372911623
TCGA-F5-6864-01,2.2622168972895915
TCGA-C4-A0F0-01,-0.5288367580640589
TCGA-ET-A3BP-01,-3.169076288716328
TCGA-E1-A7YY-01,-3.143416250471813
TCGA-ZM-AA0H-01,-2.455394043371332
TCGA-OR-A5KX-01,-2.6502092430447313
TCGA-HT-A619-01,-2.2826479617890603
TCGA-SN-A84Y-01,-2.727718640387905
TCGA-K4-AAQO-01,2.042828219923469
TCGA-AR-A2LR-01,-2.310502481585366
TCGA-CR-7385-01,-2.6315537140074072
TCGA-EO-A22U-01,88.10119493907982
TCGA-A2-A0ES-01,-3.173508896085222
TCGA-XM-A8RD-01,-3.4561709218932606
TCGA-WK-A8XQ-01,-2.9273862229459713
TCGA-NJ-A4YF-01,11.583714498222834
TCGA-CV-5439-01,0.46309108718168307
TCGA-33-4547-01,3.141656905469069
TCGA-2G-AAHA-01,-3.392304774113902
TCGA-QR-A70X-01,-3.2895453246644126
TCGA-EW-A1P8-01,-2.6680943814025695
TCGA-C5-A1BM-01,0.3741712468599142
TCGA-AG-3725-01,-1.0195518530298149
TCGA-DU-6400-01,-2.517631728908511
TCGA-QK-A8Z9-01,1.2457921330267157
TCGA-AJ-A8CT-01,6.961630951774955
TCGA-NK-A5CT-01,6.406802117466967
TCGA-AR-A0U4-01,0.5797951611958491
TCGA-Q1-A73R-01,-2.799635256943154
TCGA-EL-A4JV-01,-3.289327741907584
TCGA-WB-A80P-01,-3.252690417291566
TCGA-P5-A737-01,-3.1705264906244905
TCGA-B8-4620-01,-1.3704201259373547
TCGA-VD-A8K9-01,-3.4561709218932606
TCGA-CM-6172-01,-0.044305459383363534
TCGA-3U-A98E-01,-1.4711481204859955
TCGA-OR-A5K4-01,2.423379560985799
TCGA-E7-A7DU-01,2.0308730271527615
TCGA-CJ-4904-01,-2.8594779953167606
TCGA-14-0871-01,-1.3024125964269084
TCGA-A4-7583-01,-3.1745509094072175
TCGA-NJ-A7XG-01,-1.9073650249716672
TCGA-JY-A93C-01,-1.3789058023275114
TCGA-D5-6533-01,2.985504363324659
TCGA-VN-A88I-01,-3.2913791933558945
TCGA-EP-A3RK-01,-2.6617875778366886
TCGA-RY-A83Y-01,-1.4884645232033686
TCGA-X6-A7W8-01,-1.4266963806848256
TCGA-BJ-A3PT-01,-3.4561709218932606
TCGA-TT-A6YO-01,-3.4561709218932606
TCGA-CR-7371-01,4.633999660145889
TCGA-HC-A9TE-01,-1.294068161783194
TCGA-BJ-A2N8-01,-3.4561709218932606
TCGA-YZ-A985-01,4.051199702857646
TCGA-BP-5175-01,-2.7473648961352146
TCGA-HT-8564-01,6.633312866980203
TCGA-05-4403-01,0.24113235103124764
TCGA-55-8097-01,2.3243678022224303
TCGA-LL-A7T0-01,-1.6504424734069612
TCGA-NI-A4U2-01,-0.261630012484878
TCGA-DX-AB2Z-01,-1.1665740382841199
TCGA-KK-A6E2-01,-1.5676821643194663
TCGA-BQ-5879-01,-1.5607921844695145
TCGA-CZ-5455-01,-2.482410178765287
TCGA-VP-A872-01,-1.985269880094991
TCGA-39-5024-01,1.527519073026744
TCGA-DD-AAVQ-01,-2.593669617575329
TCGA-HT-7686-01,-2.2635769447208176
TCGA-ZB-A96Q-01,-3.1071553509490077
TCGA-2G-AAGZ-01,-2.9467797442633072
TCGA-B4-5834-01,-2.646930700123451
TCGA-BA-6873-01,-1.3858398221884374
TCGA-85-8582-01,4.990623354217332
TCGA-F7-7848-01,6.1995159386441285
TCGA-EM-A1CT-01,-2.8818356687365636
TCGA-CD-8531-01,4.07213444837494
TCGA-NJ-A4YQ-01,18.460653011165856
TCGA-DK-A1A3-01,4.894402206963651
TCGA-DS-A7WH-01,-1.6248086336987482
TCGA-ZJ-AAX4-01,-3.094485789429318
TCGA-QK-AA3J-01,-1.8504658376868317
TCGA-97-7547-01,2.2474240847730687
TCGA-ZB-A96F-01,-3.158496098368483
TCGA-X7-A8D7-01,-3.4561709218932606
TCGA-C5-A7CK-01,-1.4690836836733214
TCGA-KK-A7AP-01,-2.108030831374935
TCGA-E1-A7YM-01,-2.4350310091733762
TCGA-DM-A28H-01,0.5229367715787112
TCGA-IB-7645-01,-1.9506841875997578
TCGA-J8-A42S-01,-2.901043248852477
TCGA-KQ-A41N-01,0.3808588333057792
TCGA-A7-A13D-01,-2.019279768945048
TCGA-D6-6824-01,-2.2627055065904185
TCGA-MQ-A6BR-01,-2.724342579243012
TCGA-DH-A66F-01,-3.1862773125404207
TCGA-EW-A1OZ-01,-1.2646158180996177
TCGA-CG-5716-01,-2.6556053462435787
TCGA-F4-6460-01,1.4364836192195298
TCGA-A2-A1FX-01,-3.24934754427874
TCGA-KN-8421-01,-2.8846066621130495
TCGA-A4-A57E-01,-1.5973825684322138
TCGA-RW-A688-01,-3.0471923040581927
TCGA-E2-A10F-01,-3.082913093067797
TCGA-AH-6897-01,1.316959159409099
TCGA-A7-A4SD-01,-2.0673462696211304
TCGA-XF-A9T6-01,2.9845503250017313
TCGA-2G-AAG6-01,-3.1678814597863583
TCGA-EM-A2OY-01,-3.235458077846527
TCGA-HZ-7926-01,-2.150489448856501
TCGA-D5-5540-01,0.7295534426989381
TCGA-EA-A1QS-01,-0.7468993020276089
TCGA-55-5899-01,8.755755177418251
TCGA-43-8118-01,10.270064840813957
TCGA-DK-A2I4-01,8.82364741953674
TCGA-VD-A8KB-01,-3.279094940652978
TCGA-HU-A4G9-01,9.81867436643404
TCGA-V4-A9EL-01,-2.9371460539803906
TCGA-2Z-A9JD-01,-0.5905675746578225
TCGA-05-4397-01,15.182214880679842
TCGA-VP-A876-01,-2.679157808104757
TCGA-HU-A4GN-01,13.79839456065026
TCGA-DD-AAVU-01,-0.30386973428931674
TCGA-SI-A71O-01,-2.8399502487157986
TCGA-XD-AAUI-01,-1.9925016983261394
TCGA-44-6777-01,7.750685713977246
TCGA-F4-6463-01,0.08137518320260484
TCGA-FV-A23B-01,-0.7175581197456755
TCGA-CS-5390-01,-2.115650640134057
TCGA-S9-A6UA-01,-2.5744131211669683
TCGA-IS-A3KA-01,-2.2317896346983033
TCGA-55-7815-01,0.40264826718681523
TCGA-E2-A1B5-01,-2.261941776699786
TCGA-2J-AAB9-01,-2.6926062827815693
TCGA-FU-A3WB-01,-2.691817948117676
TCGA-2G-AAGY-01,-2.1953700972831567
TCGA-ZB-A96B-01,-2.916489843418921
TCGA-IB-7891-01,-2.2733975777591273
TCGA-BH-A0DE-01,-2.4743022422006664
TCGA-32-2632-01,0.05091653102657509
TCGA-91-6830-01,2.1206066541523025
TCGA-VD-A8KN-01,-3.291237776031792
TCGA-E2-A14P-01,-0.9049373985469987
TCGA-ZG-A9L6-01,-3.4561709218932606
TCGA-VQ-A91S-01,3.0186227394470686
TCGA-FG-A87N-01,-3.25849861195736
TCGA-E9-A227-01,-2.400953518749551
TCGA-L5-A4OS-01,-1.6850241569448197
TCGA-VV-A829-01,-2.783496474269974
TCGA-RZ-AB0B-01,-3.173508896085222
TCGA-44-A4SS-01,9.130486219982776
TCGA-2L-AAQM-01,-2.686519532136569
TCGA-DH-A66B-01,-1.4131852365817363
TCGA-FU-A3TQ-01,-2.796046307183467
TCGA-2J-AABR-01,-3.239489523716478
TCGA-AR-A2LH-01,-0.3614245438183385
TCGA-EJ-7792-01,-3.046383405364129
TCGA-B0-5693-01,-1.6111123581820819
TCGA-XE-AAO6-01,-3.2760896471587926
TCGA-ZC-AAA7-01,-0.6627156746562293
TCGA-AJ-A3EK-01,54.95994634637662
TCGA-BR-A4J2-01,-2.8207993821131048
TCGA-85-8350-01,4.902121644067623
TCGA-2G-AAG9-01,-3.232709750616321
TCGA-DJ-A13U-01,-3.3869082808926256
TCGA-DD-A4NA-01,-2.7542702230353844
TCGA-A2-A0D3-01,-2.7790139750187626
TCGA-BT-A42E-01,3.0861407794795417
TCGA-CR-5249-01,-2.324499068444219
TCGA-HT-A5R7-01,-2.6678448016428127
TCGA-44-7659-01,1.4168114606906221
TCGA-CJ-6027-01,-2.675358733164297
TCGA-XK-AAJ3-01,-1.8332428563668
TCGA-5P-A9K0-01,-2.3415689139413938
TCGA-2J-AABV-01,-3.2561918601844204
TCGA-XM-A8RB-01,-3.4561709218932606
TCGA-53-7813-01,1.1975647906866702
TCGA-BJ-A0ZA-01,-2.9758097464898143
TCGA-G3-A7M8-01,-2.20650010457778
TCGA-98-A539-01,1.3485456624085876
TCGA-O2-A52S-01,6.288513862112404
TCGA-25-2397-01,-1.9822311173430138
TCGA-C5-A8XI-01,-2.6942081008758607
TCGA-EL-A3CY-01,-3.4561709218932606
TCGA-77-7335-01,3.085529448359101
TCGA-C5-A1BN-01,-1.430190755929279
TCGA-CS-5394-01,-2.66000702420333
TCGA-RT-A6Y9-01,-3.4561709218932606
TCGA-QT-A69Q-01,-3.4561709218932606
TCGA-D7-A4YV-01,9.993158172051222
TCGA-KR-A7K7-01,-2.122597678414644
TCGA-CD-A48A-01,3.646028478431039
TCGA-DD-A4NV-01,-0.8640199677169011
TCGA-BQ-5875-01,-2.9207266825528797
TCGA-05-4382-01,29.794922128919655
TCGA-XN-A8T3-01,-1.2124899442078474
TCGA-ZP-A9CV-01,0.11847171231246262
TCGA-BP-5181-01,-3.13676844984743
TCGA-BC-A10Y-01,-2.303184517841602
TCGA-L5-A8NL-01,1.2770868848671943
TCGA-N6-A4VG-01,-2.0624725271596347
TCGA-AK-3453-01,-3.280404156824533
TCGA-KM-8440-01,-2.549174479438171
TCGA-FD-A43P-01,5.80005968937173
TCGA-BJ-A191-01,-3.2398438038180197
TCGA-25-2398-01,-2.3234097338113613
TCGA-IG-A97H-01,-1.087654547654972
TCGA-DH-A66D-01,-2.5453633809855227
TCGA-93-A4JQ-01,-0.8570722278104089
TCGA-KC-A4BN-01,-2.868698041382608
TCGA-IG-A4QT-01,-3.4561709218932606
TCGA-CC-5260-01,-2.5796970893102857
TCGA-HT-7877-01,-3.3557404101164123
TCGA-GR-A4D6-01,-0.975443600806487
TCGA-F5-6812-01,-0.6709450846711823
TCGA-CR-7401-01,-1.6730406350624067
TCGA-CV-6940-01,-0.6595962857543304
TCGA-FD-A3SJ-01,1.9413950271206462
TCGA-IR-A3LA-01,11.039448823063617
TCGA-OR-A5J1-01,-1.4051157743029983
TCGA-OL-A66J-01,-3.4561709218932606
TCGA-CN-5359-01,0.6924904880306989
TCGA-77-8138-01,-0.3590667226115995
TCGA-QK-A652-01,-1.4142159697903842
TCGA-06-0882-01,-1.9160357992093764
TCGA-DE-A4M9-01,-3.4561709218932606
TCGA-21-5783-01,6.222106771393115
TCGA-DU-6542-01,-1.6167963773131306
TCGA-VQ-A922-01,0.2878312755636244
TCGA-05-5428-01,5.947532286823023
TCGA-EL-A3ZT-01,-3.212283785886653
TCGA-AL-7173-01,-3.072168972082575
TCGA-BR-4267-01,-0.27534113859734066
TCGA-CN-4726-01,-2.0544350186166724
TCGA-D8-A1JI-01,-2.8191024708593373
TCGA-B0-5113-01,-2.8294852969692705
TCGA-OL-A5RX-01,-1.6648934251195469
TCGA-QQ-A5VD-01,7.7822970879802975
TCGA-EJ-7791-01,-3.326196904117899
TCGA-A3-A8OU-01,-0.9499190352917062
TCGA-BR-8683-01,1.4259377416688879
TCGA-QH-A6CS-01,-2.3179777157765895
TCGA-E1-A7YU-01,-2.847240402924524
TCGA-AR-A5QM-01,-2.8933268623931063
TCGA-W9-A837-01,-2.2834836213361047
TCGA-HQ-A2OE-01,-1.773086537858178
TCGA-IK-7675-01,-2.4841785961140133
TCGA-SP-A6QG-01,-3.4561709218932606
TCGA-CQ-A4C7-01,-1.7018032466723476
TCGA-D1-A3JQ-01,-2.4078299936862484
TCGA-CZ-5452-01,-2.8542529596943917
TCGA-BH-A0BA-01,-2.977179188041839
TCGA-DJ-A2Q6-01,-3.1719015800564065
TCGA-BP-5201-01,-2.5535368511110845
TCGA-W5-AA36-01,-2.1177503415310865
TCGA-BJ-A3F0-01,-3.2230492390343386
TCGA-D8-A27F-01,-0.7332298220308766
TCGA-34-5236-01,4.949924774980704
TCGA-DU-7306-01,-2.2015842654666082
TCGA-C8-A26Z-01,-1.9727050264588695
TCGA-ET-A39I-01,-3.4561709218932606
TCGA-EJ-A46B-01,-3.4561709218932606
TCGA-EM-A2CU-01,-3.4561709218932606
TCGA-QH-A6X9-01,-1.224769897181086
TCGA-S9-A6U0-01,-1.5097184911135517
TCGA-BP-5190-01,-1.7525674067998176
TCGA-2Z-A9JG-01,-2.2973253389866883
TCGA-L5-A4OW-01,4.260509211139648
TCGA-UY-A78O-01,1.469418768774856
TCGA-SX-A7SU-01,-3.4561709218932606
TCGA-CW-5591-01,-3.046735191677837
TCGA-CZ-5989-01,-3.3490391181190593
TCGA-4K-AA1G-01,-3.4561709218932606
TCGA-BT-A20T-01,2.623962310081427
TCGA-PG-A5BC-01,-0.8218157241690929
TCGA-CV-7235-01,0.80970164853032
TCGA-W5-AA38-01,-2.8347751750378456
TCGA-VS-A94X-01,2.6385173944857985
TCGA-AZ-6600-01,2.2550397480502853
TCGA-A3-3387-01,-1.6596439340303757
TCGA-HT-7611-01,-1.2124652989445341
TCGA-D8-A1JM-01,-2.5280663173531344
TCGA-J8-A4HW-01,-2.603053238178805
TCGA-55-6986-01,-3.028500524037107
TCGA-S9-A6TY-01,-3.4561709218932606
TCGA-DU-A7TB-01,-2.5480908592586355
TCGA-DC-6160-01,-0.06944699156352617
TCGA-C8-A1HO-01,-3.0462498869582038
TCGA-63-A5MU-01,3.222522393696928
TCGA-CV-A6JM-01,1.6905371832707328
TCGA-E9-A228-01,-2.1801672627038555
TCGA-E9-A1RA-01,-2.805559846636721
TCGA-BR-8682-01,-2.4605452377712287
TCGA-V7-A7HQ-01,-3.153957119879718
TCGA-OL-A6VR-01,-3.2431666172387605
TCGA-O2-A52W-01,-0.05332746235595334
TCGA-BJ-A45G-01,-3.3072029360727333
TCGA-FB-A4P5-01,-3.4561709218932606
TCGA-19-2625-01,-1.7976068112673373
TCGA-DJ-A2Q2-01,-3.277654588351627
TCGA-IB-A5SP-01,0.22492795790511996
TCGA-IK-8125-01,-1.3712974239175828
TCGA-AR-A1AW-01,-2.2549765443930547
TCGA-WH-A86K-01,-2.702418352394422
TCGA-D5-6530-01,13.994180165313256
TCGA-YC-A8S6-01,-1.9579846969478427
TCGA-AR-A1AY-01,-2.41772261781958
TCGA-QU-A6IO-01,-3.4561709218932606
TCGA-BR-4279-01,-1.7437352678876792
TCGA-YL-A8SP-01,-2.5183013417740376
TCGA-TS-A7P3-01,-2.9957852639323654
TCGA-E7-A5KF-01,1.5467874660467067
TCGA-W2-A7HH-01,-3.2683604078901998
TCGA-B0-5106-01,-3.1024820726139684
TCGA-HV-A7OL-01,-2.0760463972683074
TCGA-EW-A1OV-01,0.014489497262620004
TCGA-DX-A3LW-01,-2.7124423325779645
TCGA-A2-A04U-01,-2.6621948438720886
TCGA-DH-5141-01,-3.170816112543539
TCGA-BL-A13J-01,0.5061017958423514
TCGA-CV-5971-01,-2.593894580017754
TCGA-D8-A1JF-01,-2.5857772213943515
TCGA-OL-A6VQ-01,-2.9180748031021655
TCGA-QT-A5XK-01,-3.1003661845111226
TCGA-56-7582-01,1.0929780115639454
TCGA-G9-A9S0-01,-2.0431527727895373
TCGA-S4-A8RO-01,-2.3581300681075303
TCGA-C8-A273-01,-3.2824029310125984
TCGA-GS-A9TW-01,0.6896166786364559
TCGA-BA-A6DA-01,11.395062526178714
TCGA-ZG-A9LS-01,-3.2475394212684936
TCGA-DJ-A2PT-01,-3.3869082808926256
TCGA-DK-AA6R-01,3.478590911487176
TCGA-C8-A132-01,-1.6826808887684632
TCGA-J9-A52B-01,-1.7426264587218894
TCGA-FG-A60L-01,-2.8644639048684826
TCGA-91-A4BD-01,-3.2225492832288416
TCGA-G2-A2EJ-01,3.0884594215564034
TCGA-DB-5280-01,-2.9007213677655805
TCGA-QR-A6GU-01,-3.2820982569031223
TCGA-FD-A3SN-01,2.823265121555466
TCGA-B6-A0RQ-01,-1.0969527274075128
TCGA-BR-7717-01,1.0337724223219251
TCGA-DJ-A2PO-01,-3.2605196650013957
TCGA-G4-6303-01,-1.3135021147161945
TCGA-BR-8686-01,0.1516528756009459
TCGA-50-5066-01,2.1628421170932732
TCGA-KL-8341-01,-2.8748040601483074
TCGA-DJ-A13M-01,-3.4561709218932606
TCGA-MA-AA42-01,7.181808127043836
TCGA-XE-A8H5-01,-1.7517141711802853
TCGA-EM-A2CN-01,-3.4561709218932606
TCGA-S9-A7IX-01,-1.568044403848963
TCGA-DD-A3A2-01,-2.010270797410094
TCGA-3B-A9HO-01,-1.6358069969469795
TCGA-KS-A4I5-01,-2.72942725223263
TCGA-D8-A27W-01,-3.2065890559327386
TCGA-85-6560-01,6.9337895151288045
TCGA-98-8022-01,2.052565596539807
TCGA-XU-A92T-01,-2.910032665482233
TCGA-C5-A8YQ-01,0.5022282562388426
TCGA-A8-A075-01,-1.2405618408519257
TCGA-WC-A883-01,-3.4561709218932606
TCGA-VQ-A91W-01,-0.956011307373513
TCGA-G2-A3VY-01,10.02842950564509
TCGA-V4-A9F0-01,-3.4561709218932606
TCGA-KC-A4BV-01,-2.5089004346742834
TCGA-A1-A0SD-01,-1.9979188026517347
TCGA-B7-A5TJ-01,3.3769399847585
TCGA-32-1980-01,-0.6105622910434954
TCGA-FG-5965-01,-1.5087955559031183
TCGA-49-AAR9-01,10.53970103119926
TCGA-VP-A875-01,-2.5704987617212955
TCGA-X7-A8DF-01,-3.4561709218932606
TCGA-D6-A4Z9-01,-0.11276648045296621
TCGA-VQ-A8DT-01,2.5833908414154783
TCGA-AZ-4682-01,-1.812077870767481
TCGA-VT-A80G-01,0.6470077565061532
TCGA-QK-A6IH-01,-1.6845705159601996
TCGA-55-7907-01,18.94415389355703
TCGA-KJ-A3U4-01,-1.5889187798811435
TCGA-VF-A8AD-01,-3.118987423683209
TCGA-QC-A7B5-01,25.197146304726775
TCGA-ZP-A9CZ-01,-2.276324705684776
TCGA-95-7039-01,25.285417006204103
TCGA-DX-A3M2-01,-1.2612812029379317
TCGA-46-6026-01,3.237868376018829
TCGA-ZT-A8OM-01,-3.4561709218932606
TCGA-CL-4957-01,0.10357874383836355
TCGA-64-1680-01,-2.3892653234565295
TCGA-ZB-A96A-01,-3.2622029281675853
TCGA-ZF-AA4X-01,7.180642282492634
TCGA-BR-8690-01,2.1206958927367765
TCGA-CQ-7072-01,1.6244225238369958
TCGA-J2-A4AE-01,-2.236372583657785
TCGA-A2-A3Y0-01,1.4699133161252678
TCGA-G4-6586-01,15.25919397304815
TCGA-EJ-5501-01,-3.242126883461485
TCGA-22-5473-01,14.258498360002772
TCGA-EW-A6SD-01,-1.5903470903928556
TCGA-CZ-5466-01,-1.7023653397804575
TCGA-EL-A3T6-01,-2.746567666710399
TCGA-DD-A73D-01,-2.3943677507942676
TCGA-EI-7004-01,-0.9476987601268756
TCGA-QK-A8ZA-01,-0.26254658774407075
TCGA-BA-A4IF-01,-0.09476103259374549
TCGA-L5-A88W-01,-0.6766986735231467
TCGA-ED-A82E-01,-3.052414363848152
TCGA-E2-A14W-01,-1.8324609764010595
TCGA-KS-A4I9-01,-3.3869082808926256
TCGA-SP-A6QK-01,-2.9930716562697377
TCGA-AD-6890-01,1.9686261826752116
TCGA-CV-5440-01,0.15741038281946976
TCGA-DK-A3IK-01,-0.035655651640178566
TCGA-HZ-8636-01,-1.7775059227402494
TCGA-DD-A4NP-01,-3.0889998249351294
TCGA-2G-AAKL-01,-2.845008077563849
TCGA-XF-AAMY-01,-0.08647596770667192
TCGA-5X-AA5U-01,-3.2846371698323154
TCGA-AD-6889-01,20.32909426611739
TCGA-AR-A256-01,0.5516854554434438
TCGA-OR-A5JT-01,-3.1158033182693967
TCGA-CR-7391-01,-3.2666123545958436
TCGA-FY-A3NN-01,-3.1744615513776187
TCGA-KK-A6E7-01,-0.8141423459076035
TCGA-P5-A5F6-01,-3.4561709218932606
TCGA-A2-A0T3-01,-1.8792643406020018
TCGA-DM-A28K-01,-1.7296204032172595
TCGA-X7-A8M1-01,-2.632132476891293
TCGA-2Z-A9JT-01,-1.9036561353556405
TCGA-VD-AA8S-01,-3.2222852692677244
TCGA-FD-A5C0-01,-0.07708017570668378
TCGA-86-8359-01,1.8780047735014922
TCGA-WZ-A7V3-01,-2.5531915723151695
TCGA-CN-5369-01,9.251501859027588
TCGA-A7-A26G-01,-1.1546861266536828
TCGA-K7-A5RF-01,-2.8323403278817505
TCGA-55-8614-01,4.26668260484137
TCGA-XK-AAJP-01,-2.12419950896146
TCGA-55-7574-01,5.195435052243129
TCGA-44-5644-01,18.33136624435845
TCGA-CV-A45T-01,-3.2655193826410285
TCGA-27-1834-01,-2.44056591112353
TCGA-NC-A5HJ-01,9.946871366395731
TCGA-ED-A8O5-01,-0.5098170223713504
TCGA-CV-6934-01,0.25391809363046614
TCGA-IB-A7M4-01,-2.071591485888907
TCGA-T3-A92N-01,-1.277396587654598
TCGA-XF-A8HI-01,-0.09080179604307051
TCGA-HC-A76W-01,-2.0530153461498144
TCGA-DU-7007-01,-2.280475603925969
TCGA-G9-A9S7-01,-3.2724038290676987
TCGA-HC-8216-01,0.8016745382016768
TCGA-MP-A4TI-01,2.323391225435941
TCGA-EJ-A8FN-01,-2.4352260077351016
TCGA-95-7948-01,-0.5703799007387301
TCGA-2G-AAFG-01,-3.4561709218932606
TCGA-GV-A40E-01,0.6229873347299806
TCGA-RS-A6TP-01,-0.1797271886098673
TCGA-73-4677-01,5.203894286617499
TCGA-ZJ-AB0H-01,0.4982304806647111
TCGA-HW-7490-01,-1.7844280132784476
TCGA-DJ-A2Q1-01,-3.4561709218932606
TCGA-DX-A7ER-01,-2.3464370401078734
TCGA-CS-6188-01,-3.228349658413665
TCGA-X7-A8M5-01,-1.9693969363791346
TCGA-50-5942-01,-2.122407125192297
TCGA-DX-A3UA-01,-3.4561709218932606
TCGA-V4-A9F8-01,-3.299222287424232
TCGA-CS-6668-01,-2.838641132127553
TCGA-BH-A208-01,-1.604634184326225
TCGA-BH-A1F6-01,-2.323735354436298
TCGA-BA-A6DB-01,-2.6619540801863626
TCGA-C5-A7X5-01,1.0657564197711498
TCGA-CF-A47W-01,-2.415697025072171
TCGA-DX-A8BP-01,11.377841395437365
TCGA-EL-A3ZH-01,-3.2859648898932607
TCGA-XF-AAN2-01,4.546748864145688
TCGA-DX-AB2V-01,-0.6251027642406611
TCGA-CZ-5453-01,-2.8100323986731786
TCGA-VS-A9U5-01,-2.0139170545832275
TCGA-DC-6154-01,-0.30392653656505114
TCGA-AR-A1AU-01,-3.4561709218932606
TCGA-ZP-A9D1-01,-0.2391922791838639
TCGA-22-5481-01,5.824621056328977
TCGA-DX-A3UE-01,-2.483901046030099
TCGA-DD-AADU-01,-1.2891079405585004
TCGA-AR-A24X-01,-3.17170156136243
TCGA-BJ-A45D-01,-3.2230492390343386
TCGA-FP-8210-01,-3.4561709218932606
TCGA-QG-A5Z2-01,13.802795176427399
TCGA-DJ-A3V4-01,-2.537419630892732
TCGA-HB-A5W3-01,-2.6390035621026082
TCGA-D6-8569-01,0.549768666958747
TCGA-2A-AAYO-01,-1.3904515274355844
TCGA-E2-A1IE-01,-1.1799085230863604
TCGA-G9-6364-01,-2.861396877247626
TCGA-G4-6294-01,1.5392462957681252
TCGA-2G-AAFL-01,-3.028992055589617
TCGA-NA-A4R1-01,-0.17749835653511536
TCGA-66-2769-01,6.82541352351392
TCGA-FD-A3B5-01,-0.06901723281945067
TCGA-4Z-AA80-01,2.2810999008568222
TCGA-78-7167-01,0.6349478299430302
TCGA-78-8662-01,18.158242613551007
TCGA-CF-A3MF-01,-3.010455395123908
TCGA-4V-A9QL-01,-3.4561709218932606
TCGA-C5-A1M7-01,-1.086047482417527
TCGA-DU-8165-01,-1.1551674059739105
TCGA-86-8585-01,14.883723698081779
TCGA-RQ-AAAT-01,-0.5068673441212613
TCGA-50-6591-01,-0.4373920638147741
TCGA-BP-4985-01,-1.0806436938554094
TCGA-WK-A8XX-01,-2.3793121536024286
TCGA-AO-A128-01,6.972679927926283
TCGA-AR-A24T-01,-2.1412796228583852
TCGA-ET-A4KQ-01,-3.154396027245857
TCGA-QG-A5Z1-01,0.041897174515920774
TCGA-BR-A4PD-01,3.2923495039564545
TCGA-BH-A1F2-01,-1.4798343873598478
TCGA-QQ-A5VC-01,-0.6560276229719341
TCGA-G9-6371-01,-3.315995552654151
TCGA-DX-A7EF-01,-2.845962465989294
TCGA-EM-A4FH-01,-3.4561709218932606
TCGA-KU-A66S-01,8.657498137720943
TCGA-D8-A1J9-01,0.6893497561372619
TCGA-Q1-A5R2-01,5.634784148938407
TCGA-IB-AAUR-01,-3.4561709218932606
TCGA-2X-A9D5-01,-3.4561709218932606
TCGA-DD-AADY-01,-0.1942777454232795
TCGA-HU-A4GT-01,16.354555825851698
TCGA-HT-7692-01,-2.4075179192378315
TCGA-CF-A3MI-01,-2.0059031256095423
TCGA-MP-A4TK-01,3.9366831395000967
TCGA-B0-5099-01,-1.9263679305532655
TCGA-G4-6628-01,23.915190465092227
TCGA-G2-A3IE-01,2.2530952771423105
TCGA-EK-A3GJ-01,0.4097758800773615
TCGA-77-7338-01,0.7565194495893671
TCGA-EM-A22K-01,-3.4561709218932606
TCGA-E2-A150-01,-0.8453674379843921
TCGA-AR-A251-01,0.7033981980742263
TCGA-UD-AAC6-01,-2.915328474219966
TCGA-SR-A6MX-01,-2.8790825093054635
TCGA-TQ-A7RM-01,-1.455513494631562
TCGA-CI-6624-01,5.279375070673857
TCGA-BQ-7053-01,-2.8663933570525013
TCGA-DG-A2KH-01,-1.6394710152683933
TCGA-D5-6534-01,0.8450394080894846
TCGA-VS-A8EB-01,-2.2952811087731613
TCGA-V4-A9F1-01,-3.4561709218932606
TCGA-FY-A40L-01,-3.235090420063882
TCGA-AF-5654-01,0.6588016923749002
TCGA-4Z-AA84-01,3.9564196255098083
TCGA-55-7570-01,6.545253601808213
TCGA-78-7163-01,-2.726567189635573
TCGA-2Y-A9GS-01,-1.1879364720351249
TCGA-ZU-A8S4-01,-0.9534564391651763
TCGA-DU-8161-01,-2.4395646543574614
TCGA-F1-6874-01,9.456029375258415
TCGA-D8-A1JE-01,-2.0540685272843464
TCGA-ZF-A9R2-01,1.7429393916396765
TCGA-CG-5717-01,0.5264013846648945
TCGA-LN-A9FP-01,7.213184380390829
TCGA-JY-A6FB-01,-0.6586249514940216
TCGA-LP-A4AX-01,-1.9002148556640575
TCGA-HV-A7OP-01,-0.18098642844348894
TCGA-2G-AALG-01,-3.4561709218932606
TCGA-HC-A6AN-01,-2.272425273826793
TCGA-05-4417-01,4.719614750391113
TCGA-78-8655-01,0.22155361053443592
TCGA-97-7554-01,7.307239758265842
TCGA-DD-AADN-01,-1.2485101162980319
TCGA-BB-8601-01,-1.652175445861558
TCGA-KN-8431-01,-3.2622436570789617
TCGA-P5-A736-01,-2.0021852175844423
TCGA-CN-A497-01,5.6325096795497736
TCGA-EL-A4K9-01,-3.2207201779802657
TCGA-BQ-7045-01,-2.4340496200030435
TCGA-KL-8336-01,-2.116321688972556
TCGA-IN-A7NU-01,0.048503039729203085
TCGA-RC-A7SK-01,-1.1192791966504292
TCGA-EO-A3AS-01,-0.7009429195072312
TCGA-AL-3472-01,-1.9183819909288327
TCGA-WK-A8XS-01,-2.4809746110653608
TCGA-J8-A3YE-01,-2.5628970644558486
TCGA-C8-A274-01,1.3181005111787654
TCGA-EM-A3FP-01,-3.4561709218932606
TCGA-BH-A5IZ-01,-1.4621954303118783
TCGA-49-4505-01,5.577390595459335
TCGA-LB-A8F3-01,-2.800013079508154
TCGA-EJ-5518-01,-2.313898615704629
TCGA-B8-A54I-01,-2.5890217330249077
TCGA-D7-A748-01,-2.6813136449742316
TCGA-WB-A80Y-01,-3.260744468310318
TCGA-DX-A8BT-01,-0.6394334853965674
TCGA-W5-AA2Z-01,-2.7860974223590445
TCGA-D6-A6EN-01,-1.0220472932812052
TCGA-CV-7414-01,3.2551812272497105
TCGA-PC-A5DN-01,-1.3519113628456716
TCGA-DU-6401-01,-2.0974064274235316
TCGA-IG-A51D-01,1.247324443307441
TCGA-DX-A6YZ-01,-1.5250794675318153
TCGA-2G-AAGO-01,-2.7018572861243424
TCGA-22-5489-01,3.9279005520588015
TCGA-DK-A6AV-01,0.5548325322892721
TCGA-ZB-A96P-01,-3.4561709218932606
TCGA-HT-A74H-01,-0.8245364305293258
TCGA-G7-A8LC-01,-3.4561709218932606
TCGA-XF-A9SH-01,-2.175109237298762
TCGA-CR-7372-01,-1.5198234460791533
TCGA-VQ-A91K-01,17.568147236187308
TCGA-B6-A40B-01,-2.4620044643964665
TCGA-41-2571-01,-2.566202500408526
TCGA-AR-A0U2-01,-1.9077550419330485
TCGA-33-AASJ-01,1.5756524940268966
TCGA-BR-6453-01,3.251338711417476
TCGA-DM-A1DB-01,0.18045890135219422
TCGA-HF-7136-01,-1.7768447211069645
TCGA-2Z-A9J1-01,-2.496005417018212
TCGA-TT-A6YN-01,-3.4561709218932606
TCGA-DK-AA6W-01,3.426221958803059
TCGA-QR-A6H6-01,-3.195041935506252
TCGA-G7-6793-01,-3.4561709218932606
TCGA-23-1110-01,0.3777848017313572
TCGA-IB-7644-01,-2.977252016472965
TCGA-P4-A5E7-01,-1.942888354977382
TCGA-CV-A465-01,-2.575121352678879
TCGA-R3-A69X-01,1.4894682286830097
TCGA-FE-A232-01,-3.033110494088909
TCGA-3A-A9I7-01,-2.849283413189249
TCGA-BR-4253-01,-0.9334656382713059
TCGA-TQ-A7RV-01,-2.5911549961412623
TCGA-BQ-7058-01,-2.1652204187158444
TCGA-IN-A6RJ-01,2.7297717108421895
TCGA-2G-AAH8-01,-2.5094756881879827
TCGA-B6-A0IH-01,-2.813799298104519
TCGA-A6-5659-01,2.1889207949179714
TCGA-BR-6563-01,-1.1065575248471642
TCGA-D8-A27K-01,-2.721565935224644
TCGA-CD-8525-01,-0.8582938567709709
TCGA-DX-A8BO-01,-2.3556892216299943
TCGA-S7-A7WT-01,-1.8439866926772615
TCGA-MJ-A68H-01,-2.674806324625221
TCGA-E9-A5FK-01,-3.1220311553706064
TCGA-V4-A9EY-01,-2.779555843343304
TCGA-EW-A1PB-01,-0.923647893173124
TCGA-22-0944-01,0.6459216260828075
TCGA-BH-A0E9-01,-3.127069234411631
TCGA-86-8669-01,0.19066927342313203
TCGA-A1-A0SE-01,-1.4757728110977748
TCGA-BR-6803-01,-3.040127156520931
TCGA-14-0781-01,-1.148728242146388
TCGA-HT-7483-01,-2.9007213677655805
TCGA-EJ-5505-01,-3.211542413191367
TCGA-FD-A3B6-01,3.4665195232244432
TCGA-ZF-AA5P-01,-2.518989522531899
TCGA-SG-A849-01,-2.486124127437578
TCGA-E9-A1NH-01,-3.2604931736940586
TCGA-X7-A8D6-01,-3.4561709218932606
TCGA-VS-A94Z-01,8.504135963109565
TCGA-EM-A3AP-01,-3.4561709218932606
TCGA-EW-A2FW-01,-2.5925423223464685
TCGA-CD-8530-01,1.2358888245907267
TCGA-CJ-4902-01,-1.3531176106673757
TCGA-3G-AB19-01,-3.249637600740594
TCGA-2G-AAGC-01,-2.955148053307182
TCGA-DW-7840-01,-3.006113515428009
TCGA-GU-A42Q-01,-0.842939713045899
TCGA-CC-A1HT-01,1.8384255741799758
TCGA-77-8156-01,2.404117861903369
TCGA-DJ-A2PP-01,-3.2230492390343386
TCGA-G3-AAUZ-01,-1.2971045578046103
TCGA-CX-7085-01,-1.000199538795958
TCGA-77-8153-01,2.2110796891262594
TCGA-BR-6457-01,0.40093648780830327
TCGA-B0-5117-01,-2.351039575436432
TCGA-HF-7132-01,17.70147091547092
TCGA-A6-5660-01,-0.539179864042467
TCGA-DJ-A1QG-01,-3.4561709218932606
TCGA-V4-A9EU-01,-3.218184371478322
TCGA-CZ-5467-01,-2.1785361062122686
TCGA-SC-A6LP-01,-2.5859874019471643
TCGA-HT-7620-01,-2.869881886627362
TCGA-2G-AAH3-01,-3.245106806283655
TCGA-HT-7480-01,-2.4049233051418724
TCGA-ET-A25O-01,-3.155135982600566
TCGA-06-0157-01,-0.3794439445416087
TCGA-BR-8592-01,-0.9119081525575331
TCGA-BR-8295-01,-1.4420353764620355
TCGA-CM-5862-01,-0.0645269126073499
TCGA-D7-A6F0-01,1.4652015390519584
TCGA-2G-AAG7-01,-2.9593963608180185
TCGA-S9-A7J0-01,-2.674678627393115
TCGA-WC-A87U-01,-3.2680197929667294
TCGA-B1-5398-01,-2.3103417615607498
TCGA-X7-A8DE-01,-3.2042045239835084
TCGA-B7-5816-01,13.762793043044521
TCGA-B8-A54F-01,-3.4561709218932606
TCGA-G3-AAV6-01,-1.0097833619127121
TCGA-BJ-A3PU-01,-3.236690941835108
TCGA-BB-4227-01,-0.05053672952366263
TCGA-55-8208-01,4.4615862396372
TCGA-EY-A5W2-01,8.201745075035623
TCGA-2G-AAF6-01,-2.7856011876092786
TCGA-PG-A6IB-01,6.349427910329083
TCGA-XK-AAJA-01,-2.081592826570806
TCGA-F4-6805-01,-0.7887287611276547
TCGA-12-3653-01,-2.5743317036713838
TCGA-DX-AB2H-01,-3.318517749195526
TCGA-IS-A3K7-01,-0.7489716022916612
TCGA-A2-A1G0-01,-2.7391538881877646
TCGA-WX-AA46-01,-0.9038597505124122
TCGA-2G-AAGT-01,-3.3025758654416393
TCGA-E8-A415-01,-3.158961678013689
TCGA-B8-5546-01,-2.793504341788952
TCGA-BK-A6W4-01,-2.0178339286329763
TCGA-TM-A84Q-01,-1.373009349521056
TCGA-QS-A8F1-01,-1.799005099347228
TCGA-DD-A73F-01,-2.0052768660625273
TCGA-CG-5721-01,45.94171485049779
TCGA-HQ-A2OF-01,0.9479596831075989
TCGA-76-4926-01,-2.347386771240557
TCGA-UZ-A9PN-01,-3.0374189497166206
TCGA-75-6206-01,-0.352360668904226
TCGA-D8-A1XZ-01,-1.2680018782151885
TCGA-A3-3370-01,-2.6571744494878633
TCGA-J4-A67Q-01,-3.0587123731895955
TCGA-55-6971-01,-1.4510684125612108
TCGA-05-4410-01,20.964361444375935
TCGA-BR-8487-01,31.930970238939548
TCGA-26-5133-01,-2.686536081115992
TCGA-VD-AA8O-01,-3.0298323980096082
TCGA-FF-8041-01,-0.448403205102723
TCGA-EO-A3AV-01,45.79938878986857
TCGA-IM-A3U2-01,-2.7741843837236915
TCGA-EU-5904-01,-1.5653991048425153
TCGA-55-8207-01,4.048400074385358
TCGA-EJ-5514-01,-2.504999411391445
TCGA-38-4625-01,10.041985937678518
TCGA-OL-A5DA-01,-0.9034475789709626
TCGA-R6-A6L6-01,-1.8898268142043309
TCGA-A7-A5ZV-01,0.4023803781262568
TCGA-LL-A50Y-01,-2.655002995881311
TCGA-06-2562-01,-1.266842769030249
TCGA-UN-AAZ9-01,-2.024002285658968
TCGA-BR-7707-01,13.744453313344023
TCGA-KM-8639-01,-3.0845909563361724
TCGA-AX-A3FT-01,13.189268761658996
TCGA-BP-5007-01,-3.2557302502868817
TCGA-EJ-7794-01,-1.776859688215604
TCGA-KS-A41J-01,-3.1908841096165115
TCGA-A3-3374-01,-3.242126883461485
TCGA-CK-4951-01,28.980137738034298
TCGA-BP-5180-01,-2.488797773894682
TCGA-EY-A2OQ-01,-2.6575079377774977
TCGA-D7-6524-01,-0.7938076024946614
TCGA-F4-6704-01,-0.9020873053317711
TCGA-A5-A7WK-01,-1.4643261322740373
TCGA-CZ-5984-01,-3.04735062351589
TCGA-55-6968-01,8.603809546316457
TCGA-ZJ-AAXB-01,-0.932787445409068
TCGA-CN-A49A-01,-0.42088245896517407
TCGA-BH-A0BP-01,1.709630317751738
TCGA-2F-A9KR-01,1.459555320926607
TCGA-ET-A2N3-01,-3.4561709218932606
TCGA-B3-4103-01,-2.8888199620877297
TCGA-FY-A3ON-01,-3.3869082808926256
TCGA-RY-A847-01,-2.2867545251919545
TCGA-CF-A5U8-01,-2.2729446029343023
TCGA-BR-A44T-01,-2.7325949251818953
TCGA-3X-AAVC-01,-1.9350328653170905
TCGA-EJ-5517-01,-3.4561709218932606
TCGA-BK-A0CA-01,-0.5014406392343798
TCGA-CJ-4634-01,-1.822714017528943
TCGA-CW-5581-01,-2.8712936219546523
TCGA-66-2727-01,2.1640709744939386
TCGA-BR-8284-01,3.581558687876582
TCGA-HC-A8D0-01,-3.075189686297723
TCGA-CG-5725-01,-1.5441555102828146
TCGA-AR-A1AK-01,-1.2885209111711835
TCGA-HU-A4GX-01,13.870855309296548
TCGA-WZ-A8D5-01,-3.4561709218932606
TCGA-5R-AA1D-01,-3.1510692977580663
TCGA-DD-AACF-01,0.3239906677120166
TCGA-BT-A20R-01,4.068119211748895
TCGA-G9-6338-01,-3.1535886561559945
TCGA-98-A53C-01,-3.4561709218932606
TCGA-CK-6751-01,-0.02902843808568966
TCGA-22-0940-01,2.3935319233439887
TCGA-DD-AAE7-01,0.11799469821977634
TCGA-E9-A22G-01,-1.5758237997501576
TCGA-E8-A44M-01,-3.4561709218932606
TCGA-TQ-A7RQ-01,-3.0012706316989144
TCGA-AC-A2QH-01,-2.557349565619713
TCGA-90-7964-01,7.665091626300231
TCGA-L4-A4E5-01,7.1250084913999485
TCGA-L5-A4OE-01,4.685171665611356
TCGA-L5-A8NM-01,15.891526853864741
TCGA-SN-A84X-01,-3.17170156136243
TCGA-DZ-6135-01,-3.0109642340705376
TCGA-EX-A1H6-01,0.3102777840541905
TCGA-58-8393-01,1.2142180787351875
TCGA-63-A5MS-01,7.466893960996268
TCGA-AD-A5EJ-01,15.071293055703451
TCGA-A3-3378-01,-1.4472972787788254
TCGA-BR-A4J7-01,-2.0382569742749026
TCGA-TQ-A7RW-01,-2.307609151537749
TCGA-EM-A3FQ-01,-3.2554337562604885
TCGA-D7-6520-01,-0.02077808474935496
TCGA-CJ-5683-01,-1.340722646607388
TCGA-CA-6716-01,2.908566406491295
TCGA-DX-A48L-01,-1.8279022985442437
TCGA-XF-AAML-01,5.940831875685816
TCGA-ZJ-AAXF-01,-1.8190550065697697
TCGA-HU-8604-01,3.8560307537819325
TCGA-N5-A4RJ-01,-1.6017646892639912
TCGA-77-A5GF-01,1.1989690685617906
TCGA-BP-5202-01,-2.0234781125840398
TCGA-E2-A576-01,-1.6390995375304753
TCGA-DD-AAE4-01,-2.5880503721192034
TCGA-3A-A9IC-01,-1.2322900965173653
TCGA-93-7347-01,0.3585651726417191
TCGA-EJ-5506-01,-3.1144034736604924
TCGA-FG-8191-01,-2.371745092485891
TCGA-CW-5585-01,-1.9530300298730068
TCGA-E1-A7YW-01,-2.5362512481981114
TCGA-62-A471-01,-1.5259914791329867
TCGA-97-8177-01,-2.2821203868849276
TCGA-CX-7082-01,-1.328578341245408
TCGA-OL-A66N-01,-3.4561709218932606
TCGA-SR-A6MT-01,-3.4561709218932606
TCGA-KR-A7K2-01,-1.8332231622502437
TCGA-78-7160-01,-2.4141842372938154
TCGA-ZB-A963-01,-3.4561709218932606
TCGA-A2-A1FV-01,-2.6846342023567007
TCGA-QQ-A5V2-01,-3.4561709218932606
TCGA-B8-4619-01,-2.897772281876314
TCGA-VP-A878-01,-1.7011935624413899
TCGA-LG-A9QC-01,-2.6400507740085994
TCGA-KU-A6H7-01,-1.6278814367676027
TCGA-43-7658-01,3.397577312171199
TCGA-DB-5278-01,-3.3557404101164123
TCGA-KP-A3W3-01,-1.9595501433460774
TCGA-B3-3925-01,-2.0194395559312426
TCGA-GV-A3QK-01,-0.04774284422829779
TCGA-E1-A7YS-01,-1.532589975068633
TCGA-G9-6379-01,-3.252690417291566
TCGA-EM-A3FJ-01,-3.3869082808926256
TCGA-97-7938-01,5.568564663424062
TCGA-C8-A1HM-01,3.473304232611265
TCGA-SP-A6QF-01,-3.1296170697215366
TCGA-5P-A9KA-01,-2.0483929484303927
TCGA-21-1083-01,12.571103734157042
TCGA-DD-AAD2-01,0.35933279274942304
TCGA-E7-A6MD-01,7.315323119306931
TCGA-VS-A9UM-01,-0.5320808306196818
TCGA-DD-A39W-01,-2.8368942512026747
TCGA-BR-8384-01,-0.03134403086610198
TCGA-D8-A1JT-01,-2.4763465956224375
TCGA-G6-A8L7-01,-1.2481513721790154
TCGA-66-2755-01,4.122369325145007
TCGA-BL-A0C8-01,-0.7652993482894195
TCGA-DX-AB2O-01,-1.9683668969681802
TCGA-DX-A7EQ-01,-1.6058265133628784
TCGA-XD-AAUL-01,-2.652560720593874
TCGA-IW-A3M5-01,-2.150275868720692
TCGA-GJ-A6C0-01,-2.7107916037713076
TCGA-E2-A56Z-01,-2.666255385703973
TCGA-2A-AAYF-01,-2.828359311934729
TCGA-G9-6333-01,-3.054761299858768
TCGA-HT-7695-01,-3.3557404101164123
TCGA-A7-A13E-01,-2.0916009364047583
TCGA-DU-7012-01,-1.64090165498562
TCGA-RX-A8JQ-01,-2.935781102145509
TCGA-BB-A6UM-01,-1.7234925884139753
TCGA-F4-6806-01,0.3118718855107591
TCGA-SL-A6J9-01,-2.1133198400328808
TCGA-IZ-8196-01,-1.7552043980920689
TCGA-HT-7879-01,-2.6730543320982254
TCGA-BK-A139-01,0.48067097217391724
TCGA-FD-A6TG-01,7.011839542381297
TCGA-O2-A52N-01,7.870200552290499
TCGA-DU-A7TC-01,-2.2577984122681176
TCGA-CJ-5681-01,-2.9085097908489836
TCGA-22-4607-01,-2.7211289565122887
TCGA-DD-A39X-01,-1.9207289004307146
TCGA-CH-5789-01,-3.4561709218932606
TCGA-69-8253-01,2.088865653744334
TCGA-DX-A6YQ-01,-2.278515810645027
TCGA-CV-7411-01,0.3066301955897596
TCGA-DJ-A13P-01,-3.217149039978992
TCGA-AT-A5NU-01,-2.448368555468295
TCGA-FY-A3W9-01,-2.9780546105340617
TCGA-BH-A1FM-01,-1.559840012998296
TCGA-EJ-A46D-01,-3.0906022014798222
TCGA-JY-A93E-01,0.887321204973366
TCGA-YL-A8SI-01,-2.201771396177921
TCGA-D5-6531-01,2.118180143194235
TCGA-VN-A88K-01,-2.941016391184868
TCGA-VS-A8EH-01,-1.7063682475698578
TCGA-5U-AB0F-01,-3.4561709218932606
TCGA-GU-A766-01,0.3617096111448618
TCGA-PR-A5PG-01,-3.2900786355637655
TCGA-2J-AABA-01,-0.8230510844352706
TCGA-LN-A7HV-01,-1.490041253214967
TCGA-78-7159-01,3.904411887360238
TCGA-ET-A40S-01,-3.289327741907584
TCGA-DM-A1D9-01,-0.21136136813683673
TCGA-W2-A7HE-01,-3.2208737960936724
TCGA-27-2521-01,-1.8424103491840387
TCGA-A3-3311-01,-2.5336717395699835
TCGA-HD-8224-01,-0.9264964580837196
TCGA-DM-A0XF-01,1.603582547998573
TCGA-A1-A0SM-01,-2.937330684446062
TCGA-CC-A8HT-01,3.727338912358175
TCGA-KK-A8I8-01,-3.2899804341332
TCGA-DX-A6BH-01,-3.4561709218932606
TCGA-HT-7680-01,-3.4561709218932606
TCGA-DB-A4X9-01,-2.9251129679182513
TCGA-V1-A8MF-01,-1.8213257489380235
TCGA-EL-A3CN-01,-3.155135982600566
TCGA-SR-A6N0-01,-3.281086977186576
TCGA-CN-4730-01,-1.5358494812151282
TCGA-OR-A5JB-01,4.579309548568195
TCGA-ET-A3DW-01,-3.3869082808926256
TCGA-2G-AAHL-01,-3.4561709218932606
TCGA-43-2578-01,5.061737999447383
TCGA-33-6738-01,3.508992025926992
TCGA-AQ-A04H-01,-1.6471642906951203
TCGA-HZ-A49I-01,-0.8734449181992536
TCGA-BT-A20Q-01,0.8040741398247443
TCGA-BI-A0VR-01,-0.45210853491542724
TCGA-PJ-A5Z8-01,-1.7618755795613645
TCGA-ZG-A9KY-01,-2.129695360427731
TCGA-MT-A67F-01,3.9541528116270355
TCGA-HZ-8001-01,-0.7933917805401678
TCGA-97-7937-01,8.664613387567933
TCGA-CJ-4901-01,-1.1409776476401023
TCGA-BQ-5891-01,-1.9459903296770287
TCGA-EL-A3GO-01,-3.2198970079306797
TCGA-AZ-6603-01,0.13194968680731728
TCGA-LL-A6FP-01,-2.208505496593576
TCGA-A2-A0T5-01,-3.1739954946981856
TCGA-VQ-A8E7-01,-0.5490840131494956
TCGA-63-A5MP-01,2.9344613679191593
TCGA-EA-A5FO-01,-0.9513636479830742
TCGA-K6-A3WQ-01,-2.173157361862973
TCGA-BR-6454-01,0.5405924545661581
TCGA-CC-A5UE-01,-0.07897751795195668
TCGA-VN-A88O-01,-3.091990780572969
TCGA-EJ-5502-01,-3.4561709218932606
TCGA-TQ-A7RI-01,-3.1541718679309114
TCGA-DR-A0ZM-01,13.122099401253148
TCGA-NH-A5IV-01,27.9763065552209
TCGA-33-4589-01,-0.7353612503352677
TCGA-XF-A9T4-01,-3.24934754427874
TCGA-MA-AA43-01,-0.9843081426628856
TCGA-44-2656-01,14.78418215619805
TCGA-J2-A4AD-01,6.412154539683096
TCGA-A2-A25B-01,1.0903043286085023
TCGA-A6-6651-01,-0.25887459121750894
TCGA-97-A4LX-01,2.011891445957458
TCGA-E2-A1IO-01,-2.863753564132107
TCGA-A2-A3XW-01,-3.4561709218932606
TCGA-GD-A6C6-01,3.151158159895278
TCGA-KL-8328-01,-2.777002048570831
TCGA-2A-AAYU-01,-2.7408231949725343
TCGA-TM-A7CA-01,-1.2604414984882546
TCGA-CA-6715-01,-2.134913477740665
TCGA-C5-A7UC-01,-1.9669475381409154
TCGA-A1-A0SI-01,0.14489819221515085
TCGA-YU-A90Q-01,-3.2539222395629803
TCGA-XE-AAOB-01,-3.1474796481651124
TCGA-CJ-4643-01,-1.6906271451701638
TCGA-62-A46P-01,4.969452735122257
TCGA-QH-A86X-01,-3.110723461545787
TCGA-B8-A54E-01,-1.8349978557929907
TCGA-C5-A7XC-01,-0.35803958744451914
TCGA-CL-5917-01,-1.7782274934404794
TCGA-B6-A0RP-01,-0.8905525100132228
TCGA-DU-A76R-01,-2.6170649059202
TCGA-DH-5144-01,-3.1012883420471593
TCGA-DV-A4VX-01,-2.4029070907133603
TCGA-KM-8442-01,-3.2653711313288443
TCGA-ZH-A8Y1-01,-1.8026091979307943
TCGA-LG-A9QD-01,0.14563041275542896
TCGA-2H-A9GK-01,1.8498856704059647
TCGA-CM-6674-01,11.332161445160683
TCGA-CC-A7IK-01,3.451823543702486
TCGA-P4-A5EB-01,0.17923661057952253
TCGA-DX-A3LY-01,-2.325239671318322
TCGA-CV-A6JZ-01,0.7878971123338027
TCGA-E2-A14N-01,-1.8744270424505065
TCGA-B9-5156-01,-2.0552677493194267
TCGA-BQ-5887-01,-3.022564421735356
TCGA-85-7844-01,4.094638733596042
TCGA-2G-AAKM-01,-3.4561709218932606
TCGA-G6-A8L8-01,-2.644982751448312
TCGA-D7-6822-01,5.91419330999037
TCGA-D5-6932-01,3.0516494079511296
TCGA-RD-A8N2-01,-3.4561709218932606
TCGA-FA-A6HN-01,-0.5511301401298733
TCGA-UZ-A9PU-01,-1.369515644695037
TCGA-CD-5799-01,-2.748375489716601
TCGA-AJ-A5DW-01,38.1352006917945
TCGA-GS-A9TY-01,-0.13751900309284643
TCGA-KS-A4IC-01,-3.3869082808926256
TCGA-55-7728-01,0.6080620857942455
TCGA-A1-A0SB-01,-2.9547143630635295
TCGA-EM-A1YD-01,-3.300374100725026
TCGA-LN-A49S-01,1.078655082500531
TCGA-BP-5196-01,-2.5772395829229664
TCGA-49-4510-01,-2.479747005300929
TCGA-2Z-A9JI-01,-3.2444404564825517
TCGA-OR-A5JY-01,-1.310247603204169
TCGA-2G-AAHC-01,-2.1953700972831567
TCGA-CV-A6JT-01,-0.8360192629150708
TCGA-VS-A8QH-01,-0.05239225077493417
TCGA-BR-6852-01,14.353294054567662
TCGA-CV-7089-01,1.5368644166300267
TCGA-FY-A3WA-01,-3.4561709218932606
TCGA-A6-6137-01,1.2773162474374733
TCGA-B8-5552-01,-3.287832760558881
TCGA-LP-A5U3-01,-2.4833913357991344
TCGA-55-A493-01,3.4722798665038725
TCGA-F1-A448-01,7.198255327084073
TCGA-MP-A4TE-01,0.6373379376906514
TCGA-BH-A0DP-01,-3.0731835842886612
TCGA-18-4721-01,2.5987332365465825
TCGA-WN-A9G9-01,-1.7980509684052828
TCGA-66-2765-01,-0.2034705162370161
TCGA-41-5651-01,-0.3125836847388386
TCGA-RD-A8N9-01,-0.3843521431009154
TCGA-CC-5264-01,-2.0700138479835295
TCGA-E1-A7Z2-01,-2.5749086470507017
TCGA-DU-A5TP-01,-2.619795166687557
TCGA-LN-A4A6-01,-1.0443694510708428
TCGA-DM-A28M-01,-0.7121879243005431
TCGA-06-0210-01,-1.5633830613320128
TCGA-44-2659-01,9.88033832370954
TCGA-D6-A6ES-01,1.6326375262624873
TCGA-DD-AAC9-01,-2.00282401987554
TCGA-75-7030-01,-2.8359755783004297
TCGA-YL-A8SF-01,-3.2862550178280876
TCGA-MO-A47P-01,-3.2561918601844204
TCGA-KK-A8IJ-01,-1.9386927892202728
TCGA-B5-A5OD-01,-1.9014225565220668
TCGA-FG-8187-01,-2.9209653867832963
TCGA-56-7730-01,5.574808958133753
TCGA-FX-A76Y-01,-2.431478725066744
TCGA-BT-A20U-01,-0.36337556316339475
TCGA-2G-AAG3-01,-3.2862550178280876
TCGA-LN-A49W-01,-0.7316536600825201
TCGA-EA-A3HT-01,-2.5654612633327893
TCGA-5L-AAT1-01,17.278929964485716
TCGA-2Z-A9JM-01,-3.1296170697215366
TCGA-HZ-A4BH-01,-2.0823232942725984
TCGA-V5-A7RC-01,0.7298045440047617
TCGA-CL-5918-01,2.2188588954614965
TCGA-XM-A8RG-01,-1.8623306276119305
TCGA-B5-A3FH-01,-1.90189872664398
TCGA-VR-AA4G-01,-0.25714325085003154
TCGA-38-4630-01,-0.8426285198582396
TCGA-MQ-A4LV-01,-2.025067426568117
TCGA-CV-7422-01,0.2851404255935185
TCGA-55-1592-01,9.59845425085628
TCGA-L5-A8NR-01,3.6858773711460375
TCGA-BK-A26L-01,-1.647543375441522
TCGA-IR-A3LC-01,-2.9086517565378394
TCGA-5R-AAAM-01,0.09720496731752515
TCGA-E1-5304-01,-1.5133492549378813
TCGA-BH-A8G0-01,-3.140335791219689
TCGA-63-A5MT-01,4.395178739163606
TCGA-CS-4943-01,-2.3581959265098056
TCGA-WZ-A7V5-01,-1.352458271849339
TCGA-EY-A3QX-01,-1.688570874596495
TCGA-AX-A3GI-01,-1.9164506257967342
TCGA-75-5146-01,1.5302907647499202
TCGA-2G-AAEX-01,-0.412832537709754
TCGA-Z4-AAPF-01,-3.2680197929667294
TCGA-CN-4738-01,0.46575593843164886
TCGA-EL-A3ZQ-01,-2.9913211120052523
TCGA-CZ-5451-01,-1.9641567701912632
TCGA-64-5779-01,5.229377366213435
TCGA-A2-A0T6-01,-3.4561709218932606
TCGA-C9-A47Z-01,-0.6148197764137874
TCGA-67-4679-01,4.75535824254199
TCGA-G9-7519-01,-3.4561709218932606
TCGA-CH-5748-01,-3.2444404564825517
TCGA-19-5960-01,-1.2763485410494224
TCGA-YL-A8SQ-01,-0.8659625555920869
TCGA-CC-A9FV-01,-3.2208737960936724
TCGA-BR-A4J4-01,-1.6099566022644658
TCGA-E2-A15I-01,-3.2907088843341437
TCGA-3B-A9HJ-01,-3.4561709218932606
TCGA-EY-A1GX-01,-1.8045053270711757
TCGA-JY-A6F8-01,1.2102259801703554
TCGA-L5-A8NE-01,2.866311401121437
TCGA-CG-4436-01,3.0462070155324072
TCGA-A3-3323-01,-2.4904382527662134
TCGA-06-0686-01,-1.178885976467897
TCGA-DH-5140-01,-2.55755010945746
TCGA-FU-A770-01,-1.558966510492427
TCGA-LL-A5YL-01,-2.5237122931767386
TCGA-TM-A7CF-01,-2.3823556833896853
TCGA-3B-A9I0-01,-2.6229528686367507
TCGA-FD-A6TK-01,-0.02819070758308211
TCGA-C8-A26X-01,-0.6934732534943251
TCGA-BP-4972-01,-3.0314867919780566
TCGA-XP-A8T8-01,-0.03009674288021582
TCGA-22-5492-01,2.923756846935508
TCGA-56-8082-01,2.9253575898701984
TCGA-IB-A5SQ-01,-1.9600885895200193
TCGA-G3-A7M5-01,-0.4082370143649808
TCGA-KK-A7AW-01,-2.3976040800722034
TCGA-IM-A3ED-01,-3.210310075200491
TCGA-EM-A2CK-01,-3.4561709218932606
TCGA-V5-AASV-01,0.29651695376188403
TCGA-K4-A3WV-01,-0.9539444413586192
TCGA-SX-A7SP-01,-1.949461953017218
TCGA-NC-A5HD-01,8.955886263757026
TCGA-DH-A7US-01,-2.550724770233505
TCGA-CJ-4641-01,-2.126795065391702
TCGA-85-8048-01,-0.3952583889948845
TCGA-HT-A61B-01,-2.253626786082748
TCGA-BR-A4IV-01,-3.120320443085888
TCGA-D8-A1JS-01,-2.410333097178573
TCGA-BP-5184-01,-3.1570255965635075
TCGA-B8-5158-01,-2.204635529810097
TCGA-QQ-A5VB-01,-2.1927233245373143
TCGA-V4-A9E5-01,-2.9305795850045473
TCGA-XU-A92U-01,-3.1707973409290413
TCGA-MB-A8JK-01,-2.4275238096080565
TCGA-WB-A81V-01,-2.734505680214567
TCGA-AR-A24U-01,-1.797211404901651
TCGA-B0-4810-01,-0.8043803923674777
TCGA-WR-A838-01,-2.2396822096471265
TCGA-DK-A3X2-01,0.4546592127186754
TCGA-96-7544-01,9.95673715199267
TCGA-DD-AAEA-01,0.3362374985428837
TCGA-L5-A8NI-01,2.5848675303684443
TCGA-BP-5195-01,-1.8974205846941858
TCGA-CF-A9FM-01,-3.145459573232759
TCGA-AR-A1AX-01,-2.131617577630184
TCGA-2A-A8W1-01,-2.467221845404924
TCGA-CV-6961-01,5.277023179829667
TCGA-DJ-A2Q0-01,-2.592645800759478
TCGA-44-7662-01,12.128812595427666
TCGA-EJ-A46G-01,-2.608344702387172
TCGA-B9-A5W8-01,-2.7247287987014652
TCGA-R6-A6DN-01,0.08156339227823237
TCGA-V1-A8MM-01,-2.437899152738812
TCGA-38-4626-01,2.883208475340155
TCGA-NA-A4R0-01,-2.2872781466913583
TCGA-CV-7430-01,1.091495840505536
TCGA-21-1077-01,1.0426231978571678
TCGA-L3-A524-01,6.544192132615214
TCGA-E1-A7Z6-01,-2.733863623080589
TCGA-HT-7857-01,-2.839319865074662
TCGA-VS-A8EC-01,-0.6612401517343375
TCGA-BH-A0C3-01,-3.040127156520931
TCGA-B0-5104-01,-2.2844074205861955
TCGA-AJ-A3EM-01,-2.6881259137591145
TCGA-E1-5319-01,-1.8752310221815909
TCGA-86-8054-01,4.154965931618044
TCGA-AC-A62Y-01,-2.475646607175105
TCGA-S7-A7WR-01,-3.4561709218932606
TCGA-D8-A1JD-01,-1.370611657249479
TCGA-BA-4077-01,2.080649555824701
TCGA-YL-A8SB-01,-2.71470073809303
TCGA-DU-A5TS-01,-2.6585155551759727
TCGA-FF-A7CR-01,-0.707283288565049
TCGA-S3-AA0Z-01,-2.7957472296431707
TCGA-BR-8369-01,3.121125140015116
TCGA-L5-A88V-01,2.1834665697022073
TCGA-CU-A3YL-01,2.021593927200381
TCGA-ZF-A9R3-01,-1.922064933514868
TCGA-PD-A5DF-01,-2.7337205210774607
TCGA-LN-A8I1-01,-2.0322859194081877
TCGA-HC-7212-01,-2.8139401688346646
TCGA-55-1596-01,3.121581079435433
TCGA-EL-A3H7-01,-3.103180059126743
TCGA-E9-A1N3-01,-2.974952001233677
TCGA-F4-6459-01,1.3284613589302114
TCGA-IB-8127-01,-1.0164429663981667
TCGA-YL-A8S9-01,-2.8732558427972954
TCGA-CH-5761-01,-2.8688797915882245
TCGA-4J-AA1J-01,-1.178243757440225
TCGA-66-2766-01,6.995432806566636
TCGA-A6-2684-01,0.4009881003802403
TCGA-86-6851-01,17.394071125743555
TCGA-HC-7078-01,-1.8521060328703414
TCGA-KV-A74V-01,-2.9371460539803906
TCGA-DU-6392-01,75.22223257025648
TCGA-QH-A6CU-01,-3.306954191187981
TCGA-B4-5377-01,-1.197167278597895
TCGA-B8-5165-01,-3.307550763653271
TCGA-LP-A4AV-01,4.306668042797025
TCGA-BP-4960-01,-2.479428883054211
TCGA-56-8622-01,4.162449360434715
TCGA-N7-A4Y8-01,-2.35909874697171
TCGA-DD-A3A4-01,-2.518455232712927
TCGA-85-7950-01,5.743247011575807
TCGA-VR-AA4D-01,-1.2164234689223203
TCGA-DU-6404-01,-3.2483017012727395
TCGA-3R-A8YX-01,-2.1179023534884402
TCGA-P8-A5KC-01,-3.299747846724685
TCGA-64-5775-01,9.593634074653592
TCGA-L5-A893-01,-0.8777133562425847
TCGA-HV-AA8V-01,-2.4287434011943385
TCGA-VW-A8FI-01,0.07181641820238464
TCGA-DW-5560-01,-2.1953700972831567
TCGA-WC-A881-01,-3.294825985002693
TCGA-HT-A74L-01,-2.5263144568163978
TCGA-CZ-5462-01,-0.3888785136226706
TCGA-HU-8238-01,0.21477313704319873
TCGA-DJ-A3V0-01,-2.8692142178727713
TCGA-EL-A3H4-01,-2.4655067086162075
TCGA-A4-A4ZT-01,-2.7560389417179225
TCGA-UF-A7JS-01,-1.869707527595388
TCGA-BR-6705-01,-0.6931386057499986
TCGA-KL-8329-01,-2.9121610228598898
TCGA-64-1676-01,12.32239689743103
TCGA-HC-A6HX-01,-3.317138737566273
TCGA-LL-A9Q3-01,-1.1774370543853363
TCGA-V1-A9O5-01,-1.9960550342463104
TCGA-BH-A18N-01,-2.410955213890062
TCGA-A3-A6NI-01,-1.7680717991949042
TCGA-P5-A5EU-01,-2.7339130360240853
TCGA-EL-A4K4-01,-3.0166396071754153
TCGA-ZG-A9LZ-01,-2.288747335543633
TCGA-E3-A3DY-01,-3.2015186028374387
TCGA-DJ-A1QN-01,-3.3869082808926256
TCGA-KM-8441-01,-2.5796533974754974
TCGA-D8-A27R-01,-2.4275637913897445
TCGA-2G-AALQ-01,-3.280973349916739
TCGA-44-7667-01,8.265435499615263
TCGA-B9-5155-01,-2.689558638067166
TCGA-P5-A5EZ-01,-2.1304339835456068
TCGA-EJ-5542-01,-2.5943254162868215
TCGA-38-4629-01,3.966925254812439
TCGA-A6-6780-01,16.782688811944933
TCGA-E9-A1N5-01,-1.6339833774695307
TCGA-TS-A8AV-01,-3.4561709218932606
TCGA-55-8619-01,-2.858469252005208
TCGA-MG-AAMC-01,-2.9185021216452927
TCGA-UE-A6QU-01,-2.3606579908339915
TCGA-DD-A3A8-01,0.3173355001624958
TCGA-86-8281-01,2.2034211083644175
TCGA-B7-5818-01,5.113218145638118
TCGA-BJ-A28Z-01,-3.4561709218932606
TCGA-IW-A3M6-01,-1.2272485114151912
TCGA-4A-A93X-01,0.1409893311382166
TCGA-S9-A89Z-01,-0.3253421472649287
TCGA-UB-A7MD-01,-0.8327688686994332
TCGA-EM-A3AQ-01,-3.4561709218932606
TCGA-NC-A5HG-01,11.856593354967952
TCGA-UZ-A9PO-01,-2.2093064373810565
TCGA-N9-A4PZ-01,-0.8734484301005594
TCGA-BH-A209-01,-1.3305230138972113
TCGA-ET-A25R-01,-3.229966051042913
TCGA-IM-A3U3-01,-1.4623480919732423
TCGA-EM-A22N-01,-3.2940999916341456
TCGA-S9-A6TZ-01,-2.624241374659097
TCGA-FG-5963-01,-1.970769669455333
TCGA-BA-A6DD-01,-1.8863196050987583
TCGA-OR-A5JR-01,-3.4561709218932606
TCGA-E2-A1AZ-01,-2.1916598398104985
TCGA-X6-A7WC-01,-1.3865382272369073
TCGA-CG-4460-01,20.29294857604709
TCGA-D6-6825-01,-1.5822694558094925
TCGA-3X-AAV9-01,-2.7296881783724025
TCGA-56-A4ZJ-01,-1.5415464159878929
TCGA-44-6148-01,-3.4561709218932606
TCGA-VQ-A8PD-01,-0.3477594151851455
TCGA-BR-8590-01,1.801724626336962
TCGA-ET-A4KN-01,-3.2881528970552085
TCGA-HZ-8005-01,-1.1785765923770135
TCGA-A4-8630-01,-1.5231803470771976
TCGA-EJ-5498-01,-1.946341442630561
TCGA-ED-A5KG-01,-0.17345531704361125
TCGA-2H-A9GO-01,3.698769676813011
TCGA-FP-8211-01,-1.2764788641158704
TCGA-S9-A89V-01,-2.2378191314815044
TCGA-V4-A9ET-01,-2.9029030207321727
TCGA-G3-AAV4-01,-0.1593210129446298
TCGA-2Y-A9GZ-01,-1.4992468164448747
TCGA-2G-AALZ-01,-3.4561709218932606
TCGA-A2-A0YI-01,-3.2604931736940586
TCGA-EJ-7315-01,-2.335663177534258
TCGA-DK-AA6M-01,-0.9529322014267285
TCGA-DB-A64W-01,-2.320805516064899
TCGA-B0-5097-01,-1.6093166301923831
TCGA-V1-A9OY-01,-3.1276362254069006
TCGA-CV-7433-01,-2.091035461298123
TCGA-FG-A4MX-01,-2.9007213677655805
TCGA-CF-A47Y-01,-1.7675842159403583
TCGA-EJ-AB27-01,-2.549472363827003
TCGA-D8-A1XO-01,-2.82600564916613
TCGA-P5-A72Z-01,-2.982326009752837
TCGA-HT-8114-01,-2.3991256357038675
TCGA-34-A5IX-01,4.568606444647405
TCGA-HC-7747-01,-2.6250441070116386
TCGA-06-2563-01,-0.894515070241175
TCGA-D7-6817-01,0.5201000298377018
TCGA-BT-A3PH-01,5.919264400804859
TCGA-G9-6494-01,-2.6179150232628685
TCGA-DX-A48U-01,-2.4189034928915647
TCGA-P3-A6T4-01,-0.9674898105763645
TCGA-S7-A7WQ-01,-3.4561709218932606
TCGA-D8-A27G-01,10.933039402280773
TCGA-EL-A3D5-01,-3.040127156520931
TCGA-LN-A4A1-01,-0.8562804573242828
TCGA-VQ-A91Y-01,-2.457299343105646
TCGA-AZ-6607-01,-0.6812406935719073
TCGA-B0-4945-01,-1.9433768497053843
TCGA-CC-A9FS-01,-0.17866807166021198
TCGA-G3-A7M6-01,-1.982148705135014
TCGA-AR-A0TT-01,-1.938184916861426
TCGA-JY-A6FG-01,4.332930529596893
TCGA-HU-A4G6-01,-1.1532771737092715
TCGA-L5-A43H-01,-2.41823289820918
TCGA-SG-A6Z4-01,-1.9225773438480347
TCGA-CX-A4AQ-01,0.7243502952549808
TCGA-ET-A2MY-01,-3.1383681103284267
TCGA-3H-AB3M-01,-3.1144034736604924
TCGA-N9-A4Q7-01,3.3742194506552594
TCGA-AS-3778-01,-1.5832105510747703
TCGA-58-8387-01,1.5998348221851801
TCGA-3A-A9IR-01,-3.125709355878755
TCGA-97-8179-01,1.5052689068099063
TCGA-EK-A2RL-01,-2.7519392078350475
TCGA-CF-A3MH-01,-1.1336237499979156
TCGA-XU-AAY1-01,-3.4561709218932606
TCGA-FC-A5OB-01,-2.6921224464767017
TCGA-BR-A4IZ-01,-2.7022003183115397
TCGA-32-4213-01,-0.6041729580096162
TCGA-WB-A822-01,-3.2430394461189898
TCGA-HT-7881-01,-3.2896197248105943
TCGA-QT-A5XO-01,-2.3297632205727687
TCGA-WQ-AB4B-01,-1.9291647202356794
TCGA-BP-4963-01,-1.92349889183904
TCGA-DD-A39Z-01,-1.3487106028086833
TCGA-W5-AA2T-01,-1.258746148656714
TCGA-CN-A49C-01,-3.264698539018555
TCGA-DE-A4MB-01,-3.3869082808926256
TCGA-15-0742-01,-0.7338209153419015
TCGA-EL-A3GZ-01,-3.3869082808926256
TCGA-CH-5762-01,-2.1381408846296845
TCGA-RC-A6M5-01,-2.8400329190264597
TCGA-EK-A3GM-01,2.0614010249968864
TCGA-D8-A1X7-01,-3.2907088843341437
TCGA-BR-4357-01,4.084143124579498
TCGA-CF-A27C-01,-0.4027027091294482
TCGA-CS-4944-01,-3.2248497076435116
TCGA-94-8490-01,13.903623726916937
TCGA-06-0187-01,-2.5524989253143326
TCGA-BT-A2LA-01,1.3962033984763036
TCGA-19-1390-01,1.1562793061267393
TCGA-BK-A0CC-01,-1.676905827368487
TCGA-78-7153-01,-1.3562937806184077
TCGA-60-2725-01,-1.0766464057047758
TCGA-QR-A70I-01,-2.9285489868641297
TCGA-B5-A5OC-01,13.393433820865978
TCGA-VS-A9UC-01,-0.8217786286767884
TCGA-RT-A6YA-01,-2.6630602167539874
TCGA-G4-6322-01,-0.4371707753296762
TCGA-DD-AADK-01,-2.141793429056155
TCGA-FB-AAPY-01,-2.4844633140476473
TCGA-G2-AA3F-01,-0.28252279283852455
TCGA-85-7697-01,5.854548544775516
TCGA-DD-A4NN-01,-1.180673269916732
TCGA-EL-A3GY-01,-3.154396027245857
TCGA-ET-A3BU-01,-3.3869082808926256
TCGA-G3-A5SL-01,0.5741027131637032
TCGA-CN-6995-01,0.75074823538288
TCGA-AC-A3OD-01,-2.263384951300237
TCGA-FD-A5BZ-01,-1.3505729364561518
TCGA-ZM-AA06-01,-2.819241680206564
TCGA-S9-A7QX-01,-2.212812755939266
TCGA-N9-A4Q3-01,-1.9654740497924195
TCGA-CD-A4MH-01,-1.5405646745951156
TCGA-DC-5869-01,-1.3761204100226299
TCGA-FU-A2QG-01,-2.1388498901667403
TCGA-KS-A41L-01,-3.096835445710929
TCGA-44-7669-01,8.275406146856714
TCGA-A6-A565-01,6.23261669663575
TCGA-DU-A7TG-01,-3.298274129400096
TCGA-51-4080-01,5.518613805574208
TCGA-US-A779-01,-2.028870981580799
TCGA-86-8055-01,-0.3867976746113452
TCGA-UF-A7JO-01,0.49239824928511494
TCGA-J9-A8CL-01,-1.0906346468947172
TCGA-DK-A1A5-01,0.8691898417594072
TCGA-5P-A9JV-01,-1.8329647897005894
TCGA-CV-7177-01,-1.9388890656456248
TCGA-DD-A11A-01,0.4321970224252194
TCGA-66-2781-01,1.6818428609976572
TCGA-77-7139-01,1.548544256760213
TCGA-DU-5874-01,-2.99820563160747
TCGA-EM-A4FM-01,-2.978974765633645
TCGA-L6-A4ET-01,-3.3869082808926256
TCGA-IP-7968-01,0.8776711642732328
TCGA-RW-A681-01,-3.004800628770194
TCGA-XE-AANR-01,-3.4561709218932606
TCGA-DE-A0Y3-01,-3.3869082808926256
TCGA-B5-A1MS-01,-2.448046209958239
TCGA-E2-A1LA-01,-1.113088223774873
TCGA-QR-A6H3-01,-3.4561709218932606
TCGA-AJ-A8CV-01,1.5864269706104335
TCGA-EM-A22I-01,-2.987909457995278
TCGA-K4-A5RJ-01,5.005965511212807
TCGA-UF-A7JK-01,0.09227914059553395
TCGA-D8-A143-01,-0.48573150104573687
TCGA-X7-A8M3-01,-3.4561709218932606
TCGA-BJ-A28R-01,-3.2140670737451202
TCGA-A6-A56B-01,-1.1516278138593148
TCGA-B0-5702-01,-1.889289518936159
TCGA-BP-5191-01,-2.014780738040415
TCGA-95-A4VN-01,7.69851066758338
TCGA-2G-AAGE-01,-2.87755330045194
TCGA-A2-A0YE-01,-2.762171963721051
TCGA-CV-A45V-01,-0.7003528864614488
TCGA-TQ-A8XE-01,-2.158033664634098
TCGA-BQ-7059-01,-2.452721637888227
TCGA-18-3407-01,-0.47365620149986615
TCGA-WB-A80O-01,-3.4561709218932606
TCGA-49-4494-01,3.113114905369483
TCGA-49-6745-01,2.4404360984424556
TCGA-KL-8333-01,-3.4561709218932606
TCGA-AC-A3YI-01,-2.754513943682359
TCGA-2A-A8VO-01,-2.575801629812258
TCGA-DD-AAD0-01,-0.39425454432524315
TCGA-F7-A61S-01,-1.2967003508415722
TCGA-YS-A95C-01,-2.912420027034214
TCGA-G9-6378-01,-2.9303309364735375
TCGA-WB-A80V-01,-3.4561709218932606
TCGA-LA-A446-01,4.75955700397869
TCGA-IA-A83S-01,-0.4295441835611153
TCGA-S7-A7WU-01,-3.4561709218932606
TCGA-EK-A2PM-01,2.6987803701082624
TCGA-AY-A54L-01,1.0950681595390404
TCGA-96-8169-01,2.8582284809378335
TCGA-DD-AAVS-01,-1.774679035809538
TCGA-KK-A6E1-01,-1.9784497669547214
TCGA-CD-8535-01,4.642122448080172
TCGA-CN-A6V7-01,-1.2695415055461052
TCGA-73-7499-01,-1.1013136176320748
TCGA-A2-A0YF-01,-3.4561709218932606
TCGA-XF-A9SY-01,5.912239345170602
TCGA-CN-4727-01,10.380273195515576
TCGA-DU-7300-01,-1.8052095116382079
TCGA-DS-A0VK-01,-0.2759533309088702
TCGA-D7-A4YU-01,3.7222671441876445
TCGA-CF-A8HX-01,-0.7818783117707773
TCGA-R6-A6KZ-01,2.4719665603902814
TCGA-A6-5665-01,23.88499248841968
TCGA-HT-7694-01,-2.8624234008596616
TCGA-E9-A1R5-01,-2.596178929389125
TCGA-E9-A243-01,-2.008257235440182
TCGA-HB-A3YV-01,-1.880182930777117
TCGA-78-7158-01,2.847288675109659
TCGA-FA-8693-01,0.36402042219063485
TCGA-A2-A25D-01,-1.3274262022131869
TCGA-10-0934-01,-3.040127156520931
TCGA-E2-A159-01,-0.975302971975385
TCGA-77-7140-01,3.1823133977489784
TCGA-Q3-AA2A-01,-3.1742710369027307
TCGA-B6-A0X5-01,-2.8701346298049515
TCGA-B0-5706-01,-2.0728108571072785
TCGA-BQ-5881-01,-2.111468319242908
TCGA-TS-A7OY-01,-2.9408848775265732
TCGA-OR-A5KV-01,-2.7225252575041132
TCGA-BP-4967-01,-2.3802259249560813
TCGA-BT-A20J-01,4.331098337086272
TCGA-G9-6373-01,-2.195317912700671
TCGA-CH-5766-01,-1.5343585788359486
TCGA-71-6725-01,-3.4561709218932606
TCGA-B1-A47M-01,-2.4622823411189145
TCGA-VN-A943-01,-2.7348007693281287
TCGA-3A-A9IU-01,-2.6558080860286375
TCGA-CE-A3ME-01,-3.1881339998946214
TCGA-A3-3365-01,-2.4816884321099906
TCGA-A6-2677-01,1.249047783901702
TCGA-EJ-5494-01,-2.985349786180881
TCGA-DK-A1AF-01,-1.4809552852290904
TCGA-VS-A94W-01,-1.3494334952810587
TCGA-GU-A764-01,0.9814869691619511
TCGA-B8-4153-01,-2.6768080492721658
TCGA-18-3417-01,4.405734071130655
TCGA-HT-7471-01,-2.725806726234908
TCGA-50-6590-01,16.64824417377222
TCGA-JL-A3YX-01,-3.2604931736940586
TCGA-2Z-A9J7-01,-2.0725157505902416
TCGA-AC-A3QP-01,-3.0596709893643457
TCGA-AF-A56N-01,1.2745809364757272
TCGA-US-A77E-01,-1.1444749870788993
TCGA-EW-A1PH-01,-0.8243108628080253
TCGA-OR-A5K6-01,-3.0271692514310122
TCGA-P4-A5ED-01,-3.3072029360727333
TCGA-B0-5399-01,-2.7836514677889608
TCGA-AD-6963-01,-0.5870494102110436
TCGA-IN-AB1V-01,-2.648947031503975
TCGA-3A-A9I5-01,-2.515358055408255
TCGA-B0-5709-01,-0.6005886373873812
TCGA-C5-A1MK-01,3.806946788461886
TCGA-RC-A6M6-01,0.6794300355719038
TCGA-SR-A6MQ-01,-3.084232102677915
TCGA-CQ-5330-01,-0.5343689139662099
TCGA-GC-A6I3-01,2.8206848355743595
TCGA-BH-A0DH-01,-1.722774358184913
TCGA-FV-A2QQ-01,1.0698411371695162
TCGA-AY-6197-01,12.521215771619865
TCGA-55-A4DF-01,10.408191356416571
TCGA-33-A4WN-01,3.5427677935979927
TCGA-B0-5710-01,-1.321163039551336
TCGA-86-7954-01,2.29854445681691
TCGA-DD-AAE9-01,-0.8546653494943276
TCGA-E9-A22H-01,-3.242126883461485
TCGA-L9-A743-01,2.7407846529562123
TCGA-DB-A4XD-01,-2.9007213677655805
TCGA-D8-A3Z6-01,-2.8027583278304853
TCGA-E2-A155-01,-1.7898002044198704
TCGA-CJ-4639-01,-0.8948000462938297
TCGA-N5-A4RT-01,0.5887487927970717
TCGA-B6-A0X1-01,-2.4817261833512694
TCGA-2Y-A9GV-01,-2.437413043362506
TCGA-EL-A3CO-01,-3.140335791219689
TCGA-55-8206-01,-2.482296933647275
TCGA-DD-AADS-01,0.07747984524813194
TCGA-SI-AA8B-01,-2.9112449309009465
TCGA-D7-A6EY-01,14.21371388394711
TCGA-DX-A3LS-01,-3.24934754427874
TCGA-PE-A5DE-01,3.507903250093869
TCGA-C5-A1MH-01,4.285656845568055
TCGA-CJ-4900-01,-2.4938480656729167
TCGA-CG-4476-01,1.344631373860749
TCGA-B1-A654-01,-2.211847203660561
TCGA-DK-A6B1-01,-0.4432361648043622
TCGA-FD-A5BY-01,-2.6875293535338907
TCGA-EY-A2OP-01,7.2621390549290625
TCGA-A1-A0SP-01,-1.3898200582196953
TCGA-TQ-A7RK-01,-1.4580793886414734
TCGA-S3-A6ZH-01,-2.0821723165068744
TCGA-EO-A3KU-01,-2.5379567667354546
TCGA-BR-6455-01,0.8896469150457768
TCGA-HT-7475-01,-1.5725798638106014
TCGA-G9-6362-01,-1.6933008971891472
TCGA-HC-8258-01,-3.084232102677915
TCGA-94-7033-01,0.023923238764659842
TCGA-UZ-A9PX-01,-1.386263744014274
TCGA-C5-A0TN-01,-2.8602429565691234
TCGA-A2-A3XU-01,-3.195689980665474
TCGA-BR-8678-01,0.28725392046541703
TCGA-B5-A3F9-01,-2.0483513533177335
TCGA-J4-A6G1-01,-2.87607576553853
TCGA-FX-A3TO-01,-2.352267917439217
TCGA-CG-4305-01,16.03903436605192
TCGA-SI-A71Q-01,-2.8779957773097213
TCGA-D7-A6F2-01,0.5037661064754286
TCGA-A1-A0SH-01,-0.5773097793967185
TCGA-TQ-A7RO-01,-2.9932661743048494
TCGA-HZ-7924-01,-3.4561709218932606
TCGA-HT-7902-01,-0.9902950201876184
TCGA-N1-A6IA-01,-2.0162347965101644
TCGA-FG-A711-01,-2.6970750711184555
TCGA-CD-5798-01,-0.8412963523671864
TCGA-D6-8568-01,-0.04224037873574748
TCGA-VD-A8KO-01,-3.4561709218932606
TCGA-IZ-A6M9-01,-2.2055314964446997
TCGA-85-A513-01,-3.4561709218932606
TCGA-G3-A5SJ-01,-0.38642586722390143
TCGA-60-2709-01,3.2254219358468745
TCGA-3H-AB3X-01,-2.386969199512753
TCGA-B8-A54D-01,-1.9251802423555844
TCGA-06-2557-01,-2.1023322392596393
TCGA-86-A4P7-01,-1.2534831011333172
TCGA-E2-A1LB-01,-2.4572320297583956
TCGA-EJ-5508-01,-2.7703477425051006
TCGA-2G-AAGF-01,-3.4561709218932606
TCGA-DB-5276-01,-2.3609195531133578
TCGA-P5-A730-01,-2.974870553489578
TCGA-IA-A83W-01,-2.2731974550368
TCGA-PC-A5DK-01,-3.040127156520931
TCGA-DJ-A2PY-01,-3.154396027245857
TCGA-BH-A0AV-01,-2.58961019886993
TCGA-XE-AAOC-01,-3.2985227923486744
TCGA-EW-A2FR-01,-2.206495447859773
TCGA-C8-A133-01,-2.4865604116885724
TCGA-B9-A5W9-01,-2.9628071310869792
TCGA-FD-A43U-01,-2.1777202818621704
TCGA-AK-3444-01,-0.18476161259868473
TCGA-GV-A3JV-01,-0.0037895397836775245
TCGA-D5-6541-01,0.7120370934573317
TCGA-CG-4441-01,-0.01231802276322256
TCGA-E1-A7YD-01,-0.5896710518188305
TCGA-CV-6941-01,0.30207694287146564
TCGA-39-5030-01,0.6550464686212741
TCGA-A2-A0SU-01,-2.5855742745640784
TCGA-CJ-5682-01,0.3863810725022094
TCGA-95-8039-01,-1.0445884632802802
TCGA-HE-7130-01,0.1812738736313322
TCGA-TS-A7OZ-01,-2.8729736674526447
TCGA-AJ-A3OK-01,7.4986323477904575
TCGA-CM-5348-01,2.401258094037343
TCGA-E7-A3Y1-01,2.2607164669903423
TCGA-CZ-4853-01,-0.046899879756231624
TCGA-FE-A3PB-01,-3.3869082808926256
TCGA-HT-A74O-01,-2.0647020394524462
TCGA-YU-A94D-01,-3.2208737960936724
TCGA-A3-3349-01,-0.9350119794176291
TCGA-ZB-A96V-01,-2.8082320696075054
TCGA-ZG-A8QZ-01,-2.5019847045236574
TCGA-GD-A3OS-01,-0.5139126040593204
TCGA-KK-A8IL-01,-1.9388097082210578
TCGA-75-6212-01,-2.790670416166918
TCGA-DW-7839-01,-2.3106241671449195
TCGA-HT-8015-01,-3.1964231648860575
TCGA-BA-6868-01,1.251920953988761
TCGA-JY-A939-01,-0.9517050145535276
TCGA-4T-AA8H-01,-0.4552689810972643
TCGA-66-2773-01,12.229002203821391
TCGA-ZH-A8Y6-01,-2.675840608651713
TCGA-50-5055-01,-2.8152210674639324
TCGA-VS-A9UI-01,0.1383643444414438
TCGA-GL-A59T-01,-2.5904622814404568
TCGA-UZ-A9PS-01,0.21039503257334743
TCGA-E7-A97Q-01,-1.1525235002366216
TCGA-BR-A4QM-01,-0.3488182688556437
TCGA-2F-A9KT-01,1.7318551367973711
TCGA-ZB-A96R-01,-3.4561709218932606
TCGA-C8-A1HE-01,-2.4721751728249224
TCGA-HT-A74J-01,-2.645679211099085
TCGA-FD-A6TB-01,0.4690633047926314
TCGA-78-7150-01,6.526220321716457
TCGA-D7-8578-01,-1.6194275066069026
TCGA-55-6978-01,-2.992314630402447
TCGA-BQ-5882-01,-3.283484333785332
TCGA-A3-3319-01,-2.506732169227455
TCGA-LN-A49N-01,-2.144094501615178
TCGA-CD-5803-01,-2.9825128350868533
TCGA-SW-A7EB-01,0.8780861881634093
TCGA-EM-A3O9-01,-3.093770905779539
TCGA-ZB-A969-01,-2.980838775554281
TCGA-EL-A3TB-01,-2.012469334728992
TCGA-IB-7646-01,-2.299831409041387
TCGA-CF-A5UA-01,-2.230737119867271
TCGA-UY-A8OC-01,-2.8544604361759074
TCGA-B6-A0RM-01,-3.4561709218932606
TCGA-5M-AATA-01,-2.0500641415729626
TCGA-06-0878-01,-2.2772487282627054
TCGA-DD-AACE-01,-0.05978669597021458
TCGA-IG-A50L-01,0.8399321484199809
TCGA-SH-A9CU-01,-3.0126694376284564
TCGA-G9-6347-01,-3.1144034736604924
TCGA-FU-A3TX-01,-1.9130520408484448
TCGA-CV-5977-01,-0.05707850353349569
TCGA-78-7536-01,11.451721029556289
TCGA-G9-6332-01,-1.6656247162105022
TCGA-2G-AAGI-01,-3.274277110529748
TCGA-AQ-A0Y5-01,-2.241901348610805
TCGA-DH-A669-01,-2.476459572941048
TCGA-N6-A4VE-01,-1.870250704447478
TCGA-Q1-A6DV-01,-2.9772024030959434
TCGA-63-A5MM-01,12.385380576497475
TCGA-XM-A8RF-01,-2.209670679095363
TCGA-Z6-AAPN-01,0.5714488204505865
TCGA-C5-A1ML-01,-1.6552590877303828
TCGA-CV-7242-01,5.157960761297533
TCGA-64-1681-01,-1.3832276598336783
TCGA-58-A46L-01,3.2519444898007284
TCGA-DM-A28G-01,2.605790782756435
TCGA-06-0129-01,-2.0871530636399105
TCGA-CQ-A4CH-01,-2.3462151522062666
TCGA-VR-A8EQ-01,2.2435754207780865
TCGA-HT-A617-01,-1.7131146337768266
TCGA-HE-A5NI-01,-2.7489653719012783
TCGA-XG-A823-01,-3.125709355878755
TCGA-BA-A4II-01,-1.3116801401631963
TCGA-5L-AAT0-01,1.4566123988087405
TCGA-HB-A43Z-01,-0.684236783110888
TCGA-G9-6343-01,-2.967091692806451
TCGA-HZ-8003-01,-2.8083958740786743
TCGA-CV-5966-01,-0.5441829226695902
TCGA-FB-AAPQ-01,-2.7654756223882413
TCGA-VS-A8QM-01,-2.249139623951476
TCGA-B5-A3FB-01,-1.542931572937244
TCGA-AR-A1AI-01,-1.4612102514385472
TCGA-CW-6087-01,-1.941707715884037
TCGA-FF-A7CX-01,-2.43497635253406
TCGA-F1-A72C-01,-1.257241750521901
TCGA-CG-4475-01,-1.988585414450432
TCGA-97-8552-01,-2.6188299700016344
TCGA-39-5040-01,9.407129153773523
TCGA-DD-AAVX-01,-2.099386654114946
TCGA-16-1045-01,-0.840296783310411
TCGA-HC-A76X-01,-2.002220907226706
TCGA-OR-A5JS-01,-3.061887411552655
TCGA-GM-A2DN-01,-3.0130456663315495
TCGA-ET-A2N5-01,-3.2901351184957948
TCGA-GV-A3QG-01,0.5344770818377018
TCGA-98-A53I-01,6.805355709005564
TCGA-5M-AATE-01,1.3553056229797367
TCGA-FD-A6TI-01,1.657222451831455
TCGA-VR-A8EU-01,0.1993951629189505
TCGA-D7-5577-01,0.9788845466552524
TCGA-06-2567-01,-1.7915729915356202
TCGA-C4-A0EZ-01,1.0778071774304596
TCGA-CE-A483-01,-3.0292712234990957
TCGA-RM-A68W-01,-3.2882605419131656
TCGA-OR-A5LP-01,-2.9225837820203795
TCGA-B0-5697-01,-2.679632589572954
TCGA-92-7340-01,8.837195657512405
TCGA-85-8287-01,2.9043778615062514
TCGA-CV-7254-01,4.043169946814444
TCGA-CR-6491-01,0.5080068826152263
TCGA-32-2616-01,9.190900636334097
TCGA-BH-A0BO-01,-3.089990545815435
TCGA-ZF-A9RF-01,4.165710787872726
TCGA-DW-7836-01,-2.3462660179998003
TCGA-UY-A78P-01,1.5167275175106825
TCGA-HC-8264-01,-2.223916712933967
TCGA-BJ-A0Z3-01,-3.29416198919691
TCGA-DM-A28C-01,0.8850682338545854
TCGA-IN-A6RL-01,8.61436552487041
TCGA-E2-A152-01,-0.7069275381486341
TCGA-RG-A7D4-01,0.7355667861002954
TCGA-X6-A8C3-01,-2.243256990377349
TCGA-HT-7605-01,-3.105411917056769
TCGA-AG-3732-01,-1.311961973203506
TCGA-ZF-AA4R-01,-0.9446653983301647
TCGA-LL-A6FQ-01,-3.0301635012580994
TCGA-BP-5186-01,-3.193873907750486
TCGA-EL-A3T0-01,-3.3130841648678717
TCGA-E9-A248-01,-2.6983230946413648
TCGA-A7-A26I-01,-2.250844443224745
TCGA-ET-A39R-01,-3.4561709218932606
TCGA-S9-A6WO-01,-2.403233547641401
TCGA-HC-8213-01,-3.038497702581727
TCGA-63-5131-01,3.7840538230021505
TCGA-DJ-A4V4-01,-3.0627573541626933
TCGA-SX-A7SQ-01,-2.1664696382632744
TCGA-IM-A41Y-01,-3.1978466777414543
TCGA-C8-A12Q-01,-1.006524854584363
TCGA-AR-A24V-01,-2.8416658278106537
TCGA-CR-7376-01,0.07940478482110094
TCGA-28-5208-01,-2.0174273798993125
TCGA-V1-A9ZG-01,-2.6037323565105823
TCGA-B6-A0WX-01,-2.8651039842241333
TCGA-CV-7413-01,-1.7021217196626615
TCGA-DD-A4NO-01,-2.776265822090491
TCGA-CQ-A4CG-01,-1.135203608382035
TCGA-CQ-6225-01,1.4415298767344833
TCGA-BP-5182-01,-2.108189826152825
TCGA-DK-A1AE-01,0.9672508270387162
TCGA-EI-6509-01,-1.792212180210946
TCGA-DX-A3UD-01,-2.711440196806324
TCGA-D7-6526-01,3.239092728004973
TCGA-PG-A916-01,-2.6869237846323206
TCGA-RA-A741-01,-0.42795969661942884
TCGA-IG-A7DP-01,-3.1372635450837394
TCGA-EJ-A46F-01,-1.522750828098208
TCGA-DK-A3IU-01,4.681068371110368
TCGA-YL-A8SK-01,-2.6044471154652413
TCGA-85-8070-01,3.6172420628139084
TCGA-L3-A4E7-01,1.8481750017344043
TCGA-QQ-A8VD-01,-3.227626676069469
TCGA-X4-A8KS-01,-3.1289944287450075
TCGA-A5-A2K2-01,-1.2480129736143435
TCGA-D8-A1Y2-01,-2.8549872920823383
TCGA-CV-7250-01,1.5469942480565329
TCGA-2G-AAHT-01,-3.279383814996054
TCGA-49-AAR0-01,-1.2847629451863556
TCGA-XF-A9T2-01,-1.3082126133467606
TCGA-86-8668-01,-3.191676160646513
TCGA-56-8083-01,2.1246171313577378
TCGA-DM-A0XD-01,3.2220423973860903
TCGA-CN-5363-01,2.041309415410639
TCGA-VP-A87C-01,-3.249708110810686
TCGA-DX-A6BB-01,-1.7895956762773526
TCGA-IE-A4EJ-01,-2.697318295089292
TCGA-94-8035-01,3.4642354185749027
TCGA-VS-A954-01,-0.35215229914153184
TCGA-CD-5804-01,-1.1709854326932285
TCGA-W2-A7H7-01,-3.4561709218932606
TCGA-XP-A8T6-01,-2.224665595007593
TCGA-AC-A62X-01,-2.2180754824909292
TCGA-DW-5561-01,-3.2222852692677244
TCGA-AC-A2FO-01,-2.8280400925875737
TCGA-CV-A6JD-01,-0.7275967083576007
TCGA-53-7624-01,14.189507282037251
TCGA-LN-A49M-01,-0.0621215023357989
TCGA-2G-AAKD-01,-2.8464583729019313
TCGA-34-5231-01,11.846304654097803
TCGA-DD-AAEG-01,-0.9537366407231676
TCGA-XR-A8TF-01,0.30605319494343175
TCGA-B0-5712-01,-0.9731848661376072
TCGA-OR-A5LK-01,-1.294712192263614
TCGA-06-1804-01,-1.715369205539501
TCGA-XS-A8TJ-01,-2.112965897428514
TCGA-KC-A4BL-01,-1.800288926678494
TCGA-CV-7418-01,0.6143352440370464
TCGA-D6-A4ZB-01,0.7638486284699981
TCGA-EL-A3CP-01,-3.162498370843081
TCGA-33-4587-01,4.4839756131852635
TCGA-XU-A92O-01,-2.0741338414599717
TCGA-GU-A763-01,-1.70585139228444
TCGA-LB-A9Q5-01,-2.4076035475303894
TCGA-QH-A6CX-01,-1.5482529421962952
TCGA-VQ-A8PU-01,-2.2389184975902157
TCGA-YL-A8SO-01,-1.329298737168019
TCGA-BA-5557-01,-2.606671449176933
TCGA-85-A510-01,1.4703467778118877
TCGA-DF-A2KU-01,83.17316418838367
TCGA-37-A5EN-01,7.055816989954212
TCGA-44-2661-01,-2.7394095196533335
TCGA-14-2554-01,-0.9458385554998203
TCGA-E8-A437-01,-3.3869082808926256
TCGA-CV-7427-01,3.778527240694549
TCGA-LP-A4AW-01,0.6102273025184832
TCGA-ZH-A8Y8-01,-2.700547131965512
TCGA-2Z-A9JQ-01,-1.9122881565310548
TCGA-ED-A66Y-01,-1.5990115177577267
TCGA-P5-A5F4-01,-2.8439702536287337
TCGA-CX-7219-01,-0.15001574803977533
TCGA-BR-6707-01,-0.9757658251195478
TCGA-D8-A142-01,-0.5467097635816421
TCGA-DX-A23Y-01,-3.071590861303881
TCGA-VP-A87D-01,-1.204602940604473
TCGA-LD-A9QF-01,-2.687020622575297
TCGA-49-4490-01,-1.5037963098383647
TCGA-YU-A90W-01,-3.0257392885941776
TCGA-HC-7232-01,-3.130140479445729
TCGA-XF-AAN8-01,-3.4561709218932606
TCGA-F1-6875-01,-0.979358827479319
TCGA-BW-A5NO-01,0.7572608531783448
TCGA-CZ-5463-01,-2.829370890446604
TCGA-J4-AATV-01,-3.4561709218932606
TCGA-JW-A5VK-01,-2.5818124351904617
TCGA-QD-A8IV-01,-3.4561709218932606
TCGA-FD-A5BR-01,0.8887779964554463
TCGA-BH-A0DX-01,-1.0874175401164468
TCGA-50-5946-01,12.591999628194316
TCGA-CR-7364-01,9.716605507726916
TCGA-DU-A76K-01,-3.0744791515367136
TCGA-CI-6620-01,0.29446176628205867
TCGA-43-6143-01,5.5136362499138984
TCGA-B6-A0RU-01,-1.9245525886081187
TCGA-QK-A6IJ-01,-1.857890957355069
TCGA-V1-A9OL-01,-2.4901296525233785
TCGA-EW-A1J6-01,-1.3932411477023756
TCGA-DJ-A3UT-01,-3.2230492390343386
TCGA-MP-A4TH-01,1.2306762141484626
TCGA-E9-A22B-01,-1.7430964929862978
TCGA-VM-A8CH-01,-3.3145794951585024
TCGA-HT-7609-01,-2.592773685407553
TCGA-27-2528-01,-1.7406083593338142
TCGA-EM-A3AL-01,-3.254427626434573
TCGA-EJ-5527-01,-3.4561709218932606
TCGA-DO-A1JZ-01,-3.4561709218932606
TCGA-LC-A66R-01,-0.0013014579320533067
TCGA-2G-AAFJ-01,-2.9170533626397974
TCGA-DX-A1KW-01,-2.3971659334167543
TCGA-91-6829-01,10.624840109558702
TCGA-J9-A8CN-01,-3.0247330310640037
TCGA-UB-A7MF-01,-1.0642461355670287
TCGA-BP-4177-01,-2.1953700972831567
TCGA-RW-A67X-01,-3.2596317204349905
TCGA-K4-A4AB-01,-0.7675049255949108
TCGA-QH-A6X4-01,-2.7542702230353844
TCGA-A1-A0SF-01,-2.2811234051186178
TCGA-CN-4739-01,3.26935704946165
TCGA-WX-AA44-01,-1.7679545835915598
TCGA-OR-A5JK-01,-3.032976771314805
TCGA-IF-A4AK-01,-2.8698097822397086
TCGA-AH-6643-01,1.44313419711429
TCGA-KK-A59Y-01,-2.772506183894082
TCGA-CV-5442-01,1.1013371335281803
TCGA-DH-A7UV-01,-2.3464630461166083
TCGA-XF-AAN7-01,-0.11899465721569999
TCGA-KC-A7FD-01,-0.244463761293913
TCGA-78-7540-01,-2.6335083083795343
TCGA-WA-A7H4-01,-1.9084634928489395
TCGA-J8-A4HY-01,-3.230835937418632
TCGA-85-8664-01,3.1435149344785422
TCGA-A3-3357-01,-0.8827903193542513
TCGA-OL-A5RV-01,-3.4561709218932606
TCGA-E2-A1BC-01,-2.692284803926816
TCGA-KC-A7F3-01,-3.3055190709742837
TCGA-DD-AACQ-01,1.6653481330213644
TCGA-BP-4977-01,-2.5692591648364838
TCGA-66-2778-01,1.4528531735634775
TCGA-TM-A7C3-01,-1.3700036924464596
TCGA-A3-3322-01,-2.893031176644303
TCGA-EK-A2H0-01,-0.2337892594774809
TCGA-DM-A282-01,-1.5604627681259287
TCGA-DY-A1DC-01,2.1454475272007234
TCGA-2G-AAKO-01,-3.4561709218932606
TCGA-S9-A6WG-01,-2.2668753820812793
TCGA-B9-4113-01,-3.0985252816437554
TCGA-BH-A0W7-01,-0.10268088990100227
TCGA-E2-A15C-01,-2.872982204498165
TCGA-99-8025-01,9.455046029644793
TCGA-IB-A5SO-01,-2.043083669164808
TCGA-KO-8408-01,-1.7127654970207522
TCGA-DJ-A3UP-01,-3.4561709218932606
TCGA-A4-A5DU-01,-3.260180112783878
TCGA-BG-A3EW-01,4.787640056931536
TCGA-06-5858-01,0.5547991189087903
TCGA-HU-8249-01,1.8622572897167609
TCGA-CM-4744-01,-0.08894760566918136
TCGA-44-8120-01,9.160325039177145
TCGA-FG-6690-01,-1.3323306457350117
TCGA-N5-A59F-01,-0.002595773090209415
TCGA-MO-A47R-01,-1.9493387825185957
TCGA-BR-4361-01,29.697598130419294
TCGA-AZ-6605-01,-1.132930771867255
TCGA-CQ-A4C9-01,-1.9431657659924442
TCGA-2G-AAFY-01,-3.4561709218932606
TCGA-EI-6881-01,0.8133816713449421
TCGA-X2-A95T-01,-1.7609004829191206
TCGA-2G-AAKH-01,-2.0793886945668127
TCGA-DU-8167-01,-2.4347907020238773
TCGA-G3-A25U-01,-0.5412753973407447
TCGA-QH-A65X-01,-2.2576461750264234
TCGA-85-8049-01,3.0091767929550244
TCGA-49-4486-01,0.2836480136952845
TCGA-A4-8312-01,-3.0546946805382036
TCGA-CH-5741-01,-2.1953700972831567
TCGA-KK-A59V-01,8.44214419134431
TCGA-J4-8200-01,-2.2303672176199205
TCGA-AR-A0U3-01,-2.964279330878386
TCGA-HE-A5NJ-01,-2.0901856291475496
TCGA-EJ-5532-01,-2.1573678235755014
TCGA-63-7020-01,4.548844724643825
TCGA-GS-A9U4-01,-2.597800658186159
TCGA-3B-A9HR-01,-2.7911986480088102
TCGA-YU-A94I-01,-2.1686554741037667
TCGA-CN-4740-01,0.43666365412351454
TCGA-LB-A7SX-01,-0.2776313406584576
TCGA-NC-A5HQ-01,5.197643688538684
TCGA-96-7545-01,1.0156989204328355
TCGA-XU-A933-01,-2.2721550931338252
TCGA-AZ-6601-01,23.602786493828837
TCGA-GV-A3JZ-01,5.300575860748795
TCGA-P4-AAVM-01,-2.8476711766487406
TCGA-KL-8343-01,-2.2221291039813957
TCGA-BJ-A28T-01,-3.4561709218932606
TCGA-55-8094-01,8.525998435318193
TCGA-66-2791-01,4.893547259696478
TCGA-GM-A3NW-01,-2.5638092366158505
TCGA-ZG-A9N3-01,-1.209280238409571
TCGA-HV-AA8X-01,-2.2896109045651714
TCGA-EM-A2P0-01,-2.874795050211522
TCGA-BQ-5893-01,-1.9574027149312776
TCGA-P3-A5QF-01,2.7221122185255964
TCGA-CZ-5988-01,-2.8082876399512453
TCGA-OR-A5JD-01,-2.415905602068326
TCGA-RD-A7BS-01,-2.5138109912460718
TCGA-49-6743-01,11.566094888475131
TCGA-RN-A68Q-01,-3.4561709218932606
TCGA-EJ-7327-01,-3.027405838672792
TCGA-EO-A3KW-01,-2.046191122650458
TCGA-DD-A1EK-01,-2.17849525870202
TCGA-66-2788-01,2.0014474257623176
TCGA-UF-A7J9-01,4.603758026863862
TCGA-99-AA5R-01,-1.9781612574119025
TCGA-D8-A1XU-01,-2.5360217335836217
TCGA-MP-A4T7-01,0.37897807451093574
TCGA-BH-A0B3-01,-2.575562808406163
TCGA-OR-A5L4-01,-1.9793999112518534
TCGA-PL-A8LX-01,-2.756649068942014
TCGA-3G-AB0T-01,-2.87226277364663
TCGA-HZ-A77O-01,-2.214286526193665
TCGA-EL-A4KH-01,-3.3869082808926256
TCGA-VR-A8EY-01,0.05156246121951875
TCGA-22-5483-01,1.1636880220690393
TCGA-CJ-6032-01,-2.3792634007191156
TCGA-4Z-AA7N-01,-2.5539018123657775
TCGA-D6-A6EM-01,-0.175588583866322
TCGA-34-5927-01,4.733134270681913
TCGA-VQ-A8P2-01,65.57791662641384
TCGA-P5-A780-01,-2.1524834132503
TCGA-KL-8327-01,-3.105718058310522
TCGA-E1-5302-01,-2.7312503644471073
TCGA-RW-A68D-01,-3.4561709218932606
TCGA-14-1823-01,-0.5202621289238651
TCGA-KO-8407-01,-2.941135505362264
TCGA-HW-A5KJ-01,-3.1544854530373105
TCGA-DX-A7EL-01,-3.4561709218932606
TCGA-D7-8574-01,-1.66343013661146
TCGA-CV-7095-01,3.243393433108606
TCGA-G9-7522-01,-3.2011862095536165
TCGA-EX-A449-01,-2.6669299265384834
TCGA-IB-AAUN-01,-2.437435957895545
TCGA-KN-8433-01,-2.5592427460727993
TCGA-68-7756-01,-1.3402098258349886
TCGA-2A-A8VV-01,-2.518567548838909
TCGA-CH-5738-01,-1.9097780209449529
TCGA-CJ-5678-01,-2.749608454174942
TCGA-FA-A4BB-01,-0.959574022220131
TCGA-55-8090-01,-1.906917728008426
TCGA-E9-A22E-01,-0.07176605060535304
TCGA-DJ-A3VG-01,-3.4561709218932606
TCGA-CR-7389-01,-0.6648059550010201
TCGA-92-8064-01,2.6963288834199126
TCGA-BP-4987-01,-2.6234812551612934
TCGA-FI-A3PX-01,0.9866843803624972
TCGA-2A-A8VX-01,-2.688009823269069
TCGA-V4-A9EC-01,-3.309624421280854
TCGA-97-A4M6-01,-2.386658604070026
TCGA-KO-8416-01,-2.7577903901584633
TCGA-YT-A95F-01,-3.4561709218932606
TCGA-J9-A8CM-01,-2.659314860798353
TCGA-F5-6464-01,0.19889291755980731
TCGA-QR-A70D-01,-3.4561709218932606
TCGA-EP-A12J-01,-2.7724027362491843
TCGA-2H-A9GJ-01,-1.2927804824580316
TCGA-MA-AA3X-01,-2.2926910894978407
TCGA-D7-6820-01,-1.3512012103079838
TCGA-2A-A8W3-01,-2.5821176355099316
TCGA-IG-A5S3-01,-0.9043419015214466
TCGA-CV-A45R-01,-0.8026552313413966
TCGA-E2-A1IU-01,-3.089306899849903
TCGA-CN-6011-01,6.18614923095155
TCGA-C8-A12Z-01,-2.4552103974528667
TCGA-05-4427-01,18.932532983329253
TCGA-TT-A6YK-01,-3.4561709218932606
TCGA-HF-7134-01,3.3349891922962884
TCGA-4V-A9QU-01,-3.4561709218932606
TCGA-KL-8323-01,-2.4115801303479714
TCGA-79-5596-01,2.3547052908786004
TCGA-E7-A677-01,0.48992765629020735
TCGA-D8-A1XF-01,-1.2725026530457546
TCGA-S7-A7WL-01,-3.2587469006382483
TCGA-55-8514-01,6.3796424882977
TCGA-CV-5432-01,4.763482763085956
TCGA-VQ-A8PM-01,-1.8564335245604502
TCGA-A5-A2K5-01,79.95731238120952
TCGA-62-8402-01,-1.597541477267593
TCGA-R8-A6MO-01,-1.8412565613553222
TCGA-KL-8332-01,-3.2895453246644126
TCGA-66-2787-01,9.81149793369085
TCGA-05-4424-01,12.417001276904754
TCGA-AR-A1AL-01,-3.1971000385853454
TCGA-BR-7959-01,-0.4899415343395786
TCGA-FG-7636-01,-1.196107336551405
TCGA-3C-AALJ-01,-1.2946066759564472
TCGA-DD-AAED-01,-1.8300765168885065
TCGA-CQ-5324-01,-1.862464524148337
TCGA-C5-A7CO-01,-1.705366854723236
TCGA-BP-4975-01,-2.8223447368187053
TCGA-CS-6290-01,-2.8644639048684826
TCGA-HU-A4GJ-01,-3.4561709218932606
TCGA-LL-A440-01,-3.4561709218932606
TCGA-38-4632-01,11.177129775655922
TCGA-AR-A2LK-01,-2.262912530868479
TCGA-EV-5902-01,-1.09871923438822
TCGA-56-8624-01,-0.3302760853308942
TCGA-KS-A4I3-01,-3.1065246574561596
TCGA-OR-A5KT-01,-2.695015011013821
TCGA-49-6761-01,2.8571154614611562
TCGA-EJ-A7NH-01,-2.1894544227196615
TCGA-DU-5847-01,-2.6522309591351974
TCGA-PK-A5H9-01,-3.084232102677915
TCGA-KN-8425-01,-2.609344397380922
TCGA-AO-A12H-01,-2.6839175841195355
TCGA-FC-A8O0-01,-3.297629316788495
TCGA-HZ-7918-01,-1.5661141608086653
TCGA-BH-A0DI-01,-0.9474896274862894
TCGA-XF-A9SW-01,-2.3419941852248396
TCGA-A3-A8OV-01,-0.28899489461682665
TCGA-ET-A25J-01,-3.3869082808926256
TCGA-QR-A70W-01,-3.4561709218932606
TCGA-05-4432-01,9.023334835624553
TCGA-BH-A0B7-01,-2.197961824904925
TCGA-K1-A6RU-01,-2.9964013674296086
TCGA-AY-A71X-01,-1.1124185994603384
TCGA-V4-A9EH-01,-2.593411537688343
TCGA-CV-5436-01,0.4518352446562146
TCGA-DK-A3WX-01,-1.9890155443965922
TCGA-A4-A5XZ-01,-2.902904084589702
TCGA-C5-A2LV-01,-1.6195925074757125
TCGA-CZ-5982-01,-2.838767771219735
TCGA-BQ-5894-01,-3.1231020880747353
TCGA-IC-A6RF-01,-0.4320294333189631
TCGA-FY-A3R7-01,-3.2057996482869378
TCGA-HC-A6AP-01,-0.868051333961924
TCGA-R6-A6XG-01,-0.014137318760322436
TCGA-F5-6811-01,0.4596072858139769
TCGA-BC-A10R-01,-0.8478286283344435
TCGA-QK-A6VC-01,2.055768621021324
TCGA-M7-A725-01,-0.8613188602622656
TCGA-49-AAQV-01,-0.28286875323471616
TCGA-D8-A1XR-01,-2.852659790328093
TCGA-50-5072-01,1.5211300293867744
TCGA-HI-7171-01,-2.3046706470042526
TCGA-AR-A0TQ-01,-2.844262660576534
TCGA-G3-A3CG-01,-1.1725867582310727
TCGA-DU-6406-01,-3.4561709218932606
TCGA-BR-4255-01,-2.4208976697662528
TCGA-JV-A75J-01,-3.0428801999053685
TCGA-DD-A1ED-01,-2.6311262136613998
TCGA-BH-A18P-01,3.304346198678687
TCGA-VD-A8KJ-01,-2.965727895490825
TCGA-A6-6782-01,0.5617982650585396
TCGA-BR-A4CR-01,-1.7866607720766743
TCGA-2Y-A9H8-01,-1.1436610244871004
TCGA-56-8628-01,7.005115755425544
TCGA-2Y-A9GT-01,-2.5843762294949664
TCGA-EO-A3AZ-01,13.117257424718096
TCGA-2L-AAQI-01,-2.2878964220945357
TCGA-VS-A9UT-01,-2.3396887382974203
TCGA-E2-A15O-01,-3.4561709218932606
TCGA-50-5045-01,6.354789432304402
TCGA-86-8674-01,4.744723778133972
TCGA-FF-8043-01,-1.0264295382599646
TCGA-P3-A5Q5-01,2.747168074790641
TCGA-N8-A4PQ-01,-2.688807096715119
TCGA-50-8457-01,-2.49873954768966
TCGA-ZJ-AAX8-01,-1.785620868671176
TCGA-OL-A97C-01,-0.7315139522646714
TCGA-18-3416-01,6.393855976692417
TCGA-B8-4146-01,-3.4561709218932606
TCGA-68-7755-01,7.234161999966536
TCGA-V1-A9ZR-01,-2.6543359990267765
TCGA-2J-AABK-01,-1.199815946835757
TCGA-EJ-A6RC-01,-2.596915948867484
TCGA-EL-A3GP-01,-2.6245478600823167
TCGA-06-0743-01,0.6228952543617144
TCGA-H2-A3RI-01,-3.089140215485606
TCGA-21-5787-01,6.436760180495594
TCGA-BJ-A18Z-01,-3.3869082808926256
TCGA-D7-A6EX-01,0.6033658851820068
TCGA-TM-A84B-01,-1.9171261450872938
TCGA-OR-A5K0-01,-1.9708324011208571
TCGA-FY-A4B4-01,-3.3869082808926256
TCGA-BH-A18G-01,13.961233708455598
TCGA-BB-4217-01,-3.0237942335050625
TCGA-5T-A9QA-01,-3.046261467848506
TCGA-TN-A7HJ-01,-1.7171934060160874
TCGA-AN-A0XT-01,-2.812258598530405
TCGA-TS-A8AS-01,-3.2208737960936724
TCGA-J4-8198-01,-3.0992038265700272
TCGA-DU-A76O-01,-1.6635316788117387
TCGA-4X-A9F9-01,-3.4561709218932606
TCGA-C5-A1BJ-01,0.16262887162228346
TCGA-G2-AA3C-01,1.2560022717558441
TCGA-HU-8602-01,21.39601192540805
TCGA-CR-6470-01,-2.055256354673541
TCGA-CH-5768-01,0.09411736882498045
TCGA-2H-A9GM-01,0.16767117994013325
TCGA-XH-A853-01,-3.4561709218932606
TCGA-CM-4751-01,-0.35782107957085435
TCGA-YL-A9WK-01,-2.868735604292563
TCGA-77-6844-01,2.0697768406807553
TCGA-A2-A0YK-01,2.7086134293141955
TCGA-18-3414-01,8.820842595673938
TCGA-DJ-A2QC-01,-3.3869082808926256
TCGA-IB-7885-01,-2.59830933001494
TCGA-95-7947-01,8.963438037274921
TCGA-VQ-AA6F-01,-1.7862113863790905
TCGA-BR-8588-01,0.9145813577622263
TCGA-DD-A115-01,-2.273107238336603
